# WaveFront *.obj file (generated by Autodesk ATF)

mtllib cover-parts v4.2.mtl

g ボディ1

v -20.884470 22.700000 7.400000
v -20.983749 22.700000 7.400000
v -16.165409 22.700000 4.600000
v -16.165409 22.700000 5.100000
v -21.500000 22.700000 7.400000
v -21.500000 22.700000 -0.400000
v -5.500000 23.100000 7.400000
v -5.500000 23.067568 7.400000
v -5.500000 22.700000 4.000000
v -5.500000 23.100000 4.000000
v -5.500000 22.700000 7.400000
v -21.500000 21.465385 7.400000
v -21.500000 11.336538 7.400000
v -21.500000 1.207692 7.400000
v -21.500000 12.000000 5.100000
v -21.500000 -0.200000 7.400000
v -21.500000 -0.200000 4.001731
v -21.500000 5.900000 4.550866
v -21.532448 -0.200000 7.400000
v -21.900000 -0.200000 4.001731
v -21.900000 -0.200000 7.400000
v -21.900000 23.100000 7.400000
v -21.900000 21.209926 7.400000
v -21.900000 10.504963 7.400000
v -21.500000 22.215385 7.400000
v -21.500000 22.293548 7.400000
v -13.807547 22.700000 7.400000
v -6.730624 22.700000 7.400000
v -5.964994 22.700000 7.400000
v -13.035135 23.100000 7.400000
v -20.570270 23.100000 7.400000
v -21.900000 10.504963 5.700866
v -21.900000 23.100000 -0.400000
v -21.900000 15.333333 1.067244
v -21.900000 7.566667 2.534488
v -7.100000 22.700000 -0.002973
v -7.100000 22.700000 -0.201486
v -5.500000 22.700000 -0.400000
v -7.600000 22.700000 -0.139451
v -7.600000 22.700000 0.121098
v -9.529950 22.700000 0.600000
v -9.529950 22.700000 0.100000
v -7.100000 22.700000 -0.324991
v -7.600000 23.100000 0.500000
v -7.600000 23.100000 -0.400000
v -14.750000 23.100000 -0.400000
v -13.700000 23.100000 0.550000
v -5.500000 23.100000 1.500000
v -5.500000 23.100000 -0.400000
v -7.100000 23.100000 -0.400000
v -7.100000 23.100000 0.500000
v -7.100000 22.700000 -0.400000
v -7.100000 23.060000 -0.400000
v -7.600000 23.047500 -0.400000
v -7.600000 22.700000 -0.400000
v -14.550000 22.700000 -0.400000
v -14.550000 22.873750 -0.400000
v -7.600000 22.700000 -0.301551
v -7.600000 22.700000 0.500000
v -7.100000 22.700000 0.500000
v -21.900000 -0.200000 -0.400000
v -21.766667 7.433333 -0.400000
v -21.633333 15.066667 -0.400000
v -21.500000 15.066667 -0.400000
v -21.500000 7.433333 -0.400000
v -21.500000 -0.200000 -0.400000
v -21.900000 7.566667 -0.400000
v -21.900000 15.333333 -0.400000
v -13.035135 23.100000 5.700000
v -13.700000 23.100000 1.800000
v -5.150000 23.100000 3.400000
v -5.144888 23.100000 3.361177
v -5.144888 23.100000 3.438823
v -5.129904 23.100000 3.475000
v -5.106065 23.100000 3.506066
v -5.075000 23.100000 3.529904
v -5.038823 23.100000 3.544889
v -4.870096 23.100000 3.475000
v -4.500000 23.100000 4.000000
v -4.855112 23.100000 3.438823
v -4.893935 23.100000 3.506066
v -4.925000 23.100000 3.529904
v -4.961177 23.100000 3.544889
v -5.000000 23.100000 3.550000
v -4.500000 23.100000 1.500000
v -4.850000 23.100000 2.100000
v -4.855112 23.100000 2.138823
v -4.855112 23.100000 2.061177
v -4.870096 23.100000 2.025000
v -4.893935 23.100000 1.993934
v -4.925000 23.100000 1.970096
v -4.961177 23.100000 1.955111
v -5.000000 23.100000 1.950000
v -5.038823 23.100000 1.955111
v -5.075000 23.100000 1.970096
v -5.106065 23.100000 1.993934
v -5.129904 23.100000 2.025000
v -5.144888 23.100000 2.061177
v -5.150000 23.100000 2.100000
v -5.144888 23.100000 2.138823
v -5.129904 23.100000 2.175000
v -5.129904 23.100000 3.325000
v -5.106065 23.100000 2.206066
v -5.106065 23.100000 3.293934
v -5.075000 23.100000 2.229904
v -5.075000 23.100000 3.270096
v -5.038823 23.100000 2.244889
v -5.038823 23.100000 3.255111
v -4.850000 23.100000 3.400000
v -4.855112 23.100000 3.361177
v -4.870096 23.100000 3.325000
v -4.870096 23.100000 2.175000
v -4.893935 23.100000 3.293934
v -4.893935 23.100000 2.206066
v -4.925000 23.100000 3.270096
v -4.925000 23.100000 2.229904
v -4.961177 23.100000 3.255111
v -4.961177 23.100000 2.244889
v -5.000000 23.100000 3.250000
v -5.000000 23.100000 2.250000
v -21.900000 -0.200000 1.501732
v -21.900000 7.566667 0.867821
v -21.900000 15.333333 0.233911
v -21.900000 -1.200000 4.001731
v -21.900000 -0.829904 3.476731
v -21.900000 -0.844889 3.440554
v -21.900000 -0.806066 3.507798
v -21.900000 -0.775000 3.531635
v -21.900000 -0.738823 3.546621
v -21.900000 -0.700000 3.551731
v -21.900000 -0.661177 3.546621
v -21.900000 -0.625000 3.531635
v -21.900000 -0.593934 3.507798
v -21.900000 -0.570096 3.476731
v -21.900000 -0.555111 3.440554
v -21.900000 -0.850000 3.401731
v -21.900000 -0.844889 3.362909
v -21.900000 -0.844889 2.140554
v -21.900000 -1.200000 1.501732
v -21.900000 -0.829904 2.176732
v -21.900000 -0.829904 3.326731
v -21.900000 -0.806066 2.207798
v -21.900000 -0.806066 3.295666
v -21.900000 -0.775000 2.231635
v -21.900000 -0.775000 3.271828
v -21.900000 -0.738823 2.246621
v -21.900000 -0.738823 3.256843
v -21.900000 -0.700000 2.251732
v -21.900000 -0.700000 3.251731
v -21.900000 -0.661177 2.246621
v -21.900000 -0.661177 3.256843
v -21.900000 -0.625000 2.231635
v -21.900000 -0.625000 3.271828
v -21.900000 -0.593934 2.207798
v -21.900000 -0.593934 3.295666
v -21.900000 -0.570096 2.176732
v -21.900000 -0.570096 3.326731
v -21.900000 -0.555111 2.140554
v -21.900000 -0.555111 3.362909
v -21.900000 -0.550000 3.401731
v -21.900000 15.214963 0.854303
v -21.900000 7.329926 2.108606
v -21.900000 15.214963 0.446851
v -21.900000 7.329926 1.293703
v -21.900000 -0.550000 2.101732
v -21.900000 -0.555111 2.062909
v -21.900000 -0.570096 2.026732
v -21.900000 -0.593934 1.995666
v -21.900000 -0.625000 1.971828
v -21.900000 -0.661177 1.956843
v -21.900000 -0.700000 1.951732
v -21.900000 -0.738823 1.956843
v -21.900000 -0.775000 1.971828
v -21.900000 -0.806066 1.995666
v -21.900000 -0.829904 2.026732
v -21.900000 -0.844889 2.062909
v -21.900000 -0.850000 2.101732
v -21.500000 -0.570096 3.476731
v -21.500000 -0.555111 3.440554
v -21.500000 -0.593934 3.507798
v -21.500000 -0.625000 3.531635
v -21.500000 -0.661177 3.546621
v -21.500000 -0.700000 3.551731
v -21.500000 -1.200000 4.001731
v -21.500000 -0.738823 3.546621
v -21.500000 -0.775000 3.531635
v -21.500000 -0.806066 3.507798
v -21.500000 -0.829904 3.476731
v -21.500000 -0.844889 3.440554
v -21.500000 -0.850000 3.401731
v -21.500000 -0.844889 3.362909
v -21.500000 -1.200000 1.501732
v -21.500000 -0.550000 3.401731
v -21.500000 -0.555111 3.362909
v -21.500000 -0.570096 3.326731
v -21.500000 -0.570096 2.176732
v -21.500000 5.714952 3.388366
v -21.500000 12.000000 4.600000
v -21.500000 5.714952 3.963366
v -21.500000 -0.593934 2.207798
v -21.500000 -0.593934 3.295666
v -21.500000 -0.625000 2.231635
v -21.500000 -0.625000 3.271828
v -21.500000 -0.661177 2.246621
v -21.500000 -0.661177 3.256843
v -21.500000 -0.700000 2.251732
v -21.500000 -0.700000 3.251731
v -21.500000 -0.738823 2.246621
v -21.500000 -0.738823 3.256843
v -21.500000 -0.775000 2.231635
v -21.500000 -0.775000 3.271828
v -21.500000 -0.806066 2.207798
v -21.500000 -0.806066 3.295666
v -21.500000 -0.829904 2.176732
v -21.500000 -0.829904 3.326731
v -21.500000 -0.844889 2.140554
v -21.500000 -0.850000 2.101732
v -21.500000 -0.844889 2.062909
v -21.500000 -0.829904 2.026732
v -21.500000 -0.806066 1.995666
v -21.500000 -0.775000 1.971828
v -21.500000 -0.738823 1.956843
v -21.500000 -0.700000 1.951732
v -21.500000 -0.200000 1.501732
v -21.500000 -0.661177 1.956843
v -21.500000 -0.625000 1.971828
v -21.500000 -0.593934 1.995666
v -21.500000 -0.570096 2.026732
v -21.500000 -0.555111 2.062909
v -21.500000 -0.550000 2.101732
v -21.500000 -0.555111 2.140554
v -21.500000 5.900000 1.050866
v -21.500000 12.000000 0.600000
v -21.500000 5.722444 1.370277
v -21.500000 5.900000 0.100000
v -21.500000 5.900000 -0.150000
v -21.500000 12.000000 0.100000
v -21.500000 18.500000 0.100000
v -21.500000 5.714952 1.388366
v -21.500000 18.500000 0.600000
v -21.500000 18.500000 4.600000
v -21.500000 18.500000 5.100000
v -21.500000 5.722444 3.981454
v -21.500000 5.900000 4.300866
v -5.500000 22.700000 1.500000
v -4.500000 22.700000 1.500000
v -4.500000 22.700000 4.000000
v -4.961177 22.700000 3.255111
v -4.925000 22.700000 3.270096
v -4.893935 22.700000 3.293934
v -4.870096 22.700000 3.325000
v -4.855112 22.700000 3.361177
v -4.850000 22.700000 3.400000
v -4.855112 22.700000 3.438823
v -4.870096 22.700000 3.475000
v -4.893935 22.700000 3.506066
v -4.925000 22.700000 3.529904
v -4.961177 22.700000 3.544889
v -5.000000 22.700000 3.550000
v -5.038823 22.700000 3.544889
v -5.075000 22.700000 3.529904
v -5.106065 22.700000 3.506066
v -5.129904 22.700000 3.475000
v -5.144888 22.700000 3.438823
v -5.150000 22.700000 3.400000
v -5.144888 22.700000 3.361177
v -5.129904 22.700000 3.325000
v -5.106065 22.700000 3.293934
v -5.075000 22.700000 3.270096
v -5.038823 22.700000 3.255111
v -5.000000 22.700000 3.250000
v -4.961177 22.700000 1.955111
v -4.925000 22.700000 1.970096
v -4.893935 22.700000 1.993934
v -4.870096 22.700000 2.025000
v -4.855112 22.700000 2.061177
v -4.850000 22.700000 2.100000
v -4.855112 22.700000 2.138823
v -4.870096 22.700000 2.175000
v -4.893935 22.700000 2.206066
v -4.925000 22.700000 2.229904
v -4.961177 22.700000 2.244889
v -5.000000 22.700000 2.250000
v -5.038823 22.700000 2.244889
v -5.075000 22.700000 2.229904
v -5.106065 22.700000 2.206066
v -5.129904 22.700000 2.175000
v -5.144888 22.700000 2.138823
v -5.150000 22.700000 2.100000
v -5.144888 22.700000 2.061177
v -5.129904 22.700000 2.025000
v -5.106065 22.700000 1.993934
v -5.075000 22.700000 1.970096
v -5.038823 22.700000 1.955111
v -5.000000 22.700000 1.950000
v -20.500000 18.500000 0.600000
v -20.500000 12.000000 0.600000
v -20.500000 12.000000 0.100000
v -16.165409 21.700000 0.100000
v -9.529950 21.700000 0.600000
v -16.165409 21.700000 0.600000
v -9.529950 21.700000 0.100000
v -16.165409 22.700000 0.600000
v -16.165409 22.700000 0.100000
v -9.529950 22.700000 4.600000
v -9.529950 22.700000 5.100000
v -20.500000 18.500000 0.100000
v -20.500000 12.000000 4.600000
v -20.500000 18.500000 5.100000
v -20.500000 12.000000 5.100000
v -20.500000 18.500000 4.600000
v -16.165409 21.700000 4.600000
v -9.529950 21.700000 5.100000
v -16.165409 21.700000 5.100000
v -9.529950 21.700000 4.600000
vt -2.800000 -4.818341 0.000000
vt 0.000000 0.000000 0.000000
vt -2.800000 -4.719062 0.000000
vt -0.500000 0.000000 0.000000
vt -7.800000 0.000000 0.000000
vt 0.000000 0.000000 0.000000
vt -7.800000 0.516251 0.000000
vt -5.000000 5.334591 0.000000
vt -3.400000 0.400000 0.000000
vt -3.400000 0.367568 0.000000
vt 0.000000 0.400000 0.000000
vt 0.000000 0.000000 0.000000
vt 0.300000 0.367568 0.000000
vt 0.300000 0.000000 0.000000
vt 3.700000 0.000000 0.000000
vt 0.300000 21.665385 0.000000
vt 0.300000 11.536538 0.000000
vt 2.600000 12.200000 0.000000
vt 0.300000 1.407692 0.000000
vt -3.398269 0.000000 0.000000
vt 0.000000 0.000000 0.000000
vt -3.398269 1.407692 0.000000
vt -0.549134 6.100000 0.000000
vt -1.098269 12.200000 0.000000
vt -3.398269 0.400000 0.000000
vt -3.398269 0.367552 0.000000
vt 0.000000 0.400000 0.000000
vt 0.000000 0.000000 0.000000
vt 0.300000 0.367552 0.000000
vt 0.300000 0.000000 0.000000
vt 3.698269 0.000000 0.000000
vt -0.000000 21.409926 0.000000
vt 0.400000 22.415385 0.000000
vt -0.000000 23.300000 0.000000
vt 0.400000 22.493548 0.000000
vt 0.400000 22.900000 0.000000
vt -0.000000 10.704963 0.000000
vt 0.400000 11.536538 0.000000
vt 0.400000 21.665385 0.000000
vt 0.400000 1.407692 0.000000
vt -0.000000 0.000000 0.000000
vt 0.367552 -0.000000 0.000000
vt 0.400000 -0.000000 0.000000
vt 0.916251 22.900000 0.000000
vt 1.329730 23.300000 0.000000
vt 1.015530 22.900000 0.000000
vt 8.092453 22.900000 0.000000
vt 8.864865 23.300000 0.000000
vt 15.169376 22.900000 0.000000
vt 16.400000 23.300000 0.000000
vt 15.935006 22.900000 0.000000
vt 16.400000 23.267568 0.000000
vt 16.400000 22.900000 0.000000
vt 0.000000 0.000000 0.000000
vt 3.398269 0.000000 0.000000
vt 1.699134 10.704963 0.000000
vt 3.398269 10.704963 0.000000
vt 3.398269 21.409926 0.000000
vt 7.800000 0.000000 0.000000
vt 0.000000 0.000000 0.000000
vt 7.800000 -1.890074 0.000000
vt 1.467244 -7.766667 0.000000
vt 6.100866 -12.595037 0.000000
vt 2.934488 -15.533333 0.000000
vt 4.401731 -23.300000 0.000000
vt 0.602973 2.429950 0.000000
vt 0.801486 2.429950 0.000000
vt 1.000000 4.029950 0.000000
vt 0.739451 1.929950 0.000000
vt 0.478902 1.929950 0.000000
vt 0.500000 0.000000 0.000000
vt 0.000000 0.000000 0.000000
vt 0.301486 2.429950 0.000000
vt 0.424991 2.429950 0.000000
vt 0.500000 4.029950 0.000000
vt 0.000000 -2.100000 0.000000
vt 0.950000 -8.200000 0.000000
vt 0.900000 -2.100000 0.000000
vt 1.900000 0.000000 0.000000
vt 0.900000 -1.600000 0.000000
vt 0.000000 0.000000 0.000000
vt 0.000000 -1.600000 0.000000
vt 0.000000 -9.250000 0.000000
vt 0.000000 -16.400000 0.000000
vt -0.075009 -1.600000 0.000000
vt 0.000000 -1.600000 0.000000
vt 0.000000 0.000000 0.000000
vt 1.600000 -0.400000 0.000000
vt 1.600000 -0.040000 0.000000
vt 0.000000 -0.400000 0.000000
vt 0.000000 0.000000 0.000000
vt 2.100000 -0.052500 0.000000
vt 2.100000 -0.400000 0.000000
vt 9.050000 -0.226250 0.000000
vt 9.050000 -0.400000 0.000000
vt 16.000000 -0.400000 0.000000
vt -14.800000 -0.040000 0.000000
vt -14.800000 0.000000 0.000000
vt -16.400000 0.000000 0.000000
vt -0.639451 0.400000 0.000000
vt -0.900000 0.052500 0.000000
vt -0.378902 0.400000 0.000000
vt -0.000000 0.000000 0.000000
vt 0.000000 0.400000 0.000000
vt -0.801551 0.400000 0.000000
vt -0.900000 0.400000 0.000000
vt -0.900000 0.000000 0.000000
vt -0.500000 0.400000 0.000000
vt -0.500000 -0.000000 0.000000
vt 0.002973 0.400000 0.000000
vt 0.400000 0.040000 0.000000
vt 0.201486 0.400000 0.000000
vt 0.324991 0.400000 0.000000
vt 0.400000 0.400000 0.000000
vt 0.400000 0.000000 0.000000
vt 0.000000 0.400000 0.000000
vt -0.500000 0.400000 0.000000
vt -0.000000 0.000000 0.000000
vt -0.500000 0.000000 0.000000
vt 0.400000 0.000000 0.000000
vt 0.266667 7.633333 0.000000
vt 0.000000 0.000000 0.000000
vt 0.000000 7.633333 0.000000
vt 0.133333 15.266667 0.000000
vt 0.000000 15.266667 0.000000
vt 0.000000 22.900000 0.000000
vt -0.400000 22.900000 0.000000
vt -0.266667 15.266667 0.000000
vt 0.000000 23.300000 0.000000
vt 0.000000 15.533333 0.000000
vt -0.133333 7.633333 0.000000
vt 0.000000 7.766667 0.000000
vt 0.000000 0.000000 0.000000
vt -14.300000 0.000000 0.000000
vt -14.300000 -0.052500 0.000000
vt -7.150000 0.000000 0.000000
vt -7.350000 -0.226250 0.000000
vt 0.000000 0.000000 0.000000
vt -0.400000 -0.400000 0.000000
vt -0.300000 -15.070270 0.000000
vt -0.300000 -7.535135 0.000000
vt -2.000000 -7.535135 0.000000
vt -0.300000 0.000000 0.000000
vt -3.700000 0.000000 0.000000
vt 3.400000 -16.400000 0.000000
vt 3.400000 -15.070270 0.000000
vt -4.400000 -16.400000 0.000000
vt -2.200000 -8.200000 0.000000
vt 1.700000 -7.535135 0.000000
vt 0.000000 0.000000 0.000000
vt 0.638823 -0.355112 0.000000
vt 0.038823 -0.005112 0.000000
vt 0.000000 0.000000 0.000000
vt 0.600000 -0.350000 0.000000
vt 0.038823 0.005112 0.000000
vt 0.000000 0.000000 0.000000
vt -0.525000 0.370096 0.000000
vt -0.561177 0.355112 0.000000
vt 0.000000 0.000000 0.000000
vt 0.525000 -0.370096 0.000000
vt 0.031066 0.023839 0.000000
vt 0.000000 0.000000 0.000000
vt 0.493934 -0.393935 0.000000
vt 0.023838 0.031065 0.000000
vt 0.000000 0.000000 0.000000
vt -0.455111 0.461177 0.000000
vt -0.470096 0.425000 0.000000
vt 0.000000 0.000000 0.000000
vt 0.036177 -0.014984 0.000000
vt 0.561177 0.355112 0.000000
vt 0.000000 0.000000 0.000000
vt 0.031066 -0.023839 0.000000
vt 0.525000 0.370096 0.000000
vt 0.000000 0.000000 0.000000
vt 0.023838 -0.031065 0.000000
vt 0.493934 0.393935 0.000000
vt 0.000000 0.000000 0.000000
vt 0.014985 -0.036177 0.000000
vt 0.470096 0.425000 0.000000
vt 0.000000 0.000000 0.000000
vt 0.005111 -0.038823 0.000000
vt 0.455111 0.461177 0.000000
vt 0.000000 0.000000 0.000000
vt -0.450000 -0.500000 0.000000
vt 0.000000 -1.000000 0.000000
vt 0.000000 0.000000 0.000000
vt -0.005111 -0.038823 0.000000
vt 0.450000 -0.500000 0.000000
vt 0.000000 0.000000 0.000000
vt -0.638823 0.355112 0.000000
vt -0.038823 0.005112 0.000000
vt 0.000000 0.000000 0.000000
vt 0.561177 -0.355112 0.000000
vt 0.600000 -0.350000 0.000000
vt 0.000000 0.000000 0.000000
vt -0.561177 0.355112 0.000000
vt -0.036177 -0.014984 0.000000
vt 0.000000 0.000000 0.000000
vt -0.525000 0.370096 0.000000
vt -0.031066 -0.023839 0.000000
vt 0.000000 0.000000 0.000000
vt 0.470096 -0.425000 0.000000
vt 0.493934 -0.393935 0.000000
vt 0.000000 0.000000 0.000000
vt -0.470096 0.425000 0.000000
vt -0.014985 -0.036177 0.000000
vt 0.000000 0.000000 0.000000
vt -0.455111 0.461177 0.000000
vt -0.005111 -0.038823 0.000000
vt 0.000000 0.000000 0.000000
vt 0.000000 -1.000000 0.000000
vt 0.450000 -0.500000 0.000000
vt 0.000000 0.000000 0.000000
vt 0.455111 0.461177 0.000000
vt 0.450000 0.500000 0.000000
vt 0.000000 0.000000 0.000000
vt -0.455111 -0.461177 0.000000
vt 0.014985 -0.036177 0.000000
vt 0.000000 0.000000 0.000000
vt -0.470096 -0.425000 0.000000
vt 0.023838 -0.031065 0.000000
vt 0.000000 0.000000 0.000000
vt 0.525000 0.370096 0.000000
vt 0.493934 0.393935 0.000000
vt 0.000000 0.000000 0.000000
vt -0.525000 -0.370096 0.000000
vt 0.036177 -0.014984 0.000000
vt 0.000000 0.000000 0.000000
vt -0.561177 -0.355112 0.000000
vt 0.038823 -0.005112 0.000000
vt 0.000000 0.000000 0.000000
vt 0.638823 0.355112 0.000000
vt 0.600000 0.350000 0.000000
vt 0.000000 0.000000 0.000000
vt 4.400000 16.400000 0.000000
vt 1.900000 16.400000 0.000000
vt 2.200000 8.200000 0.000000
vt 0.950000 8.200000 0.000000
vt 0.000000 0.000000 0.000000
vt 2.500000 0.000000 0.000000
vt 0.638823 0.355112 0.000000
vt 0.000000 0.000000 0.000000
vt -0.638823 0.355112 0.000000
vt -1.861177 0.355112 0.000000
vt 0.000000 0.000000 0.000000
vt 1.222354 0.000000 0.000000
vt 0.036177 0.014984 0.000000
vt 0.000000 0.000000 0.000000
vt -0.036177 0.014984 0.000000
vt -1.186177 0.014984 0.000000
vt 0.000000 0.000000 0.000000
vt 1.150000 0.000000 0.000000
vt 0.031066 0.023839 0.000000
vt 0.000000 0.000000 0.000000
vt -0.031066 0.023839 0.000000
vt -1.118934 0.023839 0.000000
vt 0.000000 0.000000 0.000000
vt 1.087868 0.000000 0.000000
vt 0.023838 0.031065 0.000000
vt 0.000000 0.000000 0.000000
vt -0.023838 0.031065 0.000000
vt -1.064030 0.031065 0.000000
vt 0.000000 0.000000 0.000000
vt 1.040192 0.000000 0.000000
vt 0.014985 0.036177 0.000000
vt 0.000000 0.000000 0.000000
vt -0.014985 0.036177 0.000000
vt -1.025207 0.036177 0.000000
vt 0.000000 0.000000 0.000000
vt 0.561177 0.355112 0.000000
vt -0.038823 0.005112 0.000000
vt 0.000000 0.000000 0.000000
vt 0.600000 0.350000 0.000000
vt -0.038823 -0.005112 0.000000
vt 0.000000 0.000000 0.000000
vt -2.500000 0.000000 0.000000
vt -0.638823 -0.355112 0.000000
vt 0.000000 0.000000 0.000000
vt 0.638823 -0.355112 0.000000
vt 1.861177 -0.355112 0.000000
vt 0.000000 0.000000 0.000000
vt -1.222354 0.000000 0.000000
vt -0.036177 -0.014984 0.000000
vt 0.000000 0.000000 0.000000
vt 0.036177 -0.014984 0.000000
vt 1.186177 -0.014984 0.000000
vt 0.000000 0.000000 0.000000
vt -1.150000 0.000000 0.000000
vt -0.031066 -0.023839 0.000000
vt 0.000000 0.000000 0.000000
vt 0.031066 -0.023839 0.000000
vt 1.118934 -0.023839 0.000000
vt 0.000000 0.000000 0.000000
vt -1.087868 0.000000 0.000000
vt -0.023838 -0.031065 0.000000
vt 0.000000 0.000000 0.000000
vt 0.023838 -0.031065 0.000000
vt 1.064030 -0.031065 0.000000
vt 0.000000 0.000000 0.000000
vt -1.040192 0.000000 0.000000
vt -0.014985 -0.036177 0.000000
vt 0.000000 0.000000 0.000000
vt 0.014985 -0.036177 0.000000
vt 1.025208 -0.036177 0.000000
vt 0.000000 0.000000 0.000000
vt -1.010222 0.000000 0.000000
vt -0.005111 -0.038823 0.000000
vt 0.000000 0.000000 0.000000
vt 0.005111 -0.038823 0.000000
vt 1.005111 -0.038823 0.000000
vt 0.000000 0.000000 0.000000
vt -1.000000 0.000000 0.000000
vt 0.005111 -0.038823 0.000000
vt 0.000000 0.000000 0.000000
vt -0.005111 -0.038823 0.000000
vt 1.005111 -0.038823 0.000000
vt 0.000000 0.000000 0.000000
vt -1.901732 23.300000 0.000000
vt -1.901732 15.533333 0.000000
vt -1.267821 15.533333 0.000000
vt -1.901732 7.766667 0.000000
vt -0.633911 7.766667 0.000000
vt -1.901732 0.000000 0.000000
vt 0.000000 0.000000 0.000000
vt 0.561177 -0.355111 0.000000
vt 0.036177 0.014985 0.000000
vt 0.000000 0.000000 0.000000
vt 0.525000 -0.370096 0.000000
vt 0.031066 0.023838 0.000000
vt 0.000000 0.000000 0.000000
vt -0.470096 0.425000 0.000000
vt -0.493934 0.393934 0.000000
vt 0.000000 0.000000 0.000000
vt 0.470096 -0.425000 0.000000
vt 0.014985 0.036177 0.000000
vt 0.000000 0.000000 0.000000
vt 0.455111 -0.461177 0.000000
vt 0.005111 0.038823 0.000000
vt 0.000000 0.000000 0.000000
vt 0.000000 1.000000 0.000000
vt -0.450000 0.500000 0.000000
vt 0.000000 0.000000 0.000000
vt 0.450000 0.500000 0.000000
vt -0.005111 0.038823 0.000000
vt 0.000000 0.000000 0.000000
vt -0.470096 -0.425000 0.000000
vt -0.455111 -0.461177 0.000000
vt 0.000000 0.000000 0.000000
vt 0.470096 0.425000 0.000000
vt -0.023838 0.031066 0.000000
vt 0.000000 0.000000 0.000000
vt 0.493934 0.393934 0.000000
vt -0.031066 0.023838 0.000000
vt 0.000000 0.000000 0.000000
vt -0.561177 -0.355111 0.000000
vt -0.525000 -0.370096 0.000000
vt 0.000000 0.000000 0.000000
vt 0.638823 -0.355111 0.000000
vt 0.038823 -0.005111 0.000000
vt 0.000000 0.000000 0.000000
vt -0.561177 0.355111 0.000000
vt -0.600000 0.350000 0.000000
vt 0.000000 0.000000 0.000000
vt 2.500000 0.000000 0.000000
vt 0.638823 0.355111 0.000000
vt 0.000000 0.000000 0.000000
vt -0.638823 0.355111 0.000000
vt -1.861177 0.355111 0.000000
vt 0.000000 0.000000 0.000000
vt 1.222355 0.000000 0.000000
vt 0.036177 0.014985 0.000000
vt 0.000000 0.000000 0.000000
vt -0.036177 0.014985 0.000000
vt -1.186177 0.014985 0.000000
vt 0.000000 0.000000 0.000000
vt 1.150000 0.000000 0.000000
vt 0.031066 0.023838 0.000000
vt 0.000000 0.000000 0.000000
vt -0.031066 0.023838 0.000000
vt -1.118934 0.023838 0.000000
vt 0.000000 0.000000 0.000000
vt 1.087868 0.000000 0.000000
vt 0.023838 0.031066 0.000000
vt 0.000000 0.000000 0.000000
vt -0.023838 0.031066 0.000000
vt -1.064030 0.031066 0.000000
vt 0.000000 0.000000 0.000000
vt 1.040192 0.000000 0.000000
vt 0.014985 0.036177 0.000000
vt 0.000000 0.000000 0.000000
vt -0.014985 0.036177 0.000000
vt -1.025207 0.036177 0.000000
vt 0.000000 0.000000 0.000000
vt 1.010222 0.000000 0.000000
vt 0.005111 0.038823 0.000000
vt 0.000000 0.000000 0.000000
vt -0.005111 0.038823 0.000000
vt -1.005111 0.038823 0.000000
vt 0.000000 0.000000 0.000000
vt 1.000000 0.000000 0.000000
vt -0.005111 0.038823 0.000000
vt 0.000000 0.000000 0.000000
vt 0.005111 0.038823 0.000000
vt -1.005111 0.038823 0.000000
vt 0.000000 0.000000 0.000000
vt 1.010222 0.000000 0.000000
vt -0.014985 0.036177 0.000000
vt 0.000000 0.000000 0.000000
vt 0.014985 0.036177 0.000000
vt -1.025207 0.036177 0.000000
vt 0.000000 0.000000 0.000000
vt 1.040192 0.000000 0.000000
vt -0.023838 0.031066 0.000000
vt 0.000000 0.000000 0.000000
vt 0.023838 0.031066 0.000000
vt -1.064030 0.031066 0.000000
vt 0.000000 0.000000 0.000000
vt 1.087868 0.000000 0.000000
vt -0.031066 0.023838 0.000000
vt 0.000000 0.000000 0.000000
vt 0.031066 0.023838 0.000000
vt -1.118934 0.023838 0.000000
vt 0.000000 0.000000 0.000000
vt 1.150000 0.000000 0.000000
vt -0.036177 0.014985 0.000000
vt 0.000000 0.000000 0.000000
vt 0.036177 0.014985 0.000000
vt -1.186177 0.014985 0.000000
vt 0.000000 0.000000 0.000000
vt 0.561177 0.355111 0.000000
vt -0.038823 0.005111 0.000000
vt 0.000000 0.000000 0.000000
vt 0.600000 0.350000 0.000000
vt -0.038823 -0.005111 0.000000
vt 0.000000 0.000000 0.000000
vt -4.401731 23.300000 0.000000
vt -3.147429 15.414963 0.000000
vt -2.934488 15.533333 0.000000
vt -1.893126 7.529926 0.000000
vt -1.467244 7.766667 0.000000
vt -0.638823 -0.355111 0.000000
vt 0.000000 0.000000 0.000000
vt -3.762909 23.655111 0.000000
vt -2.916057 15.770074 0.000000
vt -2.508606 15.770074 0.000000
vt -2.069206 7.885037 0.000000
vt -1.254303 7.885037 0.000000
vt -1.222355 0.000000 0.000000
vt 0.000000 0.000000 0.000000
vt 2.540554 -23.655111 0.000000
vt 1.693703 -15.770074 0.000000
vt 1.901732 -23.300000 0.000000
vt 1.267821 -15.533333 0.000000
vt 0.846851 -7.885037 0.000000
vt 0.633911 -7.766667 0.000000
vt 0.000000 0.000000 0.000000
vt -0.638823 0.355111 0.000000
vt -0.038823 0.005111 0.000000
vt 0.000000 0.000000 0.000000
vt 0.561177 -0.355111 0.000000
vt 0.600000 -0.350000 0.000000
vt 0.000000 0.000000 0.000000
vt -0.561177 0.355111 0.000000
vt -0.036177 -0.014985 0.000000
vt 0.000000 0.000000 0.000000
vt -0.525000 0.370096 0.000000
vt -0.031066 -0.023838 0.000000
vt 0.000000 0.000000 0.000000
vt 0.470096 -0.425000 0.000000
vt 0.493934 -0.393934 0.000000
vt 0.000000 0.000000 0.000000
vt -0.470096 0.425000 0.000000
vt -0.014985 -0.036177 0.000000
vt 0.000000 0.000000 0.000000
vt -0.455111 0.461177 0.000000
vt -0.005111 -0.038823 0.000000
vt 0.000000 0.000000 0.000000
vt 0.000000 -1.000000 0.000000
vt 0.450000 -0.500000 0.000000
vt 0.000000 0.000000 0.000000
vt 0.455111 0.461177 0.000000
vt 0.450000 0.500000 0.000000
vt 0.000000 0.000000 0.000000
vt -0.455111 -0.461177 0.000000
vt 0.014985 -0.036177 0.000000
vt 0.000000 0.000000 0.000000
vt -0.470096 -0.425000 0.000000
vt 0.023838 -0.031066 0.000000
vt 0.000000 0.000000 0.000000
vt 0.525000 0.370096 0.000000
vt 0.493934 0.393934 0.000000
vt 0.000000 0.000000 0.000000
vt -0.525000 -0.370096 0.000000
vt 0.036177 -0.014985 0.000000
vt 0.000000 0.000000 0.000000
vt -0.561177 -0.355111 0.000000
vt 0.038823 -0.005111 0.000000
vt 0.000000 0.000000 0.000000
vt 0.638823 0.355111 0.000000
vt 0.600000 0.350000 0.000000
vt 0.000000 0.000000 0.000000
vt -0.561177 0.355111 0.000000
vt -0.036177 -0.014985 0.000000
vt 0.000000 0.000000 0.000000
vt -0.525000 0.370096 0.000000
vt -0.031066 -0.023838 0.000000
vt 0.000000 0.000000 0.000000
vt 0.470096 -0.425000 0.000000
vt 0.493934 -0.393934 0.000000
vt 0.000000 0.000000 0.000000
vt -0.470096 0.425000 0.000000
vt -0.014985 -0.036177 0.000000
vt 0.000000 0.000000 0.000000
vt -0.455111 0.461177 0.000000
vt -0.005111 -0.038823 0.000000
vt 0.000000 0.000000 0.000000
vt 0.000000 -1.000000 0.000000
vt 0.450000 -0.500000 0.000000
vt 0.000000 0.000000 0.000000
vt -0.450000 -0.500000 0.000000
vt 0.005111 -0.038823 0.000000
vt 0.000000 0.000000 0.000000
vt 0.470096 0.425000 0.000000
vt 0.455111 0.461177 0.000000
vt 0.000000 0.000000 0.000000
vt -0.470096 -0.425000 0.000000
vt 0.023838 -0.031066 0.000000
vt 0.000000 0.000000 0.000000
vt -0.493934 -0.393934 0.000000
vt 0.031066 -0.023838 0.000000
vt 0.000000 0.000000 0.000000
vt 0.561177 0.355111 0.000000
vt 0.525000 0.370096 0.000000
vt 0.000000 0.000000 0.000000
vt -0.561177 -0.355111 0.000000
vt 0.038823 -0.005111 0.000000
vt 0.000000 0.000000 0.000000
vt -0.600000 -0.350000 0.000000
vt 0.038823 0.005111 0.000000
vt 0.000000 0.000000 0.000000
vt 2.500000 0.000000 0.000000
vt 0.638823 0.355111 0.000000
vt 0.000000 0.000000 0.000000
vt -0.638823 0.355111 0.000000
vt -0.038823 0.005111 0.000000
vt 0.000000 0.000000 0.000000
vt 0.561177 -0.355111 0.000000
vt 0.600000 -0.350000 0.000000
vt 0.000000 0.000000 0.000000
vt 2.423268 -12.570096 0.000000
vt 1.211634 -6.285048 0.000000
vt 1.273269 -12.570096 0.000000
vt 0.636634 -6.285048 0.000000
vt 0.000000 0.000000 0.000000
vt -1.150000 0.000000 0.000000
vt -0.031066 -0.023838 0.000000
vt 0.000000 0.000000 0.000000
vt 0.031066 -0.023838 0.000000
vt 1.118934 -0.023838 0.000000
vt 0.000000 0.000000 0.000000
vt -1.087868 0.000000 0.000000
vt -0.023838 -0.031066 0.000000
vt 0.000000 0.000000 0.000000
vt 0.023838 -0.031066 0.000000
vt 1.064030 -0.031066 0.000000
vt 0.000000 0.000000 0.000000
vt -1.040192 0.000000 0.000000
vt -0.014985 -0.036177 0.000000
vt 0.000000 0.000000 0.000000
vt 0.014985 -0.036177 0.000000
vt 1.025207 -0.036177 0.000000
vt 0.000000 0.000000 0.000000
vt -1.010222 0.000000 0.000000
vt -0.005111 -0.038823 0.000000
vt 0.000000 0.000000 0.000000
vt 0.005111 -0.038823 0.000000
vt 1.005111 -0.038823 0.000000
vt 0.000000 0.000000 0.000000
vt -1.000000 0.000000 0.000000
vt 0.005111 -0.038823 0.000000
vt 0.000000 0.000000 0.000000
vt -0.005111 -0.038823 0.000000
vt 1.005111 -0.038823 0.000000
vt 0.000000 0.000000 0.000000
vt -1.010222 0.000000 0.000000
vt 0.014985 -0.036177 0.000000
vt 0.000000 0.000000 0.000000
vt -0.014985 -0.036177 0.000000
vt 1.025207 -0.036177 0.000000
vt 0.000000 0.000000 0.000000
vt -1.040192 0.000000 0.000000
vt 0.023838 -0.031066 0.000000
vt 0.000000 0.000000 0.000000
vt -0.023838 -0.031066 0.000000
vt 1.064030 -0.031066 0.000000
vt 0.000000 0.000000 0.000000
vt -1.087868 0.000000 0.000000
vt 0.031066 -0.023838 0.000000
vt 0.000000 0.000000 0.000000
vt -0.031066 -0.023838 0.000000
vt 1.118934 -0.023838 0.000000
vt 0.000000 0.000000 0.000000
vt -0.036177 -0.014985 0.000000
vt 1.150000 0.000000 0.000000
vt 0.000000 0.000000 0.000000
vt -1.186177 -0.014985 0.000000
vt 0.036177 -0.014985 0.000000
vt 0.000000 0.000000 0.000000
vt 1.861177 -0.355111 0.000000
vt 1.222355 0.000000 0.000000
vt 0.000000 0.000000 0.000000
vt 0.638823 -0.355111 0.000000
vt 0.038823 -0.005111 0.000000
vt 0.000000 0.000000 0.000000
vt -0.561177 0.355111 0.000000
vt -0.600000 0.350000 0.000000
vt 0.000000 0.000000 0.000000
vt 0.561177 -0.355111 0.000000
vt 0.036177 0.014985 0.000000
vt 0.000000 0.000000 0.000000
vt 0.525000 -0.370096 0.000000
vt 0.031066 0.023838 0.000000
vt 0.000000 0.000000 0.000000
vt -0.470096 0.425000 0.000000
vt -0.493934 0.393934 0.000000
vt 0.000000 0.000000 0.000000
vt 0.470096 -0.425000 0.000000
vt 0.014985 0.036177 0.000000
vt 0.000000 0.000000 0.000000
vt 0.455111 -0.461177 0.000000
vt 0.005111 0.038823 0.000000
vt 0.000000 0.000000 0.000000
vt 0.000000 1.000000 0.000000
vt -0.450000 0.500000 0.000000
vt 0.000000 0.000000 0.000000
vt 0.450000 0.500000 0.000000
vt -0.005111 0.038823 0.000000
vt 0.000000 0.000000 0.000000
vt 0.455111 0.461177 0.000000
vt -0.014985 0.036177 0.000000
vt 0.000000 0.000000 0.000000
vt -0.493934 -0.393934 0.000000
vt -0.470096 -0.425000 0.000000
vt 0.000000 0.000000 0.000000
vt 0.493934 0.393934 0.000000
vt -0.031066 0.023838 0.000000
vt 0.000000 0.000000 0.000000
vt 0.525000 0.370096 0.000000
vt -0.036177 0.014985 0.000000
vt 0.000000 0.000000 0.000000
vt -0.600000 -0.350000 0.000000
vt -0.561177 -0.355111 0.000000
vt 0.000000 0.000000 0.000000
vt 0.600000 0.350000 0.000000
vt -0.038823 -0.005111 0.000000
vt 0.000000 0.000000 0.000000
vt 0.000000 0.000000 0.000000
vt 0.638823 0.355111 0.000000
vt 0.770277 6.277556 0.000000
vt 1.089689 6.455111 0.000000
vt 1.540554 12.555111 0.000000
vt 1.901732 0.000000 0.000000
vt 1.401732 6.100000 0.000000
vt 0.000000 0.000000 0.000000
vt 0.450866 6.100000 0.000000
vt 0.901732 12.200000 0.000000
vt 1.000000 -12.200000 0.000000
vt 0.750000 -6.100000 0.000000
vt 0.500000 -6.100000 0.000000
vt 0.500000 0.000000 0.000000
vt 0.000000 0.000000 0.000000
vt 0.000000 22.900000 0.000000
vt -0.500000 12.200000 0.000000
vt 0.000000 15.266667 0.000000
vt 0.000000 7.633333 0.000000
vt -0.250000 6.100000 0.000000
vt 0.000000 0.000000 0.000000
vt -0.500000 -4.200000 0.000000
vt -0.500000 -10.700000 0.000000
vt 0.000000 0.000000 0.000000
vt 1.540554 12.555111 0.000000
vt 0.752189 6.270063 0.000000
vt 0.770277 6.277556 0.000000
vt 0.000000 0.000000 0.000000
vt -0.036177 -0.014985 0.000000
vt -2.423268 12.570096 0.000000
vt -1.211634 6.285048 0.000000
vt 1.576732 12.570096 0.000000
vt 0.788366 6.285048 0.000000
vt 0.000000 0.000000 0.000000
vt 0.000000 6.500000 0.000000
vt -4.000000 0.000000 0.000000
vt 0.000000 0.000000 0.000000
vt -4.000000 0.000000 0.000000
vt -4.000000 -6.500000 0.000000
vt 0.000000 0.000000 0.000000
vt 0.500000 4.200000 0.000000
vt -0.500000 0.000000 0.000000
vt 0.000000 0.000000 0.000000
vt 1.000000 4.200000 0.000000
vt -4.000000 0.000000 0.000000
vt 0.000000 0.000000 0.000000
vt -7.800000 0.000000 0.000000
vt -7.800000 -0.406452 0.000000
vt 0.000000 0.000000 0.000000
vt -5.000000 -4.200000 0.000000
vt 0.300000 -0.406452 0.000000
vt 0.300000 -0.484615 0.000000
vt 3.100000 -4.200000 0.000000
vt 2.600000 -4.200000 0.000000
vt -2.300000 10.215385 0.000000
vt -2.300000 9.465385 0.000000
vt 0.000000 6.500000 0.000000
vt 0.000000 0.000000 0.000000
vt -1.273269 12.570096 0.000000
vt -0.654723 6.292541 0.000000
vt -0.636634 6.285048 0.000000
vt -0.036177 0.014985 0.000000
vt 0.000000 0.000000 0.000000
vt -1.237091 12.555111 0.000000
vt -0.937957 6.455111 0.000000
vt -0.618546 6.277556 0.000000
vt -0.638823 0.355111 0.000000
vt 0.000000 0.000000 0.000000
vt -0.500000 0.000000 0.000000
vt 0.049134 -6.100000 0.000000
vt 0.000000 0.000000 0.000000
vt 0.299134 -6.100000 0.000000
vt 0.598269 -12.200000 0.000000
vt -1.901732 0.000000 0.000000
vt 0.000000 -0.400000 0.000000
vt 0.000000 0.000000 0.000000
vt 0.000000 -0.400000 0.000000
vt 1.901732 -0.400000 0.000000
vt 0.000000 0.000000 0.000000
vt 2.500000 0.000000 0.000000
vt 0.000000 0.400000 0.000000
vt 0.000000 0.000000 0.000000
vt 0.000000 0.400000 0.000000
vt -2.500000 0.400000 0.000000
vt 0.000000 0.000000 0.000000
vt 0.400000 0.000000 0.000000
vt 0.000000 1.000000 0.000000
vt 0.000000 0.000000 0.000000
vt 0.000000 1.000000 0.000000
vt -0.400000 1.000000 0.000000
vt 0.000000 0.000000 0.000000
vt 0.400000 0.000000 0.000000
vt 0.000000 1.000000 0.000000
vt 0.000000 0.000000 0.000000
vt 0.000000 1.000000 0.000000
vt -0.400000 1.000000 0.000000
vt 0.000000 0.000000 0.000000
vt 0.000000 0.400000 0.000000
vt -0.039158 0.000000 0.000000
vt 0.000000 0.000000 0.000000
vt -0.039158 0.000000 0.000000
vt -0.039158 -0.400000 0.000000
vt 0.000000 0.000000 0.000000
vt -0.400000 0.000000 0.000000
vt -0.000000 -0.039158 0.000000
vt 0.000000 0.000000 0.000000
vt -0.000000 -0.039158 0.000000
vt 0.400000 -0.039158 0.000000
vt 0.000000 0.000000 0.000000
vt -0.400000 0.000000 0.000000
vt -0.000000 -0.039158 0.000000
vt 0.000000 0.000000 0.000000
vt -0.000000 -0.039158 0.000000
vt 0.400000 -0.039158 0.000000
vt 0.000000 0.000000 0.000000
vt -0.400000 0.000000 0.000000
vt -0.000000 -0.039158 0.000000
vt 0.000000 0.000000 0.000000
vt -0.000000 -0.039158 0.000000
vt 0.400000 -0.039158 0.000000
vt 0.000000 0.000000 0.000000
vt -0.400000 0.000000 0.000000
vt -0.000000 -0.039158 0.000000
vt 0.000000 0.000000 0.000000
vt -0.000000 -0.039158 0.000000
vt 0.400000 -0.039158 0.000000
vt 0.000000 0.000000 0.000000
vt -0.400000 0.000000 0.000000
vt -0.000000 -0.039158 0.000000
vt 0.000000 0.000000 0.000000
vt -0.000000 -0.039158 0.000000
vt 0.400000 -0.039158 0.000000
vt 0.000000 0.000000 0.000000
vt -0.400000 0.000000 0.000000
vt -0.000000 -0.039158 0.000000
vt 0.000000 0.000000 0.000000
vt -0.000000 -0.039158 0.000000
vt 0.400000 -0.039158 0.000000
vt 0.000000 0.000000 0.000000
vt -0.400000 0.000000 0.000000
vt -0.000000 -0.039158 0.000000
vt 0.000000 0.000000 0.000000
vt -0.000000 -0.039158 0.000000
vt 0.400000 -0.039158 0.000000
vt 0.000000 0.000000 0.000000
vt -0.400000 0.000000 0.000000
vt -0.000000 -0.039158 0.000000
vt 0.000000 0.000000 0.000000
vt -0.000000 -0.039158 0.000000
vt 0.400000 -0.039158 0.000000
vt 0.000000 0.000000 0.000000
vt 0.000000 0.400000 0.000000
vt -0.039158 0.000000 0.000000
vt 0.000000 0.000000 0.000000
vt -0.039158 0.000000 0.000000
vt -0.039158 -0.400000 0.000000
vt 0.000000 0.000000 0.000000
vt 0.000000 0.400000 0.000000
vt -0.039158 0.000000 0.000000
vt 0.000000 0.000000 0.000000
vt -0.039158 0.000000 0.000000
vt -0.039158 -0.400000 0.000000
vt 0.000000 0.000000 0.000000
vt 0.000000 0.400000 0.000000
vt -0.039158 0.000000 0.000000
vt 0.000000 0.000000 0.000000
vt -0.039158 0.000000 0.000000
vt -0.039158 -0.400000 0.000000
vt 0.000000 0.000000 0.000000
vt 0.000000 0.400000 0.000000
vt -0.039158 0.000000 0.000000
vt 0.000000 0.000000 0.000000
vt -0.039158 0.000000 0.000000
vt -0.039158 -0.400000 0.000000
vt 0.000000 0.000000 0.000000
vt 0.400000 0.000000 0.000000
vt 0.000000 0.039158 0.000000
vt 0.000000 0.000000 0.000000
vt 0.000000 0.039158 0.000000
vt -0.400000 0.039158 0.000000
vt 0.000000 0.000000 0.000000
vt 0.400000 0.000000 0.000000
vt 0.000000 0.039158 0.000000
vt 0.000000 0.000000 0.000000
vt 0.000000 0.039158 0.000000
vt -0.400000 0.039158 0.000000
vt 0.000000 0.000000 0.000000
vt 0.400000 0.000000 0.000000
vt 0.000000 0.039158 0.000000
vt 0.000000 0.000000 0.000000
vt 0.000000 0.039158 0.000000
vt -0.400000 0.039158 0.000000
vt 0.000000 0.000000 0.000000
vt 0.400000 0.000000 0.000000
vt 0.000000 0.039158 0.000000
vt 0.000000 0.000000 0.000000
vt 0.000000 0.039158 0.000000
vt -0.400000 0.039158 0.000000
vt 0.000000 0.000000 0.000000
vt 0.400000 0.000000 0.000000
vt 0.000000 0.039158 0.000000
vt 0.000000 0.000000 0.000000
vt 0.000000 0.039158 0.000000
vt -0.400000 0.039158 0.000000
vt 0.000000 0.000000 0.000000
vt 0.400000 0.000000 0.000000
vt 0.000000 0.039158 0.000000
vt 0.000000 0.000000 0.000000
vt 0.000000 0.039158 0.000000
vt -0.400000 0.039158 0.000000
vt 0.000000 0.000000 0.000000
vt 0.400000 0.000000 0.000000
vt 0.000000 0.039158 0.000000
vt 0.000000 0.000000 0.000000
vt 0.000000 0.039158 0.000000
vt -0.400000 0.039158 0.000000
vt 0.000000 0.000000 0.000000
vt 0.400000 0.000000 0.000000
vt 0.000000 0.039158 0.000000
vt 0.000000 0.000000 0.000000
vt 0.000000 0.039158 0.000000
vt -0.400000 0.039158 0.000000
vt 0.000000 0.000000 0.000000
vt 0.000000 0.400000 0.000000
vt -0.039158 0.000000 0.000000
vt 0.000000 0.000000 0.000000
vt -0.039158 0.000000 0.000000
vt -0.039158 -0.400000 0.000000
vt 0.000000 0.000000 0.000000
vt 0.000000 0.400000 0.000000
vt -0.039158 0.000000 0.000000
vt 0.000000 0.000000 0.000000
vt -0.039158 0.000000 0.000000
vt -0.039158 -0.400000 0.000000
vt 0.000000 0.000000 0.000000
vt 0.000000 0.400000 0.000000
vt -0.039158 0.000000 0.000000
vt 0.000000 0.000000 0.000000
vt -0.039158 0.000000 0.000000
vt -0.039158 -0.400000 0.000000
vt 0.000000 0.000000 0.000000
vt 0.000000 0.400000 0.000000
vt -0.039158 0.000000 0.000000
vt 0.000000 0.000000 0.000000
vt -0.039158 0.000000 0.000000
vt -0.039158 -0.400000 0.000000
vt 0.000000 0.000000 0.000000
vt -0.400000 0.000000 0.000000
vt -0.000000 -0.039158 0.000000
vt 0.000000 0.000000 0.000000
vt -0.000000 -0.039158 0.000000
vt 0.400000 -0.039158 0.000000
vt 0.000000 0.000000 0.000000
vt -0.400000 0.000000 0.000000
vt -0.000000 -0.039158 0.000000
vt 0.000000 0.000000 0.000000
vt -0.000000 -0.039158 0.000000
vt 0.400000 -0.039158 0.000000
vt 0.000000 0.000000 0.000000
vt -0.400000 0.000000 0.000000
vt -0.000000 -0.039158 0.000000
vt 0.000000 0.000000 0.000000
vt -0.000000 -0.039158 0.000000
vt 0.400000 -0.039158 0.000000
vt 0.000000 0.000000 0.000000
vt -0.400000 0.000000 0.000000
vt -0.000000 -0.039158 0.000000
vt 0.000000 0.000000 0.000000
vt -0.000000 -0.039158 0.000000
vt 0.400000 -0.039158 0.000000
vt 0.000000 0.000000 0.000000
vt -0.400000 0.000000 0.000000
vt -0.000000 -0.039158 0.000000
vt 0.000000 0.000000 0.000000
vt -0.000000 -0.039158 0.000000
vt 0.400000 -0.039158 0.000000
vt 0.000000 0.000000 0.000000
vt -0.400000 0.000000 0.000000
vt -0.000000 -0.039158 0.000000
vt 0.000000 0.000000 0.000000
vt -0.000000 -0.039158 0.000000
vt 0.400000 -0.039158 0.000000
vt 0.000000 0.000000 0.000000
vt -0.400000 0.000000 0.000000
vt -0.000000 -0.039158 0.000000
vt 0.000000 0.000000 0.000000
vt -0.000000 -0.039158 0.000000
vt 0.400000 -0.039158 0.000000
vt 0.000000 0.000000 0.000000
vt -0.400000 0.000000 0.000000
vt -0.000000 -0.039158 0.000000
vt 0.000000 0.000000 0.000000
vt -0.000000 -0.039158 0.000000
vt 0.400000 -0.039158 0.000000
vt 0.000000 0.000000 0.000000
vt 0.000000 0.400000 0.000000
vt -0.039158 0.000000 0.000000
vt 0.000000 0.000000 0.000000
vt -0.039158 0.000000 0.000000
vt -0.039158 -0.400000 0.000000
vt 0.000000 0.000000 0.000000
vt 0.000000 0.400000 0.000000
vt -0.039158 0.000000 0.000000
vt 0.000000 0.000000 0.000000
vt -0.039158 0.000000 0.000000
vt -0.039158 -0.400000 0.000000
vt 0.000000 0.000000 0.000000
vt 0.000000 0.400000 0.000000
vt -0.039158 0.000000 0.000000
vt 0.000000 0.000000 0.000000
vt -0.039158 0.000000 0.000000
vt -0.039158 -0.400000 0.000000
vt 0.000000 0.000000 0.000000
vt 0.000000 0.400000 0.000000
vt -0.039158 0.000000 0.000000
vt 0.000000 0.000000 0.000000
vt -0.039158 0.000000 0.000000
vt -0.039158 -0.400000 0.000000
vt 0.000000 0.000000 0.000000
vt 0.400000 0.000000 0.000000
vt 0.000000 0.039158 0.000000
vt 0.000000 0.000000 0.000000
vt 0.000000 0.039158 0.000000
vt -0.400000 0.039158 0.000000
vt 0.000000 0.000000 0.000000
vt 0.400000 0.000000 0.000000
vt 0.000000 0.039158 0.000000
vt 0.000000 0.000000 0.000000
vt 0.000000 0.039158 0.000000
vt -0.400000 0.039158 0.000000
vt 0.000000 0.000000 0.000000
vt 0.400000 0.000000 0.000000
vt 0.000000 0.039158 0.000000
vt 0.000000 0.000000 0.000000
vt 0.000000 0.039158 0.000000
vt -0.400000 0.039158 0.000000
vt 0.000000 0.000000 0.000000
vt 0.400000 0.000000 0.000000
vt 0.000000 0.039158 0.000000
vt 0.000000 0.000000 0.000000
vt 0.000000 0.039158 0.000000
vt -0.400000 0.039158 0.000000
vt 0.000000 0.000000 0.000000
vt 0.400000 0.000000 0.000000
vt 0.000000 0.039158 0.000000
vt 0.000000 0.000000 0.000000
vt 0.000000 0.039158 0.000000
vt -0.400000 0.039158 0.000000
vt 0.000000 0.000000 0.000000
vt 0.400000 0.000000 0.000000
vt 0.000000 0.039158 0.000000
vt 0.000000 0.000000 0.000000
vt 0.000000 0.039158 0.000000
vt -0.400000 0.039158 0.000000
vt 0.000000 0.000000 0.000000
vt 0.400000 0.000000 0.000000
vt 0.000000 0.039158 0.000000
vt 0.000000 0.000000 0.000000
vt 0.000000 0.039158 0.000000
vt -0.400000 0.039158 0.000000
vt 0.000000 0.000000 0.000000
vt 0.400000 0.000000 0.000000
vt 0.000000 0.039158 0.000000
vt 0.000000 0.000000 0.000000
vt 0.000000 0.039158 0.000000
vt -0.400000 0.039158 0.000000
vt 0.000000 0.000000 0.000000
vt 0.000000 0.400000 0.000000
vt -0.039158 0.000000 0.000000
vt 0.000000 0.000000 0.000000
vt -0.039158 0.000000 0.000000
vt -0.039158 -0.400000 0.000000
vt 0.000000 0.000000 0.000000
vt 0.000000 0.400000 0.000000
vt -0.039158 0.000000 0.000000
vt 0.000000 0.000000 0.000000
vt -0.039158 0.000000 0.000000
vt -0.039158 -0.400000 0.000000
vt 0.000000 0.000000 0.000000
vt 0.000000 0.400000 0.000000
vt -0.039158 0.000000 0.000000
vt 0.000000 0.000000 0.000000
vt -0.039158 0.000000 0.000000
vt -0.039158 -0.400000 0.000000
vt 0.000000 0.000000 0.000000
vt -1.900000 0.000000 0.000000
vt 0.000000 -0.400000 0.000000
vt 0.000000 0.000000 0.000000
vt 0.000000 -0.400000 0.000000
vt 1.900000 -0.400000 0.000000
vt 0.000000 0.000000 0.000000
vt 0.000000 -0.400000 0.000000
vt 1.000000 0.000000 0.000000
vt 0.000000 0.000000 0.000000
vt 1.000000 0.000000 0.000000
vt 1.000000 0.400000 0.000000
vt 0.000000 0.000000 0.000000
vt 0.000000 0.400000 0.000000
vt -1.000000 0.000000 0.000000
vt 0.000000 0.000000 0.000000
vt -1.000000 0.000000 0.000000
vt -1.000000 -0.400000 0.000000
vt 0.000000 0.000000 0.000000
vt 2.500000 0.000000 0.000000
vt 0.000000 0.400000 0.000000
vt 0.000000 0.000000 0.000000
vt 0.000000 0.400000 0.000000
vt -2.500000 0.400000 0.000000
vt 0.000000 0.000000 0.000000
vt 0.000000 -0.400000 0.000000
vt 0.039158 0.000000 0.000000
vt 0.000000 0.000000 0.000000
vt 0.039158 0.000000 0.000000
vt 0.039158 0.400000 0.000000
vt 0.000000 0.000000 0.000000
vt 0.000000 -0.400000 0.000000
vt 0.039157 0.000000 0.000000
vt 0.000000 0.000000 0.000000
vt 0.039157 0.000000 0.000000
vt 0.039157 0.400000 0.000000
vt 0.000000 0.000000 0.000000
vt 0.000000 -0.400000 0.000000
vt 0.039159 0.000000 0.000000
vt 0.000000 0.000000 0.000000
vt 0.039159 0.000000 0.000000
vt 0.039159 0.400000 0.000000
vt 0.000000 0.000000 0.000000
vt 0.000000 -0.400000 0.000000
vt 0.039157 0.000000 0.000000
vt 0.000000 0.000000 0.000000
vt 0.039157 0.000000 0.000000
vt 0.039157 0.400000 0.000000
vt 0.000000 0.000000 0.000000
vt 0.000000 -0.400000 0.000000
vt 0.039158 0.000000 0.000000
vt 0.000000 0.000000 0.000000
vt 0.039158 0.000000 0.000000
vt 0.039158 0.400000 0.000000
vt 0.000000 0.000000 0.000000
vt 0.000000 -0.400000 0.000000
vt 0.039158 0.000000 0.000000
vt 0.000000 0.000000 0.000000
vt 0.039158 0.000000 0.000000
vt 0.039158 0.400000 0.000000
vt 0.000000 0.000000 0.000000
vt 0.000000 -0.400000 0.000000
vt 0.039157 0.000000 0.000000
vt 0.000000 0.000000 0.000000
vt 0.039157 0.000000 0.000000
vt 0.039157 0.400000 0.000000
vt 0.000000 0.000000 0.000000
vt 0.000000 -0.400000 0.000000
vt 0.039159 0.000000 0.000000
vt 0.000000 0.000000 0.000000
vt 0.039159 0.000000 0.000000
vt 0.039159 0.400000 0.000000
vt 0.000000 0.000000 0.000000
vt 0.000000 -0.400000 0.000000
vt 0.039157 0.000000 0.000000
vt 0.000000 0.000000 0.000000
vt 0.039157 0.000000 0.000000
vt 0.039157 0.400000 0.000000
vt 0.000000 0.000000 0.000000
vt 0.000000 -0.400000 0.000000
vt 0.039158 0.000000 0.000000
vt 0.000000 0.000000 0.000000
vt 0.039158 0.000000 0.000000
vt 0.039158 0.400000 0.000000
vt 0.000000 0.000000 0.000000
vt 0.000000 -0.400000 0.000000
vt 0.039158 0.000000 0.000000
vt 0.000000 0.000000 0.000000
vt 0.039158 0.000000 0.000000
vt 0.039158 0.400000 0.000000
vt 0.000000 0.000000 0.000000
vt -0.000000 -0.400000 0.000000
vt 0.039158 0.000000 0.000000
vt 0.000000 0.000000 0.000000
vt 0.039158 0.000000 0.000000
vt 0.039158 0.400000 0.000000
vt 0.000000 0.000000 0.000000
vt -0.000000 -0.400000 0.000000
vt 0.039158 0.000000 0.000000
vt 0.000000 0.000000 0.000000
vt 0.039158 0.000000 0.000000
vt 0.039158 0.400000 0.000000
vt 0.000000 0.000000 0.000000
vt -0.000000 -0.400000 0.000000
vt 0.039157 0.000000 0.000000
vt 0.000000 0.000000 0.000000
vt 0.039157 0.000000 0.000000
vt 0.039157 0.400000 0.000000
vt 0.000000 0.000000 0.000000
vt -0.000000 -0.400000 0.000000
vt 0.039159 0.000000 0.000000
vt 0.000000 0.000000 0.000000
vt 0.039159 0.000000 0.000000
vt 0.039159 0.400000 0.000000
vt 0.000000 0.000000 0.000000
vt -0.000000 -0.400000 0.000000
vt 0.039157 0.000000 0.000000
vt 0.000000 0.000000 0.000000
vt 0.039157 0.000000 0.000000
vt 0.039157 0.400000 0.000000
vt 0.000000 0.000000 0.000000
vt -0.000000 -0.400000 0.000000
vt 0.039158 0.000000 0.000000
vt 0.000000 0.000000 0.000000
vt 0.039158 0.000000 0.000000
vt 0.039158 0.400000 0.000000
vt 0.000000 0.000000 0.000000
vt 0.000000 -0.400000 0.000000
vt 0.039158 0.000000 0.000000
vt 0.000000 0.000000 0.000000
vt 0.039158 0.000000 0.000000
vt 0.039158 0.400000 0.000000
vt 0.000000 0.000000 0.000000
vt 0.000000 -0.400000 0.000000
vt 0.039157 0.000000 0.000000
vt 0.000000 0.000000 0.000000
vt 0.039157 0.000000 0.000000
vt 0.039157 0.400000 0.000000
vt 0.000000 0.000000 0.000000
vt 0.000000 -0.400000 0.000000
vt 0.039159 0.000000 0.000000
vt 0.000000 0.000000 0.000000
vt 0.039159 0.000000 0.000000
vt 0.039159 0.400000 0.000000
vt 0.000000 0.000000 0.000000
vt 0.000000 -0.400000 0.000000
vt 0.039157 0.000000 0.000000
vt 0.000000 0.000000 0.000000
vt 0.039157 0.000000 0.000000
vt 0.039157 0.400000 0.000000
vt 0.000000 0.000000 0.000000
vt 0.000000 -0.400000 0.000000
vt 0.039158 0.000000 0.000000
vt 0.000000 0.000000 0.000000
vt 0.039158 0.000000 0.000000
vt 0.039158 0.400000 0.000000
vt 0.000000 0.000000 0.000000
vt 0.000000 -0.400000 0.000000
vt 0.039158 0.000000 0.000000
vt 0.000000 0.000000 0.000000
vt 0.039158 0.000000 0.000000
vt 0.039158 0.400000 0.000000
vt 0.000000 0.000000 0.000000
vt 0.000000 -0.400000 0.000000
vt 0.039158 0.000000 0.000000
vt 0.000000 0.000000 0.000000
vt 0.039158 0.000000 0.000000
vt 0.039158 0.400000 0.000000
vt 0.000000 0.000000 0.000000
vt 0.000000 -0.400000 0.000000
vt 0.039158 0.000000 0.000000
vt 0.000000 0.000000 0.000000
vt 0.039158 0.000000 0.000000
vt 0.039158 0.400000 0.000000
vt 0.000000 0.000000 0.000000
vt 0.000000 -0.400000 0.000000
vt 0.039157 0.000000 0.000000
vt 0.000000 0.000000 0.000000
vt 0.039157 0.000000 0.000000
vt 0.039157 0.400000 0.000000
vt 0.000000 0.000000 0.000000
vt 0.000000 -0.400000 0.000000
vt 0.039158 0.000000 0.000000
vt 0.000000 0.000000 0.000000
vt 0.039158 0.000000 0.000000
vt 0.039158 0.400000 0.000000
vt 0.000000 0.000000 0.000000
vt 0.000000 -0.400000 0.000000
vt 0.039157 0.000000 0.000000
vt 0.000000 0.000000 0.000000
vt 0.039157 0.000000 0.000000
vt 0.039157 0.400000 0.000000
vt 0.000000 0.000000 0.000000
vt 0.000000 -0.400000 0.000000
vt 0.039158 0.000000 0.000000
vt 0.000000 0.000000 0.000000
vt 0.039158 0.000000 0.000000
vt 0.039158 0.400000 0.000000
vt 0.000000 0.000000 0.000000
vt 0.000000 -0.400000 0.000000
vt 0.039158 0.000000 0.000000
vt 0.000000 0.000000 0.000000
vt 0.039158 0.000000 0.000000
vt 0.039158 0.400000 0.000000
vt 0.000000 0.000000 0.000000
vt 0.000000 -0.400000 0.000000
vt 0.039157 0.000000 0.000000
vt 0.000000 0.000000 0.000000
vt 0.039157 0.000000 0.000000
vt 0.039157 0.400000 0.000000
vt 0.000000 0.000000 0.000000
vt 0.000000 -0.400000 0.000000
vt 0.039158 0.000000 0.000000
vt 0.000000 0.000000 0.000000
vt 0.039158 0.000000 0.000000
vt 0.039158 0.400000 0.000000
vt 0.000000 0.000000 0.000000
vt 0.000000 -0.400000 0.000000
vt 0.039157 0.000000 0.000000
vt 0.000000 0.000000 0.000000
vt 0.039157 0.000000 0.000000
vt 0.039157 0.400000 0.000000
vt 0.000000 0.000000 0.000000
vt 0.000000 -0.400000 0.000000
vt 0.039158 0.000000 0.000000
vt 0.000000 0.000000 0.000000
vt 0.039158 0.000000 0.000000
vt 0.039158 0.400000 0.000000
vt 0.000000 0.000000 0.000000
vt 0.000000 -0.400000 0.000000
vt 0.039158 0.000000 0.000000
vt 0.000000 0.000000 0.000000
vt 0.039158 0.000000 0.000000
vt 0.039158 0.400000 0.000000
vt 0.000000 0.000000 0.000000
vt -0.000000 -0.400000 0.000000
vt 0.039158 0.000000 0.000000
vt 0.000000 0.000000 0.000000
vt 0.039158 0.000000 0.000000
vt 0.039158 0.400000 0.000000
vt 0.000000 0.000000 0.000000
vt -0.000000 -0.400000 0.000000
vt 0.039158 0.000000 0.000000
vt 0.000000 0.000000 0.000000
vt 0.039158 0.000000 0.000000
vt 0.039158 0.400000 0.000000
vt 0.000000 0.000000 0.000000
vt -0.000000 -0.400000 0.000000
vt 0.039157 0.000000 0.000000
vt 0.000000 0.000000 0.000000
vt 0.039157 0.000000 0.000000
vt 0.039157 0.400000 0.000000
vt 0.000000 0.000000 0.000000
vt -0.000000 -0.400000 0.000000
vt 0.039158 0.000000 0.000000
vt 0.000000 0.000000 0.000000
vt 0.039158 0.000000 0.000000
vt 0.039158 0.400000 0.000000
vt 0.000000 0.000000 0.000000
vt -0.000000 -0.400000 0.000000
vt 0.039157 0.000000 0.000000
vt 0.000000 0.000000 0.000000
vt 0.039157 0.000000 0.000000
vt 0.039157 0.400000 0.000000
vt 0.000000 0.000000 0.000000
vt -0.000000 -0.400000 0.000000
vt 0.039158 0.000000 0.000000
vt 0.000000 0.000000 0.000000
vt 0.039158 0.000000 0.000000
vt 0.039158 0.400000 0.000000
vt 0.000000 0.000000 0.000000
vt 0.000000 -0.400000 0.000000
vt 0.039158 0.000000 0.000000
vt 0.000000 0.000000 0.000000
vt 0.039158 0.000000 0.000000
vt 0.039158 0.400000 0.000000
vt 0.000000 0.000000 0.000000
vt 0.000000 -0.400000 0.000000
vt 0.039157 0.000000 0.000000
vt 0.000000 0.000000 0.000000
vt 0.039157 0.000000 0.000000
vt 0.039157 0.400000 0.000000
vt 0.000000 0.000000 0.000000
vt 0.000000 -0.400000 0.000000
vt 0.039158 0.000000 0.000000
vt 0.000000 0.000000 0.000000
vt 0.039158 0.000000 0.000000
vt 0.039158 0.400000 0.000000
vt 0.000000 0.000000 0.000000
vt 0.000000 -0.400000 0.000000
vt 0.039157 0.000000 0.000000
vt 0.000000 0.000000 0.000000
vt 0.039157 0.000000 0.000000
vt 0.039157 0.400000 0.000000
vt 0.000000 0.000000 0.000000
vt 0.000000 -0.400000 0.000000
vt 0.039158 0.000000 0.000000
vt 0.000000 0.000000 0.000000
vt 0.039158 0.000000 0.000000
vt 0.039158 0.400000 0.000000
vt 0.000000 0.000000 0.000000
vt 0.000000 -0.400000 0.000000
vt 0.039158 0.000000 0.000000
vt 0.000000 0.000000 0.000000
vt 0.039158 0.000000 0.000000
vt 0.039158 0.400000 0.000000
vt 0.000000 0.000000 0.000000
vt 0.000000 -0.400000 0.000000
vt 0.039158 0.000000 0.000000
vt 0.000000 0.000000 0.000000
vt 0.039158 0.000000 0.000000
vt 0.039158 0.400000 0.000000
vt 0.000000 0.000000 0.000000
vt 0.000000 6.500000 0.000000
vt -1.000000 0.000000 0.000000
vt 0.000000 0.000000 0.000000
vt -1.000000 0.000000 0.000000
vt -1.000000 -6.500000 0.000000
vt 0.000000 0.000000 0.000000
vt -0.500000 0.000000 0.000000
vt 0.000000 -1.000000 0.000000
vt 0.000000 0.000000 0.000000
vt 0.000000 -1.000000 0.000000
vt 0.500000 -1.000000 0.000000
vt 0.000000 0.000000 0.000000
vt 0.500000 0.000000 0.000000
vt 0.000000 6.635459 0.000000
vt 0.000000 0.000000 0.000000
vt 0.000000 6.635459 0.000000
vt -0.500000 6.635459 0.000000
vt 0.000000 0.000000 0.000000
vt 6.635459 0.000000 0.000000
vt 0.000000 1.000000 0.000000
vt 0.000000 0.000000 0.000000
vt 0.000000 1.000000 0.000000
vt -6.635459 1.000000 0.000000
vt 0.000000 0.000000 0.000000
vt -6.635459 0.000000 0.000000
vt 0.000000 -1.000000 0.000000
vt 0.000000 0.000000 0.000000
vt 0.000000 -1.000000 0.000000
vt 6.635459 -1.000000 0.000000
vt 0.000000 0.000000 0.000000
vt -0.036177 0.014984 0.000000
vt 1.538823 -4.385062 0.000000
vt 0.000000 0.000000 0.000000
vt -2.425000 -4.400046 0.000000
vt 1.575000 -4.400046 0.000000
vt 0.000000 0.000000 0.000000
vt -4.000000 0.000000 0.000000
vt 0.000000 -6.635459 0.000000
vt 0.000000 0.000000 0.000000
vt 0.000000 -6.635459 0.000000
vt 4.000000 -6.635459 0.000000
vt 0.000000 0.000000 0.000000
vt 0.600000 4.029950 0.000000
vt -0.500000 0.000000 0.000000
vt 0.000000 0.000000 0.000000
vt -3.400000 0.000000 0.000000
vt -3.400000 -0.464994 0.000000
vt 0.000000 0.000000 0.000000
vt -1.100000 -4.029950 0.000000
vt -2.300000 3.564956 0.000000
vt -2.300000 2.799326 0.000000
vt 0.000000 0.000000 0.000000
vt 0.000000 -6.635459 0.000000
vt 0.300000 -1.230624 0.000000
vt 0.300000 -8.307547 0.000000
vt 2.600000 -10.665409 0.000000
vt 0.300000 -15.384470 0.000000
vt -1.222354 0.000000 0.000000
vt -0.036177 -0.014984 0.000000
vt 0.000000 0.000000 0.000000
vt 0.036177 -0.014984 0.000000
vt 1.186177 -0.014984 0.000000
vt 0.000000 0.000000 0.000000
vt -1.150000 0.000000 0.000000
vt -0.031066 -0.023839 0.000000
vt 0.000000 0.000000 0.000000
vt 0.031066 -0.023839 0.000000
vt 1.118934 -0.023839 0.000000
vt 0.000000 0.000000 0.000000
vt -1.087868 0.000000 0.000000
vt -0.023838 -0.031065 0.000000
vt 0.000000 0.000000 0.000000
vt 0.023838 -0.031065 0.000000
vt 1.064030 -0.031065 0.000000
vt 0.000000 0.000000 0.000000
vt -1.040192 0.000000 0.000000
vt -0.014985 -0.036177 0.000000
vt 0.000000 0.000000 0.000000
vt 0.014985 -0.036177 0.000000
vt 1.025207 -0.036177 0.000000
vt 0.000000 0.000000 0.000000
vt -1.010222 0.000000 0.000000
vt -0.005111 -0.038823 0.000000
vt 0.000000 0.000000 0.000000
vt 0.005111 -0.038823 0.000000
vt 1.005111 -0.038823 0.000000
vt 0.000000 0.000000 0.000000
vt -1.000000 0.000000 0.000000
vt 0.005111 -0.038823 0.000000
vt 0.000000 0.000000 0.000000
vt -0.005111 -0.038823 0.000000
vt 1.005111 -0.038823 0.000000
vt 0.000000 0.000000 0.000000
vt -1.010222 0.000000 0.000000
vt 0.014985 -0.036177 0.000000
vt 0.000000 0.000000 0.000000
vt -0.014985 -0.036177 0.000000
vt 1.025208 -0.036177 0.000000
vt 0.000000 0.000000 0.000000
vt -1.040192 0.000000 0.000000
vt 0.023838 -0.031065 0.000000
vt 0.000000 0.000000 0.000000
vt -0.023838 -0.031065 0.000000
vt 1.064030 -0.031065 0.000000
vt 0.000000 0.000000 0.000000
vt -1.087868 0.000000 0.000000
vt 0.031066 -0.023839 0.000000
vt 0.000000 0.000000 0.000000
vt -0.031066 -0.023839 0.000000
vt 1.118934 -0.023839 0.000000
vt 0.000000 0.000000 0.000000
vt -1.150000 0.000000 0.000000
vt -2.425000 -4.400046 0.000000
vt 0.000000 0.000000 0.000000
vt -0.036177 -0.014984 0.000000
vt -1.275000 -4.400046 0.000000
vt 0.000000 0.000000 0.000000
vt -0.038823 -0.005112 0.000000
vt -1.238823 -4.385062 0.000000
vt 0.000000 0.000000 0.000000
vt 1.200000 4.379950 0.000000
vt 0.600000 4.029950 0.000000
vt 0.000000 0.000000 0.000000
vt -0.038823 0.005112 0.000000
vt -0.600000 -0.350000 0.000000
vt 0.000000 0.000000 0.000000
vt -0.036177 0.014984 0.000000
vt -0.561177 -0.355112 0.000000
vt 0.000000 0.000000 0.000000
vt -0.031066 0.023839 0.000000
vt -0.525000 -0.370096 0.000000
vt 0.000000 0.000000 0.000000
vt -0.023838 0.031065 0.000000
vt -0.493934 -0.393935 0.000000
vt 0.000000 0.000000 0.000000
vt -0.014985 0.036177 0.000000
vt -0.470096 -0.425000 0.000000
vt 0.000000 0.000000 0.000000
vt -0.005111 0.038823 0.000000
vt -0.455111 -0.461177 0.000000
vt 0.000000 0.000000 0.000000
vt 0.450000 0.500000 0.000000
vt 0.000000 1.000000 0.000000
vt 0.000000 0.000000 0.000000
vt 0.005111 0.038823 0.000000
vt -0.450000 0.500000 0.000000
vt 0.000000 0.000000 0.000000
vt 0.014985 0.036177 0.000000
vt -0.455111 0.461177 0.000000
vt 0.000000 0.000000 0.000000
vt 0.023838 0.031065 0.000000
vt -0.470096 0.425000 0.000000
vt 0.000000 0.000000 0.000000
vt 0.031066 0.023839 0.000000
vt -0.493934 0.393935 0.000000
vt 0.000000 0.000000 0.000000
vt 0.036177 0.014984 0.000000
vt -0.525000 0.370096 0.000000
vt 0.000000 0.000000 0.000000
vt 0.038823 0.005112 0.000000
vt -0.561177 0.355112 0.000000
vt 0.000000 0.000000 0.000000
vt 0.038823 -0.005112 0.000000
vt -0.600000 0.350000 0.000000
vt 0.000000 0.000000 0.000000
vt 1.222354 0.000000 0.000000
vt -0.638823 0.355112 0.000000
vt 0.000000 0.000000 0.000000
vt 1.861177 -0.355112 0.000000
vt 2.500000 0.000000 0.000000
vt 0.000000 0.000000 0.000000
vt 0.038823 0.005112 0.000000
vt 0.638823 0.355112 0.000000
vt 0.000000 0.000000 0.000000
vt 0.038823 -0.005112 0.000000
vt 0.600000 0.350000 0.000000
vt 0.000000 0.000000 0.000000
vt 0.036177 -0.014984 0.000000
vt 0.561177 0.355112 0.000000
vt 0.000000 0.000000 0.000000
vt 0.031066 -0.023839 0.000000
vt 0.525000 0.370096 0.000000
vt 0.000000 0.000000 0.000000
vt 0.023838 -0.031065 0.000000
vt 0.493934 0.393935 0.000000
vt 0.000000 0.000000 0.000000
vt 0.014985 -0.036177 0.000000
vt 0.470096 0.425000 0.000000
vt 0.000000 0.000000 0.000000
vt 0.005111 -0.038823 0.000000
vt 0.455111 0.461177 0.000000
vt 0.000000 0.000000 0.000000
vt -0.450000 -0.500000 0.000000
vt 0.000000 -1.000000 0.000000
vt 0.000000 0.000000 0.000000
vt -0.005111 -0.038823 0.000000
vt 0.450000 -0.500000 0.000000
vt 0.000000 0.000000 0.000000
vt -0.014985 -0.036177 0.000000
vt 0.455111 -0.461177 0.000000
vt 0.000000 0.000000 0.000000
vt -0.023838 -0.031065 0.000000
vt 0.470096 -0.425000 0.000000
vt 0.000000 0.000000 0.000000
vt -0.031066 -0.023839 0.000000
vt 0.493934 -0.393935 0.000000
vt 0.000000 0.000000 0.000000
vt -0.036177 -0.014984 0.000000
vt 0.525000 -0.370096 0.000000
vt 0.000000 0.000000 0.000000
vt -0.038823 -0.005112 0.000000
vt 0.561177 -0.355112 0.000000
vt 0.000000 0.000000 0.000000
vt -0.038823 0.005112 0.000000
vt 0.600000 -0.350000 0.000000
vt 0.000000 0.000000 0.000000
vt 1.538823 -4.385062 0.000000
vt 0.638823 -0.355112 0.000000
vt 0.000000 0.000000 0.000000
vt 1.502973 -1.600000 0.000000
vt 1.900000 0.000000 0.000000
vt 1.000000 -1.600000 0.000000
vt 0.000000 0.000000 0.000000
vt 1.000000 -2.100000 0.000000
vt 0.900000 -4.029950 0.000000
vt 1.378902 -2.100000 0.000000
vt 0.401551 1.929950 0.000000
vt 0.239451 1.929950 0.000000
vt 0.000000 -6.635459 0.000000
vt 0.000000 0.000000 0.000000
vt 0.000000 -2.100000 0.000000
vt -0.098449 -2.100000 0.000000
vt 0.000000 -9.050000 0.000000
vt -0.500000 -10.665409 0.000000
vt 0.000000 -16.000000 0.000000
vt -0.500000 0.000000 0.000000
vt 0.500000 -5.334591 0.000000
vt 0.000000 0.000000 0.000000
vt -4.000000 0.000000 0.000000
vt 1.000000 -5.334591 0.000000
vt 0.000000 0.000000 0.000000
vt 0.500000 0.000000 0.000000
vt 0.000000 1.000000 0.000000
vt 0.000000 0.000000 0.000000
vt 0.000000 1.000000 0.000000
vt -0.500000 1.000000 0.000000
vt 0.000000 0.000000 0.000000
vt 0.500000 0.000000 0.000000
vt 0.000000 1.000000 0.000000
vt 0.000000 0.000000 0.000000
vt 0.000000 1.000000 0.000000
vt -0.500000 1.000000 0.000000
vt 0.000000 0.000000 0.000000
vt 0.500000 0.000000 0.000000
vt 0.000000 6.500000 0.000000
vt 0.000000 0.000000 0.000000
vt 0.000000 6.500000 0.000000
vt -0.500000 6.500000 0.000000
vt 0.000000 0.000000 0.000000
vt 0.000000 6.500000 0.000000
vt -1.000000 0.000000 0.000000
vt 0.000000 0.000000 0.000000
vt -1.000000 0.000000 0.000000
vt -1.000000 -6.500000 0.000000
vt 0.000000 0.000000 0.000000
vt -0.500000 0.000000 0.000000
vt 0.000000 -1.000000 0.000000
vt 0.000000 0.000000 0.000000
vt 0.000000 -1.000000 0.000000
vt 0.500000 -1.000000 0.000000
vt 0.000000 0.000000 0.000000
vt 0.500000 0.000000 0.000000
vt 0.000000 6.500000 0.000000
vt 0.000000 0.000000 0.000000
vt 0.000000 6.500000 0.000000
vt -0.500000 6.500000 0.000000
vt 0.000000 0.000000 0.000000
vt 0.000000 -6.500000 0.000000
vt 1.000000 0.000000 0.000000
vt 0.000000 0.000000 0.000000
vt 1.000000 0.000000 0.000000
vt 1.000000 6.500000 0.000000
vt 0.000000 0.000000 0.000000
vt -0.500000 0.000000 0.000000
vt 0.000000 -1.000000 0.000000
vt 0.000000 0.000000 0.000000
vt 0.000000 -1.000000 0.000000
vt 0.500000 -1.000000 0.000000
vt 0.000000 0.000000 0.000000
vt 0.000000 6.500000 0.000000
vt -1.000000 0.000000 0.000000
vt 0.000000 0.000000 0.000000
vt -1.000000 0.000000 0.000000
vt -1.000000 -6.500000 0.000000
vt 0.000000 0.000000 0.000000
vt -0.500000 0.000000 0.000000
vt 0.000000 -1.000000 0.000000
vt 0.000000 0.000000 0.000000
vt 0.000000 -1.000000 0.000000
vt 0.500000 -1.000000 0.000000
vt 0.000000 0.000000 0.000000
vt 0.500000 0.000000 0.000000
vt 0.000000 6.635459 0.000000
vt 0.000000 0.000000 0.000000
vt 0.000000 6.635459 0.000000
vt -0.500000 6.635459 0.000000
vt 0.000000 0.000000 0.000000
vt 6.635459 0.000000 0.000000
vt 0.000000 1.000000 0.000000
vt 0.000000 0.000000 0.000000
vt 0.000000 1.000000 0.000000
vt -6.635459 1.000000 0.000000
vt 0.000000 0.000000 0.000000
vt 0.500000 0.000000 0.000000
vt 0.000000 1.000000 0.000000
vt 0.000000 0.000000 0.000000
vt 0.000000 1.000000 0.000000
vt -0.500000 1.000000 0.000000
vt 0.000000 0.000000 0.000000
vt 6.635459 0.000000 0.000000
vt 0.000000 1.000000 0.000000
vt 0.000000 0.000000 0.000000
vt 0.000000 1.000000 0.000000
vt -6.635459 1.000000 0.000000
vt 0.000000 0.000000 0.000000
vt 0.500000 0.000000 0.000000
vt 0.000000 1.000000 0.000000
vt 0.000000 0.000000 0.000000
vt 0.000000 1.000000 0.000000
vt -0.500000 1.000000 0.000000
vt 0.000000 0.000000 0.000000
vn 0.000000 -1.000000 0.000000
vn 0.000000 -1.000000 0.000000
vn 0.000000 -1.000000 0.000000
vn 0.000000 -1.000000 0.000000
vn 0.000000 -1.000000 0.000000
vn 0.000000 -1.000000 0.000000
vn 1.000000 0.000000 0.000000
vn 1.000000 0.000000 0.000000
vn 1.000000 0.000000 0.000000
vn 1.000000 0.000000 0.000000
vn 1.000000 0.000000 0.000000
vn 1.000000 0.000000 0.000000
vn 1.000000 0.000000 0.000000
vn 1.000000 0.000000 0.000000
vn 1.000000 0.000000 0.000000
vn 1.000000 0.000000 0.000000
vn 1.000000 0.000000 0.000000
vn 1.000000 0.000000 0.000000
vn 0.000000 -1.000000 0.000000
vn 0.000000 -1.000000 0.000000
vn 0.000000 -1.000000 0.000000
vn 0.000000 -1.000000 0.000000
vn 0.000000 -1.000000 0.000000
vn -0.000000 -0.000000 1.000000
vn -0.000000 -0.000000 1.000000
vn -0.000000 -0.000000 1.000000
vn -0.000000 -0.000000 1.000000
vn -0.000000 -0.000000 1.000000
vn -0.000000 -0.000000 1.000000
vn -0.000000 -0.000000 1.000000
vn -0.000000 -0.000000 1.000000
vn -0.000000 -0.000000 1.000000
vn -0.000000 -0.000000 1.000000
vn -0.000000 -0.000000 1.000000
vn -0.000000 -0.000000 1.000000
vn -0.000000 -0.000000 1.000000
vn -0.000000 -0.000000 1.000000
vn -0.000000 -0.000000 1.000000
vn -0.000000 -0.000000 1.000000
vn -0.000000 -0.000000 1.000000
vn -0.000000 -0.000000 1.000000
vn -0.000000 -0.000000 1.000000
vn -0.000000 -0.000000 1.000000
vn -0.000000 -0.000000 1.000000
vn -0.000000 -0.000000 1.000000
vn -1.000000 0.000000 0.000000
vn -1.000000 0.000000 0.000000
vn -1.000000 0.000000 0.000000
vn -1.000000 0.000000 0.000000
vn -1.000000 0.000000 0.000000
vn -1.000000 0.000000 0.000000
vn -1.000000 0.000000 0.000000
vn -1.000000 0.000000 0.000000
vn -1.000000 0.000000 0.000000
vn 0.000000 -1.000000 0.000000
vn 0.000000 -1.000000 0.000000
vn 0.000000 -1.000000 0.000000
vn 0.000000 -1.000000 0.000000
vn 0.000000 -1.000000 0.000000
vn 0.000000 -1.000000 0.000000
vn 0.000000 -1.000000 0.000000
vn 0.000000 -1.000000 0.000000
vn 0.000000 1.000000 0.000000
vn 0.000000 1.000000 0.000000
vn 0.000000 1.000000 0.000000
vn 0.000000 1.000000 0.000000
vn 0.000000 1.000000 0.000000
vn 0.000000 1.000000 0.000000
vn 0.000000 1.000000 0.000000
vn 0.000000 1.000000 0.000000
vn 0.000000 1.000000 0.000000
vn 0.000000 -1.000000 0.000000
vn 0.000000 0.000000 -1.000000
vn 0.000000 0.000000 -1.000000
vn 0.000000 0.000000 -1.000000
vn 0.000000 0.000000 -1.000000
vn 0.000000 0.000000 -1.000000
vn 0.000000 0.000000 -1.000000
vn 0.000000 0.000000 -1.000000
vn 0.000000 0.000000 -1.000000
vn 0.000000 0.000000 -1.000000
vn 0.000000 0.000000 -1.000000
vn 1.000000 -0.000000 0.000000
vn 1.000000 -0.000000 0.000000
vn 1.000000 -0.000000 0.000000
vn 1.000000 -0.000000 0.000000
vn 1.000000 -0.000000 0.000000
vn 1.000000 -0.000000 0.000000
vn 1.000000 -0.000000 0.000000
vn 1.000000 -0.000000 0.000000
vn -1.000000 -0.000000 -0.000000
vn -1.000000 -0.000000 -0.000000
vn -1.000000 -0.000000 -0.000000
vn -1.000000 -0.000000 -0.000000
vn -1.000000 -0.000000 -0.000000
vn -1.000000 -0.000000 -0.000000
vn -1.000000 -0.000000 -0.000000
vn -1.000000 -0.000000 -0.000000
vn -0.000000 -0.000000 -1.000000
vn -0.000000 -0.000000 -1.000000
vn -0.000000 -0.000000 -1.000000
vn -0.000000 -0.000000 -1.000000
vn 0.000000 0.000000 -1.000000
vn 0.000000 0.000000 -1.000000
vn 0.000000 0.000000 -1.000000
vn 0.000000 0.000000 -1.000000
vn 0.000000 0.000000 -1.000000
vn 0.000000 0.000000 -1.000000
vn 0.000000 0.000000 -1.000000
vn 0.000000 0.000000 -1.000000
vn 0.000000 0.000000 -1.000000
vn 0.000000 0.000000 -1.000000
vn 0.000000 0.000000 -1.000000
vn 0.000000 1.000000 0.000000
vn 0.000000 1.000000 0.000000
vn 0.000000 1.000000 0.000000
vn 0.000000 1.000000 0.000000
vn 0.000000 1.000000 0.000000
vn 0.000000 1.000000 0.000000
vn 0.000000 1.000000 0.000000
vn 0.000000 1.000000 0.000000
vn 0.000000 1.000000 0.000000
vn 0.000000 1.000000 0.000000
vn 0.000000 1.000000 0.000000
vn 0.000000 1.000000 0.000000
vn 0.000000 1.000000 0.000000
vn 0.000000 1.000000 0.000000
vn 0.000000 1.000000 0.000000
vn 0.000000 1.000000 0.000000
vn 0.000000 1.000000 0.000000
vn 0.000000 1.000000 0.000000
vn 0.000000 1.000000 0.000000
vn 0.000000 1.000000 0.000000
vn 0.000000 1.000000 0.000000
vn 0.000000 1.000000 0.000000
vn 0.000000 1.000000 0.000000
vn 0.000000 1.000000 0.000000
vn 0.000000 1.000000 0.000000
vn 0.000000 1.000000 0.000000
vn 0.000000 1.000000 0.000000
vn 0.000000 1.000000 0.000000
vn 0.000000 1.000000 0.000000
vn 0.000000 1.000000 0.000000
vn 0.000000 1.000000 0.000000
vn 0.000000 1.000000 0.000000
vn 0.000000 1.000000 0.000000
vn 0.000000 1.000000 0.000000
vn 0.000000 1.000000 0.000000
vn 0.000000 1.000000 0.000000
vn 0.000000 1.000000 0.000000
vn 0.000000 1.000000 0.000000
vn 0.000000 1.000000 0.000000
vn 0.000000 1.000000 0.000000
vn 0.000000 1.000000 0.000000
vn 0.000000 1.000000 0.000000
vn 0.000000 1.000000 0.000000
vn 0.000000 1.000000 0.000000
vn 0.000000 1.000000 0.000000
vn 0.000000 1.000000 0.000000
vn 0.000000 1.000000 0.000000
vn 0.000000 1.000000 0.000000
vn 0.000000 1.000000 0.000000
vn 0.000000 1.000000 0.000000
vn 0.000000 1.000000 0.000000
vn 0.000000 1.000000 0.000000
vn 0.000000 1.000000 0.000000
vn 0.000000 1.000000 0.000000
vn 0.000000 1.000000 0.000000
vn 0.000000 1.000000 0.000000
vn 0.000000 1.000000 0.000000
vn -1.000000 0.000000 0.000000
vn -1.000000 0.000000 0.000000
vn -1.000000 0.000000 0.000000
vn -1.000000 0.000000 0.000000
vn -1.000000 0.000000 0.000000
vn -1.000000 0.000000 0.000000
vn -1.000000 0.000000 0.000000
vn -1.000000 0.000000 0.000000
vn -1.000000 0.000000 0.000000
vn -1.000000 0.000000 0.000000
vn -1.000000 0.000000 0.000000
vn -1.000000 0.000000 0.000000
vn -1.000000 0.000000 0.000000
vn -1.000000 0.000000 0.000000
vn -1.000000 0.000000 0.000000
vn -1.000000 0.000000 0.000000
vn -1.000000 0.000000 0.000000
vn -1.000000 0.000000 0.000000
vn -1.000000 0.000000 0.000000
vn -1.000000 0.000000 0.000000
vn -1.000000 0.000000 0.000000
vn -1.000000 0.000000 0.000000
vn -1.000000 0.000000 0.000000
vn -1.000000 0.000000 0.000000
vn -1.000000 0.000000 0.000000
vn -1.000000 0.000000 0.000000
vn -1.000000 0.000000 0.000000
vn -1.000000 0.000000 0.000000
vn -1.000000 0.000000 0.000000
vn -1.000000 0.000000 0.000000
vn -1.000000 0.000000 0.000000
vn -1.000000 0.000000 0.000000
vn -1.000000 0.000000 0.000000
vn -1.000000 0.000000 0.000000
vn -1.000000 0.000000 0.000000
vn -1.000000 0.000000 0.000000
vn -1.000000 0.000000 0.000000
vn -1.000000 0.000000 0.000000
vn -1.000000 0.000000 0.000000
vn -1.000000 0.000000 0.000000
vn -1.000000 0.000000 0.000000
vn -1.000000 0.000000 0.000000
vn -1.000000 0.000000 0.000000
vn -1.000000 0.000000 0.000000
vn -1.000000 0.000000 0.000000
vn -1.000000 0.000000 0.000000
vn -1.000000 0.000000 0.000000
vn -1.000000 0.000000 0.000000
vn -1.000000 0.000000 0.000000
vn -1.000000 0.000000 0.000000
vn -1.000000 0.000000 0.000000
vn -1.000000 0.000000 0.000000
vn -1.000000 0.000000 0.000000
vn -1.000000 0.000000 0.000000
vn -1.000000 0.000000 0.000000
vn -1.000000 0.000000 0.000000
vn -1.000000 0.000000 0.000000
vn -1.000000 0.000000 0.000000
vn -1.000000 0.000000 0.000000
vn -1.000000 0.000000 0.000000
vn 1.000000 0.000000 0.000000
vn 1.000000 0.000000 0.000000
vn 1.000000 0.000000 0.000000
vn 1.000000 0.000000 0.000000
vn 1.000000 0.000000 0.000000
vn 1.000000 0.000000 0.000000
vn 1.000000 0.000000 0.000000
vn 1.000000 0.000000 0.000000
vn 1.000000 0.000000 0.000000
vn 1.000000 0.000000 0.000000
vn 1.000000 0.000000 0.000000
vn 1.000000 0.000000 0.000000
vn 1.000000 0.000000 0.000000
vn 1.000000 0.000000 0.000000
vn 1.000000 0.000000 0.000000
vn 1.000000 0.000000 0.000000
vn 1.000000 0.000000 0.000000
vn 1.000000 0.000000 0.000000
vn 1.000000 0.000000 0.000000
vn 1.000000 0.000000 0.000000
vn 1.000000 0.000000 0.000000
vn 1.000000 0.000000 0.000000
vn 1.000000 0.000000 0.000000
vn 1.000000 0.000000 0.000000
vn 1.000000 0.000000 0.000000
vn 1.000000 0.000000 0.000000
vn 1.000000 0.000000 0.000000
vn 1.000000 0.000000 0.000000
vn 1.000000 0.000000 0.000000
vn 1.000000 0.000000 0.000000
vn 1.000000 0.000000 0.000000
vn 1.000000 0.000000 0.000000
vn 1.000000 0.000000 0.000000
vn 1.000000 0.000000 0.000000
vn 1.000000 0.000000 0.000000
vn 1.000000 0.000000 0.000000
vn 1.000000 0.000000 0.000000
vn 1.000000 0.000000 0.000000
vn 1.000000 0.000000 0.000000
vn 1.000000 0.000000 0.000000
vn 1.000000 0.000000 0.000000
vn 1.000000 0.000000 0.000000
vn 1.000000 0.000000 0.000000
vn 1.000000 0.000000 0.000000
vn 1.000000 0.000000 0.000000
vn 1.000000 0.000000 0.000000
vn 1.000000 0.000000 0.000000
vn 1.000000 0.000000 0.000000
vn 1.000000 0.000000 0.000000
vn 1.000000 0.000000 0.000000
vn 1.000000 0.000000 0.000000
vn 1.000000 0.000000 0.000000
vn 1.000000 0.000000 0.000000
vn 1.000000 0.000000 0.000000
vn 1.000000 0.000000 0.000000
vn 1.000000 0.000000 0.000000
vn 1.000000 0.000000 0.000000
vn 1.000000 0.000000 0.000000
vn 1.000000 0.000000 0.000000
vn 1.000000 0.000000 0.000000
vn 1.000000 0.000000 0.000000
vn 1.000000 0.000000 0.000000
vn 1.000000 0.000000 0.000000
vn 1.000000 0.000000 0.000000
vn 1.000000 0.000000 0.000000
vn 1.000000 0.000000 0.000000
vn 1.000000 0.000000 0.000000
vn 1.000000 0.000000 0.000000
vn 1.000000 0.000000 0.000000
vn 1.000000 0.000000 0.000000
vn 1.000000 0.000000 0.000000
vn 1.000000 0.000000 0.000000
vn 1.000000 0.000000 0.000000
vn 1.000000 0.000000 0.000000
vn 0.000000 -1.000000 0.000000
vn 0.000000 -1.000000 0.000000
vn 0.000000 -1.000000 0.000000
vn 0.000000 -1.000000 0.000000
vn 0.000000 -1.000000 0.000000
vn 0.000000 -1.000000 0.000000
vn 0.000000 -1.000000 0.000000
vn 0.000000 -1.000000 0.000000
vn 0.000000 0.000000 -1.000000
vn 0.000000 0.000000 -1.000000
vn 0.000000 0.000000 -1.000000
vn 0.000000 0.000000 -1.000000
vn 0.000000 0.000000 1.000000
vn 0.000000 0.000000 1.000000
vn 0.000000 0.000000 1.000000
vn 0.000000 0.000000 1.000000
vn 0.000000 -0.923879 -0.382685
vn 0.000000 -0.923879 -0.382685
vn 0.000000 -0.923879 -0.382685
vn 0.000000 -0.923879 -0.382685
vn 0.000000 -0.793355 -0.608759
vn 0.000000 -0.793355 -0.608759
vn 0.000000 -0.793355 -0.608759
vn 0.000000 -0.793355 -0.608759
vn 0.000000 -0.608759 -0.793355
vn 0.000000 -0.608759 -0.793355
vn 0.000000 -0.608759 -0.793355
vn 0.000000 -0.608759 -0.793355
vn 0.000000 -0.382688 -0.923878
vn 0.000000 -0.382688 -0.923878
vn 0.000000 -0.382688 -0.923878
vn 0.000000 -0.382688 -0.923878
vn 0.000000 -0.130521 -0.991445
vn 0.000000 -0.130521 -0.991445
vn 0.000000 -0.130521 -0.991445
vn 0.000000 -0.130521 -0.991445
vn 0.000000 0.130521 -0.991445
vn 0.000000 0.130521 -0.991445
vn 0.000000 0.130521 -0.991445
vn 0.000000 0.130521 -0.991445
vn 0.000000 0.382688 -0.923878
vn 0.000000 0.382688 -0.923878
vn 0.000000 0.382688 -0.923878
vn 0.000000 0.382688 -0.923878
vn 0.000000 0.608759 -0.793355
vn 0.000000 0.608759 -0.793355
vn 0.000000 0.608759 -0.793355
vn 0.000000 0.608759 -0.793355
vn 0.000000 0.793355 -0.608759
vn 0.000000 0.793355 -0.608759
vn 0.000000 0.793355 -0.608759
vn 0.000000 0.793355 -0.608759
vn 0.000000 0.923879 -0.382685
vn 0.000000 0.923879 -0.382685
vn 0.000000 0.923879 -0.382685
vn 0.000000 0.923879 -0.382685
vn 0.000000 0.991445 -0.130526
vn 0.000000 0.991445 -0.130526
vn 0.000000 0.991445 -0.130526
vn 0.000000 0.991445 -0.130526
vn 0.000000 0.991445 0.130527
vn 0.000000 0.991445 0.130527
vn 0.000000 0.991445 0.130527
vn 0.000000 0.991445 0.130527
vn 0.000000 0.923880 0.382681
vn 0.000000 0.923880 0.382681
vn 0.000000 0.923880 0.382681
vn 0.000000 0.923880 0.382681
vn 0.000000 0.793351 0.608764
vn 0.000000 0.793351 0.608764
vn 0.000000 0.793351 0.608764
vn 0.000000 0.793351 0.608764
vn 0.000000 0.608765 0.793350
vn 0.000000 0.608765 0.793350
vn 0.000000 0.608765 0.793350
vn 0.000000 0.608765 0.793350
vn 0.000000 0.382680 0.923881
vn 0.000000 0.382680 0.923881
vn 0.000000 0.382680 0.923881
vn 0.000000 0.382680 0.923881
vn 0.000000 0.130531 0.991444
vn 0.000000 0.130531 0.991444
vn 0.000000 0.130531 0.991444
vn 0.000000 0.130531 0.991444
vn 0.000000 -0.130531 0.991444
vn 0.000000 -0.130531 0.991444
vn 0.000000 -0.130531 0.991444
vn 0.000000 -0.130531 0.991444
vn 0.000000 -0.382680 0.923881
vn 0.000000 -0.382680 0.923881
vn 0.000000 -0.382680 0.923881
vn 0.000000 -0.382680 0.923881
vn 0.000000 -0.608765 0.793350
vn 0.000000 -0.608765 0.793350
vn 0.000000 -0.608765 0.793350
vn 0.000000 -0.608765 0.793350
vn 0.000000 -0.793351 0.608764
vn 0.000000 -0.793351 0.608764
vn 0.000000 -0.793351 0.608764
vn 0.000000 -0.793351 0.608764
vn 0.000000 -0.923880 0.382681
vn 0.000000 -0.923880 0.382681
vn 0.000000 -0.923880 0.382681
vn 0.000000 -0.923880 0.382681
vn 0.000000 -0.991445 0.130527
vn 0.000000 -0.991445 0.130527
vn 0.000000 -0.991445 0.130527
vn 0.000000 -0.991445 0.130527
vn 0.000000 -0.991445 -0.130526
vn 0.000000 -0.991445 -0.130526
vn 0.000000 -0.991445 -0.130526
vn 0.000000 -0.991445 -0.130526
vn 0.000000 -0.923880 -0.382683
vn 0.000000 -0.923880 -0.382683
vn 0.000000 -0.923880 -0.382683
vn 0.000000 -0.923880 -0.382683
vn 0.000000 -0.793353 -0.608762
vn 0.000000 -0.793353 -0.608762
vn 0.000000 -0.793353 -0.608762
vn 0.000000 -0.793353 -0.608762
vn 0.000000 -0.608762 -0.793353
vn 0.000000 -0.608762 -0.793353
vn 0.000000 -0.608762 -0.793353
vn 0.000000 -0.608762 -0.793353
vn 0.000000 -0.382684 -0.923879
vn 0.000000 -0.382684 -0.923879
vn 0.000000 -0.382684 -0.923879
vn 0.000000 -0.382684 -0.923879
vn 0.000000 -0.130526 -0.991445
vn 0.000000 -0.130526 -0.991445
vn 0.000000 -0.130526 -0.991445
vn 0.000000 -0.130526 -0.991445
vn 0.000000 0.130526 -0.991445
vn 0.000000 0.130526 -0.991445
vn 0.000000 0.130526 -0.991445
vn 0.000000 0.130526 -0.991445
vn 0.000000 0.382684 -0.923879
vn 0.000000 0.382684 -0.923879
vn 0.000000 0.382684 -0.923879
vn 0.000000 0.382684 -0.923879
vn 0.000000 0.608762 -0.793353
vn 0.000000 0.608762 -0.793353
vn 0.000000 0.608762 -0.793353
vn 0.000000 0.608762 -0.793353
vn 0.000000 0.793353 -0.608762
vn 0.000000 0.793353 -0.608762
vn 0.000000 0.793353 -0.608762
vn 0.000000 0.793353 -0.608762
vn 0.000000 0.923880 -0.382683
vn 0.000000 0.923880 -0.382683
vn 0.000000 0.923880 -0.382683
vn 0.000000 0.923880 -0.382683
vn 0.000000 0.991445 -0.130526
vn 0.000000 0.991445 -0.130526
vn 0.000000 0.991445 -0.130526
vn 0.000000 0.991445 -0.130526
vn 0.000000 0.991445 0.130526
vn 0.000000 0.991445 0.130526
vn 0.000000 0.991445 0.130526
vn 0.000000 0.991445 0.130526
vn 0.000000 0.923879 0.382685
vn 0.000000 0.923879 0.382685
vn 0.000000 0.923879 0.382685
vn 0.000000 0.923879 0.382685
vn 0.000000 0.793353 0.608762
vn 0.000000 0.793353 0.608762
vn 0.000000 0.793353 0.608762
vn 0.000000 0.793353 0.608762
vn 0.000000 0.608762 0.793353
vn 0.000000 0.608762 0.793353
vn 0.000000 0.608762 0.793353
vn 0.000000 0.608762 0.793353
vn 0.000000 0.382684 0.923879
vn 0.000000 0.382684 0.923879
vn 0.000000 0.382684 0.923879
vn 0.000000 0.382684 0.923879
vn 0.000000 0.130526 0.991445
vn 0.000000 0.130526 0.991445
vn 0.000000 0.130526 0.991445
vn 0.000000 0.130526 0.991445
vn 0.000000 -0.130526 0.991445
vn 0.000000 -0.130526 0.991445
vn 0.000000 -0.130526 0.991445
vn 0.000000 -0.130526 0.991445
vn 0.000000 -0.382684 0.923879
vn 0.000000 -0.382684 0.923879
vn 0.000000 -0.382684 0.923879
vn 0.000000 -0.382684 0.923879
vn 0.000000 -0.608762 0.793353
vn 0.000000 -0.608762 0.793353
vn 0.000000 -0.608762 0.793353
vn 0.000000 -0.608762 0.793353
vn 0.000000 -0.793353 0.608762
vn 0.000000 -0.793353 0.608762
vn 0.000000 -0.793353 0.608762
vn 0.000000 -0.793353 0.608762
vn 0.000000 -0.923879 0.382685
vn 0.000000 -0.923879 0.382685
vn 0.000000 -0.923879 0.382685
vn 0.000000 -0.923879 0.382685
vn 0.000000 -0.991445 0.130526
vn 0.000000 -0.991445 0.130526
vn 0.000000 -0.991445 0.130526
vn 0.000000 -0.991445 0.130526
vn 0.000000 -0.991445 -0.130526
vn 0.000000 -0.991445 -0.130526
vn 0.000000 -0.991445 -0.130526
vn 0.000000 -0.991445 -0.130526
vn 1.000000 0.000000 0.000000
vn 1.000000 0.000000 0.000000
vn 1.000000 0.000000 0.000000
vn 1.000000 0.000000 0.000000
vn 0.000000 0.000000 -1.000000
vn 0.000000 0.000000 -1.000000
vn 0.000000 0.000000 -1.000000
vn 0.000000 0.000000 -1.000000
vn 0.000000 0.000000 1.000000
vn 0.000000 0.000000 1.000000
vn 0.000000 0.000000 1.000000
vn 0.000000 0.000000 1.000000
vn 1.000000 0.000000 0.000000
vn 1.000000 0.000000 0.000000
vn 1.000000 0.000000 0.000000
vn 1.000000 0.000000 0.000000
vn -0.382680 0.000000 0.923881
vn -0.382680 0.000000 0.923881
vn -0.382680 0.000000 0.923881
vn -0.382680 0.000000 0.923881
vn -0.608767 0.000000 0.793349
vn -0.608767 0.000000 0.793349
vn -0.608767 0.000000 0.793349
vn -0.608767 0.000000 0.793349
vn -0.793342 0.000000 0.608776
vn -0.793342 0.000000 0.608776
vn -0.793342 0.000000 0.608776
vn -0.793342 0.000000 0.608776
vn -0.923888 0.000000 0.382664
vn -0.923888 0.000000 0.382664
vn -0.923888 0.000000 0.382664
vn -0.923888 0.000000 0.382664
vn -0.991443 0.000000 0.130540
vn -0.991443 0.000000 0.130540
vn -0.991443 0.000000 0.130540
vn -0.991443 0.000000 0.130540
vn -0.991443 0.000000 -0.130540
vn -0.991443 0.000000 -0.130540
vn -0.991443 0.000000 -0.130540
vn -0.991443 0.000000 -0.130540
vn -0.923888 0.000000 -0.382664
vn -0.923888 0.000000 -0.382664
vn -0.923888 0.000000 -0.382664
vn -0.923888 0.000000 -0.382664
vn -0.793342 0.000000 -0.608776
vn -0.793342 0.000000 -0.608776
vn -0.793342 0.000000 -0.608776
vn -0.793342 0.000000 -0.608776
vn -0.608767 0.000000 -0.793349
vn -0.608767 0.000000 -0.793349
vn -0.608767 0.000000 -0.793349
vn -0.608767 0.000000 -0.793349
vn -0.382680 0.000000 -0.923881
vn -0.382680 0.000000 -0.923881
vn -0.382680 0.000000 -0.923881
vn -0.382680 0.000000 -0.923881
vn -0.130531 0.000000 -0.991444
vn -0.130531 0.000000 -0.991444
vn -0.130531 0.000000 -0.991444
vn -0.130531 0.000000 -0.991444
vn 0.130531 0.000000 -0.991444
vn 0.130531 0.000000 -0.991444
vn 0.130531 0.000000 -0.991444
vn 0.130531 0.000000 -0.991444
vn 0.382680 0.000000 -0.923881
vn 0.382680 0.000000 -0.923881
vn 0.382680 0.000000 -0.923881
vn 0.382680 0.000000 -0.923881
vn 0.608767 0.000000 -0.793349
vn 0.608767 0.000000 -0.793349
vn 0.608767 0.000000 -0.793349
vn 0.608767 0.000000 -0.793349
vn 0.793342 0.000000 -0.608776
vn 0.793342 0.000000 -0.608776
vn 0.793342 0.000000 -0.608776
vn 0.793342 0.000000 -0.608776
vn 0.923888 0.000000 -0.382664
vn 0.923888 0.000000 -0.382664
vn 0.923888 0.000000 -0.382664
vn 0.923888 0.000000 -0.382664
vn 0.991443 0.000000 -0.130540
vn 0.991443 0.000000 -0.130540
vn 0.991443 0.000000 -0.130540
vn 0.991443 0.000000 -0.130540
vn 0.991443 0.000000 0.130540
vn 0.991443 0.000000 0.130540
vn 0.991443 0.000000 0.130540
vn 0.991443 0.000000 0.130540
vn 0.923888 0.000000 0.382664
vn 0.923888 0.000000 0.382664
vn 0.923888 0.000000 0.382664
vn 0.923888 0.000000 0.382664
vn 0.793342 0.000000 0.608776
vn 0.793342 0.000000 0.608776
vn 0.793342 0.000000 0.608776
vn 0.793342 0.000000 0.608776
vn 0.608767 0.000000 0.793349
vn 0.608767 0.000000 0.793349
vn 0.608767 0.000000 0.793349
vn 0.608767 0.000000 0.793349
vn 0.382680 0.000000 0.923881
vn 0.382680 0.000000 0.923881
vn 0.382680 0.000000 0.923881
vn 0.382680 0.000000 0.923881
vn 0.130531 0.000000 0.991444
vn 0.130531 0.000000 0.991444
vn 0.130531 0.000000 0.991444
vn 0.130531 0.000000 0.991444
vn -0.130531 0.000000 0.991444
vn -0.130531 0.000000 0.991444
vn -0.130531 0.000000 0.991444
vn -0.130531 0.000000 0.991444
vn -0.382685 0.000000 0.923879
vn -0.382685 0.000000 0.923879
vn -0.382685 0.000000 0.923879
vn -0.382685 0.000000 0.923879
vn -0.608770 0.000000 0.793346
vn -0.608770 0.000000 0.793346
vn -0.608770 0.000000 0.793346
vn -0.608770 0.000000 0.793346
vn -0.793340 0.000000 0.608779
vn -0.793340 0.000000 0.608779
vn -0.793340 0.000000 0.608779
vn -0.793340 0.000000 0.608779
vn -0.923888 0.000000 0.382664
vn -0.923888 0.000000 0.382664
vn -0.923888 0.000000 0.382664
vn -0.923888 0.000000 0.382664
vn -0.991443 0.000000 0.130540
vn -0.991443 0.000000 0.130540
vn -0.991443 0.000000 0.130540
vn -0.991443 0.000000 0.130540
vn -0.991443 0.000000 -0.130540
vn -0.991443 0.000000 -0.130540
vn -0.991443 0.000000 -0.130540
vn -0.991443 0.000000 -0.130540
vn -0.923888 0.000000 -0.382664
vn -0.923888 0.000000 -0.382664
vn -0.923888 0.000000 -0.382664
vn -0.923888 0.000000 -0.382664
vn -0.793340 0.000000 -0.608779
vn -0.793340 0.000000 -0.608779
vn -0.793340 0.000000 -0.608779
vn -0.793340 0.000000 -0.608779
vn -0.608770 0.000000 -0.793346
vn -0.608770 0.000000 -0.793346
vn -0.608770 0.000000 -0.793346
vn -0.608770 0.000000 -0.793346
vn -0.382685 0.000000 -0.923879
vn -0.382685 0.000000 -0.923879
vn -0.382685 0.000000 -0.923879
vn -0.382685 0.000000 -0.923879
vn -0.130526 0.000000 -0.991445
vn -0.130526 0.000000 -0.991445
vn -0.130526 0.000000 -0.991445
vn -0.130526 0.000000 -0.991445
vn 0.130526 0.000000 -0.991445
vn 0.130526 0.000000 -0.991445
vn 0.130526 0.000000 -0.991445
vn 0.130526 0.000000 -0.991445
vn 0.382685 0.000000 -0.923879
vn 0.382685 0.000000 -0.923879
vn 0.382685 0.000000 -0.923879
vn 0.382685 0.000000 -0.923879
vn 0.608770 0.000000 -0.793346
vn 0.608770 0.000000 -0.793346
vn 0.608770 0.000000 -0.793346
vn 0.608770 0.000000 -0.793346
vn 0.793340 0.000000 -0.608779
vn 0.793340 0.000000 -0.608779
vn 0.793340 0.000000 -0.608779
vn 0.793340 0.000000 -0.608779
vn 0.923888 0.000000 -0.382664
vn 0.923888 0.000000 -0.382664
vn 0.923888 0.000000 -0.382664
vn 0.923888 0.000000 -0.382664
vn 0.991443 0.000000 -0.130540
vn 0.991443 0.000000 -0.130540
vn 0.991443 0.000000 -0.130540
vn 0.991443 0.000000 -0.130540
vn 0.991443 0.000000 0.130540
vn 0.991443 0.000000 0.130540
vn 0.991443 0.000000 0.130540
vn 0.991443 0.000000 0.130540
vn 0.923888 0.000000 0.382664
vn 0.923888 0.000000 0.382664
vn 0.923888 0.000000 0.382664
vn 0.923888 0.000000 0.382664
vn 0.793340 0.000000 0.608779
vn 0.793340 0.000000 0.608779
vn 0.793340 0.000000 0.608779
vn 0.793340 0.000000 0.608779
vn 0.608770 0.000000 0.793346
vn 0.608770 0.000000 0.793346
vn 0.608770 0.000000 0.793346
vn 0.608770 0.000000 0.793346
vn 0.382685 0.000000 0.923879
vn 0.382685 0.000000 0.923879
vn 0.382685 0.000000 0.923879
vn 0.382685 0.000000 0.923879
vn 0.130526 0.000000 0.991445
vn 0.130526 0.000000 0.991445
vn 0.130526 0.000000 0.991445
vn 0.130526 0.000000 0.991445
vn -0.130526 0.000000 0.991445
vn -0.130526 0.000000 0.991445
vn -0.130526 0.000000 0.991445
vn -0.130526 0.000000 0.991445
vn 0.000000 0.000000 1.000000
vn 0.000000 0.000000 1.000000
vn 0.000000 0.000000 1.000000
vn 0.000000 0.000000 1.000000
vn 0.000000 -1.000000 0.000000
vn 0.000000 -1.000000 0.000000
vn 0.000000 -1.000000 0.000000
vn 0.000000 -1.000000 0.000000
vn 0.000000 -1.000000 0.000000
vn 0.000000 -1.000000 0.000000
vn 0.000000 -1.000000 0.000000
vn 0.000000 -1.000000 0.000000
vn 0.000000 0.000000 1.000000
vn 0.000000 0.000000 1.000000
vn 0.000000 0.000000 1.000000
vn 0.000000 0.000000 1.000000
vn 0.000000 0.000000 -1.000000
vn 0.000000 0.000000 -1.000000
vn 0.000000 0.000000 -1.000000
vn 0.000000 0.000000 -1.000000
vn 0.000000 -1.000000 0.000000
vn 0.000000 -1.000000 0.000000
vn 0.000000 -1.000000 0.000000
vn 0.000000 -1.000000 0.000000
vn 0.000000 -1.000000 0.000000
vn 0.000000 -1.000000 0.000000
vn 0.000000 -1.000000 0.000000
vn 0.000000 -1.000000 0.000000
vn 0.000000 -1.000000 0.000000
vn 0.000000 -1.000000 0.000000
vn 0.000000 -1.000000 0.000000
vn 0.000000 -1.000000 0.000000
vn 0.000000 -1.000000 0.000000
vn 0.000000 -1.000000 0.000000
vn 0.000000 -1.000000 0.000000
vn 0.000000 -1.000000 0.000000
vn 0.000000 -1.000000 0.000000
vn 0.000000 -1.000000 0.000000
vn 0.000000 -1.000000 0.000000
vn 0.000000 -1.000000 0.000000
vn 0.000000 -1.000000 0.000000
vn 0.000000 -1.000000 0.000000
vn 0.000000 -1.000000 0.000000
vn 0.000000 -1.000000 0.000000
vn 0.000000 -1.000000 0.000000
vn 0.000000 -1.000000 0.000000
vn 0.000000 -1.000000 0.000000
vn 0.000000 -1.000000 0.000000
vn 0.000000 -1.000000 0.000000
vn 0.000000 -1.000000 0.000000
vn 0.000000 -1.000000 0.000000
vn 0.000000 -1.000000 0.000000
vn 0.000000 -1.000000 0.000000
vn 0.000000 -1.000000 0.000000
vn 0.000000 -1.000000 0.000000
vn 0.000000 -1.000000 0.000000
vn 0.000000 -1.000000 0.000000
vn 0.000000 -1.000000 0.000000
vn 0.000000 -1.000000 0.000000
vn 0.000000 -1.000000 0.000000
vn 0.000000 -1.000000 0.000000
vn 0.000000 -1.000000 0.000000
vn 0.000000 -1.000000 0.000000
vn 0.000000 -1.000000 0.000000
vn 0.000000 -1.000000 0.000000
vn 0.000000 -1.000000 0.000000
vn 0.000000 -1.000000 0.000000
vn 0.000000 -1.000000 0.000000
vn 0.000000 -1.000000 0.000000
vn 0.000000 -1.000000 0.000000
vn 0.000000 -1.000000 0.000000
vn 0.000000 -1.000000 0.000000
vn 0.000000 -1.000000 0.000000
vn 0.000000 -1.000000 0.000000
vn 0.000000 -1.000000 0.000000
vn 0.000000 -1.000000 0.000000
vn 0.000000 -1.000000 0.000000
vn 0.000000 -1.000000 0.000000
vn 0.000000 -1.000000 0.000000
vn 0.000000 -1.000000 0.000000
vn 0.000000 -1.000000 0.000000
vn 0.000000 -1.000000 0.000000
vn 0.000000 -1.000000 0.000000
vn 0.000000 -1.000000 0.000000
vn 0.000000 -1.000000 0.000000
vn -1.000000 0.000000 0.000000
vn -1.000000 0.000000 0.000000
vn -1.000000 0.000000 0.000000
vn -1.000000 0.000000 0.000000
vn 1.000000 0.000000 0.000000
vn 1.000000 0.000000 0.000000
vn 1.000000 0.000000 0.000000
vn 1.000000 0.000000 0.000000
vn 1.000000 0.000000 0.000000
vn 1.000000 0.000000 0.000000
vn 1.000000 0.000000 0.000000
vn 1.000000 0.000000 0.000000
vn 0.000000 0.000000 -1.000000
vn 0.000000 0.000000 -1.000000
vn 0.000000 0.000000 -1.000000
vn 0.000000 0.000000 -1.000000
vn 0.000000 1.000000 0.000000
vn 0.000000 1.000000 0.000000
vn 0.000000 1.000000 0.000000
vn 0.000000 1.000000 0.000000
vn 1.000000 0.000000 0.000000
vn 1.000000 0.000000 0.000000
vn 1.000000 0.000000 0.000000
vn 1.000000 0.000000 0.000000
vn 0.000000 0.000000 -1.000000
vn 0.000000 0.000000 -1.000000
vn 0.000000 0.000000 -1.000000
vn 0.000000 0.000000 -1.000000
vn 0.000000 1.000000 0.000000
vn 0.000000 1.000000 0.000000
vn 0.000000 1.000000 0.000000
vn 0.000000 1.000000 0.000000
vn 0.000000 0.000000 1.000000
vn 0.000000 0.000000 1.000000
vn 0.000000 0.000000 1.000000
vn 0.000000 0.000000 1.000000
vn 0.000000 -1.000000 0.000000
vn 0.000000 -1.000000 0.000000
vn 0.000000 -1.000000 0.000000
vn 0.000000 -1.000000 0.000000
vn 0.000000 -1.000000 0.000000
vn 0.000000 -1.000000 0.000000
vn 0.000000 -1.000000 0.000000
vn 0.000000 -1.000000 0.000000
vn 0.000000 0.000000 -1.000000
vn 0.000000 0.000000 -1.000000
vn 0.000000 0.000000 -1.000000
vn 0.000000 0.000000 -1.000000
vn 1.000000 0.000000 0.000000
vn 1.000000 0.000000 0.000000
vn 1.000000 0.000000 0.000000
vn 1.000000 0.000000 0.000000
vn 0.000000 0.000000 1.000000
vn 0.000000 0.000000 1.000000
vn 0.000000 0.000000 1.000000
vn 0.000000 0.000000 1.000000
vn -1.000000 0.000000 0.000000
vn -1.000000 0.000000 0.000000
vn -1.000000 0.000000 0.000000
vn -1.000000 0.000000 0.000000
usemtl Opaque(160,160,160)
f 2/1/1 3/2/2 1/3/3
f 1/3/3 3/2/2 4/4/4
f 5/5/5 6/6/6 2/7/1
f 2/7/1 6/6/6 3/8/2
f 7/9/7 8/10/8 10/11/9
f 10/11/9 8/10/8 9/12/10
f 8/13/8 11/14/11 9/15/10
f 12/16/12 13/17/13 15/18/14
f 15/18/14 13/17/13 14/19/15
f 16/20/16 17/21/17 14/22/15
f 14/22/15 17/21/17 18/23/18
f 14/22/15 18/23/18 15/24/14
f 16/25/19 19/26/20 17/27/21
f 17/27/21 19/26/20 20/28/22
f 19/29/20 21/30/23 20/31/22
f 23/32/24 25/33/25 22/34/26
f 22/34/26 25/33/25 26/35/27
f 22/34/26 26/35/27 5/36/28
f 24/37/29 13/38/30 23/32/24
f 23/32/24 13/38/30 12/39/31
f 23/32/24 12/39/31 25/33/25
f 13/38/30 24/37/29 14/40/32
f 14/40/32 24/37/29 21/41/33
f 14/40/32 21/41/33 19/42/34
f 19/42/34 16/43/35 14/40/32
f 5/36/28 2/44/36 22/34/26
f 22/34/26 2/44/36 31/45/37
f 31/45/37 2/44/36 1/46/38
f 31/45/37 1/46/38 27/47/39
f 31/45/37 27/47/39 30/48/40
f 30/48/40 27/47/39 28/49/41
f 30/48/40 28/49/41 7/50/42
f 7/50/42 28/49/41 29/51/43
f 7/50/42 29/51/43 8/52/44
f 8/52/44 29/51/43 11/53/45
f 20/54/46 21/55/47 32/56/48
f 32/56/48 21/55/47 24/57/49
f 32/56/48 24/57/49 23/58/50
f 22/59/51 33/60/52 23/61/50
f 23/61/50 33/60/52 34/62/53
f 23/61/50 34/62/53 32/63/48
f 32/63/48 34/62/53 35/64/54
f 32/63/48 35/64/54 20/65/46
f 36/66/55 37/67/56 38/68/57
f 39/69/58 40/70/59 42/71/60
f 42/71/60 40/70/59 41/72/61
f 37/73/56 43/74/62 38/75/57
f 45/76/63 47/77/64 44/78/65
f 44/78/65 47/77/64 48/79/66
f 44/78/65 48/79/66 51/80/67
f 51/80/67 48/79/66 49/81/68
f 51/80/67 49/81/68 50/82/69
f 45/76/63 46/83/70 47/77/64
f 47/77/64 46/83/70 33/84/71
f 43/85/62 52/86/72 38/87/57
f 52/88/73 53/89/74 38/90/75
f 38/90/75 53/89/74 49/91/76
f 54/92/77 55/93/78 57/94/79
f 57/94/79 55/93/78 56/95/80
f 57/94/79 56/95/80 6/96/81
f 53/97/74 50/98/82 49/99/76
f 39/100/83 54/101/84 40/102/85
f 40/102/85 54/101/84 44/103/86
f 40/102/85 44/103/86 59/104/87
f 39/100/83 58/105/88 54/101/84
f 54/101/84 58/105/88 55/106/89
f 54/101/84 45/107/90 44/103/86
f 60/108/91 51/109/92 36/110/93
f 36/110/93 51/109/92 53/111/94
f 36/110/93 53/111/94 37/112/95
f 37/112/95 53/111/94 43/113/96
f 43/113/96 53/111/94 52/114/97
f 51/109/92 50/115/98 53/111/94
f 60/116/99 59/117/100 51/118/101
f 51/118/101 59/117/100 44/119/102
f 61/120/103 62/121/104 66/122/105
f 66/122/105 62/121/104 65/123/106
f 65/123/106 62/121/104 63/124/107
f 65/123/106 63/124/107 64/125/108
f 64/125/108 63/124/107 6/126/81
f 6/127/81 63/128/107 33/129/109
f 33/129/109 63/128/107 68/130/110
f 68/130/110 63/128/107 62/131/104
f 68/130/110 62/131/104 67/132/111
f 67/132/111 62/131/104 61/133/103
f 45/134/112 54/135/77 46/136/113
f 46/136/113 54/135/77 57/137/79
f 46/136/113 57/137/79 33/138/109
f 33/138/109 57/137/79 6/139/81
f 31/140/114 30/141/115 69/142/116
f 69/142/116 30/141/115 7/143/117
f 69/142/116 7/143/117 10/144/118
f 22/145/119 31/146/114 33/147/71
f 33/147/71 31/146/114 70/148/120
f 70/148/120 31/146/114 69/149/116
f 70/148/120 69/149/116 10/150/118
f 10/151/118 71/152/121 72/153/122
f 10/154/118 73/155/123 71/156/121
f 74/157/124 73/158/123 10/159/118
f 10/160/118 75/161/125 74/162/124
f 10/163/118 76/164/126 75/165/125
f 77/166/127 76/167/126 10/168/118
f 78/169/128 79/170/129 80/171/130
f 81/172/131 79/173/129 78/174/128
f 82/175/132 79/176/129 81/177/131
f 83/178/133 79/179/129 82/180/132
f 84/181/134 79/182/129 83/183/133
f 84/184/134 10/185/118 79/186/129
f 77/187/127 10/188/118 84/189/134
f 85/190/135 86/191/136 87/192/137
f 88/193/138 86/194/136 85/195/135
f 85/196/135 89/197/139 88/198/138
f 85/199/135 90/200/140 89/201/139
f 91/202/141 90/203/140 85/204/135
f 85/205/135 92/206/142 91/207/141
f 85/208/135 93/209/143 92/210/142
f 48/211/66 93/212/143 85/213/135
f 94/214/144 93/215/143 48/216/66
f 48/217/66 95/218/145 94/219/144
f 48/220/66 96/221/146 95/222/145
f 97/223/147 96/224/146 48/225/66
f 48/226/66 98/227/148 97/228/147
f 48/229/66 99/230/149 98/231/148
f 100/232/150 99/233/149 48/234/66
f 10/235/118 48/236/66 70/237/120
f 70/237/120 48/236/66 47/238/64
f 70/237/120 47/238/64 33/239/71
f 10/240/118 100/241/150 48/242/66
f 72/243/122 100/244/150 10/245/118
f 72/246/122 101/247/151 100/248/150
f 102/249/152 101/250/151 72/251/122
f 102/252/152 103/253/153 101/254/151
f 104/255/154 103/256/153 102/257/152
f 104/258/154 105/259/155 103/260/153
f 106/261/156 105/262/155 104/263/154
f 106/264/156 107/265/157 105/266/155
f 108/267/158 107/268/157 106/269/156
f 79/270/129 109/271/159 80/272/130
f 79/273/129 110/274/160 109/275/159
f 85/276/135 110/277/160 79/278/129
f 87/279/137 110/280/160 85/281/135
f 87/282/137 111/283/161 110/284/160
f 112/285/162 111/286/161 87/287/137
f 112/288/162 113/289/163 111/290/161
f 114/291/164 113/292/163 112/293/162
f 114/294/164 115/295/165 113/296/163
f 116/297/166 115/298/165 114/299/164
f 116/300/166 117/301/167 115/302/165
f 118/303/168 117/304/167 116/305/166
f 118/306/168 119/307/169 117/308/167
f 120/309/170 119/310/169 118/311/168
f 120/312/170 108/313/158 119/314/169
f 107/315/157 108/316/158 120/317/170
f 33/318/52 68/319/171 123/320/172
f 123/320/172 68/319/171 67/321/173
f 123/320/172 67/321/173 122/322/174
f 122/322/174 67/321/173 61/323/175
f 122/322/174 61/323/175 121/324/176
f 124/325/177 125/326/178 126/327/179
f 124/328/177 127/329/180 125/330/178
f 128/331/181 127/332/180 124/333/177
f 124/334/177 129/335/182 128/336/181
f 124/337/177 130/338/183 129/339/182
f 20/340/46 130/341/183 124/342/177
f 20/343/46 131/344/184 130/345/183
f 132/346/185 131/347/184 20/348/46
f 20/349/46 133/350/186 132/351/185
f 20/352/46 134/353/187 133/354/186
f 135/355/188 134/356/187 20/357/46
f 124/358/177 136/359/189 137/360/190
f 126/361/179 136/362/189 124/363/177
f 124/364/177 138/365/191 139/366/192
f 137/367/190 138/368/191 124/369/177
f 137/370/190 140/371/193 138/372/191
f 141/373/194 140/374/193 137/375/190
f 141/376/194 142/377/195 140/378/193
f 143/379/196 142/380/195 141/381/194
f 143/382/196 144/383/197 142/384/195
f 145/385/198 144/386/197 143/387/196
f 145/388/198 146/389/199 144/390/197
f 147/391/200 146/392/199 145/393/198
f 147/394/200 148/395/201 146/396/199
f 149/397/202 148/398/201 147/399/200
f 149/400/202 150/401/203 148/402/201
f 151/403/204 150/404/203 149/405/202
f 151/406/204 152/407/205 150/408/203
f 153/409/206 152/410/205 151/411/204
f 153/412/206 154/413/207 152/414/205
f 155/415/208 154/416/207 153/417/206
f 155/418/208 156/419/209 154/420/207
f 157/421/210 156/422/209 155/423/208
f 157/424/210 158/425/211 156/426/209
f 159/427/212 158/428/211 157/429/210
f 20/430/46 160/431/213 135/432/188
f 20/433/46 159/434/212 160/435/213
f 33/436/52 161/437/214 34/438/53
f 34/438/53 161/437/214 162/439/215
f 34/438/53 162/439/215 35/440/54
f 35/440/54 162/439/215 159/441/212
f 35/440/54 159/441/212 20/442/46
f 33/443/52 163/444/216 161/445/214
f 161/445/214 163/444/216 164/446/217
f 161/445/214 164/446/217 162/447/215
f 162/447/215 164/446/217 158/448/211
f 162/447/215 158/448/211 159/449/212
f 158/450/211 164/451/217 121/452/176
f 121/452/176 164/451/217 122/453/174
f 122/453/174 164/451/217 163/454/216
f 122/453/174 163/454/216 123/455/172
f 123/455/172 163/454/216 33/456/52
f 121/457/176 165/458/218 158/459/211
f 166/460/219 165/461/218 121/462/176
f 121/463/176 167/464/220 166/465/219
f 121/466/176 168/467/221 167/468/220
f 169/469/222 168/470/221 121/471/176
f 121/472/176 170/473/223 169/474/222
f 121/475/176 171/476/224 170/477/223
f 139/478/192 171/479/224 121/480/176
f 172/481/225 171/482/224 139/483/192
f 139/484/192 173/485/226 172/486/225
f 139/487/192 174/488/227 173/489/226
f 175/490/228 174/491/227 139/492/192
f 139/493/192 176/494/229 175/495/228
f 139/496/192 177/497/230 176/498/229
f 138/499/191 177/500/230 139/501/192
f 17/502/17 178/503/231 179/504/232
f 17/505/17 180/506/233 178/507/231
f 181/508/234 180/509/233 17/510/17
f 17/511/17 182/512/235 181/513/234
f 17/514/17 183/515/236 182/516/235
f 184/517/237 183/518/236 17/519/17
f 184/520/237 185/521/238 183/522/236
f 186/523/239 185/524/238 184/525/237
f 184/526/237 187/527/240 186/528/239
f 184/529/237 188/530/241 187/531/240
f 189/532/242 188/533/241 184/534/237
f 184/535/237 190/536/243 189/537/242
f 184/538/237 191/539/244 190/540/243
f 192/541/245 191/542/244 184/543/237
f 17/544/17 193/545/246 194/546/247
f 179/547/232 193/548/246 17/549/17
f 196/550/248 197/551/249 195/552/250
f 195/552/250 197/551/249 199/553/251
f 199/553/251 197/551/249 198/554/252
f 195/555/250 200/556/253 196/557/248
f 201/558/254 200/559/253 195/560/250
f 201/561/254 202/562/255 200/563/253
f 203/564/256 202/565/255 201/566/254
f 203/567/256 204/568/257 202/569/255
f 205/570/258 204/571/257 203/572/256
f 205/573/258 206/574/259 204/575/257
f 207/576/260 206/577/259 205/578/258
f 207/579/260 208/580/261 206/581/259
f 209/582/262 208/583/261 207/584/260
f 209/585/262 210/586/263 208/587/261
f 211/588/264 210/589/263 209/590/262
f 211/591/264 212/592/265 210/593/263
f 213/594/266 212/595/265 211/596/264
f 213/597/266 214/598/267 212/599/265
f 215/600/268 214/601/267 213/602/266
f 191/603/244 214/604/267 215/605/268
f 191/606/244 216/607/269 214/608/267
f 192/609/245 216/610/269 191/611/244
f 192/612/245 217/613/270 216/614/269
f 218/615/271 217/616/270 192/617/245
f 192/618/245 219/619/272 218/620/271
f 192/621/245 220/622/273 219/623/272
f 221/624/274 220/625/273 192/626/245
f 192/627/245 222/628/275 221/629/274
f 192/630/245 223/631/276 222/632/275
f 224/633/277 223/634/276 192/635/245
f 224/636/277 225/637/278 223/638/276
f 224/639/277 226/640/279 225/641/278
f 227/642/280 226/643/279 224/644/277
f 224/645/277 228/646/281 227/647/280
f 224/648/277 229/649/282 228/650/281
f 230/651/283 229/652/282 224/653/277
f 224/654/277 231/655/284 230/656/283
f 231/657/284 224/658/277 234/659/285
f 234/659/285 224/658/277 232/660/286
f 234/659/285 232/660/286 233/661/287
f 66/662/288 235/663/289 224/664/277
f 224/664/277 235/663/289 232/665/286
f 232/665/286 235/663/289 233/666/287
f 66/667/288 236/668/290 235/669/289
f 235/669/289 236/668/290 237/670/291
f 235/669/289 237/670/291 233/671/287
f 6/672/292 237/673/291 64/674/293
f 64/674/293 237/673/291 65/675/294
f 65/675/294 237/673/291 236/676/290
f 65/675/294 236/676/290 66/677/288
f 238/678/295 237/679/291 6/680/292
f 233/681/287 239/682/296 234/683/285
f 234/683/285 239/682/296 231/684/284
f 231/684/284 239/682/296 196/685/248
f 198/686/252 197/687/249 233/688/287
f 233/688/287 197/687/249 239/689/296
f 239/689/296 197/687/249 196/690/248
f 240/691/297 198/692/252 233/693/287
f 241/694/298 198/695/252 240/696/297
f 6/697/292 240/698/297 238/699/295
f 6/700/292 241/701/298 240/702/297
f 5/703/299 26/704/300 6/705/292
f 6/705/292 26/704/300 241/706/298
f 26/707/300 25/708/301 241/709/298
f 241/709/298 25/708/301 242/710/302
f 25/711/301 12/712/12 242/713/302
f 242/713/302 12/712/12 15/714/14
f 198/715/252 243/716/303 199/717/251
f 199/717/251 243/716/303 194/718/247
f 199/717/251 194/718/247 195/719/250
f 198/720/252 244/721/304 243/722/303
f 243/722/303 244/721/304 17/723/17
f 243/722/303 17/723/17 194/724/247
f 15/725/14 18/726/18 198/727/252
f 198/727/252 18/726/18 244/728/304
f 244/728/304 18/726/18 17/729/17
f 224/730/305 61/731/306 66/732/307
f 121/733/308 61/734/306 224/735/305
f 139/736/309 184/737/310 124/738/311
f 192/739/312 184/740/310 139/741/309
f 139/742/313 224/743/314 192/744/315
f 121/745/316 224/746/314 139/747/313
f 184/748/317 20/749/318 124/750/319
f 17/751/320 20/752/318 184/753/317
f 179/754/321 134/755/322 135/756/323
f 178/757/324 134/758/322 179/759/321
f 178/760/325 133/761/326 134/762/327
f 180/763/328 133/764/326 178/765/325
f 180/766/329 132/767/330 133/768/331
f 181/769/332 132/770/330 180/771/329
f 181/772/333 131/773/334 132/774/335
f 182/775/336 131/776/334 181/777/333
f 182/778/337 130/779/338 131/780/339
f 183/781/340 130/782/338 182/783/337
f 183/784/341 129/785/342 130/786/343
f 185/787/344 129/788/342 183/789/341
f 185/790/345 128/791/346 129/792/347
f 186/793/348 128/794/346 185/795/345
f 186/796/349 127/797/350 128/798/351
f 187/799/352 127/800/350 186/801/349
f 187/802/353 125/803/354 127/804/355
f 188/805/356 125/806/354 187/807/353
f 188/808/357 126/809/358 125/810/359
f 189/811/360 126/812/358 188/813/357
f 189/814/361 136/815/362 126/816/363
f 190/817/364 136/818/362 189/819/361
f 190/820/365 137/821/366 136/822/367
f 191/823/368 137/824/366 190/825/365
f 191/826/369 141/827/370 137/828/371
f 215/829/372 141/830/370 191/831/369
f 215/832/373 143/833/374 141/834/375
f 213/835/376 143/836/374 215/837/373
f 213/838/377 145/839/378 143/840/379
f 211/841/380 145/842/378 213/843/377
f 211/844/381 147/845/382 145/846/383
f 209/847/384 147/848/382 211/849/381
f 209/850/385 149/851/386 147/852/387
f 207/853/388 149/854/386 209/855/385
f 207/856/389 151/857/390 149/858/391
f 205/859/392 151/860/390 207/861/389
f 205/862/393 153/863/394 151/864/395
f 203/865/396 153/866/394 205/867/393
f 203/868/397 155/869/398 153/870/399
f 201/871/400 155/872/398 203/873/397
f 201/874/401 157/875/402 155/876/403
f 195/877/404 157/878/402 201/879/401
f 195/880/405 159/881/406 157/882/407
f 194/883/408 159/884/406 195/885/405
f 194/886/409 160/887/410 159/888/411
f 193/889/412 160/890/410 194/891/409
f 193/892/413 135/893/414 160/894/415
f 179/895/416 135/896/414 193/897/413
f 231/898/417 156/899/418 158/900/419
f 196/901/420 156/902/418 231/903/417
f 196/904/421 154/905/422 156/906/423
f 200/907/424 154/908/422 196/909/421
f 200/910/425 152/911/426 154/912/427
f 202/913/428 152/914/426 200/915/425
f 202/916/429 150/917/430 152/918/431
f 204/919/432 150/920/430 202/921/429
f 204/922/433 148/923/434 150/924/435
f 206/925/436 148/926/434 204/927/433
f 206/928/437 146/929/438 148/930/439
f 208/931/440 146/932/438 206/933/437
f 208/934/441 144/935/442 146/936/443
f 210/937/444 144/938/442 208/939/441
f 210/940/445 142/941/446 144/942/447
f 212/943/448 142/944/446 210/945/445
f 212/946/449 140/947/450 142/948/451
f 214/949/452 140/950/450 212/951/449
f 214/952/453 138/953/454 140/954/455
f 216/955/456 138/956/454 214/957/453
f 216/958/457 177/959/458 138/960/459
f 217/961/460 177/962/458 216/963/457
f 217/964/461 176/965/462 177/966/463
f 218/967/464 176/968/462 217/969/461
f 218/970/465 175/971/466 176/972/467
f 219/973/468 175/974/466 218/975/465
f 219/976/469 174/977/470 175/978/471
f 220/979/472 174/980/470 219/981/469
f 220/982/473 173/983/474 174/984/475
f 221/985/476 173/986/474 220/987/473
f 221/988/477 172/989/478 173/990/479
f 222/991/480 172/992/478 221/993/477
f 222/994/481 171/995/482 172/996/483
f 223/997/484 171/998/482 222/999/481
f 223/1000/485 170/1001/486 171/1002/487
f 225/1003/488 170/1004/486 223/1005/485
f 225/1006/489 169/1007/490 170/1008/491
f 226/1009/492 169/1010/490 225/1011/489
f 226/1012/493 168/1013/494 169/1014/495
f 227/1015/496 168/1016/494 226/1017/493
f 227/1018/497 167/1019/498 168/1020/499
f 228/1021/500 167/1022/498 227/1023/497
f 228/1024/501 166/1025/502 167/1026/503
f 229/1027/504 166/1028/502 228/1029/501
f 229/1030/505 165/1031/506 166/1032/507
f 230/1033/508 165/1034/506 229/1035/505
f 230/1036/509 158/1037/510 165/1038/511
f 231/1039/512 158/1040/510 230/1041/509
f 48/1042/513 38/1043/514 49/1044/515
f 245/1045/516 38/1046/514 48/1047/513
f 246/1048/517 48/1049/518 85/1050/519
f 245/1051/520 48/1052/518 246/1053/517
f 79/1054/521 9/1055/522 247/1056/523
f 10/1057/524 9/1058/522 79/1059/521
f 246/1060/525 79/1061/526 247/1062/527
f 85/1063/528 79/1064/526 246/1065/525
f 248/1066/529 115/1067/530 117/1068/531
f 249/1069/532 115/1070/530 248/1071/529
f 249/1072/533 113/1073/534 115/1074/535
f 250/1075/536 113/1076/534 249/1077/533
f 250/1078/537 111/1079/538 113/1080/539
f 251/1081/540 111/1082/538 250/1083/537
f 251/1084/541 110/1085/542 111/1086/543
f 252/1087/544 110/1088/542 251/1089/541
f 252/1090/545 109/1091/546 110/1092/547
f 253/1093/548 109/1094/546 252/1095/545
f 253/1096/549 80/1097/550 109/1098/551
f 254/1099/552 80/1100/550 253/1101/549
f 254/1102/553 78/1103/554 80/1104/555
f 255/1105/556 78/1106/554 254/1107/553
f 255/1108/557 81/1109/558 78/1110/559
f 256/1111/560 81/1112/558 255/1113/557
f 256/1114/561 82/1115/562 81/1116/563
f 257/1117/564 82/1118/562 256/1119/561
f 257/1120/565 83/1121/566 82/1122/567
f 258/1123/568 83/1124/566 257/1125/565
f 258/1126/569 84/1127/570 83/1128/571
f 259/1129/572 84/1130/570 258/1131/569
f 259/1132/573 77/1133/574 84/1134/575
f 260/1135/576 77/1136/574 259/1137/573
f 260/1138/577 76/1139/578 77/1140/579
f 261/1141/580 76/1142/578 260/1143/577
f 261/1144/581 75/1145/582 76/1146/583
f 262/1147/584 75/1148/582 261/1149/581
f 262/1150/585 74/1151/586 75/1152/587
f 263/1153/588 74/1154/586 262/1155/585
f 263/1156/589 73/1157/590 74/1158/591
f 264/1159/592 73/1160/590 263/1161/589
f 264/1162/593 71/1163/594 73/1164/595
f 265/1165/596 71/1166/594 264/1167/593
f 265/1168/597 72/1169/598 71/1170/599
f 266/1171/600 72/1172/598 265/1173/597
f 266/1174/601 102/1175/602 72/1176/603
f 267/1177/604 102/1178/602 266/1179/601
f 267/1180/605 104/1181/606 102/1182/607
f 268/1183/608 104/1184/606 267/1185/605
f 268/1186/609 106/1187/610 104/1188/611
f 269/1189/612 106/1190/610 268/1191/609
f 269/1192/613 108/1193/614 106/1194/615
f 270/1195/616 108/1196/614 269/1197/613
f 270/1198/617 119/1199/618 108/1200/619
f 271/1201/620 119/1202/618 270/1203/617
f 271/1204/621 117/1205/622 119/1206/623
f 248/1207/624 117/1208/622 271/1209/621
f 272/1210/625 91/1211/626 92/1212/627
f 273/1213/628 91/1214/626 272/1215/625
f 273/1216/629 90/1217/630 91/1218/631
f 274/1219/632 90/1220/630 273/1221/629
f 274/1222/633 89/1223/634 90/1224/635
f 275/1225/636 89/1226/634 274/1227/633
f 275/1228/637 88/1229/638 89/1230/639
f 276/1231/640 88/1232/638 275/1233/637
f 276/1234/641 86/1235/642 88/1236/643
f 277/1237/644 86/1238/642 276/1239/641
f 277/1240/645 87/1241/646 86/1242/647
f 278/1243/648 87/1244/646 277/1245/645
f 278/1246/649 112/1247/650 87/1248/651
f 279/1249/652 112/1250/650 278/1251/649
f 279/1252/653 114/1253/654 112/1254/655
f 280/1255/656 114/1256/654 279/1257/653
f 280/1258/657 116/1259/658 114/1260/659
f 281/1261/660 116/1262/658 280/1263/657
f 281/1264/661 118/1265/662 116/1266/663
f 282/1267/664 118/1268/662 281/1269/661
f 282/1270/665 120/1271/666 118/1272/667
f 283/1273/668 120/1274/666 282/1275/665
f 283/1276/669 107/1277/670 120/1278/671
f 284/1279/672 107/1280/670 283/1281/669
f 284/1282/673 105/1283/674 107/1284/675
f 285/1285/676 105/1286/674 284/1287/673
f 285/1288/677 103/1289/678 105/1290/679
f 286/1291/680 103/1292/678 285/1293/677
f 286/1294/681 101/1295/682 103/1296/683
f 287/1297/684 101/1298/682 286/1299/681
f 287/1300/685 100/1301/686 101/1302/687
f 288/1303/688 100/1304/686 287/1305/685
f 288/1306/689 99/1307/690 100/1308/691
f 289/1309/692 99/1310/690 288/1311/689
f 289/1312/693 98/1313/694 99/1314/695
f 290/1315/696 98/1316/694 289/1317/693
f 290/1318/697 97/1319/698 98/1320/699
f 291/1321/700 97/1322/698 290/1323/697
f 291/1324/701 96/1325/702 97/1326/703
f 292/1327/704 96/1328/702 291/1329/701
f 292/1330/705 95/1331/706 96/1332/707
f 293/1333/708 95/1334/706 292/1335/705
f 293/1336/709 94/1337/710 95/1338/711
f 294/1339/712 94/1340/710 293/1341/709
f 294/1342/713 93/1343/714 94/1344/715
f 295/1345/716 93/1346/714 294/1347/713
f 295/1348/717 92/1349/718 93/1350/719
f 272/1351/720 92/1352/718 295/1353/717
f 296/1354/721 233/1355/722 297/1356/723
f 240/1357/724 233/1358/722 296/1359/721
f 297/1360/725 237/1361/726 298/1362/727
f 233/1363/728 237/1364/726 297/1365/725
f 299/1366/729 300/1367/730 301/1368/731
f 302/1369/732 300/1370/730 299/1371/729
f 300/1372/733 303/1373/734 301/1374/735
f 41/1375/736 303/1376/734 300/1377/733
f 42/1378/737 299/1379/738 304/1380/739
f 302/1381/740 299/1382/738 42/1383/737
f 287/1384/741 41/1385/61 288/1386/742
f 305/1387/743 41/1388/61 287/1389/741
f 305/1390/743 303/1391/744 41/1392/61
f 3/1393/2 303/1394/744 305/1395/743
f 9/1396/745 306/1397/746 305/1398/743
f 11/1399/747 29/1400/748 9/1401/745
f 9/1401/745 29/1400/748 306/1402/746
f 29/1403/748 28/1404/749 306/1405/746
f 306/1405/746 28/1404/749 4/1406/4
f 28/1407/749 27/1408/750 4/1409/4
f 4/1409/4 27/1408/750 1/1410/3
f 252/1411/751 279/1412/752 278/1413/753
f 251/1414/754 279/1415/752 252/1416/751
f 251/1417/754 280/1418/755 279/1419/752
f 250/1420/756 280/1421/755 251/1422/754
f 250/1423/756 281/1424/757 280/1425/755
f 249/1426/758 281/1427/757 250/1428/756
f 249/1429/758 282/1430/759 281/1431/757
f 248/1432/760 282/1433/759 249/1434/758
f 248/1435/760 283/1436/761 282/1437/759
f 271/1438/762 283/1439/761 248/1440/760
f 271/1441/762 284/1442/763 283/1443/761
f 270/1444/764 284/1445/763 271/1446/762
f 270/1447/764 285/1448/765 284/1449/763
f 269/1450/766 285/1451/765 270/1452/764
f 269/1453/766 286/1454/767 285/1455/765
f 268/1456/768 286/1457/767 269/1458/766
f 268/1459/768 287/1460/741 286/1461/767
f 267/1462/769 287/1463/741 268/1464/768
f 267/1465/769 305/1466/743 287/1467/741
f 266/1468/770 305/1469/743 267/1470/769
f 265/1471/771 305/1472/743 266/1473/770
f 265/1474/771 9/1475/745 305/1476/743
f 264/1477/772 9/1478/745 265/1479/771
f 263/1480/773 9/1481/745 264/1482/772
f 262/1483/774 9/1484/745 263/1485/773
f 261/1486/775 9/1487/745 262/1488/774
f 260/1489/776 9/1490/745 261/1491/775
f 259/1492/777 9/1493/745 260/1494/776
f 259/1495/777 247/1496/778 9/1497/745
f 258/1498/779 247/1499/778 259/1500/777
f 257/1501/780 247/1502/778 258/1503/779
f 256/1504/781 247/1505/778 257/1506/780
f 255/1507/782 247/1508/778 256/1509/781
f 254/1510/783 247/1511/778 255/1512/782
f 253/1513/784 247/1514/778 254/1515/783
f 252/1516/751 247/1517/778 253/1518/784
f 278/1519/753 247/1520/778 252/1521/751
f 278/1522/753 246/1523/785 247/1524/778
f 277/1525/786 246/1526/785 278/1527/753
f 276/1528/787 246/1529/785 277/1530/786
f 275/1531/788 246/1532/785 276/1533/787
f 274/1534/789 246/1535/785 275/1536/788
f 273/1537/790 246/1538/785 274/1539/789
f 272/1540/791 246/1541/785 273/1542/790
f 295/1543/792 246/1544/785 272/1545/791
f 295/1546/792 245/1547/793 246/1548/785
f 294/1549/794 245/1550/793 295/1551/792
f 293/1552/795 245/1553/793 294/1554/794
f 292/1555/796 245/1556/793 293/1557/795
f 291/1558/797 245/1559/793 292/1560/796
f 290/1561/798 245/1562/793 291/1563/797
f 289/1564/799 245/1565/793 290/1566/798
f 288/1567/742 245/1568/793 289/1569/799
f 41/1570/61 245/1571/793 288/1572/742
f 36/1573/55 38/1574/57 60/1575/800
f 60/1575/800 38/1574/57 245/1576/793
f 60/1575/800 245/1576/793 59/1577/801
f 59/1577/801 245/1576/793 41/1578/61
f 59/1577/801 41/1578/61 40/1579/59
f 58/1580/802 39/1581/58 304/1582/803
f 304/1582/803 39/1581/58 42/1583/60
f 55/1584/804 58/1585/802 56/1586/805
f 56/1586/805 58/1585/802 304/1587/803
f 56/1586/805 304/1587/803 6/1588/6
f 303/1589/744 6/1590/6 304/1591/803
f 3/1592/2 6/1593/6 303/1594/744
f 301/1595/806 304/1596/807 299/1597/808
f 303/1598/809 304/1599/807 301/1600/806
f 302/1601/810 41/1602/811 300/1603/812
f 42/1604/813 41/1605/811 302/1606/810
f 298/1607/814 296/1608/815 297/1609/816
f 307/1610/817 296/1611/815 298/1612/814
f 238/1613/818 298/1614/819 237/1615/820
f 307/1616/821 298/1617/819 238/1618/818
f 307/1619/822 240/1620/823 296/1621/824
f 238/1622/825 240/1623/823 307/1624/822
f 308/1625/826 309/1626/827 310/1627/828
f 311/1628/829 309/1629/827 308/1630/826
f 308/1631/830 241/1632/831 311/1633/832
f 198/1634/833 241/1635/831 308/1636/830
f 311/1637/834 242/1638/835 309/1639/836
f 241/1640/837 242/1641/835 311/1642/834
f 309/1643/838 15/1644/839 310/1645/840
f 242/1646/841 15/1647/839 309/1648/838
f 310/1649/842 198/1650/843 308/1651/844
f 15/1652/845 198/1653/843 310/1654/842
f 312/1655/846 313/1656/847 314/1657/848
f 315/1658/849 313/1659/847 312/1660/846
f 312/1661/850 305/1662/851 315/1663/852
f 3/1664/853 305/1665/851 312/1666/850
f 315/1667/854 306/1668/855 313/1669/856
f 305/1670/857 306/1671/855 315/1672/854
f 313/1673/858 4/1674/859 314/1675/860
f 306/1676/861 4/1677/859 313/1678/858
f 314/1679/862 3/1680/863 312/1681/864
f 4/1682/865 3/1683/863 314/1684/862
# 315 vertices
# 1684 texture params
# 865 normals
# 642 facets

# 1 groups
