ISO-10303-21;
HEADER;
/* Generated by software containing ST-Developer
 * from STEP Tools, Inc. (www.steptools.com) 
 */

FILE_DESCRIPTION(
/* description */ (''),
/* implementation_level */ '2;1');

FILE_NAME(
/* name */ 'front-parts.step',
/* time_stamp */ '2025-03-27T09:47:22+09:00',
/* author */ (''),
/* organization */ (''),
/* preprocessor_version */ 'ST-DEVELOPER v20.1',
/* originating_system */ 'Autodesk Translation Framework v14.4.0.0',
/* authorisation */ '');

FILE_SCHEMA (('AUTOMOTIVE_DESIGN { 1 0 10303 214 3 1 1 }'));
ENDSEC;

DATA;
#10=MECHANICAL_DESIGN_GEOMETRIC_PRESENTATION_REPRESENTATION('',(#17),#3688);
#11=ITEM_DEFINED_TRANSFORMATION($,$,#2344,#2462);
#12=(
REPRESENTATION_RELATIONSHIP($,$,#3699,#3698)
REPRESENTATION_RELATIONSHIP_WITH_TRANSFORMATION(#11)
SHAPE_REPRESENTATION_RELATIONSHIP()
);
#13=CONTEXT_DEPENDENT_SHAPE_REPRESENTATION(#12,#3697);
#14=NEXT_ASSEMBLY_USAGE_OCCURRENCE('\X2\30E130C330B730E5\X0\ \X2\30DC30C730A3\X0\1
 (2):1','\X2\30E130C330B730E5\X0\ \X2\30DC30C730A3\X0\1 (2):1',
'\X2\30E130C330B730E5\X0\ \X2\30DC30C730A3\X0\1 (2):1',#3701,#3702,
'\X2\30E130C330B730E5\X0\ \X2\30DC30C730A3\X0\1 (2):1');
#15=SHAPE_REPRESENTATION_RELATIONSHIP('SRR','None',#3699,#16);
#16=ADVANCED_BREP_SHAPE_REPRESENTATION('',(#18),#3687);
#17=STYLED_ITEM('',(#3712),#18);
#18=MANIFOLD_SOLID_BREP('\X2\30E130C330B730E5\X0\ \X2\30DC30C730A3\X0\1
 (2)',#2330);
#19=FACE_BOUND('',#354,.T.);
#20=FACE_BOUND('',#355,.T.);
#21=FACE_BOUND('',#356,.T.);
#22=FACE_BOUND('',#357,.T.);
#23=FACE_BOUND('',#358,.T.);
#24=FACE_BOUND('',#363,.T.);
#25=FACE_BOUND('',#364,.T.);
#26=FACE_BOUND('',#365,.T.);
#27=FACE_BOUND('',#366,.T.);
#28=FACE_BOUND('',#367,.T.);
#29=PLANE('',#2354);
#30=PLANE('',#2355);
#31=PLANE('',#2356);
#32=PLANE('',#2357);
#33=PLANE('',#2358);
#34=PLANE('',#2359);
#35=PLANE('',#2360);
#36=PLANE('',#2361);
#37=PLANE('',#2362);
#38=PLANE('',#2363);
#39=PLANE('',#2364);
#40=PLANE('',#2365);
#41=PLANE('',#2366);
#42=PLANE('',#2367);
#43=PLANE('',#2368);
#44=PLANE('',#2369);
#45=PLANE('',#2370);
#46=PLANE('',#2371);
#47=PLANE('',#2372);
#48=PLANE('',#2373);
#49=PLANE('',#2374);
#50=PLANE('',#2375);
#51=PLANE('',#2376);
#52=PLANE('',#2377);
#53=PLANE('',#2378);
#54=PLANE('',#2379);
#55=PLANE('',#2380);
#56=PLANE('',#2381);
#57=PLANE('',#2382);
#58=PLANE('',#2383);
#59=PLANE('',#2384);
#60=PLANE('',#2385);
#61=PLANE('',#2386);
#62=PLANE('',#2387);
#63=PLANE('',#2388);
#64=PLANE('',#2389);
#65=PLANE('',#2390);
#66=PLANE('',#2391);
#67=PLANE('',#2392);
#68=PLANE('',#2393);
#69=PLANE('',#2394);
#70=PLANE('',#2395);
#71=PLANE('',#2396);
#72=PLANE('',#2397);
#73=PLANE('',#2398);
#74=PLANE('',#2399);
#75=PLANE('',#2400);
#76=PLANE('',#2401);
#77=PLANE('',#2402);
#78=PLANE('',#2403);
#79=PLANE('',#2404);
#80=PLANE('',#2405);
#81=PLANE('',#2406);
#82=PLANE('',#2407);
#83=PLANE('',#2408);
#84=PLANE('',#2409);
#85=PLANE('',#2410);
#86=PLANE('',#2411);
#87=PLANE('',#2412);
#88=PLANE('',#2413);
#89=PLANE('',#2414);
#90=PLANE('',#2415);
#91=PLANE('',#2416);
#92=PLANE('',#2417);
#93=PLANE('',#2418);
#94=PLANE('',#2419);
#95=PLANE('',#2420);
#96=PLANE('',#2421);
#97=PLANE('',#2422);
#98=PLANE('',#2423);
#99=PLANE('',#2424);
#100=PLANE('',#2425);
#101=PLANE('',#2426);
#102=PLANE('',#2427);
#103=PLANE('',#2428);
#104=PLANE('',#2429);
#105=PLANE('',#2430);
#106=PLANE('',#2431);
#107=PLANE('',#2432);
#108=PLANE('',#2433);
#109=PLANE('',#2434);
#110=PLANE('',#2435);
#111=PLANE('',#2436);
#112=PLANE('',#2437);
#113=PLANE('',#2438);
#114=PLANE('',#2439);
#115=PLANE('',#2440);
#116=PLANE('',#2441);
#117=PLANE('',#2442);
#118=PLANE('',#2443);
#119=PLANE('',#2444);
#120=PLANE('',#2445);
#121=PLANE('',#2446);
#122=PLANE('',#2447);
#123=PLANE('',#2448);
#124=PLANE('',#2449);
#125=PLANE('',#2450);
#126=PLANE('',#2451);
#127=PLANE('',#2452);
#128=PLANE('',#2453);
#129=PLANE('',#2454);
#130=PLANE('',#2455);
#131=PLANE('',#2456);
#132=PLANE('',#2457);
#133=PLANE('',#2458);
#134=PLANE('',#2459);
#135=PLANE('',#2460);
#136=PLANE('',#2461);
#137=FACE_OUTER_BOUND('',#248,.T.);
#138=FACE_OUTER_BOUND('',#249,.T.);
#139=FACE_OUTER_BOUND('',#250,.T.);
#140=FACE_OUTER_BOUND('',#251,.T.);
#141=FACE_OUTER_BOUND('',#252,.T.);
#142=FACE_OUTER_BOUND('',#253,.T.);
#143=FACE_OUTER_BOUND('',#254,.T.);
#144=FACE_OUTER_BOUND('',#255,.T.);
#145=FACE_OUTER_BOUND('',#256,.T.);
#146=FACE_OUTER_BOUND('',#257,.T.);
#147=FACE_OUTER_BOUND('',#258,.T.);
#148=FACE_OUTER_BOUND('',#259,.T.);
#149=FACE_OUTER_BOUND('',#260,.T.);
#150=FACE_OUTER_BOUND('',#261,.T.);
#151=FACE_OUTER_BOUND('',#262,.T.);
#152=FACE_OUTER_BOUND('',#263,.T.);
#153=FACE_OUTER_BOUND('',#264,.T.);
#154=FACE_OUTER_BOUND('',#265,.T.);
#155=FACE_OUTER_BOUND('',#266,.T.);
#156=FACE_OUTER_BOUND('',#267,.T.);
#157=FACE_OUTER_BOUND('',#268,.T.);
#158=FACE_OUTER_BOUND('',#269,.T.);
#159=FACE_OUTER_BOUND('',#270,.T.);
#160=FACE_OUTER_BOUND('',#271,.T.);
#161=FACE_OUTER_BOUND('',#272,.T.);
#162=FACE_OUTER_BOUND('',#273,.T.);
#163=FACE_OUTER_BOUND('',#274,.T.);
#164=FACE_OUTER_BOUND('',#275,.T.);
#165=FACE_OUTER_BOUND('',#276,.T.);
#166=FACE_OUTER_BOUND('',#277,.T.);
#167=FACE_OUTER_BOUND('',#278,.T.);
#168=FACE_OUTER_BOUND('',#279,.T.);
#169=FACE_OUTER_BOUND('',#280,.T.);
#170=FACE_OUTER_BOUND('',#281,.T.);
#171=FACE_OUTER_BOUND('',#282,.T.);
#172=FACE_OUTER_BOUND('',#283,.T.);
#173=FACE_OUTER_BOUND('',#284,.T.);
#174=FACE_OUTER_BOUND('',#285,.T.);
#175=FACE_OUTER_BOUND('',#286,.T.);
#176=FACE_OUTER_BOUND('',#287,.T.);
#177=FACE_OUTER_BOUND('',#288,.T.);
#178=FACE_OUTER_BOUND('',#289,.T.);
#179=FACE_OUTER_BOUND('',#290,.T.);
#180=FACE_OUTER_BOUND('',#291,.T.);
#181=FACE_OUTER_BOUND('',#292,.T.);
#182=FACE_OUTER_BOUND('',#293,.T.);
#183=FACE_OUTER_BOUND('',#294,.T.);
#184=FACE_OUTER_BOUND('',#295,.T.);
#185=FACE_OUTER_BOUND('',#296,.T.);
#186=FACE_OUTER_BOUND('',#297,.T.);
#187=FACE_OUTER_BOUND('',#298,.T.);
#188=FACE_OUTER_BOUND('',#299,.T.);
#189=FACE_OUTER_BOUND('',#300,.T.);
#190=FACE_OUTER_BOUND('',#301,.T.);
#191=FACE_OUTER_BOUND('',#302,.T.);
#192=FACE_OUTER_BOUND('',#303,.T.);
#193=FACE_OUTER_BOUND('',#304,.T.);
#194=FACE_OUTER_BOUND('',#305,.T.);
#195=FACE_OUTER_BOUND('',#306,.T.);
#196=FACE_OUTER_BOUND('',#307,.T.);
#197=FACE_OUTER_BOUND('',#308,.T.);
#198=FACE_OUTER_BOUND('',#309,.T.);
#199=FACE_OUTER_BOUND('',#310,.T.);
#200=FACE_OUTER_BOUND('',#311,.T.);
#201=FACE_OUTER_BOUND('',#312,.T.);
#202=FACE_OUTER_BOUND('',#313,.T.);
#203=FACE_OUTER_BOUND('',#314,.T.);
#204=FACE_OUTER_BOUND('',#315,.T.);
#205=FACE_OUTER_BOUND('',#316,.T.);
#206=FACE_OUTER_BOUND('',#317,.T.);
#207=FACE_OUTER_BOUND('',#318,.T.);
#208=FACE_OUTER_BOUND('',#319,.T.);
#209=FACE_OUTER_BOUND('',#320,.T.);
#210=FACE_OUTER_BOUND('',#321,.T.);
#211=FACE_OUTER_BOUND('',#322,.T.);
#212=FACE_OUTER_BOUND('',#323,.T.);
#213=FACE_OUTER_BOUND('',#324,.T.);
#214=FACE_OUTER_BOUND('',#325,.T.);
#215=FACE_OUTER_BOUND('',#326,.T.);
#216=FACE_OUTER_BOUND('',#327,.T.);
#217=FACE_OUTER_BOUND('',#328,.T.);
#218=FACE_OUTER_BOUND('',#329,.T.);
#219=FACE_OUTER_BOUND('',#330,.T.);
#220=FACE_OUTER_BOUND('',#331,.T.);
#221=FACE_OUTER_BOUND('',#332,.T.);
#222=FACE_OUTER_BOUND('',#333,.T.);
#223=FACE_OUTER_BOUND('',#334,.T.);
#224=FACE_OUTER_BOUND('',#335,.T.);
#225=FACE_OUTER_BOUND('',#336,.T.);
#226=FACE_OUTER_BOUND('',#337,.T.);
#227=FACE_OUTER_BOUND('',#338,.T.);
#228=FACE_OUTER_BOUND('',#339,.T.);
#229=FACE_OUTER_BOUND('',#340,.T.);
#230=FACE_OUTER_BOUND('',#341,.T.);
#231=FACE_OUTER_BOUND('',#342,.T.);
#232=FACE_OUTER_BOUND('',#343,.T.);
#233=FACE_OUTER_BOUND('',#344,.T.);
#234=FACE_OUTER_BOUND('',#345,.T.);
#235=FACE_OUTER_BOUND('',#346,.T.);
#236=FACE_OUTER_BOUND('',#347,.T.);
#237=FACE_OUTER_BOUND('',#348,.T.);
#238=FACE_OUTER_BOUND('',#349,.T.);
#239=FACE_OUTER_BOUND('',#350,.T.);
#240=FACE_OUTER_BOUND('',#351,.T.);
#241=FACE_OUTER_BOUND('',#352,.T.);
#242=FACE_OUTER_BOUND('',#353,.T.);
#243=FACE_OUTER_BOUND('',#359,.T.);
#244=FACE_OUTER_BOUND('',#360,.T.);
#245=FACE_OUTER_BOUND('',#361,.T.);
#246=FACE_OUTER_BOUND('',#362,.T.);
#247=FACE_OUTER_BOUND('',#368,.T.);
#248=EDGE_LOOP('',(#1562,#1563,#1564,#1565));
#249=EDGE_LOOP('',(#1566,#1567,#1568,#1569));
#250=EDGE_LOOP('',(#1570,#1571,#1572,#1573));
#251=EDGE_LOOP('',(#1574,#1575,#1576,#1577,#1578,#1579,#1580,#1581,#1582,
#1583));
#252=EDGE_LOOP('',(#1584,#1585,#1586,#1587));
#253=EDGE_LOOP('',(#1588,#1589,#1590,#1591));
#254=EDGE_LOOP('',(#1592,#1593,#1594,#1595));
#255=EDGE_LOOP('',(#1596,#1597,#1598,#1599));
#256=EDGE_LOOP('',(#1600,#1601,#1602,#1603));
#257=EDGE_LOOP('',(#1604,#1605,#1606,#1607));
#258=EDGE_LOOP('',(#1608,#1609,#1610,#1611));
#259=EDGE_LOOP('',(#1612,#1613,#1614,#1615));
#260=EDGE_LOOP('',(#1616,#1617,#1618,#1619));
#261=EDGE_LOOP('',(#1620,#1621,#1622,#1623));
#262=EDGE_LOOP('',(#1624,#1625,#1626,#1627));
#263=EDGE_LOOP('',(#1628,#1629,#1630,#1631));
#264=EDGE_LOOP('',(#1632,#1633,#1634,#1635));
#265=EDGE_LOOP('',(#1636,#1637,#1638,#1639));
#266=EDGE_LOOP('',(#1640,#1641,#1642,#1643));
#267=EDGE_LOOP('',(#1644,#1645,#1646,#1647));
#268=EDGE_LOOP('',(#1648,#1649,#1650,#1651));
#269=EDGE_LOOP('',(#1652,#1653,#1654,#1655));
#270=EDGE_LOOP('',(#1656,#1657,#1658,#1659));
#271=EDGE_LOOP('',(#1660,#1661,#1662,#1663));
#272=EDGE_LOOP('',(#1664,#1665,#1666,#1667));
#273=EDGE_LOOP('',(#1668,#1669,#1670,#1671));
#274=EDGE_LOOP('',(#1672,#1673,#1674,#1675));
#275=EDGE_LOOP('',(#1676,#1677,#1678,#1679));
#276=EDGE_LOOP('',(#1680,#1681,#1682,#1683));
#277=EDGE_LOOP('',(#1684,#1685,#1686,#1687));
#278=EDGE_LOOP('',(#1688,#1689,#1690,#1691));
#279=EDGE_LOOP('',(#1692,#1693,#1694,#1695));
#280=EDGE_LOOP('',(#1696,#1697,#1698,#1699));
#281=EDGE_LOOP('',(#1700,#1701,#1702,#1703));
#282=EDGE_LOOP('',(#1704,#1705,#1706,#1707));
#283=EDGE_LOOP('',(#1708,#1709,#1710,#1711));
#284=EDGE_LOOP('',(#1712,#1713,#1714,#1715));
#285=EDGE_LOOP('',(#1716,#1717,#1718,#1719));
#286=EDGE_LOOP('',(#1720,#1721,#1722,#1723));
#287=EDGE_LOOP('',(#1724,#1725,#1726,#1727));
#288=EDGE_LOOP('',(#1728,#1729,#1730,#1731));
#289=EDGE_LOOP('',(#1732,#1733,#1734,#1735));
#290=EDGE_LOOP('',(#1736,#1737,#1738,#1739));
#291=EDGE_LOOP('',(#1740,#1741,#1742,#1743));
#292=EDGE_LOOP('',(#1744,#1745,#1746,#1747));
#293=EDGE_LOOP('',(#1748,#1749,#1750,#1751));
#294=EDGE_LOOP('',(#1752,#1753,#1754,#1755));
#295=EDGE_LOOP('',(#1756,#1757,#1758,#1759));
#296=EDGE_LOOP('',(#1760,#1761,#1762,#1763));
#297=EDGE_LOOP('',(#1764,#1765,#1766,#1767));
#298=EDGE_LOOP('',(#1768,#1769,#1770,#1771));
#299=EDGE_LOOP('',(#1772,#1773,#1774,#1775));
#300=EDGE_LOOP('',(#1776,#1777,#1778,#1779));
#301=EDGE_LOOP('',(#1780,#1781,#1782,#1783));
#302=EDGE_LOOP('',(#1784,#1785,#1786,#1787));
#303=EDGE_LOOP('',(#1788,#1789,#1790,#1791));
#304=EDGE_LOOP('',(#1792,#1793,#1794,#1795));
#305=EDGE_LOOP('',(#1796,#1797,#1798,#1799));
#306=EDGE_LOOP('',(#1800,#1801,#1802,#1803));
#307=EDGE_LOOP('',(#1804,#1805,#1806,#1807));
#308=EDGE_LOOP('',(#1808,#1809,#1810,#1811));
#309=EDGE_LOOP('',(#1812,#1813,#1814,#1815));
#310=EDGE_LOOP('',(#1816,#1817,#1818,#1819));
#311=EDGE_LOOP('',(#1820,#1821,#1822,#1823));
#312=EDGE_LOOP('',(#1824,#1825,#1826,#1827));
#313=EDGE_LOOP('',(#1828,#1829,#1830,#1831));
#314=EDGE_LOOP('',(#1832,#1833,#1834,#1835));
#315=EDGE_LOOP('',(#1836,#1837,#1838,#1839));
#316=EDGE_LOOP('',(#1840,#1841,#1842,#1843));
#317=EDGE_LOOP('',(#1844,#1845,#1846,#1847));
#318=EDGE_LOOP('',(#1848,#1849,#1850,#1851));
#319=EDGE_LOOP('',(#1852,#1853,#1854,#1855));
#320=EDGE_LOOP('',(#1856,#1857,#1858,#1859));
#321=EDGE_LOOP('',(#1860,#1861,#1862,#1863));
#322=EDGE_LOOP('',(#1864,#1865,#1866,#1867));
#323=EDGE_LOOP('',(#1868,#1869,#1870,#1871));
#324=EDGE_LOOP('',(#1872,#1873,#1874,#1875));
#325=EDGE_LOOP('',(#1876,#1877,#1878,#1879));
#326=EDGE_LOOP('',(#1880,#1881,#1882,#1883));
#327=EDGE_LOOP('',(#1884,#1885,#1886,#1887));
#328=EDGE_LOOP('',(#1888,#1889,#1890,#1891));
#329=EDGE_LOOP('',(#1892,#1893,#1894,#1895));
#330=EDGE_LOOP('',(#1896,#1897,#1898,#1899));
#331=EDGE_LOOP('',(#1900,#1901,#1902,#1903));
#332=EDGE_LOOP('',(#1904,#1905,#1906,#1907));
#333=EDGE_LOOP('',(#1908,#1909,#1910,#1911));
#334=EDGE_LOOP('',(#1912,#1913,#1914,#1915));
#335=EDGE_LOOP('',(#1916,#1917,#1918,#1919));
#336=EDGE_LOOP('',(#1920,#1921,#1922,#1923));
#337=EDGE_LOOP('',(#1924,#1925,#1926,#1927));
#338=EDGE_LOOP('',(#1928,#1929,#1930,#1931));
#339=EDGE_LOOP('',(#1932,#1933,#1934,#1935));
#340=EDGE_LOOP('',(#1936,#1937,#1938,#1939));
#341=EDGE_LOOP('',(#1940,#1941,#1942,#1943));
#342=EDGE_LOOP('',(#1944,#1945,#1946,#1947));
#343=EDGE_LOOP('',(#1948,#1949,#1950,#1951));
#344=EDGE_LOOP('',(#1952,#1953,#1954,#1955));
#345=EDGE_LOOP('',(#1956,#1957,#1958,#1959));
#346=EDGE_LOOP('',(#1960,#1961,#1962,#1963));
#347=EDGE_LOOP('',(#1964,#1965,#1966,#1967));
#348=EDGE_LOOP('',(#1968,#1969,#1970,#1971));
#349=EDGE_LOOP('',(#1972,#1973,#1974,#1975));
#350=EDGE_LOOP('',(#1976,#1977,#1978,#1979));
#351=EDGE_LOOP('',(#1980,#1981,#1982,#1983));
#352=EDGE_LOOP('',(#1984,#1985,#1986,#1987));
#353=EDGE_LOOP('',(#1988,#1989,#1990,#1991,#1992,#1993));
#354=EDGE_LOOP('',(#1994));
#355=EDGE_LOOP('',(#1995));
#356=EDGE_LOOP('',(#1996));
#357=EDGE_LOOP('',(#1997,#1998,#1999,#2000));
#358=EDGE_LOOP('',(#2001,#2002,#2003,#2004,#2005,#2006,#2007,#2008,#2009,
#2010,#2011,#2012,#2013,#2014,#2015,#2016,#2017,#2018,#2019,#2020,#2021,
#2022,#2023,#2024,#2025,#2026,#2027,#2028,#2029,#2030,#2031,#2032,#2033,
#2034,#2035,#2036,#2037,#2038,#2039,#2040,#2041,#2042,#2043,#2044,#2045,
#2046,#2047,#2048,#2049,#2050,#2051,#2052,#2053,#2054,#2055,#2056,#2057,
#2058,#2059,#2060,#2061,#2062,#2063,#2064,#2065,#2066,#2067,#2068,#2069,
#2070,#2071,#2072,#2073,#2074,#2075,#2076,#2077,#2078,#2079,#2080,#2081,
#2082,#2083,#2084,#2085,#2086,#2087,#2088,#2089,#2090,#2091,#2092));
#359=EDGE_LOOP('',(#2093,#2094,#2095,#2096));
#360=EDGE_LOOP('',(#2097,#2098,#2099,#2100));
#361=EDGE_LOOP('',(#2101,#2102,#2103,#2104,#2105,#2106,#2107,#2108));
#362=EDGE_LOOP('',(#2109,#2110,#2111,#2112));
#363=EDGE_LOOP('',(#2113));
#364=EDGE_LOOP('',(#2114));
#365=EDGE_LOOP('',(#2115));
#366=EDGE_LOOP('',(#2116,#2117,#2118,#2119));
#367=EDGE_LOOP('',(#2120,#2121,#2122,#2123,#2124,#2125,#2126,#2127,#2128,
#2129,#2130,#2131,#2132,#2133,#2134,#2135,#2136,#2137,#2138,#2139,#2140,
#2141,#2142,#2143,#2144,#2145,#2146,#2147,#2148,#2149,#2150,#2151,#2152,
#2153,#2154,#2155,#2156,#2157,#2158,#2159,#2160,#2161,#2162,#2163,#2164,
#2165,#2166,#2167,#2168,#2169,#2170,#2171,#2172,#2173,#2174,#2175,#2176,
#2177,#2178,#2179,#2180,#2181,#2182,#2183,#2184,#2185,#2186,#2187,#2188,
#2189,#2190,#2191,#2192,#2193,#2194,#2195,#2196,#2197,#2198,#2199,#2200,
#2201,#2202,#2203,#2204,#2205,#2206,#2207,#2208,#2209,#2210,#2211));
#368=EDGE_LOOP('',(#2212,#2213,#2214,#2215));
#369=LINE('',#3030,#690);
#370=LINE('',#3036,#691);
#371=LINE('',#3042,#692);
#372=LINE('',#3047,#693);
#373=LINE('',#3049,#694);
#374=LINE('',#3051,#695);
#375=LINE('',#3053,#696);
#376=LINE('',#3055,#697);
#377=LINE('',#3057,#698);
#378=LINE('',#3059,#699);
#379=LINE('',#3061,#700);
#380=LINE('',#3063,#701);
#381=LINE('',#3064,#702);
#382=LINE('',#3067,#703);
#383=LINE('',#3069,#704);
#384=LINE('',#3070,#705);
#385=LINE('',#3073,#706);
#386=LINE('',#3074,#707);
#387=LINE('',#3077,#708);
#388=LINE('',#3078,#709);
#389=LINE('',#3082,#710);
#390=LINE('',#3083,#711);
#391=LINE('',#3084,#712);
#392=LINE('',#3088,#713);
#393=LINE('',#3090,#714);
#394=LINE('',#3092,#715);
#395=LINE('',#3093,#716);
#396=LINE('',#3097,#717);
#397=LINE('',#3098,#718);
#398=LINE('',#3099,#719);
#399=LINE('',#3103,#720);
#400=LINE('',#3104,#721);
#401=LINE('',#3105,#722);
#402=LINE('',#3109,#723);
#403=LINE('',#3110,#724);
#404=LINE('',#3111,#725);
#405=LINE('',#3115,#726);
#406=LINE('',#3116,#727);
#407=LINE('',#3117,#728);
#408=LINE('',#3121,#729);
#409=LINE('',#3122,#730);
#410=LINE('',#3123,#731);
#411=LINE('',#3127,#732);
#412=LINE('',#3128,#733);
#413=LINE('',#3129,#734);
#414=LINE('',#3133,#735);
#415=LINE('',#3134,#736);
#416=LINE('',#3135,#737);
#417=LINE('',#3139,#738);
#418=LINE('',#3140,#739);
#419=LINE('',#3141,#740);
#420=LINE('',#3145,#741);
#421=LINE('',#3146,#742);
#422=LINE('',#3147,#743);
#423=LINE('',#3151,#744);
#424=LINE('',#3152,#745);
#425=LINE('',#3153,#746);
#426=LINE('',#3157,#747);
#427=LINE('',#3158,#748);
#428=LINE('',#3159,#749);
#429=LINE('',#3163,#750);
#430=LINE('',#3164,#751);
#431=LINE('',#3165,#752);
#432=LINE('',#3169,#753);
#433=LINE('',#3170,#754);
#434=LINE('',#3171,#755);
#435=LINE('',#3175,#756);
#436=LINE('',#3176,#757);
#437=LINE('',#3177,#758);
#438=LINE('',#3181,#759);
#439=LINE('',#3182,#760);
#440=LINE('',#3183,#761);
#441=LINE('',#3187,#762);
#442=LINE('',#3188,#763);
#443=LINE('',#3189,#764);
#444=LINE('',#3193,#765);
#445=LINE('',#3194,#766);
#446=LINE('',#3195,#767);
#447=LINE('',#3199,#768);
#448=LINE('',#3200,#769);
#449=LINE('',#3201,#770);
#450=LINE('',#3205,#771);
#451=LINE('',#3206,#772);
#452=LINE('',#3207,#773);
#453=LINE('',#3211,#774);
#454=LINE('',#3212,#775);
#455=LINE('',#3213,#776);
#456=LINE('',#3217,#777);
#457=LINE('',#3218,#778);
#458=LINE('',#3219,#779);
#459=LINE('',#3223,#780);
#460=LINE('',#3224,#781);
#461=LINE('',#3225,#782);
#462=LINE('',#3229,#783);
#463=LINE('',#3230,#784);
#464=LINE('',#3231,#785);
#465=LINE('',#3235,#786);
#466=LINE('',#3236,#787);
#467=LINE('',#3237,#788);
#468=LINE('',#3241,#789);
#469=LINE('',#3242,#790);
#470=LINE('',#3243,#791);
#471=LINE('',#3247,#792);
#472=LINE('',#3248,#793);
#473=LINE('',#3249,#794);
#474=LINE('',#3253,#795);
#475=LINE('',#3254,#796);
#476=LINE('',#3255,#797);
#477=LINE('',#3259,#798);
#478=LINE('',#3260,#799);
#479=LINE('',#3261,#800);
#480=LINE('',#3265,#801);
#481=LINE('',#3266,#802);
#482=LINE('',#3267,#803);
#483=LINE('',#3271,#804);
#484=LINE('',#3272,#805);
#485=LINE('',#3273,#806);
#486=LINE('',#3277,#807);
#487=LINE('',#3278,#808);
#488=LINE('',#3279,#809);
#489=LINE('',#3283,#810);
#490=LINE('',#3284,#811);
#491=LINE('',#3285,#812);
#492=LINE('',#3289,#813);
#493=LINE('',#3290,#814);
#494=LINE('',#3291,#815);
#495=LINE('',#3295,#816);
#496=LINE('',#3296,#817);
#497=LINE('',#3297,#818);
#498=LINE('',#3301,#819);
#499=LINE('',#3302,#820);
#500=LINE('',#3303,#821);
#501=LINE('',#3307,#822);
#502=LINE('',#3308,#823);
#503=LINE('',#3309,#824);
#504=LINE('',#3313,#825);
#505=LINE('',#3314,#826);
#506=LINE('',#3315,#827);
#507=LINE('',#3319,#828);
#508=LINE('',#3320,#829);
#509=LINE('',#3321,#830);
#510=LINE('',#3325,#831);
#511=LINE('',#3326,#832);
#512=LINE('',#3327,#833);
#513=LINE('',#3331,#834);
#514=LINE('',#3332,#835);
#515=LINE('',#3333,#836);
#516=LINE('',#3337,#837);
#517=LINE('',#3338,#838);
#518=LINE('',#3339,#839);
#519=LINE('',#3343,#840);
#520=LINE('',#3344,#841);
#521=LINE('',#3345,#842);
#522=LINE('',#3349,#843);
#523=LINE('',#3350,#844);
#524=LINE('',#3351,#845);
#525=LINE('',#3355,#846);
#526=LINE('',#3356,#847);
#527=LINE('',#3357,#848);
#528=LINE('',#3361,#849);
#529=LINE('',#3362,#850);
#530=LINE('',#3363,#851);
#531=LINE('',#3367,#852);
#532=LINE('',#3368,#853);
#533=LINE('',#3369,#854);
#534=LINE('',#3373,#855);
#535=LINE('',#3374,#856);
#536=LINE('',#3375,#857);
#537=LINE('',#3379,#858);
#538=LINE('',#3380,#859);
#539=LINE('',#3381,#860);
#540=LINE('',#3385,#861);
#541=LINE('',#3386,#862);
#542=LINE('',#3387,#863);
#543=LINE('',#3391,#864);
#544=LINE('',#3392,#865);
#545=LINE('',#3393,#866);
#546=LINE('',#3397,#867);
#547=LINE('',#3398,#868);
#548=LINE('',#3399,#869);
#549=LINE('',#3403,#870);
#550=LINE('',#3404,#871);
#551=LINE('',#3405,#872);
#552=LINE('',#3409,#873);
#553=LINE('',#3410,#874);
#554=LINE('',#3411,#875);
#555=LINE('',#3415,#876);
#556=LINE('',#3416,#877);
#557=LINE('',#3417,#878);
#558=LINE('',#3421,#879);
#559=LINE('',#3422,#880);
#560=LINE('',#3423,#881);
#561=LINE('',#3427,#882);
#562=LINE('',#3428,#883);
#563=LINE('',#3429,#884);
#564=LINE('',#3433,#885);
#565=LINE('',#3434,#886);
#566=LINE('',#3435,#887);
#567=LINE('',#3439,#888);
#568=LINE('',#3440,#889);
#569=LINE('',#3441,#890);
#570=LINE('',#3445,#891);
#571=LINE('',#3446,#892);
#572=LINE('',#3447,#893);
#573=LINE('',#3451,#894);
#574=LINE('',#3452,#895);
#575=LINE('',#3453,#896);
#576=LINE('',#3457,#897);
#577=LINE('',#3458,#898);
#578=LINE('',#3459,#899);
#579=LINE('',#3463,#900);
#580=LINE('',#3464,#901);
#581=LINE('',#3465,#902);
#582=LINE('',#3469,#903);
#583=LINE('',#3470,#904);
#584=LINE('',#3471,#905);
#585=LINE('',#3475,#906);
#586=LINE('',#3476,#907);
#587=LINE('',#3477,#908);
#588=LINE('',#3481,#909);
#589=LINE('',#3482,#910);
#590=LINE('',#3483,#911);
#591=LINE('',#3487,#912);
#592=LINE('',#3488,#913);
#593=LINE('',#3489,#914);
#594=LINE('',#3493,#915);
#595=LINE('',#3494,#916);
#596=LINE('',#3495,#917);
#597=LINE('',#3499,#918);
#598=LINE('',#3500,#919);
#599=LINE('',#3501,#920);
#600=LINE('',#3505,#921);
#601=LINE('',#3506,#922);
#602=LINE('',#3507,#923);
#603=LINE('',#3511,#924);
#604=LINE('',#3512,#925);
#605=LINE('',#3513,#926);
#606=LINE('',#3517,#927);
#607=LINE('',#3518,#928);
#608=LINE('',#3519,#929);
#609=LINE('',#3523,#930);
#610=LINE('',#3524,#931);
#611=LINE('',#3525,#932);
#612=LINE('',#3529,#933);
#613=LINE('',#3530,#934);
#614=LINE('',#3531,#935);
#615=LINE('',#3535,#936);
#616=LINE('',#3536,#937);
#617=LINE('',#3537,#938);
#618=LINE('',#3541,#939);
#619=LINE('',#3542,#940);
#620=LINE('',#3543,#941);
#621=LINE('',#3547,#942);
#622=LINE('',#3548,#943);
#623=LINE('',#3549,#944);
#624=LINE('',#3553,#945);
#625=LINE('',#3554,#946);
#626=LINE('',#3555,#947);
#627=LINE('',#3559,#948);
#628=LINE('',#3560,#949);
#629=LINE('',#3561,#950);
#630=LINE('',#3565,#951);
#631=LINE('',#3566,#952);
#632=LINE('',#3567,#953);
#633=LINE('',#3571,#954);
#634=LINE('',#3572,#955);
#635=LINE('',#3573,#956);
#636=LINE('',#3577,#957);
#637=LINE('',#3578,#958);
#638=LINE('',#3579,#959);
#639=LINE('',#3583,#960);
#640=LINE('',#3584,#961);
#641=LINE('',#3585,#962);
#642=LINE('',#3589,#963);
#643=LINE('',#3590,#964);
#644=LINE('',#3591,#965);
#645=LINE('',#3595,#966);
#646=LINE('',#3596,#967);
#647=LINE('',#3597,#968);
#648=LINE('',#3601,#969);
#649=LINE('',#3602,#970);
#650=LINE('',#3603,#971);
#651=LINE('',#3607,#972);
#652=LINE('',#3608,#973);
#653=LINE('',#3609,#974);
#654=LINE('',#3613,#975);
#655=LINE('',#3614,#976);
#656=LINE('',#3615,#977);
#657=LINE('',#3619,#978);
#658=LINE('',#3620,#979);
#659=LINE('',#3621,#980);
#660=LINE('',#3625,#981);
#661=LINE('',#3626,#982);
#662=LINE('',#3627,#983);
#663=LINE('',#3631,#984);
#664=LINE('',#3632,#985);
#665=LINE('',#3633,#986);
#666=LINE('',#3635,#987);
#667=LINE('',#3636,#988);
#668=LINE('',#3640,#989);
#669=LINE('',#3642,#990);
#670=LINE('',#3644,#991);
#671=LINE('',#3645,#992);
#672=LINE('',#3648,#993);
#673=LINE('',#3650,#994);
#674=LINE('',#3651,#995);
#675=LINE('',#3655,#996);
#676=LINE('',#3656,#997);
#677=LINE('',#3657,#998);
#678=LINE('',#3659,#999);
#679=LINE('',#3660,#1000);
#680=LINE('',#3663,#1001);
#681=LINE('',#3664,#1002);
#682=LINE('',#3667,#1003);
#683=LINE('',#3669,#1004);
#684=LINE('',#3671,#1005);
#685=LINE('',#3672,#1006);
#686=LINE('',#3674,#1007);
#687=LINE('',#3675,#1008);
#688=LINE('',#3678,#1009);
#689=LINE('',#3679,#1010);
#690=VECTOR('',#2471,2.1);
#691=VECTOR('',#2478,2.1);
#692=VECTOR('',#2485,2.1);
#693=VECTOR('',#2490,10.);
#694=VECTOR('',#2491,10.);
#695=VECTOR('',#2492,10.);
#696=VECTOR('',#2493,10.);
#697=VECTOR('',#2494,10.);
#698=VECTOR('',#2495,1.);
#699=VECTOR('',#2496,1.);
#700=VECTOR('',#2497,1.);
#701=VECTOR('',#2498,1.);
#702=VECTOR('',#2499,1.);
#703=VECTOR('',#2502,1.);
#704=VECTOR('',#2503,1.);
#705=VECTOR('',#2504,1.);
#706=VECTOR('',#2507,1.);
#707=VECTOR('',#2508,1.);
#708=VECTOR('',#2511,1.);
#709=VECTOR('',#2512,1.);
#710=VECTOR('',#2515,1.);
#711=VECTOR('',#2516,1.);
#712=VECTOR('',#2517,1.);
#713=VECTOR('',#2520,1.);
#714=VECTOR('',#2521,1.);
#715=VECTOR('',#2522,1.);
#716=VECTOR('',#2523,1.);
#717=VECTOR('',#2526,1.);
#718=VECTOR('',#2527,1.);
#719=VECTOR('',#2528,1.);
#720=VECTOR('',#2531,1.);
#721=VECTOR('',#2532,1.);
#722=VECTOR('',#2533,1.);
#723=VECTOR('',#2536,1.);
#724=VECTOR('',#2537,1.);
#725=VECTOR('',#2538,1.);
#726=VECTOR('',#2541,1.);
#727=VECTOR('',#2542,1.);
#728=VECTOR('',#2543,1.);
#729=VECTOR('',#2546,1.);
#730=VECTOR('',#2547,1.);
#731=VECTOR('',#2548,1.);
#732=VECTOR('',#2551,1.);
#733=VECTOR('',#2552,1.);
#734=VECTOR('',#2553,1.);
#735=VECTOR('',#2556,1.);
#736=VECTOR('',#2557,1.);
#737=VECTOR('',#2558,1.);
#738=VECTOR('',#2561,1.);
#739=VECTOR('',#2562,1.);
#740=VECTOR('',#2563,1.);
#741=VECTOR('',#2566,1.);
#742=VECTOR('',#2567,1.);
#743=VECTOR('',#2568,1.);
#744=VECTOR('',#2571,1.);
#745=VECTOR('',#2572,1.);
#746=VECTOR('',#2573,1.);
#747=VECTOR('',#2576,1.);
#748=VECTOR('',#2577,1.);
#749=VECTOR('',#2578,1.);
#750=VECTOR('',#2581,1.);
#751=VECTOR('',#2582,1.);
#752=VECTOR('',#2583,1.);
#753=VECTOR('',#2586,1.);
#754=VECTOR('',#2587,1.);
#755=VECTOR('',#2588,1.);
#756=VECTOR('',#2591,1.);
#757=VECTOR('',#2592,1.);
#758=VECTOR('',#2593,1.);
#759=VECTOR('',#2596,1.);
#760=VECTOR('',#2597,1.);
#761=VECTOR('',#2598,1.);
#762=VECTOR('',#2601,1.);
#763=VECTOR('',#2602,1.);
#764=VECTOR('',#2603,1.);
#765=VECTOR('',#2606,1.);
#766=VECTOR('',#2607,1.);
#767=VECTOR('',#2608,1.);
#768=VECTOR('',#2611,1.);
#769=VECTOR('',#2612,1.);
#770=VECTOR('',#2613,1.);
#771=VECTOR('',#2616,1.);
#772=VECTOR('',#2617,1.);
#773=VECTOR('',#2618,1.);
#774=VECTOR('',#2621,1.);
#775=VECTOR('',#2622,1.);
#776=VECTOR('',#2623,1.);
#777=VECTOR('',#2626,1.);
#778=VECTOR('',#2627,1.);
#779=VECTOR('',#2628,1.);
#780=VECTOR('',#2631,1.);
#781=VECTOR('',#2632,1.);
#782=VECTOR('',#2633,1.);
#783=VECTOR('',#2636,1.);
#784=VECTOR('',#2637,1.);
#785=VECTOR('',#2638,1.);
#786=VECTOR('',#2641,1.);
#787=VECTOR('',#2642,1.);
#788=VECTOR('',#2643,1.);
#789=VECTOR('',#2646,1.);
#790=VECTOR('',#2647,1.);
#791=VECTOR('',#2648,1.);
#792=VECTOR('',#2651,1.);
#793=VECTOR('',#2652,1.);
#794=VECTOR('',#2653,1.);
#795=VECTOR('',#2656,1.);
#796=VECTOR('',#2657,1.);
#797=VECTOR('',#2658,1.);
#798=VECTOR('',#2661,1.);
#799=VECTOR('',#2662,1.);
#800=VECTOR('',#2663,1.);
#801=VECTOR('',#2666,1.);
#802=VECTOR('',#2667,1.);
#803=VECTOR('',#2668,1.);
#804=VECTOR('',#2671,1.);
#805=VECTOR('',#2672,1.);
#806=VECTOR('',#2673,1.);
#807=VECTOR('',#2676,1.);
#808=VECTOR('',#2677,1.);
#809=VECTOR('',#2678,1.);
#810=VECTOR('',#2681,1.);
#811=VECTOR('',#2682,1.);
#812=VECTOR('',#2683,1.);
#813=VECTOR('',#2686,1.);
#814=VECTOR('',#2687,1.);
#815=VECTOR('',#2688,1.);
#816=VECTOR('',#2691,1.);
#817=VECTOR('',#2692,1.);
#818=VECTOR('',#2693,1.);
#819=VECTOR('',#2696,1.);
#820=VECTOR('',#2697,1.);
#821=VECTOR('',#2698,1.);
#822=VECTOR('',#2701,1.);
#823=VECTOR('',#2702,1.);
#824=VECTOR('',#2703,1.);
#825=VECTOR('',#2706,1.);
#826=VECTOR('',#2707,1.);
#827=VECTOR('',#2708,1.);
#828=VECTOR('',#2711,1.);
#829=VECTOR('',#2712,1.);
#830=VECTOR('',#2713,1.);
#831=VECTOR('',#2716,1.);
#832=VECTOR('',#2717,1.);
#833=VECTOR('',#2718,1.);
#834=VECTOR('',#2721,1.);
#835=VECTOR('',#2722,1.);
#836=VECTOR('',#2723,1.);
#837=VECTOR('',#2726,1.);
#838=VECTOR('',#2727,1.);
#839=VECTOR('',#2728,1.);
#840=VECTOR('',#2731,1.);
#841=VECTOR('',#2732,1.);
#842=VECTOR('',#2733,1.);
#843=VECTOR('',#2736,1.);
#844=VECTOR('',#2737,1.);
#845=VECTOR('',#2738,1.);
#846=VECTOR('',#2741,1.);
#847=VECTOR('',#2742,1.);
#848=VECTOR('',#2743,1.);
#849=VECTOR('',#2746,1.);
#850=VECTOR('',#2747,1.);
#851=VECTOR('',#2748,1.);
#852=VECTOR('',#2751,1.);
#853=VECTOR('',#2752,1.);
#854=VECTOR('',#2753,1.);
#855=VECTOR('',#2756,1.);
#856=VECTOR('',#2757,1.);
#857=VECTOR('',#2758,1.);
#858=VECTOR('',#2761,1.);
#859=VECTOR('',#2762,1.);
#860=VECTOR('',#2763,1.);
#861=VECTOR('',#2766,1.);
#862=VECTOR('',#2767,1.);
#863=VECTOR('',#2768,1.);
#864=VECTOR('',#2771,1.);
#865=VECTOR('',#2772,1.);
#866=VECTOR('',#2773,1.);
#867=VECTOR('',#2776,1.);
#868=VECTOR('',#2777,1.);
#869=VECTOR('',#2778,1.);
#870=VECTOR('',#2781,1.);
#871=VECTOR('',#2782,1.);
#872=VECTOR('',#2783,1.);
#873=VECTOR('',#2786,1.);
#874=VECTOR('',#2787,1.);
#875=VECTOR('',#2788,1.);
#876=VECTOR('',#2791,1.);
#877=VECTOR('',#2792,1.);
#878=VECTOR('',#2793,1.);
#879=VECTOR('',#2796,1.);
#880=VECTOR('',#2797,1.);
#881=VECTOR('',#2798,1.);
#882=VECTOR('',#2801,1.);
#883=VECTOR('',#2802,1.);
#884=VECTOR('',#2803,1.);
#885=VECTOR('',#2806,1.);
#886=VECTOR('',#2807,1.);
#887=VECTOR('',#2808,1.);
#888=VECTOR('',#2811,1.);
#889=VECTOR('',#2812,1.);
#890=VECTOR('',#2813,1.);
#891=VECTOR('',#2816,1.);
#892=VECTOR('',#2817,1.);
#893=VECTOR('',#2818,1.);
#894=VECTOR('',#2821,1.);
#895=VECTOR('',#2822,1.);
#896=VECTOR('',#2823,1.);
#897=VECTOR('',#2826,1.);
#898=VECTOR('',#2827,1.);
#899=VECTOR('',#2828,1.);
#900=VECTOR('',#2831,1.);
#901=VECTOR('',#2832,1.);
#902=VECTOR('',#2833,1.);
#903=VECTOR('',#2836,1.);
#904=VECTOR('',#2837,1.);
#905=VECTOR('',#2838,1.);
#906=VECTOR('',#2841,1.);
#907=VECTOR('',#2842,1.);
#908=VECTOR('',#2843,1.);
#909=VECTOR('',#2846,1.);
#910=VECTOR('',#2847,1.);
#911=VECTOR('',#2848,1.);
#912=VECTOR('',#2851,1.);
#913=VECTOR('',#2852,1.);
#914=VECTOR('',#2853,1.);
#915=VECTOR('',#2856,1.);
#916=VECTOR('',#2857,1.);
#917=VECTOR('',#2858,1.);
#918=VECTOR('',#2861,1.);
#919=VECTOR('',#2862,1.);
#920=VECTOR('',#2863,1.);
#921=VECTOR('',#2866,1.);
#922=VECTOR('',#2867,1.);
#923=VECTOR('',#2868,1.);
#924=VECTOR('',#2871,1.);
#925=VECTOR('',#2872,1.);
#926=VECTOR('',#2873,1.);
#927=VECTOR('',#2876,1.);
#928=VECTOR('',#2877,1.);
#929=VECTOR('',#2878,1.);
#930=VECTOR('',#2881,1.);
#931=VECTOR('',#2882,1.);
#932=VECTOR('',#2883,1.);
#933=VECTOR('',#2886,1.);
#934=VECTOR('',#2887,1.);
#935=VECTOR('',#2888,1.);
#936=VECTOR('',#2891,1.);
#937=VECTOR('',#2892,1.);
#938=VECTOR('',#2893,1.);
#939=VECTOR('',#2896,1.);
#940=VECTOR('',#2897,1.);
#941=VECTOR('',#2898,1.);
#942=VECTOR('',#2901,1.);
#943=VECTOR('',#2902,1.);
#944=VECTOR('',#2903,1.);
#945=VECTOR('',#2906,1.);
#946=VECTOR('',#2907,1.);
#947=VECTOR('',#2908,1.);
#948=VECTOR('',#2911,1.);
#949=VECTOR('',#2912,1.);
#950=VECTOR('',#2913,1.);
#951=VECTOR('',#2916,1.);
#952=VECTOR('',#2917,1.);
#953=VECTOR('',#2918,1.);
#954=VECTOR('',#2921,1.);
#955=VECTOR('',#2922,1.);
#956=VECTOR('',#2923,1.);
#957=VECTOR('',#2926,1.);
#958=VECTOR('',#2927,1.);
#959=VECTOR('',#2928,1.);
#960=VECTOR('',#2931,1.);
#961=VECTOR('',#2932,1.);
#962=VECTOR('',#2933,1.);
#963=VECTOR('',#2936,1.);
#964=VECTOR('',#2937,1.);
#965=VECTOR('',#2938,1.);
#966=VECTOR('',#2941,1.);
#967=VECTOR('',#2942,1.);
#968=VECTOR('',#2943,1.);
#969=VECTOR('',#2946,1.);
#970=VECTOR('',#2947,1.);
#971=VECTOR('',#2948,1.);
#972=VECTOR('',#2951,1.);
#973=VECTOR('',#2952,1.);
#974=VECTOR('',#2953,1.);
#975=VECTOR('',#2956,1.);
#976=VECTOR('',#2957,1.);
#977=VECTOR('',#2958,1.);
#978=VECTOR('',#2961,1.);
#979=VECTOR('',#2962,1.);
#980=VECTOR('',#2963,1.);
#981=VECTOR('',#2966,1.);
#982=VECTOR('',#2967,1.);
#983=VECTOR('',#2968,1.);
#984=VECTOR('',#2971,1.);
#985=VECTOR('',#2972,1.);
#986=VECTOR('',#2973,1.);
#987=VECTOR('',#2976,1.);
#988=VECTOR('',#2977,1.);
#989=VECTOR('',#2980,1.);
#990=VECTOR('',#2981,1.);
#991=VECTOR('',#2982,1.);
#992=VECTOR('',#2983,1.);
#993=VECTOR('',#2986,1.);
#994=VECTOR('',#2987,1.);
#995=VECTOR('',#2988,1.);
#996=VECTOR('',#2991,1.);
#997=VECTOR('',#2992,1.);
#998=VECTOR('',#2993,1.);
#999=VECTOR('',#2996,1.);
#1000=VECTOR('',#2997,1.);
#1001=VECTOR('',#3000,1.);
#1002=VECTOR('',#3001,1.);
#1003=VECTOR('',#3004,1.);
#1004=VECTOR('',#3005,1.);
#1005=VECTOR('',#3006,1.);
#1006=VECTOR('',#3007,1.);
#1007=VECTOR('',#3010,1.);
#1008=VECTOR('',#3011,1.);
#1009=VECTOR('',#3016,1.);
#1010=VECTOR('',#3017,1.);
#1011=CIRCLE('',#2346,2.1);
#1012=CIRCLE('',#2347,2.1);
#1013=CIRCLE('',#2349,2.1);
#1014=CIRCLE('',#2350,2.1);
#1015=CIRCLE('',#2352,2.1);
#1016=CIRCLE('',#2353,2.1);
#1017=VERTEX_POINT('',#3027);
#1018=VERTEX_POINT('',#3029);
#1019=VERTEX_POINT('',#3033);
#1020=VERTEX_POINT('',#3035);
#1021=VERTEX_POINT('',#3039);
#1022=VERTEX_POINT('',#3041);
#1023=VERTEX_POINT('',#3045);
#1024=VERTEX_POINT('',#3046);
#1025=VERTEX_POINT('',#3048);
#1026=VERTEX_POINT('',#3050);
#1027=VERTEX_POINT('',#3052);
#1028=VERTEX_POINT('',#3054);
#1029=VERTEX_POINT('',#3056);
#1030=VERTEX_POINT('',#3058);
#1031=VERTEX_POINT('',#3060);
#1032=VERTEX_POINT('',#3062);
#1033=VERTEX_POINT('',#3066);
#1034=VERTEX_POINT('',#3068);
#1035=VERTEX_POINT('',#3072);
#1036=VERTEX_POINT('',#3076);
#1037=VERTEX_POINT('',#3080);
#1038=VERTEX_POINT('',#3081);
#1039=VERTEX_POINT('',#3086);
#1040=VERTEX_POINT('',#3087);
#1041=VERTEX_POINT('',#3089);
#1042=VERTEX_POINT('',#3091);
#1043=VERTEX_POINT('',#3095);
#1044=VERTEX_POINT('',#3096);
#1045=VERTEX_POINT('',#3101);
#1046=VERTEX_POINT('',#3102);
#1047=VERTEX_POINT('',#3107);
#1048=VERTEX_POINT('',#3108);
#1049=VERTEX_POINT('',#3113);
#1050=VERTEX_POINT('',#3114);
#1051=VERTEX_POINT('',#3119);
#1052=VERTEX_POINT('',#3120);
#1053=VERTEX_POINT('',#3125);
#1054=VERTEX_POINT('',#3126);
#1055=VERTEX_POINT('',#3131);
#1056=VERTEX_POINT('',#3132);
#1057=VERTEX_POINT('',#3137);
#1058=VERTEX_POINT('',#3138);
#1059=VERTEX_POINT('',#3143);
#1060=VERTEX_POINT('',#3144);
#1061=VERTEX_POINT('',#3149);
#1062=VERTEX_POINT('',#3150);
#1063=VERTEX_POINT('',#3155);
#1064=VERTEX_POINT('',#3156);
#1065=VERTEX_POINT('',#3161);
#1066=VERTEX_POINT('',#3162);
#1067=VERTEX_POINT('',#3167);
#1068=VERTEX_POINT('',#3168);
#1069=VERTEX_POINT('',#3173);
#1070=VERTEX_POINT('',#3174);
#1071=VERTEX_POINT('',#3179);
#1072=VERTEX_POINT('',#3180);
#1073=VERTEX_POINT('',#3185);
#1074=VERTEX_POINT('',#3186);
#1075=VERTEX_POINT('',#3191);
#1076=VERTEX_POINT('',#3192);
#1077=VERTEX_POINT('',#3197);
#1078=VERTEX_POINT('',#3198);
#1079=VERTEX_POINT('',#3203);
#1080=VERTEX_POINT('',#3204);
#1081=VERTEX_POINT('',#3209);
#1082=VERTEX_POINT('',#3210);
#1083=VERTEX_POINT('',#3215);
#1084=VERTEX_POINT('',#3216);
#1085=VERTEX_POINT('',#3221);
#1086=VERTEX_POINT('',#3222);
#1087=VERTEX_POINT('',#3227);
#1088=VERTEX_POINT('',#3228);
#1089=VERTEX_POINT('',#3233);
#1090=VERTEX_POINT('',#3234);
#1091=VERTEX_POINT('',#3239);
#1092=VERTEX_POINT('',#3240);
#1093=VERTEX_POINT('',#3245);
#1094=VERTEX_POINT('',#3246);
#1095=VERTEX_POINT('',#3251);
#1096=VERTEX_POINT('',#3252);
#1097=VERTEX_POINT('',#3257);
#1098=VERTEX_POINT('',#3258);
#1099=VERTEX_POINT('',#3263);
#1100=VERTEX_POINT('',#3264);
#1101=VERTEX_POINT('',#3269);
#1102=VERTEX_POINT('',#3270);
#1103=VERTEX_POINT('',#3275);
#1104=VERTEX_POINT('',#3276);
#1105=VERTEX_POINT('',#3281);
#1106=VERTEX_POINT('',#3282);
#1107=VERTEX_POINT('',#3287);
#1108=VERTEX_POINT('',#3288);
#1109=VERTEX_POINT('',#3293);
#1110=VERTEX_POINT('',#3294);
#1111=VERTEX_POINT('',#3299);
#1112=VERTEX_POINT('',#3300);
#1113=VERTEX_POINT('',#3305);
#1114=VERTEX_POINT('',#3306);
#1115=VERTEX_POINT('',#3311);
#1116=VERTEX_POINT('',#3312);
#1117=VERTEX_POINT('',#3317);
#1118=VERTEX_POINT('',#3318);
#1119=VERTEX_POINT('',#3323);
#1120=VERTEX_POINT('',#3324);
#1121=VERTEX_POINT('',#3329);
#1122=VERTEX_POINT('',#3330);
#1123=VERTEX_POINT('',#3335);
#1124=VERTEX_POINT('',#3336);
#1125=VERTEX_POINT('',#3341);
#1126=VERTEX_POINT('',#3342);
#1127=VERTEX_POINT('',#3347);
#1128=VERTEX_POINT('',#3348);
#1129=VERTEX_POINT('',#3353);
#1130=VERTEX_POINT('',#3354);
#1131=VERTEX_POINT('',#3359);
#1132=VERTEX_POINT('',#3360);
#1133=VERTEX_POINT('',#3365);
#1134=VERTEX_POINT('',#3366);
#1135=VERTEX_POINT('',#3371);
#1136=VERTEX_POINT('',#3372);
#1137=VERTEX_POINT('',#3377);
#1138=VERTEX_POINT('',#3378);
#1139=VERTEX_POINT('',#3383);
#1140=VERTEX_POINT('',#3384);
#1141=VERTEX_POINT('',#3389);
#1142=VERTEX_POINT('',#3390);
#1143=VERTEX_POINT('',#3395);
#1144=VERTEX_POINT('',#3396);
#1145=VERTEX_POINT('',#3401);
#1146=VERTEX_POINT('',#3402);
#1147=VERTEX_POINT('',#3407);
#1148=VERTEX_POINT('',#3408);
#1149=VERTEX_POINT('',#3413);
#1150=VERTEX_POINT('',#3414);
#1151=VERTEX_POINT('',#3419);
#1152=VERTEX_POINT('',#3420);
#1153=VERTEX_POINT('',#3425);
#1154=VERTEX_POINT('',#3426);
#1155=VERTEX_POINT('',#3431);
#1156=VERTEX_POINT('',#3432);
#1157=VERTEX_POINT('',#3437);
#1158=VERTEX_POINT('',#3438);
#1159=VERTEX_POINT('',#3443);
#1160=VERTEX_POINT('',#3444);
#1161=VERTEX_POINT('',#3449);
#1162=VERTEX_POINT('',#3450);
#1163=VERTEX_POINT('',#3455);
#1164=VERTEX_POINT('',#3456);
#1165=VERTEX_POINT('',#3461);
#1166=VERTEX_POINT('',#3462);
#1167=VERTEX_POINT('',#3467);
#1168=VERTEX_POINT('',#3468);
#1169=VERTEX_POINT('',#3473);
#1170=VERTEX_POINT('',#3474);
#1171=VERTEX_POINT('',#3479);
#1172=VERTEX_POINT('',#3480);
#1173=VERTEX_POINT('',#3485);
#1174=VERTEX_POINT('',#3486);
#1175=VERTEX_POINT('',#3491);
#1176=VERTEX_POINT('',#3492);
#1177=VERTEX_POINT('',#3497);
#1178=VERTEX_POINT('',#3498);
#1179=VERTEX_POINT('',#3503);
#1180=VERTEX_POINT('',#3504);
#1181=VERTEX_POINT('',#3509);
#1182=VERTEX_POINT('',#3510);
#1183=VERTEX_POINT('',#3515);
#1184=VERTEX_POINT('',#3516);
#1185=VERTEX_POINT('',#3521);
#1186=VERTEX_POINT('',#3522);
#1187=VERTEX_POINT('',#3527);
#1188=VERTEX_POINT('',#3528);
#1189=VERTEX_POINT('',#3533);
#1190=VERTEX_POINT('',#3534);
#1191=VERTEX_POINT('',#3539);
#1192=VERTEX_POINT('',#3540);
#1193=VERTEX_POINT('',#3545);
#1194=VERTEX_POINT('',#3546);
#1195=VERTEX_POINT('',#3551);
#1196=VERTEX_POINT('',#3552);
#1197=VERTEX_POINT('',#3557);
#1198=VERTEX_POINT('',#3558);
#1199=VERTEX_POINT('',#3563);
#1200=VERTEX_POINT('',#3564);
#1201=VERTEX_POINT('',#3569);
#1202=VERTEX_POINT('',#3570);
#1203=VERTEX_POINT('',#3575);
#1204=VERTEX_POINT('',#3576);
#1205=VERTEX_POINT('',#3581);
#1206=VERTEX_POINT('',#3582);
#1207=VERTEX_POINT('',#3587);
#1208=VERTEX_POINT('',#3588);
#1209=VERTEX_POINT('',#3593);
#1210=VERTEX_POINT('',#3594);
#1211=VERTEX_POINT('',#3599);
#1212=VERTEX_POINT('',#3600);
#1213=VERTEX_POINT('',#3605);
#1214=VERTEX_POINT('',#3606);
#1215=VERTEX_POINT('',#3611);
#1216=VERTEX_POINT('',#3612);
#1217=VERTEX_POINT('',#3617);
#1218=VERTEX_POINT('',#3618);
#1219=VERTEX_POINT('',#3623);
#1220=VERTEX_POINT('',#3624);
#1221=VERTEX_POINT('',#3629);
#1222=VERTEX_POINT('',#3630);
#1223=VERTEX_POINT('',#3638);
#1224=VERTEX_POINT('',#3639);
#1225=VERTEX_POINT('',#3641);
#1226=VERTEX_POINT('',#3643);
#1227=VERTEX_POINT('',#3647);
#1228=VERTEX_POINT('',#3649);
#1229=VERTEX_POINT('',#3653);
#1230=VERTEX_POINT('',#3654);
#1231=VERTEX_POINT('',#3662);
#1232=VERTEX_POINT('',#3666);
#1233=VERTEX_POINT('',#3668);
#1234=VERTEX_POINT('',#3670);
#1235=EDGE_CURVE('',#1017,#1017,#1011,.T.);
#1236=EDGE_CURVE('',#1017,#1018,#369,.T.);
#1237=EDGE_CURVE('',#1018,#1018,#1012,.T.);
#1238=EDGE_CURVE('',#1019,#1019,#1013,.T.);
#1239=EDGE_CURVE('',#1019,#1020,#370,.T.);
#1240=EDGE_CURVE('',#1020,#1020,#1014,.T.);
#1241=EDGE_CURVE('',#1021,#1021,#1015,.T.);
#1242=EDGE_CURVE('',#1021,#1022,#371,.T.);
#1243=EDGE_CURVE('',#1022,#1022,#1016,.T.);
#1244=EDGE_CURVE('',#1023,#1024,#372,.T.);
#1245=EDGE_CURVE('',#1025,#1023,#373,.T.);
#1246=EDGE_CURVE('',#1026,#1025,#374,.T.);
#1247=EDGE_CURVE('',#1027,#1026,#375,.T.);
#1248=EDGE_CURVE('',#1028,#1027,#376,.T.);
#1249=EDGE_CURVE('',#1028,#1029,#377,.T.);
#1250=EDGE_CURVE('',#1029,#1030,#378,.T.);
#1251=EDGE_CURVE('',#1031,#1030,#379,.T.);
#1252=EDGE_CURVE('',#1032,#1031,#380,.T.);
#1253=EDGE_CURVE('',#1024,#1032,#381,.T.);
#1254=EDGE_CURVE('',#1026,#1033,#382,.T.);
#1255=EDGE_CURVE('',#1034,#1033,#383,.T.);
#1256=EDGE_CURVE('',#1027,#1034,#384,.T.);
#1257=EDGE_CURVE('',#1025,#1035,#385,.T.);
#1258=EDGE_CURVE('',#1033,#1035,#386,.T.);
#1259=EDGE_CURVE('',#1023,#1036,#387,.T.);
#1260=EDGE_CURVE('',#1036,#1035,#388,.T.);
#1261=EDGE_CURVE('',#1037,#1038,#389,.T.);
#1262=EDGE_CURVE('',#1030,#1038,#390,.T.);
#1263=EDGE_CURVE('',#1029,#1037,#391,.T.);
#1264=EDGE_CURVE('',#1039,#1040,#392,.T.);
#1265=EDGE_CURVE('',#1040,#1041,#393,.T.);
#1266=EDGE_CURVE('',#1042,#1041,#394,.T.);
#1267=EDGE_CURVE('',#1039,#1042,#395,.T.);
#1268=EDGE_CURVE('',#1043,#1044,#396,.T.);
#1269=EDGE_CURVE('',#1044,#1040,#397,.T.);
#1270=EDGE_CURVE('',#1043,#1039,#398,.T.);
#1271=EDGE_CURVE('',#1045,#1046,#399,.T.);
#1272=EDGE_CURVE('',#1046,#1044,#400,.T.);
#1273=EDGE_CURVE('',#1045,#1043,#401,.T.);
#1274=EDGE_CURVE('',#1047,#1048,#402,.T.);
#1275=EDGE_CURVE('',#1048,#1046,#403,.T.);
#1276=EDGE_CURVE('',#1047,#1045,#404,.T.);
#1277=EDGE_CURVE('',#1049,#1050,#405,.T.);
#1278=EDGE_CURVE('',#1050,#1048,#406,.T.);
#1279=EDGE_CURVE('',#1049,#1047,#407,.T.);
#1280=EDGE_CURVE('',#1051,#1052,#408,.T.);
#1281=EDGE_CURVE('',#1052,#1050,#409,.T.);
#1282=EDGE_CURVE('',#1051,#1049,#410,.T.);
#1283=EDGE_CURVE('',#1053,#1054,#411,.T.);
#1284=EDGE_CURVE('',#1054,#1052,#412,.T.);
#1285=EDGE_CURVE('',#1053,#1051,#413,.T.);
#1286=EDGE_CURVE('',#1055,#1056,#414,.T.);
#1287=EDGE_CURVE('',#1056,#1054,#415,.T.);
#1288=EDGE_CURVE('',#1055,#1053,#416,.T.);
#1289=EDGE_CURVE('',#1057,#1058,#417,.T.);
#1290=EDGE_CURVE('',#1058,#1056,#418,.T.);
#1291=EDGE_CURVE('',#1057,#1055,#419,.T.);
#1292=EDGE_CURVE('',#1059,#1060,#420,.T.);
#1293=EDGE_CURVE('',#1060,#1058,#421,.T.);
#1294=EDGE_CURVE('',#1059,#1057,#422,.T.);
#1295=EDGE_CURVE('',#1061,#1062,#423,.T.);
#1296=EDGE_CURVE('',#1062,#1060,#424,.T.);
#1297=EDGE_CURVE('',#1061,#1059,#425,.T.);
#1298=EDGE_CURVE('',#1063,#1064,#426,.T.);
#1299=EDGE_CURVE('',#1064,#1062,#427,.T.);
#1300=EDGE_CURVE('',#1063,#1061,#428,.T.);
#1301=EDGE_CURVE('',#1065,#1066,#429,.T.);
#1302=EDGE_CURVE('',#1066,#1064,#430,.T.);
#1303=EDGE_CURVE('',#1065,#1063,#431,.T.);
#1304=EDGE_CURVE('',#1067,#1068,#432,.T.);
#1305=EDGE_CURVE('',#1068,#1066,#433,.T.);
#1306=EDGE_CURVE('',#1067,#1065,#434,.T.);
#1307=EDGE_CURVE('',#1069,#1070,#435,.T.);
#1308=EDGE_CURVE('',#1070,#1068,#436,.T.);
#1309=EDGE_CURVE('',#1069,#1067,#437,.T.);
#1310=EDGE_CURVE('',#1071,#1072,#438,.T.);
#1311=EDGE_CURVE('',#1072,#1070,#439,.T.);
#1312=EDGE_CURVE('',#1071,#1069,#440,.T.);
#1313=EDGE_CURVE('',#1073,#1074,#441,.T.);
#1314=EDGE_CURVE('',#1074,#1072,#442,.T.);
#1315=EDGE_CURVE('',#1073,#1071,#443,.T.);
#1316=EDGE_CURVE('',#1075,#1076,#444,.T.);
#1317=EDGE_CURVE('',#1076,#1074,#445,.T.);
#1318=EDGE_CURVE('',#1075,#1073,#446,.T.);
#1319=EDGE_CURVE('',#1077,#1078,#447,.T.);
#1320=EDGE_CURVE('',#1078,#1076,#448,.T.);
#1321=EDGE_CURVE('',#1077,#1075,#449,.T.);
#1322=EDGE_CURVE('',#1079,#1080,#450,.T.);
#1323=EDGE_CURVE('',#1080,#1078,#451,.T.);
#1324=EDGE_CURVE('',#1079,#1077,#452,.T.);
#1325=EDGE_CURVE('',#1081,#1082,#453,.T.);
#1326=EDGE_CURVE('',#1082,#1080,#454,.T.);
#1327=EDGE_CURVE('',#1081,#1079,#455,.T.);
#1328=EDGE_CURVE('',#1083,#1084,#456,.T.);
#1329=EDGE_CURVE('',#1084,#1082,#457,.T.);
#1330=EDGE_CURVE('',#1083,#1081,#458,.T.);
#1331=EDGE_CURVE('',#1085,#1086,#459,.T.);
#1332=EDGE_CURVE('',#1086,#1084,#460,.T.);
#1333=EDGE_CURVE('',#1085,#1083,#461,.T.);
#1334=EDGE_CURVE('',#1087,#1088,#462,.T.);
#1335=EDGE_CURVE('',#1088,#1086,#463,.T.);
#1336=EDGE_CURVE('',#1087,#1085,#464,.T.);
#1337=EDGE_CURVE('',#1089,#1090,#465,.T.);
#1338=EDGE_CURVE('',#1090,#1088,#466,.T.);
#1339=EDGE_CURVE('',#1089,#1087,#467,.T.);
#1340=EDGE_CURVE('',#1091,#1092,#468,.T.);
#1341=EDGE_CURVE('',#1092,#1090,#469,.T.);
#1342=EDGE_CURVE('',#1091,#1089,#470,.T.);
#1343=EDGE_CURVE('',#1093,#1094,#471,.T.);
#1344=EDGE_CURVE('',#1094,#1092,#472,.T.);
#1345=EDGE_CURVE('',#1093,#1091,#473,.T.);
#1346=EDGE_CURVE('',#1095,#1096,#474,.T.);
#1347=EDGE_CURVE('',#1096,#1094,#475,.T.);
#1348=EDGE_CURVE('',#1095,#1093,#476,.T.);
#1349=EDGE_CURVE('',#1097,#1098,#477,.T.);
#1350=EDGE_CURVE('',#1098,#1096,#478,.T.);
#1351=EDGE_CURVE('',#1097,#1095,#479,.T.);
#1352=EDGE_CURVE('',#1099,#1100,#480,.T.);
#1353=EDGE_CURVE('',#1100,#1098,#481,.T.);
#1354=EDGE_CURVE('',#1099,#1097,#482,.T.);
#1355=EDGE_CURVE('',#1101,#1102,#483,.T.);
#1356=EDGE_CURVE('',#1102,#1100,#484,.T.);
#1357=EDGE_CURVE('',#1101,#1099,#485,.T.);
#1358=EDGE_CURVE('',#1103,#1104,#486,.T.);
#1359=EDGE_CURVE('',#1104,#1102,#487,.T.);
#1360=EDGE_CURVE('',#1103,#1101,#488,.T.);
#1361=EDGE_CURVE('',#1105,#1106,#489,.T.);
#1362=EDGE_CURVE('',#1106,#1104,#490,.T.);
#1363=EDGE_CURVE('',#1105,#1103,#491,.T.);
#1364=EDGE_CURVE('',#1107,#1108,#492,.T.);
#1365=EDGE_CURVE('',#1108,#1106,#493,.T.);
#1366=EDGE_CURVE('',#1107,#1105,#494,.T.);
#1367=EDGE_CURVE('',#1109,#1110,#495,.T.);
#1368=EDGE_CURVE('',#1110,#1108,#496,.T.);
#1369=EDGE_CURVE('',#1109,#1107,#497,.T.);
#1370=EDGE_CURVE('',#1111,#1112,#498,.T.);
#1371=EDGE_CURVE('',#1112,#1110,#499,.T.);
#1372=EDGE_CURVE('',#1111,#1109,#500,.T.);
#1373=EDGE_CURVE('',#1113,#1114,#501,.T.);
#1374=EDGE_CURVE('',#1114,#1112,#502,.T.);
#1375=EDGE_CURVE('',#1113,#1111,#503,.T.);
#1376=EDGE_CURVE('',#1115,#1116,#504,.T.);
#1377=EDGE_CURVE('',#1116,#1114,#505,.T.);
#1378=EDGE_CURVE('',#1115,#1113,#506,.T.);
#1379=EDGE_CURVE('',#1117,#1118,#507,.T.);
#1380=EDGE_CURVE('',#1118,#1116,#508,.T.);
#1381=EDGE_CURVE('',#1117,#1115,#509,.T.);
#1382=EDGE_CURVE('',#1119,#1120,#510,.T.);
#1383=EDGE_CURVE('',#1120,#1118,#511,.T.);
#1384=EDGE_CURVE('',#1119,#1117,#512,.T.);
#1385=EDGE_CURVE('',#1121,#1122,#513,.T.);
#1386=EDGE_CURVE('',#1122,#1120,#514,.T.);
#1387=EDGE_CURVE('',#1121,#1119,#515,.T.);
#1388=EDGE_CURVE('',#1123,#1124,#516,.T.);
#1389=EDGE_CURVE('',#1124,#1122,#517,.T.);
#1390=EDGE_CURVE('',#1123,#1121,#518,.T.);
#1391=EDGE_CURVE('',#1125,#1126,#519,.T.);
#1392=EDGE_CURVE('',#1126,#1124,#520,.T.);
#1393=EDGE_CURVE('',#1125,#1123,#521,.T.);
#1394=EDGE_CURVE('',#1127,#1128,#522,.T.);
#1395=EDGE_CURVE('',#1128,#1126,#523,.T.);
#1396=EDGE_CURVE('',#1127,#1125,#524,.T.);
#1397=EDGE_CURVE('',#1129,#1130,#525,.T.);
#1398=EDGE_CURVE('',#1130,#1128,#526,.T.);
#1399=EDGE_CURVE('',#1129,#1127,#527,.T.);
#1400=EDGE_CURVE('',#1131,#1132,#528,.T.);
#1401=EDGE_CURVE('',#1130,#1132,#529,.T.);
#1402=EDGE_CURVE('',#1129,#1131,#530,.T.);
#1403=EDGE_CURVE('',#1133,#1134,#531,.T.);
#1404=EDGE_CURVE('',#1132,#1134,#532,.T.);
#1405=EDGE_CURVE('',#1131,#1133,#533,.T.);
#1406=EDGE_CURVE('',#1135,#1136,#534,.T.);
#1407=EDGE_CURVE('',#1134,#1136,#535,.T.);
#1408=EDGE_CURVE('',#1133,#1135,#536,.T.);
#1409=EDGE_CURVE('',#1137,#1138,#537,.T.);
#1410=EDGE_CURVE('',#1136,#1138,#538,.T.);
#1411=EDGE_CURVE('',#1135,#1137,#539,.T.);
#1412=EDGE_CURVE('',#1139,#1140,#540,.T.);
#1413=EDGE_CURVE('',#1138,#1140,#541,.T.);
#1414=EDGE_CURVE('',#1137,#1139,#542,.T.);
#1415=EDGE_CURVE('',#1141,#1142,#543,.T.);
#1416=EDGE_CURVE('',#1140,#1142,#544,.T.);
#1417=EDGE_CURVE('',#1139,#1141,#545,.T.);
#1418=EDGE_CURVE('',#1143,#1144,#546,.T.);
#1419=EDGE_CURVE('',#1142,#1144,#547,.T.);
#1420=EDGE_CURVE('',#1141,#1143,#548,.T.);
#1421=EDGE_CURVE('',#1145,#1146,#549,.T.);
#1422=EDGE_CURVE('',#1144,#1146,#550,.T.);
#1423=EDGE_CURVE('',#1143,#1145,#551,.T.);
#1424=EDGE_CURVE('',#1147,#1148,#552,.T.);
#1425=EDGE_CURVE('',#1146,#1148,#553,.T.);
#1426=EDGE_CURVE('',#1145,#1147,#554,.T.);
#1427=EDGE_CURVE('',#1149,#1150,#555,.T.);
#1428=EDGE_CURVE('',#1148,#1150,#556,.T.);
#1429=EDGE_CURVE('',#1147,#1149,#557,.T.);
#1430=EDGE_CURVE('',#1151,#1152,#558,.T.);
#1431=EDGE_CURVE('',#1150,#1152,#559,.T.);
#1432=EDGE_CURVE('',#1149,#1151,#560,.T.);
#1433=EDGE_CURVE('',#1153,#1154,#561,.T.);
#1434=EDGE_CURVE('',#1152,#1154,#562,.T.);
#1435=EDGE_CURVE('',#1151,#1153,#563,.T.);
#1436=EDGE_CURVE('',#1155,#1156,#564,.T.);
#1437=EDGE_CURVE('',#1154,#1156,#565,.T.);
#1438=EDGE_CURVE('',#1153,#1155,#566,.T.);
#1439=EDGE_CURVE('',#1157,#1158,#567,.T.);
#1440=EDGE_CURVE('',#1156,#1158,#568,.T.);
#1441=EDGE_CURVE('',#1155,#1157,#569,.T.);
#1442=EDGE_CURVE('',#1159,#1160,#570,.T.);
#1443=EDGE_CURVE('',#1158,#1160,#571,.T.);
#1444=EDGE_CURVE('',#1157,#1159,#572,.T.);
#1445=EDGE_CURVE('',#1161,#1162,#573,.T.);
#1446=EDGE_CURVE('',#1160,#1162,#574,.T.);
#1447=EDGE_CURVE('',#1159,#1161,#575,.T.);
#1448=EDGE_CURVE('',#1163,#1164,#576,.T.);
#1449=EDGE_CURVE('',#1162,#1164,#577,.T.);
#1450=EDGE_CURVE('',#1161,#1163,#578,.T.);
#1451=EDGE_CURVE('',#1165,#1166,#579,.T.);
#1452=EDGE_CURVE('',#1164,#1166,#580,.T.);
#1453=EDGE_CURVE('',#1163,#1165,#581,.T.);
#1454=EDGE_CURVE('',#1167,#1168,#582,.T.);
#1455=EDGE_CURVE('',#1166,#1168,#583,.T.);
#1456=EDGE_CURVE('',#1165,#1167,#584,.T.);
#1457=EDGE_CURVE('',#1169,#1170,#585,.T.);
#1458=EDGE_CURVE('',#1168,#1170,#586,.T.);
#1459=EDGE_CURVE('',#1167,#1169,#587,.T.);
#1460=EDGE_CURVE('',#1171,#1172,#588,.T.);
#1461=EDGE_CURVE('',#1170,#1172,#589,.T.);
#1462=EDGE_CURVE('',#1169,#1171,#590,.T.);
#1463=EDGE_CURVE('',#1173,#1174,#591,.T.);
#1464=EDGE_CURVE('',#1172,#1174,#592,.T.);
#1465=EDGE_CURVE('',#1171,#1173,#593,.T.);
#1466=EDGE_CURVE('',#1175,#1176,#594,.T.);
#1467=EDGE_CURVE('',#1174,#1176,#595,.T.);
#1468=EDGE_CURVE('',#1173,#1175,#596,.T.);
#1469=EDGE_CURVE('',#1177,#1178,#597,.T.);
#1470=EDGE_CURVE('',#1176,#1178,#598,.T.);
#1471=EDGE_CURVE('',#1175,#1177,#599,.T.);
#1472=EDGE_CURVE('',#1179,#1180,#600,.T.);
#1473=EDGE_CURVE('',#1178,#1180,#601,.T.);
#1474=EDGE_CURVE('',#1177,#1179,#602,.T.);
#1475=EDGE_CURVE('',#1181,#1182,#603,.T.);
#1476=EDGE_CURVE('',#1180,#1182,#604,.T.);
#1477=EDGE_CURVE('',#1179,#1181,#605,.T.);
#1478=EDGE_CURVE('',#1183,#1184,#606,.T.);
#1479=EDGE_CURVE('',#1182,#1184,#607,.T.);
#1480=EDGE_CURVE('',#1181,#1183,#608,.T.);
#1481=EDGE_CURVE('',#1185,#1186,#609,.T.);
#1482=EDGE_CURVE('',#1184,#1186,#610,.T.);
#1483=EDGE_CURVE('',#1183,#1185,#611,.T.);
#1484=EDGE_CURVE('',#1187,#1188,#612,.T.);
#1485=EDGE_CURVE('',#1186,#1188,#613,.T.);
#1486=EDGE_CURVE('',#1185,#1187,#614,.T.);
#1487=EDGE_CURVE('',#1189,#1190,#615,.T.);
#1488=EDGE_CURVE('',#1188,#1190,#616,.T.);
#1489=EDGE_CURVE('',#1187,#1189,#617,.T.);
#1490=EDGE_CURVE('',#1191,#1192,#618,.T.);
#1491=EDGE_CURVE('',#1190,#1192,#619,.T.);
#1492=EDGE_CURVE('',#1189,#1191,#620,.T.);
#1493=EDGE_CURVE('',#1193,#1194,#621,.T.);
#1494=EDGE_CURVE('',#1192,#1194,#622,.T.);
#1495=EDGE_CURVE('',#1191,#1193,#623,.T.);
#1496=EDGE_CURVE('',#1195,#1196,#624,.T.);
#1497=EDGE_CURVE('',#1194,#1196,#625,.T.);
#1498=EDGE_CURVE('',#1193,#1195,#626,.T.);
#1499=EDGE_CURVE('',#1197,#1198,#627,.T.);
#1500=EDGE_CURVE('',#1196,#1198,#628,.T.);
#1501=EDGE_CURVE('',#1195,#1197,#629,.T.);
#1502=EDGE_CURVE('',#1199,#1200,#630,.T.);
#1503=EDGE_CURVE('',#1198,#1200,#631,.T.);
#1504=EDGE_CURVE('',#1197,#1199,#632,.T.);
#1505=EDGE_CURVE('',#1201,#1202,#633,.T.);
#1506=EDGE_CURVE('',#1200,#1202,#634,.T.);
#1507=EDGE_CURVE('',#1199,#1201,#635,.T.);
#1508=EDGE_CURVE('',#1203,#1204,#636,.T.);
#1509=EDGE_CURVE('',#1202,#1204,#637,.T.);
#1510=EDGE_CURVE('',#1201,#1203,#638,.T.);
#1511=EDGE_CURVE('',#1205,#1206,#639,.T.);
#1512=EDGE_CURVE('',#1204,#1206,#640,.T.);
#1513=EDGE_CURVE('',#1203,#1205,#641,.T.);
#1514=EDGE_CURVE('',#1207,#1208,#642,.T.);
#1515=EDGE_CURVE('',#1206,#1208,#643,.T.);
#1516=EDGE_CURVE('',#1205,#1207,#644,.T.);
#1517=EDGE_CURVE('',#1209,#1210,#645,.T.);
#1518=EDGE_CURVE('',#1208,#1210,#646,.T.);
#1519=EDGE_CURVE('',#1207,#1209,#647,.T.);
#1520=EDGE_CURVE('',#1211,#1212,#648,.T.);
#1521=EDGE_CURVE('',#1210,#1212,#649,.T.);
#1522=EDGE_CURVE('',#1209,#1211,#650,.T.);
#1523=EDGE_CURVE('',#1213,#1214,#651,.T.);
#1524=EDGE_CURVE('',#1212,#1214,#652,.T.);
#1525=EDGE_CURVE('',#1211,#1213,#653,.T.);
#1526=EDGE_CURVE('',#1215,#1216,#654,.T.);
#1527=EDGE_CURVE('',#1214,#1216,#655,.T.);
#1528=EDGE_CURVE('',#1213,#1215,#656,.T.);
#1529=EDGE_CURVE('',#1217,#1218,#657,.T.);
#1530=EDGE_CURVE('',#1216,#1218,#658,.T.);
#1531=EDGE_CURVE('',#1215,#1217,#659,.T.);
#1532=EDGE_CURVE('',#1219,#1220,#660,.T.);
#1533=EDGE_CURVE('',#1218,#1220,#661,.T.);
#1534=EDGE_CURVE('',#1217,#1219,#662,.T.);
#1535=EDGE_CURVE('',#1221,#1222,#663,.T.);
#1536=EDGE_CURVE('',#1220,#1222,#664,.T.);
#1537=EDGE_CURVE('',#1219,#1221,#665,.T.);
#1538=EDGE_CURVE('',#1041,#1222,#666,.T.);
#1539=EDGE_CURVE('',#1042,#1221,#667,.T.);
#1540=EDGE_CURVE('',#1223,#1224,#668,.T.);
#1541=EDGE_CURVE('',#1225,#1224,#669,.T.);
#1542=EDGE_CURVE('',#1226,#1225,#670,.T.);
#1543=EDGE_CURVE('',#1226,#1223,#671,.T.);
#1544=EDGE_CURVE('',#1223,#1227,#672,.T.);
#1545=EDGE_CURVE('',#1227,#1228,#673,.T.);
#1546=EDGE_CURVE('',#1224,#1228,#674,.T.);
#1547=EDGE_CURVE('',#1229,#1230,#675,.T.);
#1548=EDGE_CURVE('',#1230,#1228,#676,.T.);
#1549=EDGE_CURVE('',#1229,#1227,#677,.T.);
#1550=EDGE_CURVE('',#1225,#1230,#678,.T.);
#1551=EDGE_CURVE('',#1226,#1229,#679,.T.);
#1552=EDGE_CURVE('',#1231,#1038,#680,.T.);
#1553=EDGE_CURVE('',#1031,#1231,#681,.T.);
#1554=EDGE_CURVE('',#1232,#1037,#682,.T.);
#1555=EDGE_CURVE('',#1232,#1233,#683,.T.);
#1556=EDGE_CURVE('',#1233,#1234,#684,.T.);
#1557=EDGE_CURVE('',#1234,#1231,#685,.T.);
#1558=EDGE_CURVE('',#1024,#1233,#686,.T.);
#1559=EDGE_CURVE('',#1032,#1234,#687,.T.);
#1560=EDGE_CURVE('',#1028,#1232,#688,.T.);
#1561=EDGE_CURVE('',#1034,#1036,#689,.T.);
#1562=ORIENTED_EDGE('',*,*,#1235,.F.);
#1563=ORIENTED_EDGE('',*,*,#1236,.T.);
#1564=ORIENTED_EDGE('',*,*,#1237,.F.);
#1565=ORIENTED_EDGE('',*,*,#1236,.F.);
#1566=ORIENTED_EDGE('',*,*,#1238,.F.);
#1567=ORIENTED_EDGE('',*,*,#1239,.T.);
#1568=ORIENTED_EDGE('',*,*,#1240,.F.);
#1569=ORIENTED_EDGE('',*,*,#1239,.F.);
#1570=ORIENTED_EDGE('',*,*,#1241,.F.);
#1571=ORIENTED_EDGE('',*,*,#1242,.T.);
#1572=ORIENTED_EDGE('',*,*,#1243,.F.);
#1573=ORIENTED_EDGE('',*,*,#1242,.F.);
#1574=ORIENTED_EDGE('',*,*,#1244,.F.);
#1575=ORIENTED_EDGE('',*,*,#1245,.F.);
#1576=ORIENTED_EDGE('',*,*,#1246,.F.);
#1577=ORIENTED_EDGE('',*,*,#1247,.F.);
#1578=ORIENTED_EDGE('',*,*,#1248,.F.);
#1579=ORIENTED_EDGE('',*,*,#1249,.T.);
#1580=ORIENTED_EDGE('',*,*,#1250,.T.);
#1581=ORIENTED_EDGE('',*,*,#1251,.F.);
#1582=ORIENTED_EDGE('',*,*,#1252,.F.);
#1583=ORIENTED_EDGE('',*,*,#1253,.F.);
#1584=ORIENTED_EDGE('',*,*,#1247,.T.);
#1585=ORIENTED_EDGE('',*,*,#1254,.T.);
#1586=ORIENTED_EDGE('',*,*,#1255,.F.);
#1587=ORIENTED_EDGE('',*,*,#1256,.F.);
#1588=ORIENTED_EDGE('',*,*,#1246,.T.);
#1589=ORIENTED_EDGE('',*,*,#1257,.T.);
#1590=ORIENTED_EDGE('',*,*,#1258,.F.);
#1591=ORIENTED_EDGE('',*,*,#1254,.F.);
#1592=ORIENTED_EDGE('',*,*,#1245,.T.);
#1593=ORIENTED_EDGE('',*,*,#1259,.T.);
#1594=ORIENTED_EDGE('',*,*,#1260,.T.);
#1595=ORIENTED_EDGE('',*,*,#1257,.F.);
#1596=ORIENTED_EDGE('',*,*,#1261,.T.);
#1597=ORIENTED_EDGE('',*,*,#1262,.F.);
#1598=ORIENTED_EDGE('',*,*,#1250,.F.);
#1599=ORIENTED_EDGE('',*,*,#1263,.T.);
#1600=ORIENTED_EDGE('',*,*,#1264,.T.);
#1601=ORIENTED_EDGE('',*,*,#1265,.T.);
#1602=ORIENTED_EDGE('',*,*,#1266,.F.);
#1603=ORIENTED_EDGE('',*,*,#1267,.F.);
#1604=ORIENTED_EDGE('',*,*,#1268,.T.);
#1605=ORIENTED_EDGE('',*,*,#1269,.T.);
#1606=ORIENTED_EDGE('',*,*,#1264,.F.);
#1607=ORIENTED_EDGE('',*,*,#1270,.F.);
#1608=ORIENTED_EDGE('',*,*,#1271,.T.);
#1609=ORIENTED_EDGE('',*,*,#1272,.T.);
#1610=ORIENTED_EDGE('',*,*,#1268,.F.);
#1611=ORIENTED_EDGE('',*,*,#1273,.F.);
#1612=ORIENTED_EDGE('',*,*,#1274,.T.);
#1613=ORIENTED_EDGE('',*,*,#1275,.T.);
#1614=ORIENTED_EDGE('',*,*,#1271,.F.);
#1615=ORIENTED_EDGE('',*,*,#1276,.F.);
#1616=ORIENTED_EDGE('',*,*,#1277,.T.);
#1617=ORIENTED_EDGE('',*,*,#1278,.T.);
#1618=ORIENTED_EDGE('',*,*,#1274,.F.);
#1619=ORIENTED_EDGE('',*,*,#1279,.F.);
#1620=ORIENTED_EDGE('',*,*,#1280,.T.);
#1621=ORIENTED_EDGE('',*,*,#1281,.T.);
#1622=ORIENTED_EDGE('',*,*,#1277,.F.);
#1623=ORIENTED_EDGE('',*,*,#1282,.F.);
#1624=ORIENTED_EDGE('',*,*,#1283,.T.);
#1625=ORIENTED_EDGE('',*,*,#1284,.T.);
#1626=ORIENTED_EDGE('',*,*,#1280,.F.);
#1627=ORIENTED_EDGE('',*,*,#1285,.F.);
#1628=ORIENTED_EDGE('',*,*,#1286,.T.);
#1629=ORIENTED_EDGE('',*,*,#1287,.T.);
#1630=ORIENTED_EDGE('',*,*,#1283,.F.);
#1631=ORIENTED_EDGE('',*,*,#1288,.F.);
#1632=ORIENTED_EDGE('',*,*,#1289,.T.);
#1633=ORIENTED_EDGE('',*,*,#1290,.T.);
#1634=ORIENTED_EDGE('',*,*,#1286,.F.);
#1635=ORIENTED_EDGE('',*,*,#1291,.F.);
#1636=ORIENTED_EDGE('',*,*,#1292,.T.);
#1637=ORIENTED_EDGE('',*,*,#1293,.T.);
#1638=ORIENTED_EDGE('',*,*,#1289,.F.);
#1639=ORIENTED_EDGE('',*,*,#1294,.F.);
#1640=ORIENTED_EDGE('',*,*,#1295,.T.);
#1641=ORIENTED_EDGE('',*,*,#1296,.T.);
#1642=ORIENTED_EDGE('',*,*,#1292,.F.);
#1643=ORIENTED_EDGE('',*,*,#1297,.F.);
#1644=ORIENTED_EDGE('',*,*,#1298,.T.);
#1645=ORIENTED_EDGE('',*,*,#1299,.T.);
#1646=ORIENTED_EDGE('',*,*,#1295,.F.);
#1647=ORIENTED_EDGE('',*,*,#1300,.F.);
#1648=ORIENTED_EDGE('',*,*,#1301,.T.);
#1649=ORIENTED_EDGE('',*,*,#1302,.T.);
#1650=ORIENTED_EDGE('',*,*,#1298,.F.);
#1651=ORIENTED_EDGE('',*,*,#1303,.F.);
#1652=ORIENTED_EDGE('',*,*,#1304,.T.);
#1653=ORIENTED_EDGE('',*,*,#1305,.T.);
#1654=ORIENTED_EDGE('',*,*,#1301,.F.);
#1655=ORIENTED_EDGE('',*,*,#1306,.F.);
#1656=ORIENTED_EDGE('',*,*,#1307,.T.);
#1657=ORIENTED_EDGE('',*,*,#1308,.T.);
#1658=ORIENTED_EDGE('',*,*,#1304,.F.);
#1659=ORIENTED_EDGE('',*,*,#1309,.F.);
#1660=ORIENTED_EDGE('',*,*,#1310,.T.);
#1661=ORIENTED_EDGE('',*,*,#1311,.T.);
#1662=ORIENTED_EDGE('',*,*,#1307,.F.);
#1663=ORIENTED_EDGE('',*,*,#1312,.F.);
#1664=ORIENTED_EDGE('',*,*,#1313,.T.);
#1665=ORIENTED_EDGE('',*,*,#1314,.T.);
#1666=ORIENTED_EDGE('',*,*,#1310,.F.);
#1667=ORIENTED_EDGE('',*,*,#1315,.F.);
#1668=ORIENTED_EDGE('',*,*,#1316,.T.);
#1669=ORIENTED_EDGE('',*,*,#1317,.T.);
#1670=ORIENTED_EDGE('',*,*,#1313,.F.);
#1671=ORIENTED_EDGE('',*,*,#1318,.F.);
#1672=ORIENTED_EDGE('',*,*,#1319,.T.);
#1673=ORIENTED_EDGE('',*,*,#1320,.T.);
#1674=ORIENTED_EDGE('',*,*,#1316,.F.);
#1675=ORIENTED_EDGE('',*,*,#1321,.F.);
#1676=ORIENTED_EDGE('',*,*,#1322,.T.);
#1677=ORIENTED_EDGE('',*,*,#1323,.T.);
#1678=ORIENTED_EDGE('',*,*,#1319,.F.);
#1679=ORIENTED_EDGE('',*,*,#1324,.F.);
#1680=ORIENTED_EDGE('',*,*,#1325,.T.);
#1681=ORIENTED_EDGE('',*,*,#1326,.T.);
#1682=ORIENTED_EDGE('',*,*,#1322,.F.);
#1683=ORIENTED_EDGE('',*,*,#1327,.F.);
#1684=ORIENTED_EDGE('',*,*,#1328,.T.);
#1685=ORIENTED_EDGE('',*,*,#1329,.T.);
#1686=ORIENTED_EDGE('',*,*,#1325,.F.);
#1687=ORIENTED_EDGE('',*,*,#1330,.F.);
#1688=ORIENTED_EDGE('',*,*,#1331,.T.);
#1689=ORIENTED_EDGE('',*,*,#1332,.T.);
#1690=ORIENTED_EDGE('',*,*,#1328,.F.);
#1691=ORIENTED_EDGE('',*,*,#1333,.F.);
#1692=ORIENTED_EDGE('',*,*,#1334,.T.);
#1693=ORIENTED_EDGE('',*,*,#1335,.T.);
#1694=ORIENTED_EDGE('',*,*,#1331,.F.);
#1695=ORIENTED_EDGE('',*,*,#1336,.F.);
#1696=ORIENTED_EDGE('',*,*,#1337,.T.);
#1697=ORIENTED_EDGE('',*,*,#1338,.T.);
#1698=ORIENTED_EDGE('',*,*,#1334,.F.);
#1699=ORIENTED_EDGE('',*,*,#1339,.F.);
#1700=ORIENTED_EDGE('',*,*,#1340,.T.);
#1701=ORIENTED_EDGE('',*,*,#1341,.T.);
#1702=ORIENTED_EDGE('',*,*,#1337,.F.);
#1703=ORIENTED_EDGE('',*,*,#1342,.F.);
#1704=ORIENTED_EDGE('',*,*,#1343,.T.);
#1705=ORIENTED_EDGE('',*,*,#1344,.T.);
#1706=ORIENTED_EDGE('',*,*,#1340,.F.);
#1707=ORIENTED_EDGE('',*,*,#1345,.F.);
#1708=ORIENTED_EDGE('',*,*,#1346,.T.);
#1709=ORIENTED_EDGE('',*,*,#1347,.T.);
#1710=ORIENTED_EDGE('',*,*,#1343,.F.);
#1711=ORIENTED_EDGE('',*,*,#1348,.F.);
#1712=ORIENTED_EDGE('',*,*,#1349,.T.);
#1713=ORIENTED_EDGE('',*,*,#1350,.T.);
#1714=ORIENTED_EDGE('',*,*,#1346,.F.);
#1715=ORIENTED_EDGE('',*,*,#1351,.F.);
#1716=ORIENTED_EDGE('',*,*,#1352,.T.);
#1717=ORIENTED_EDGE('',*,*,#1353,.T.);
#1718=ORIENTED_EDGE('',*,*,#1349,.F.);
#1719=ORIENTED_EDGE('',*,*,#1354,.F.);
#1720=ORIENTED_EDGE('',*,*,#1355,.T.);
#1721=ORIENTED_EDGE('',*,*,#1356,.T.);
#1722=ORIENTED_EDGE('',*,*,#1352,.F.);
#1723=ORIENTED_EDGE('',*,*,#1357,.F.);
#1724=ORIENTED_EDGE('',*,*,#1358,.T.);
#1725=ORIENTED_EDGE('',*,*,#1359,.T.);
#1726=ORIENTED_EDGE('',*,*,#1355,.F.);
#1727=ORIENTED_EDGE('',*,*,#1360,.F.);
#1728=ORIENTED_EDGE('',*,*,#1361,.T.);
#1729=ORIENTED_EDGE('',*,*,#1362,.T.);
#1730=ORIENTED_EDGE('',*,*,#1358,.F.);
#1731=ORIENTED_EDGE('',*,*,#1363,.F.);
#1732=ORIENTED_EDGE('',*,*,#1364,.T.);
#1733=ORIENTED_EDGE('',*,*,#1365,.T.);
#1734=ORIENTED_EDGE('',*,*,#1361,.F.);
#1735=ORIENTED_EDGE('',*,*,#1366,.F.);
#1736=ORIENTED_EDGE('',*,*,#1367,.T.);
#1737=ORIENTED_EDGE('',*,*,#1368,.T.);
#1738=ORIENTED_EDGE('',*,*,#1364,.F.);
#1739=ORIENTED_EDGE('',*,*,#1369,.F.);
#1740=ORIENTED_EDGE('',*,*,#1370,.T.);
#1741=ORIENTED_EDGE('',*,*,#1371,.T.);
#1742=ORIENTED_EDGE('',*,*,#1367,.F.);
#1743=ORIENTED_EDGE('',*,*,#1372,.F.);
#1744=ORIENTED_EDGE('',*,*,#1373,.T.);
#1745=ORIENTED_EDGE('',*,*,#1374,.T.);
#1746=ORIENTED_EDGE('',*,*,#1370,.F.);
#1747=ORIENTED_EDGE('',*,*,#1375,.F.);
#1748=ORIENTED_EDGE('',*,*,#1376,.T.);
#1749=ORIENTED_EDGE('',*,*,#1377,.T.);
#1750=ORIENTED_EDGE('',*,*,#1373,.F.);
#1751=ORIENTED_EDGE('',*,*,#1378,.F.);
#1752=ORIENTED_EDGE('',*,*,#1379,.T.);
#1753=ORIENTED_EDGE('',*,*,#1380,.T.);
#1754=ORIENTED_EDGE('',*,*,#1376,.F.);
#1755=ORIENTED_EDGE('',*,*,#1381,.F.);
#1756=ORIENTED_EDGE('',*,*,#1382,.T.);
#1757=ORIENTED_EDGE('',*,*,#1383,.T.);
#1758=ORIENTED_EDGE('',*,*,#1379,.F.);
#1759=ORIENTED_EDGE('',*,*,#1384,.F.);
#1760=ORIENTED_EDGE('',*,*,#1385,.T.);
#1761=ORIENTED_EDGE('',*,*,#1386,.T.);
#1762=ORIENTED_EDGE('',*,*,#1382,.F.);
#1763=ORIENTED_EDGE('',*,*,#1387,.F.);
#1764=ORIENTED_EDGE('',*,*,#1388,.T.);
#1765=ORIENTED_EDGE('',*,*,#1389,.T.);
#1766=ORIENTED_EDGE('',*,*,#1385,.F.);
#1767=ORIENTED_EDGE('',*,*,#1390,.F.);
#1768=ORIENTED_EDGE('',*,*,#1391,.T.);
#1769=ORIENTED_EDGE('',*,*,#1392,.T.);
#1770=ORIENTED_EDGE('',*,*,#1388,.F.);
#1771=ORIENTED_EDGE('',*,*,#1393,.F.);
#1772=ORIENTED_EDGE('',*,*,#1394,.T.);
#1773=ORIENTED_EDGE('',*,*,#1395,.T.);
#1774=ORIENTED_EDGE('',*,*,#1391,.F.);
#1775=ORIENTED_EDGE('',*,*,#1396,.F.);
#1776=ORIENTED_EDGE('',*,*,#1397,.T.);
#1777=ORIENTED_EDGE('',*,*,#1398,.T.);
#1778=ORIENTED_EDGE('',*,*,#1394,.F.);
#1779=ORIENTED_EDGE('',*,*,#1399,.F.);
#1780=ORIENTED_EDGE('',*,*,#1400,.T.);
#1781=ORIENTED_EDGE('',*,*,#1401,.F.);
#1782=ORIENTED_EDGE('',*,*,#1397,.F.);
#1783=ORIENTED_EDGE('',*,*,#1402,.T.);
#1784=ORIENTED_EDGE('',*,*,#1403,.T.);
#1785=ORIENTED_EDGE('',*,*,#1404,.F.);
#1786=ORIENTED_EDGE('',*,*,#1400,.F.);
#1787=ORIENTED_EDGE('',*,*,#1405,.T.);
#1788=ORIENTED_EDGE('',*,*,#1406,.T.);
#1789=ORIENTED_EDGE('',*,*,#1407,.F.);
#1790=ORIENTED_EDGE('',*,*,#1403,.F.);
#1791=ORIENTED_EDGE('',*,*,#1408,.T.);
#1792=ORIENTED_EDGE('',*,*,#1409,.T.);
#1793=ORIENTED_EDGE('',*,*,#1410,.F.);
#1794=ORIENTED_EDGE('',*,*,#1406,.F.);
#1795=ORIENTED_EDGE('',*,*,#1411,.T.);
#1796=ORIENTED_EDGE('',*,*,#1412,.T.);
#1797=ORIENTED_EDGE('',*,*,#1413,.F.);
#1798=ORIENTED_EDGE('',*,*,#1409,.F.);
#1799=ORIENTED_EDGE('',*,*,#1414,.T.);
#1800=ORIENTED_EDGE('',*,*,#1415,.T.);
#1801=ORIENTED_EDGE('',*,*,#1416,.F.);
#1802=ORIENTED_EDGE('',*,*,#1412,.F.);
#1803=ORIENTED_EDGE('',*,*,#1417,.T.);
#1804=ORIENTED_EDGE('',*,*,#1418,.T.);
#1805=ORIENTED_EDGE('',*,*,#1419,.F.);
#1806=ORIENTED_EDGE('',*,*,#1415,.F.);
#1807=ORIENTED_EDGE('',*,*,#1420,.T.);
#1808=ORIENTED_EDGE('',*,*,#1421,.T.);
#1809=ORIENTED_EDGE('',*,*,#1422,.F.);
#1810=ORIENTED_EDGE('',*,*,#1418,.F.);
#1811=ORIENTED_EDGE('',*,*,#1423,.T.);
#1812=ORIENTED_EDGE('',*,*,#1424,.T.);
#1813=ORIENTED_EDGE('',*,*,#1425,.F.);
#1814=ORIENTED_EDGE('',*,*,#1421,.F.);
#1815=ORIENTED_EDGE('',*,*,#1426,.T.);
#1816=ORIENTED_EDGE('',*,*,#1427,.T.);
#1817=ORIENTED_EDGE('',*,*,#1428,.F.);
#1818=ORIENTED_EDGE('',*,*,#1424,.F.);
#1819=ORIENTED_EDGE('',*,*,#1429,.T.);
#1820=ORIENTED_EDGE('',*,*,#1430,.T.);
#1821=ORIENTED_EDGE('',*,*,#1431,.F.);
#1822=ORIENTED_EDGE('',*,*,#1427,.F.);
#1823=ORIENTED_EDGE('',*,*,#1432,.T.);
#1824=ORIENTED_EDGE('',*,*,#1433,.T.);
#1825=ORIENTED_EDGE('',*,*,#1434,.F.);
#1826=ORIENTED_EDGE('',*,*,#1430,.F.);
#1827=ORIENTED_EDGE('',*,*,#1435,.T.);
#1828=ORIENTED_EDGE('',*,*,#1436,.T.);
#1829=ORIENTED_EDGE('',*,*,#1437,.F.);
#1830=ORIENTED_EDGE('',*,*,#1433,.F.);
#1831=ORIENTED_EDGE('',*,*,#1438,.T.);
#1832=ORIENTED_EDGE('',*,*,#1439,.T.);
#1833=ORIENTED_EDGE('',*,*,#1440,.F.);
#1834=ORIENTED_EDGE('',*,*,#1436,.F.);
#1835=ORIENTED_EDGE('',*,*,#1441,.T.);
#1836=ORIENTED_EDGE('',*,*,#1442,.T.);
#1837=ORIENTED_EDGE('',*,*,#1443,.F.);
#1838=ORIENTED_EDGE('',*,*,#1439,.F.);
#1839=ORIENTED_EDGE('',*,*,#1444,.T.);
#1840=ORIENTED_EDGE('',*,*,#1445,.T.);
#1841=ORIENTED_EDGE('',*,*,#1446,.F.);
#1842=ORIENTED_EDGE('',*,*,#1442,.F.);
#1843=ORIENTED_EDGE('',*,*,#1447,.T.);
#1844=ORIENTED_EDGE('',*,*,#1448,.T.);
#1845=ORIENTED_EDGE('',*,*,#1449,.F.);
#1846=ORIENTED_EDGE('',*,*,#1445,.F.);
#1847=ORIENTED_EDGE('',*,*,#1450,.T.);
#1848=ORIENTED_EDGE('',*,*,#1451,.T.);
#1849=ORIENTED_EDGE('',*,*,#1452,.F.);
#1850=ORIENTED_EDGE('',*,*,#1448,.F.);
#1851=ORIENTED_EDGE('',*,*,#1453,.T.);
#1852=ORIENTED_EDGE('',*,*,#1454,.T.);
#1853=ORIENTED_EDGE('',*,*,#1455,.F.);
#1854=ORIENTED_EDGE('',*,*,#1451,.F.);
#1855=ORIENTED_EDGE('',*,*,#1456,.T.);
#1856=ORIENTED_EDGE('',*,*,#1457,.T.);
#1857=ORIENTED_EDGE('',*,*,#1458,.F.);
#1858=ORIENTED_EDGE('',*,*,#1454,.F.);
#1859=ORIENTED_EDGE('',*,*,#1459,.T.);
#1860=ORIENTED_EDGE('',*,*,#1460,.T.);
#1861=ORIENTED_EDGE('',*,*,#1461,.F.);
#1862=ORIENTED_EDGE('',*,*,#1457,.F.);
#1863=ORIENTED_EDGE('',*,*,#1462,.T.);
#1864=ORIENTED_EDGE('',*,*,#1463,.T.);
#1865=ORIENTED_EDGE('',*,*,#1464,.F.);
#1866=ORIENTED_EDGE('',*,*,#1460,.F.);
#1867=ORIENTED_EDGE('',*,*,#1465,.T.);
#1868=ORIENTED_EDGE('',*,*,#1466,.T.);
#1869=ORIENTED_EDGE('',*,*,#1467,.F.);
#1870=ORIENTED_EDGE('',*,*,#1463,.F.);
#1871=ORIENTED_EDGE('',*,*,#1468,.T.);
#1872=ORIENTED_EDGE('',*,*,#1469,.T.);
#1873=ORIENTED_EDGE('',*,*,#1470,.F.);
#1874=ORIENTED_EDGE('',*,*,#1466,.F.);
#1875=ORIENTED_EDGE('',*,*,#1471,.T.);
#1876=ORIENTED_EDGE('',*,*,#1472,.T.);
#1877=ORIENTED_EDGE('',*,*,#1473,.F.);
#1878=ORIENTED_EDGE('',*,*,#1469,.F.);
#1879=ORIENTED_EDGE('',*,*,#1474,.T.);
#1880=ORIENTED_EDGE('',*,*,#1475,.T.);
#1881=ORIENTED_EDGE('',*,*,#1476,.F.);
#1882=ORIENTED_EDGE('',*,*,#1472,.F.);
#1883=ORIENTED_EDGE('',*,*,#1477,.T.);
#1884=ORIENTED_EDGE('',*,*,#1478,.T.);
#1885=ORIENTED_EDGE('',*,*,#1479,.F.);
#1886=ORIENTED_EDGE('',*,*,#1475,.F.);
#1887=ORIENTED_EDGE('',*,*,#1480,.T.);
#1888=ORIENTED_EDGE('',*,*,#1481,.T.);
#1889=ORIENTED_EDGE('',*,*,#1482,.F.);
#1890=ORIENTED_EDGE('',*,*,#1478,.F.);
#1891=ORIENTED_EDGE('',*,*,#1483,.T.);
#1892=ORIENTED_EDGE('',*,*,#1484,.T.);
#1893=ORIENTED_EDGE('',*,*,#1485,.F.);
#1894=ORIENTED_EDGE('',*,*,#1481,.F.);
#1895=ORIENTED_EDGE('',*,*,#1486,.T.);
#1896=ORIENTED_EDGE('',*,*,#1487,.T.);
#1897=ORIENTED_EDGE('',*,*,#1488,.F.);
#1898=ORIENTED_EDGE('',*,*,#1484,.F.);
#1899=ORIENTED_EDGE('',*,*,#1489,.T.);
#1900=ORIENTED_EDGE('',*,*,#1490,.T.);
#1901=ORIENTED_EDGE('',*,*,#1491,.F.);
#1902=ORIENTED_EDGE('',*,*,#1487,.F.);
#1903=ORIENTED_EDGE('',*,*,#1492,.T.);
#1904=ORIENTED_EDGE('',*,*,#1493,.T.);
#1905=ORIENTED_EDGE('',*,*,#1494,.F.);
#1906=ORIENTED_EDGE('',*,*,#1490,.F.);
#1907=ORIENTED_EDGE('',*,*,#1495,.T.);
#1908=ORIENTED_EDGE('',*,*,#1496,.T.);
#1909=ORIENTED_EDGE('',*,*,#1497,.F.);
#1910=ORIENTED_EDGE('',*,*,#1493,.F.);
#1911=ORIENTED_EDGE('',*,*,#1498,.T.);
#1912=ORIENTED_EDGE('',*,*,#1499,.T.);
#1913=ORIENTED_EDGE('',*,*,#1500,.F.);
#1914=ORIENTED_EDGE('',*,*,#1496,.F.);
#1915=ORIENTED_EDGE('',*,*,#1501,.T.);
#1916=ORIENTED_EDGE('',*,*,#1502,.T.);
#1917=ORIENTED_EDGE('',*,*,#1503,.F.);
#1918=ORIENTED_EDGE('',*,*,#1499,.F.);
#1919=ORIENTED_EDGE('',*,*,#1504,.T.);
#1920=ORIENTED_EDGE('',*,*,#1505,.T.);
#1921=ORIENTED_EDGE('',*,*,#1506,.F.);
#1922=ORIENTED_EDGE('',*,*,#1502,.F.);
#1923=ORIENTED_EDGE('',*,*,#1507,.T.);
#1924=ORIENTED_EDGE('',*,*,#1508,.T.);
#1925=ORIENTED_EDGE('',*,*,#1509,.F.);
#1926=ORIENTED_EDGE('',*,*,#1505,.F.);
#1927=ORIENTED_EDGE('',*,*,#1510,.T.);
#1928=ORIENTED_EDGE('',*,*,#1511,.T.);
#1929=ORIENTED_EDGE('',*,*,#1512,.F.);
#1930=ORIENTED_EDGE('',*,*,#1508,.F.);
#1931=ORIENTED_EDGE('',*,*,#1513,.T.);
#1932=ORIENTED_EDGE('',*,*,#1514,.T.);
#1933=ORIENTED_EDGE('',*,*,#1515,.F.);
#1934=ORIENTED_EDGE('',*,*,#1511,.F.);
#1935=ORIENTED_EDGE('',*,*,#1516,.T.);
#1936=ORIENTED_EDGE('',*,*,#1517,.T.);
#1937=ORIENTED_EDGE('',*,*,#1518,.F.);
#1938=ORIENTED_EDGE('',*,*,#1514,.F.);
#1939=ORIENTED_EDGE('',*,*,#1519,.T.);
#1940=ORIENTED_EDGE('',*,*,#1520,.T.);
#1941=ORIENTED_EDGE('',*,*,#1521,.F.);
#1942=ORIENTED_EDGE('',*,*,#1517,.F.);
#1943=ORIENTED_EDGE('',*,*,#1522,.T.);
#1944=ORIENTED_EDGE('',*,*,#1523,.T.);
#1945=ORIENTED_EDGE('',*,*,#1524,.F.);
#1946=ORIENTED_EDGE('',*,*,#1520,.F.);
#1947=ORIENTED_EDGE('',*,*,#1525,.T.);
#1948=ORIENTED_EDGE('',*,*,#1526,.T.);
#1949=ORIENTED_EDGE('',*,*,#1527,.F.);
#1950=ORIENTED_EDGE('',*,*,#1523,.F.);
#1951=ORIENTED_EDGE('',*,*,#1528,.T.);
#1952=ORIENTED_EDGE('',*,*,#1529,.T.);
#1953=ORIENTED_EDGE('',*,*,#1530,.F.);
#1954=ORIENTED_EDGE('',*,*,#1526,.F.);
#1955=ORIENTED_EDGE('',*,*,#1531,.T.);
#1956=ORIENTED_EDGE('',*,*,#1532,.T.);
#1957=ORIENTED_EDGE('',*,*,#1533,.F.);
#1958=ORIENTED_EDGE('',*,*,#1529,.F.);
#1959=ORIENTED_EDGE('',*,*,#1534,.T.);
#1960=ORIENTED_EDGE('',*,*,#1535,.T.);
#1961=ORIENTED_EDGE('',*,*,#1536,.F.);
#1962=ORIENTED_EDGE('',*,*,#1532,.F.);
#1963=ORIENTED_EDGE('',*,*,#1537,.T.);
#1964=ORIENTED_EDGE('',*,*,#1266,.T.);
#1965=ORIENTED_EDGE('',*,*,#1538,.T.);
#1966=ORIENTED_EDGE('',*,*,#1535,.F.);
#1967=ORIENTED_EDGE('',*,*,#1539,.F.);
#1968=ORIENTED_EDGE('',*,*,#1540,.T.);
#1969=ORIENTED_EDGE('',*,*,#1541,.F.);
#1970=ORIENTED_EDGE('',*,*,#1542,.F.);
#1971=ORIENTED_EDGE('',*,*,#1543,.T.);
#1972=ORIENTED_EDGE('',*,*,#1544,.T.);
#1973=ORIENTED_EDGE('',*,*,#1545,.T.);
#1974=ORIENTED_EDGE('',*,*,#1546,.F.);
#1975=ORIENTED_EDGE('',*,*,#1540,.F.);
#1976=ORIENTED_EDGE('',*,*,#1547,.T.);
#1977=ORIENTED_EDGE('',*,*,#1548,.T.);
#1978=ORIENTED_EDGE('',*,*,#1545,.F.);
#1979=ORIENTED_EDGE('',*,*,#1549,.F.);
#1980=ORIENTED_EDGE('',*,*,#1550,.T.);
#1981=ORIENTED_EDGE('',*,*,#1547,.F.);
#1982=ORIENTED_EDGE('',*,*,#1551,.F.);
#1983=ORIENTED_EDGE('',*,*,#1542,.T.);
#1984=ORIENTED_EDGE('',*,*,#1251,.T.);
#1985=ORIENTED_EDGE('',*,*,#1262,.T.);
#1986=ORIENTED_EDGE('',*,*,#1552,.F.);
#1987=ORIENTED_EDGE('',*,*,#1553,.F.);
#1988=ORIENTED_EDGE('',*,*,#1261,.F.);
#1989=ORIENTED_EDGE('',*,*,#1554,.F.);
#1990=ORIENTED_EDGE('',*,*,#1555,.T.);
#1991=ORIENTED_EDGE('',*,*,#1556,.T.);
#1992=ORIENTED_EDGE('',*,*,#1557,.T.);
#1993=ORIENTED_EDGE('',*,*,#1552,.T.);
#1994=ORIENTED_EDGE('',*,*,#1237,.T.);
#1995=ORIENTED_EDGE('',*,*,#1240,.T.);
#1996=ORIENTED_EDGE('',*,*,#1243,.T.);
#1997=ORIENTED_EDGE('',*,*,#1551,.T.);
#1998=ORIENTED_EDGE('',*,*,#1549,.T.);
#1999=ORIENTED_EDGE('',*,*,#1544,.F.);
#2000=ORIENTED_EDGE('',*,*,#1543,.F.);
#2001=ORIENTED_EDGE('',*,*,#1468,.F.);
#2002=ORIENTED_EDGE('',*,*,#1465,.F.);
#2003=ORIENTED_EDGE('',*,*,#1462,.F.);
#2004=ORIENTED_EDGE('',*,*,#1459,.F.);
#2005=ORIENTED_EDGE('',*,*,#1456,.F.);
#2006=ORIENTED_EDGE('',*,*,#1453,.F.);
#2007=ORIENTED_EDGE('',*,*,#1450,.F.);
#2008=ORIENTED_EDGE('',*,*,#1447,.F.);
#2009=ORIENTED_EDGE('',*,*,#1444,.F.);
#2010=ORIENTED_EDGE('',*,*,#1441,.F.);
#2011=ORIENTED_EDGE('',*,*,#1438,.F.);
#2012=ORIENTED_EDGE('',*,*,#1435,.F.);
#2013=ORIENTED_EDGE('',*,*,#1432,.F.);
#2014=ORIENTED_EDGE('',*,*,#1429,.F.);
#2015=ORIENTED_EDGE('',*,*,#1426,.F.);
#2016=ORIENTED_EDGE('',*,*,#1423,.F.);
#2017=ORIENTED_EDGE('',*,*,#1420,.F.);
#2018=ORIENTED_EDGE('',*,*,#1417,.F.);
#2019=ORIENTED_EDGE('',*,*,#1414,.F.);
#2020=ORIENTED_EDGE('',*,*,#1411,.F.);
#2021=ORIENTED_EDGE('',*,*,#1408,.F.);
#2022=ORIENTED_EDGE('',*,*,#1405,.F.);
#2023=ORIENTED_EDGE('',*,*,#1402,.F.);
#2024=ORIENTED_EDGE('',*,*,#1399,.T.);
#2025=ORIENTED_EDGE('',*,*,#1396,.T.);
#2026=ORIENTED_EDGE('',*,*,#1393,.T.);
#2027=ORIENTED_EDGE('',*,*,#1390,.T.);
#2028=ORIENTED_EDGE('',*,*,#1387,.T.);
#2029=ORIENTED_EDGE('',*,*,#1384,.T.);
#2030=ORIENTED_EDGE('',*,*,#1381,.T.);
#2031=ORIENTED_EDGE('',*,*,#1378,.T.);
#2032=ORIENTED_EDGE('',*,*,#1375,.T.);
#2033=ORIENTED_EDGE('',*,*,#1372,.T.);
#2034=ORIENTED_EDGE('',*,*,#1369,.T.);
#2035=ORIENTED_EDGE('',*,*,#1366,.T.);
#2036=ORIENTED_EDGE('',*,*,#1363,.T.);
#2037=ORIENTED_EDGE('',*,*,#1360,.T.);
#2038=ORIENTED_EDGE('',*,*,#1357,.T.);
#2039=ORIENTED_EDGE('',*,*,#1354,.T.);
#2040=ORIENTED_EDGE('',*,*,#1351,.T.);
#2041=ORIENTED_EDGE('',*,*,#1348,.T.);
#2042=ORIENTED_EDGE('',*,*,#1345,.T.);
#2043=ORIENTED_EDGE('',*,*,#1342,.T.);
#2044=ORIENTED_EDGE('',*,*,#1339,.T.);
#2045=ORIENTED_EDGE('',*,*,#1336,.T.);
#2046=ORIENTED_EDGE('',*,*,#1333,.T.);
#2047=ORIENTED_EDGE('',*,*,#1330,.T.);
#2048=ORIENTED_EDGE('',*,*,#1327,.T.);
#2049=ORIENTED_EDGE('',*,*,#1324,.T.);
#2050=ORIENTED_EDGE('',*,*,#1321,.T.);
#2051=ORIENTED_EDGE('',*,*,#1318,.T.);
#2052=ORIENTED_EDGE('',*,*,#1315,.T.);
#2053=ORIENTED_EDGE('',*,*,#1312,.T.);
#2054=ORIENTED_EDGE('',*,*,#1309,.T.);
#2055=ORIENTED_EDGE('',*,*,#1306,.T.);
#2056=ORIENTED_EDGE('',*,*,#1303,.T.);
#2057=ORIENTED_EDGE('',*,*,#1300,.T.);
#2058=ORIENTED_EDGE('',*,*,#1297,.T.);
#2059=ORIENTED_EDGE('',*,*,#1294,.T.);
#2060=ORIENTED_EDGE('',*,*,#1291,.T.);
#2061=ORIENTED_EDGE('',*,*,#1288,.T.);
#2062=ORIENTED_EDGE('',*,*,#1285,.T.);
#2063=ORIENTED_EDGE('',*,*,#1282,.T.);
#2064=ORIENTED_EDGE('',*,*,#1279,.T.);
#2065=ORIENTED_EDGE('',*,*,#1276,.T.);
#2066=ORIENTED_EDGE('',*,*,#1273,.T.);
#2067=ORIENTED_EDGE('',*,*,#1270,.T.);
#2068=ORIENTED_EDGE('',*,*,#1267,.T.);
#2069=ORIENTED_EDGE('',*,*,#1539,.T.);
#2070=ORIENTED_EDGE('',*,*,#1537,.F.);
#2071=ORIENTED_EDGE('',*,*,#1534,.F.);
#2072=ORIENTED_EDGE('',*,*,#1531,.F.);
#2073=ORIENTED_EDGE('',*,*,#1528,.F.);
#2074=ORIENTED_EDGE('',*,*,#1525,.F.);
#2075=ORIENTED_EDGE('',*,*,#1522,.F.);
#2076=ORIENTED_EDGE('',*,*,#1519,.F.);
#2077=ORIENTED_EDGE('',*,*,#1516,.F.);
#2078=ORIENTED_EDGE('',*,*,#1513,.F.);
#2079=ORIENTED_EDGE('',*,*,#1510,.F.);
#2080=ORIENTED_EDGE('',*,*,#1507,.F.);
#2081=ORIENTED_EDGE('',*,*,#1504,.F.);
#2082=ORIENTED_EDGE('',*,*,#1501,.F.);
#2083=ORIENTED_EDGE('',*,*,#1498,.F.);
#2084=ORIENTED_EDGE('',*,*,#1495,.F.);
#2085=ORIENTED_EDGE('',*,*,#1492,.F.);
#2086=ORIENTED_EDGE('',*,*,#1489,.F.);
#2087=ORIENTED_EDGE('',*,*,#1486,.F.);
#2088=ORIENTED_EDGE('',*,*,#1483,.F.);
#2089=ORIENTED_EDGE('',*,*,#1480,.F.);
#2090=ORIENTED_EDGE('',*,*,#1477,.F.);
#2091=ORIENTED_EDGE('',*,*,#1474,.F.);
#2092=ORIENTED_EDGE('',*,*,#1471,.F.);
#2093=ORIENTED_EDGE('',*,*,#1558,.F.);
#2094=ORIENTED_EDGE('',*,*,#1253,.T.);
#2095=ORIENTED_EDGE('',*,*,#1559,.T.);
#2096=ORIENTED_EDGE('',*,*,#1556,.F.);
#2097=ORIENTED_EDGE('',*,*,#1553,.T.);
#2098=ORIENTED_EDGE('',*,*,#1557,.F.);
#2099=ORIENTED_EDGE('',*,*,#1559,.F.);
#2100=ORIENTED_EDGE('',*,*,#1252,.T.);
#2101=ORIENTED_EDGE('',*,*,#1244,.T.);
#2102=ORIENTED_EDGE('',*,*,#1558,.T.);
#2103=ORIENTED_EDGE('',*,*,#1555,.F.);
#2104=ORIENTED_EDGE('',*,*,#1560,.F.);
#2105=ORIENTED_EDGE('',*,*,#1248,.T.);
#2106=ORIENTED_EDGE('',*,*,#1256,.T.);
#2107=ORIENTED_EDGE('',*,*,#1561,.T.);
#2108=ORIENTED_EDGE('',*,*,#1259,.F.);
#2109=ORIENTED_EDGE('',*,*,#1561,.F.);
#2110=ORIENTED_EDGE('',*,*,#1255,.T.);
#2111=ORIENTED_EDGE('',*,*,#1258,.T.);
#2112=ORIENTED_EDGE('',*,*,#1260,.F.);
#2113=ORIENTED_EDGE('',*,*,#1235,.T.);
#2114=ORIENTED_EDGE('',*,*,#1238,.T.);
#2115=ORIENTED_EDGE('',*,*,#1241,.T.);
#2116=ORIENTED_EDGE('',*,*,#1550,.F.);
#2117=ORIENTED_EDGE('',*,*,#1541,.T.);
#2118=ORIENTED_EDGE('',*,*,#1546,.T.);
#2119=ORIENTED_EDGE('',*,*,#1548,.F.);
#2120=ORIENTED_EDGE('',*,*,#1470,.T.);
#2121=ORIENTED_EDGE('',*,*,#1473,.T.);
#2122=ORIENTED_EDGE('',*,*,#1476,.T.);
#2123=ORIENTED_EDGE('',*,*,#1479,.T.);
#2124=ORIENTED_EDGE('',*,*,#1482,.T.);
#2125=ORIENTED_EDGE('',*,*,#1485,.T.);
#2126=ORIENTED_EDGE('',*,*,#1488,.T.);
#2127=ORIENTED_EDGE('',*,*,#1491,.T.);
#2128=ORIENTED_EDGE('',*,*,#1494,.T.);
#2129=ORIENTED_EDGE('',*,*,#1497,.T.);
#2130=ORIENTED_EDGE('',*,*,#1500,.T.);
#2131=ORIENTED_EDGE('',*,*,#1503,.T.);
#2132=ORIENTED_EDGE('',*,*,#1506,.T.);
#2133=ORIENTED_EDGE('',*,*,#1509,.T.);
#2134=ORIENTED_EDGE('',*,*,#1512,.T.);
#2135=ORIENTED_EDGE('',*,*,#1515,.T.);
#2136=ORIENTED_EDGE('',*,*,#1518,.T.);
#2137=ORIENTED_EDGE('',*,*,#1521,.T.);
#2138=ORIENTED_EDGE('',*,*,#1524,.T.);
#2139=ORIENTED_EDGE('',*,*,#1527,.T.);
#2140=ORIENTED_EDGE('',*,*,#1530,.T.);
#2141=ORIENTED_EDGE('',*,*,#1533,.T.);
#2142=ORIENTED_EDGE('',*,*,#1536,.T.);
#2143=ORIENTED_EDGE('',*,*,#1538,.F.);
#2144=ORIENTED_EDGE('',*,*,#1265,.F.);
#2145=ORIENTED_EDGE('',*,*,#1269,.F.);
#2146=ORIENTED_EDGE('',*,*,#1272,.F.);
#2147=ORIENTED_EDGE('',*,*,#1275,.F.);
#2148=ORIENTED_EDGE('',*,*,#1278,.F.);
#2149=ORIENTED_EDGE('',*,*,#1281,.F.);
#2150=ORIENTED_EDGE('',*,*,#1284,.F.);
#2151=ORIENTED_EDGE('',*,*,#1287,.F.);
#2152=ORIENTED_EDGE('',*,*,#1290,.F.);
#2153=ORIENTED_EDGE('',*,*,#1293,.F.);
#2154=ORIENTED_EDGE('',*,*,#1296,.F.);
#2155=ORIENTED_EDGE('',*,*,#1299,.F.);
#2156=ORIENTED_EDGE('',*,*,#1302,.F.);
#2157=ORIENTED_EDGE('',*,*,#1305,.F.);
#2158=ORIENTED_EDGE('',*,*,#1308,.F.);
#2159=ORIENTED_EDGE('',*,*,#1311,.F.);
#2160=ORIENTED_EDGE('',*,*,#1314,.F.);
#2161=ORIENTED_EDGE('',*,*,#1317,.F.);
#2162=ORIENTED_EDGE('',*,*,#1320,.F.);
#2163=ORIENTED_EDGE('',*,*,#1323,.F.);
#2164=ORIENTED_EDGE('',*,*,#1326,.F.);
#2165=ORIENTED_EDGE('',*,*,#1329,.F.);
#2166=ORIENTED_EDGE('',*,*,#1332,.F.);
#2167=ORIENTED_EDGE('',*,*,#1335,.F.);
#2168=ORIENTED_EDGE('',*,*,#1338,.F.);
#2169=ORIENTED_EDGE('',*,*,#1341,.F.);
#2170=ORIENTED_EDGE('',*,*,#1344,.F.);
#2171=ORIENTED_EDGE('',*,*,#1347,.F.);
#2172=ORIENTED_EDGE('',*,*,#1350,.F.);
#2173=ORIENTED_EDGE('',*,*,#1353,.F.);
#2174=ORIENTED_EDGE('',*,*,#1356,.F.);
#2175=ORIENTED_EDGE('',*,*,#1359,.F.);
#2176=ORIENTED_EDGE('',*,*,#1362,.F.);
#2177=ORIENTED_EDGE('',*,*,#1365,.F.);
#2178=ORIENTED_EDGE('',*,*,#1368,.F.);
#2179=ORIENTED_EDGE('',*,*,#1371,.F.);
#2180=ORIENTED_EDGE('',*,*,#1374,.F.);
#2181=ORIENTED_EDGE('',*,*,#1377,.F.);
#2182=ORIENTED_EDGE('',*,*,#1380,.F.);
#2183=ORIENTED_EDGE('',*,*,#1383,.F.);
#2184=ORIENTED_EDGE('',*,*,#1386,.F.);
#2185=ORIENTED_EDGE('',*,*,#1389,.F.);
#2186=ORIENTED_EDGE('',*,*,#1392,.F.);
#2187=ORIENTED_EDGE('',*,*,#1395,.F.);
#2188=ORIENTED_EDGE('',*,*,#1398,.F.);
#2189=ORIENTED_EDGE('',*,*,#1401,.T.);
#2190=ORIENTED_EDGE('',*,*,#1404,.T.);
#2191=ORIENTED_EDGE('',*,*,#1407,.T.);
#2192=ORIENTED_EDGE('',*,*,#1410,.T.);
#2193=ORIENTED_EDGE('',*,*,#1413,.T.);
#2194=ORIENTED_EDGE('',*,*,#1416,.T.);
#2195=ORIENTED_EDGE('',*,*,#1419,.T.);
#2196=ORIENTED_EDGE('',*,*,#1422,.T.);
#2197=ORIENTED_EDGE('',*,*,#1425,.T.);
#2198=ORIENTED_EDGE('',*,*,#1428,.T.);
#2199=ORIENTED_EDGE('',*,*,#1431,.T.);
#2200=ORIENTED_EDGE('',*,*,#1434,.T.);
#2201=ORIENTED_EDGE('',*,*,#1437,.T.);
#2202=ORIENTED_EDGE('',*,*,#1440,.T.);
#2203=ORIENTED_EDGE('',*,*,#1443,.T.);
#2204=ORIENTED_EDGE('',*,*,#1446,.T.);
#2205=ORIENTED_EDGE('',*,*,#1449,.T.);
#2206=ORIENTED_EDGE('',*,*,#1452,.T.);
#2207=ORIENTED_EDGE('',*,*,#1455,.T.);
#2208=ORIENTED_EDGE('',*,*,#1458,.T.);
#2209=ORIENTED_EDGE('',*,*,#1461,.T.);
#2210=ORIENTED_EDGE('',*,*,#1464,.T.);
#2211=ORIENTED_EDGE('',*,*,#1467,.T.);
#2212=ORIENTED_EDGE('',*,*,#1560,.T.);
#2213=ORIENTED_EDGE('',*,*,#1554,.T.);
#2214=ORIENTED_EDGE('',*,*,#1263,.F.);
#2215=ORIENTED_EDGE('',*,*,#1249,.F.);
#2216=CYLINDRICAL_SURFACE('',#2345,2.1);
#2217=CYLINDRICAL_SURFACE('',#2348,2.1);
#2218=CYLINDRICAL_SURFACE('',#2351,2.1);
#2219=ADVANCED_FACE('',(#137),#2216,.F.);
#2220=ADVANCED_FACE('',(#138),#2217,.F.);
#2221=ADVANCED_FACE('',(#139),#2218,.F.);
#2222=ADVANCED_FACE('',(#140),#29,.F.);
#2223=ADVANCED_FACE('',(#141),#30,.T.);
#2224=ADVANCED_FACE('',(#142),#31,.T.);
#2225=ADVANCED_FACE('',(#143),#32,.T.);
#2226=ADVANCED_FACE('',(#144),#33,.T.);
#2227=ADVANCED_FACE('',(#145),#34,.T.);
#2228=ADVANCED_FACE('',(#146),#35,.T.);
#2229=ADVANCED_FACE('',(#147),#36,.T.);
#2230=ADVANCED_FACE('',(#148),#37,.T.);
#2231=ADVANCED_FACE('',(#149),#38,.T.);
#2232=ADVANCED_FACE('',(#150),#39,.T.);
#2233=ADVANCED_FACE('',(#151),#40,.T.);
#2234=ADVANCED_FACE('',(#152),#41,.T.);
#2235=ADVANCED_FACE('',(#153),#42,.T.);
#2236=ADVANCED_FACE('',(#154),#43,.T.);
#2237=ADVANCED_FACE('',(#155),#44,.T.);
#2238=ADVANCED_FACE('',(#156),#45,.T.);
#2239=ADVANCED_FACE('',(#157),#46,.T.);
#2240=ADVANCED_FACE('',(#158),#47,.T.);
#2241=ADVANCED_FACE('',(#159),#48,.T.);
#2242=ADVANCED_FACE('',(#160),#49,.T.);
#2243=ADVANCED_FACE('',(#161),#50,.T.);
#2244=ADVANCED_FACE('',(#162),#51,.T.);
#2245=ADVANCED_FACE('',(#163),#52,.T.);
#2246=ADVANCED_FACE('',(#164),#53,.T.);
#2247=ADVANCED_FACE('',(#165),#54,.T.);
#2248=ADVANCED_FACE('',(#166),#55,.T.);
#2249=ADVANCED_FACE('',(#167),#56,.T.);
#2250=ADVANCED_FACE('',(#168),#57,.T.);
#2251=ADVANCED_FACE('',(#169),#58,.T.);
#2252=ADVANCED_FACE('',(#170),#59,.T.);
#2253=ADVANCED_FACE('',(#171),#60,.T.);
#2254=ADVANCED_FACE('',(#172),#61,.T.);
#2255=ADVANCED_FACE('',(#173),#62,.T.);
#2256=ADVANCED_FACE('',(#174),#63,.T.);
#2257=ADVANCED_FACE('',(#175),#64,.T.);
#2258=ADVANCED_FACE('',(#176),#65,.T.);
#2259=ADVANCED_FACE('',(#177),#66,.T.);
#2260=ADVANCED_FACE('',(#178),#67,.T.);
#2261=ADVANCED_FACE('',(#179),#68,.T.);
#2262=ADVANCED_FACE('',(#180),#69,.T.);
#2263=ADVANCED_FACE('',(#181),#70,.T.);
#2264=ADVANCED_FACE('',(#182),#71,.T.);
#2265=ADVANCED_FACE('',(#183),#72,.T.);
#2266=ADVANCED_FACE('',(#184),#73,.T.);
#2267=ADVANCED_FACE('',(#185),#74,.T.);
#2268=ADVANCED_FACE('',(#186),#75,.T.);
#2269=ADVANCED_FACE('',(#187),#76,.T.);
#2270=ADVANCED_FACE('',(#188),#77,.T.);
#2271=ADVANCED_FACE('',(#189),#78,.T.);
#2272=ADVANCED_FACE('',(#190),#79,.T.);
#2273=ADVANCED_FACE('',(#191),#80,.T.);
#2274=ADVANCED_FACE('',(#192),#81,.T.);
#2275=ADVANCED_FACE('',(#193),#82,.T.);
#2276=ADVANCED_FACE('',(#194),#83,.T.);
#2277=ADVANCED_FACE('',(#195),#84,.T.);
#2278=ADVANCED_FACE('',(#196),#85,.T.);
#2279=ADVANCED_FACE('',(#197),#86,.T.);
#2280=ADVANCED_FACE('',(#198),#87,.T.);
#2281=ADVANCED_FACE('',(#199),#88,.T.);
#2282=ADVANCED_FACE('',(#200),#89,.T.);
#2283=ADVANCED_FACE('',(#201),#90,.T.);
#2284=ADVANCED_FACE('',(#202),#91,.T.);
#2285=ADVANCED_FACE('',(#203),#92,.T.);
#2286=ADVANCED_FACE('',(#204),#93,.T.);
#2287=ADVANCED_FACE('',(#205),#94,.T.);
#2288=ADVANCED_FACE('',(#206),#95,.T.);
#2289=ADVANCED_FACE('',(#207),#96,.T.);
#2290=ADVANCED_FACE('',(#208),#97,.T.);
#2291=ADVANCED_FACE('',(#209),#98,.T.);
#2292=ADVANCED_FACE('',(#210),#99,.T.);
#2293=ADVANCED_FACE('',(#211),#100,.T.);
#2294=ADVANCED_FACE('',(#212),#101,.T.);
#2295=ADVANCED_FACE('',(#213),#102,.T.);
#2296=ADVANCED_FACE('',(#214),#103,.T.);
#2297=ADVANCED_FACE('',(#215),#104,.T.);
#2298=ADVANCED_FACE('',(#216),#105,.T.);
#2299=ADVANCED_FACE('',(#217),#106,.T.);
#2300=ADVANCED_FACE('',(#218),#107,.T.);
#2301=ADVANCED_FACE('',(#219),#108,.T.);
#2302=ADVANCED_FACE('',(#220),#109,.T.);
#2303=ADVANCED_FACE('',(#221),#110,.T.);
#2304=ADVANCED_FACE('',(#222),#111,.T.);
#2305=ADVANCED_FACE('',(#223),#112,.T.);
#2306=ADVANCED_FACE('',(#224),#113,.T.);
#2307=ADVANCED_FACE('',(#225),#114,.T.);
#2308=ADVANCED_FACE('',(#226),#115,.T.);
#2309=ADVANCED_FACE('',(#227),#116,.T.);
#2310=ADVANCED_FACE('',(#228),#117,.T.);
#2311=ADVANCED_FACE('',(#229),#118,.T.);
#2312=ADVANCED_FACE('',(#230),#119,.T.);
#2313=ADVANCED_FACE('',(#231),#120,.T.);
#2314=ADVANCED_FACE('',(#232),#121,.T.);
#2315=ADVANCED_FACE('',(#233),#122,.T.);
#2316=ADVANCED_FACE('',(#234),#123,.T.);
#2317=ADVANCED_FACE('',(#235),#124,.T.);
#2318=ADVANCED_FACE('',(#236),#125,.T.);
#2319=ADVANCED_FACE('',(#237),#126,.T.);
#2320=ADVANCED_FACE('',(#238),#127,.T.);
#2321=ADVANCED_FACE('',(#239),#128,.T.);
#2322=ADVANCED_FACE('',(#240),#129,.T.);
#2323=ADVANCED_FACE('',(#241),#130,.T.);
#2324=ADVANCED_FACE('',(#242,#19,#20,#21,#22,#23),#131,.T.);
#2325=ADVANCED_FACE('',(#243),#132,.T.);
#2326=ADVANCED_FACE('',(#244),#133,.T.);
#2327=ADVANCED_FACE('',(#245),#134,.T.);
#2328=ADVANCED_FACE('',(#246,#24,#25,#26,#27,#28),#135,.T.);
#2329=ADVANCED_FACE('',(#247),#136,.T.);
#2330=CLOSED_SHELL('',(#2219,#2220,#2221,#2222,#2223,#2224,#2225,#2226,
#2227,#2228,#2229,#2230,#2231,#2232,#2233,#2234,#2235,#2236,#2237,#2238,
#2239,#2240,#2241,#2242,#2243,#2244,#2245,#2246,#2247,#2248,#2249,#2250,
#2251,#2252,#2253,#2254,#2255,#2256,#2257,#2258,#2259,#2260,#2261,#2262,
#2263,#2264,#2265,#2266,#2267,#2268,#2269,#2270,#2271,#2272,#2273,#2274,
#2275,#2276,#2277,#2278,#2279,#2280,#2281,#2282,#2283,#2284,#2285,#2286,
#2287,#2288,#2289,#2290,#2291,#2292,#2293,#2294,#2295,#2296,#2297,#2298,
#2299,#2300,#2301,#2302,#2303,#2304,#2305,#2306,#2307,#2308,#2309,#2310,
#2311,#2312,#2313,#2314,#2315,#2316,#2317,#2318,#2319,#2320,#2321,#2322,
#2323,#2324,#2325,#2326,#2327,#2328,#2329));
#2331=DERIVED_UNIT_ELEMENT(#2333,1.);
#2332=DERIVED_UNIT_ELEMENT(#3690,-3.);
#2333=(
MASS_UNIT()
NAMED_UNIT(*)
SI_UNIT(.KILO.,.GRAM.)
);
#2334=DERIVED_UNIT((#2331,#2332));
#2335=MEASURE_REPRESENTATION_ITEM('density measure',
POSITIVE_RATIO_MEASURE(7850.),#2334);
#2336=PROPERTY_DEFINITION_REPRESENTATION(#2341,#2338);
#2337=PROPERTY_DEFINITION_REPRESENTATION(#2342,#2339);
#2338=REPRESENTATION('material name',(#2340),#3687);
#2339=REPRESENTATION('density',(#2335),#3687);
#2340=DESCRIPTIVE_REPRESENTATION_ITEM('\X2\92FC\X0\','\X2\92FC\X0\');
#2341=PROPERTY_DEFINITION('material property','material name',#3702);
#2342=PROPERTY_DEFINITION('material property','density of part',#3702);
#2343=AXIS2_PLACEMENT_3D('',#3024,#2463,#2464);
#2344=AXIS2_PLACEMENT_3D('',#3025,#2465,#2466);
#2345=AXIS2_PLACEMENT_3D('',#3026,#2467,#2468);
#2346=AXIS2_PLACEMENT_3D('',#3028,#2469,#2470);
#2347=AXIS2_PLACEMENT_3D('',#3031,#2472,#2473);
#2348=AXIS2_PLACEMENT_3D('',#3032,#2474,#2475);
#2349=AXIS2_PLACEMENT_3D('',#3034,#2476,#2477);
#2350=AXIS2_PLACEMENT_3D('',#3037,#2479,#2480);
#2351=AXIS2_PLACEMENT_3D('',#3038,#2481,#2482);
#2352=AXIS2_PLACEMENT_3D('',#3040,#2483,#2484);
#2353=AXIS2_PLACEMENT_3D('',#3043,#2486,#2487);
#2354=AXIS2_PLACEMENT_3D('',#3044,#2488,#2489);
#2355=AXIS2_PLACEMENT_3D('',#3065,#2500,#2501);
#2356=AXIS2_PLACEMENT_3D('',#3071,#2505,#2506);
#2357=AXIS2_PLACEMENT_3D('',#3075,#2509,#2510);
#2358=AXIS2_PLACEMENT_3D('',#3079,#2513,#2514);
#2359=AXIS2_PLACEMENT_3D('',#3085,#2518,#2519);
#2360=AXIS2_PLACEMENT_3D('',#3094,#2524,#2525);
#2361=AXIS2_PLACEMENT_3D('',#3100,#2529,#2530);
#2362=AXIS2_PLACEMENT_3D('',#3106,#2534,#2535);
#2363=AXIS2_PLACEMENT_3D('',#3112,#2539,#2540);
#2364=AXIS2_PLACEMENT_3D('',#3118,#2544,#2545);
#2365=AXIS2_PLACEMENT_3D('',#3124,#2549,#2550);
#2366=AXIS2_PLACEMENT_3D('',#3130,#2554,#2555);
#2367=AXIS2_PLACEMENT_3D('',#3136,#2559,#2560);
#2368=AXIS2_PLACEMENT_3D('',#3142,#2564,#2565);
#2369=AXIS2_PLACEMENT_3D('',#3148,#2569,#2570);
#2370=AXIS2_PLACEMENT_3D('',#3154,#2574,#2575);
#2371=AXIS2_PLACEMENT_3D('',#3160,#2579,#2580);
#2372=AXIS2_PLACEMENT_3D('',#3166,#2584,#2585);
#2373=AXIS2_PLACEMENT_3D('',#3172,#2589,#2590);
#2374=AXIS2_PLACEMENT_3D('',#3178,#2594,#2595);
#2375=AXIS2_PLACEMENT_3D('',#3184,#2599,#2600);
#2376=AXIS2_PLACEMENT_3D('',#3190,#2604,#2605);
#2377=AXIS2_PLACEMENT_3D('',#3196,#2609,#2610);
#2378=AXIS2_PLACEMENT_3D('',#3202,#2614,#2615);
#2379=AXIS2_PLACEMENT_3D('',#3208,#2619,#2620);
#2380=AXIS2_PLACEMENT_3D('',#3214,#2624,#2625);
#2381=AXIS2_PLACEMENT_3D('',#3220,#2629,#2630);
#2382=AXIS2_PLACEMENT_3D('',#3226,#2634,#2635);
#2383=AXIS2_PLACEMENT_3D('',#3232,#2639,#2640);
#2384=AXIS2_PLACEMENT_3D('',#3238,#2644,#2645);
#2385=AXIS2_PLACEMENT_3D('',#3244,#2649,#2650);
#2386=AXIS2_PLACEMENT_3D('',#3250,#2654,#2655);
#2387=AXIS2_PLACEMENT_3D('',#3256,#2659,#2660);
#2388=AXIS2_PLACEMENT_3D('',#3262,#2664,#2665);
#2389=AXIS2_PLACEMENT_3D('',#3268,#2669,#2670);
#2390=AXIS2_PLACEMENT_3D('',#3274,#2674,#2675);
#2391=AXIS2_PLACEMENT_3D('',#3280,#2679,#2680);
#2392=AXIS2_PLACEMENT_3D('',#3286,#2684,#2685);
#2393=AXIS2_PLACEMENT_3D('',#3292,#2689,#2690);
#2394=AXIS2_PLACEMENT_3D('',#3298,#2694,#2695);
#2395=AXIS2_PLACEMENT_3D('',#3304,#2699,#2700);
#2396=AXIS2_PLACEMENT_3D('',#3310,#2704,#2705);
#2397=AXIS2_PLACEMENT_3D('',#3316,#2709,#2710);
#2398=AXIS2_PLACEMENT_3D('',#3322,#2714,#2715);
#2399=AXIS2_PLACEMENT_3D('',#3328,#2719,#2720);
#2400=AXIS2_PLACEMENT_3D('',#3334,#2724,#2725);
#2401=AXIS2_PLACEMENT_3D('',#3340,#2729,#2730);
#2402=AXIS2_PLACEMENT_3D('',#3346,#2734,#2735);
#2403=AXIS2_PLACEMENT_3D('',#3352,#2739,#2740);
#2404=AXIS2_PLACEMENT_3D('',#3358,#2744,#2745);
#2405=AXIS2_PLACEMENT_3D('',#3364,#2749,#2750);
#2406=AXIS2_PLACEMENT_3D('',#3370,#2754,#2755);
#2407=AXIS2_PLACEMENT_3D('',#3376,#2759,#2760);
#2408=AXIS2_PLACEMENT_3D('',#3382,#2764,#2765);
#2409=AXIS2_PLACEMENT_3D('',#3388,#2769,#2770);
#2410=AXIS2_PLACEMENT_3D('',#3394,#2774,#2775);
#2411=AXIS2_PLACEMENT_3D('',#3400,#2779,#2780);
#2412=AXIS2_PLACEMENT_3D('',#3406,#2784,#2785);
#2413=AXIS2_PLACEMENT_3D('',#3412,#2789,#2790);
#2414=AXIS2_PLACEMENT_3D('',#3418,#2794,#2795);
#2415=AXIS2_PLACEMENT_3D('',#3424,#2799,#2800);
#2416=AXIS2_PLACEMENT_3D('',#3430,#2804,#2805);
#2417=AXIS2_PLACEMENT_3D('',#3436,#2809,#2810);
#2418=AXIS2_PLACEMENT_3D('',#3442,#2814,#2815);
#2419=AXIS2_PLACEMENT_3D('',#3448,#2819,#2820);
#2420=AXIS2_PLACEMENT_3D('',#3454,#2824,#2825);
#2421=AXIS2_PLACEMENT_3D('',#3460,#2829,#2830);
#2422=AXIS2_PLACEMENT_3D('',#3466,#2834,#2835);
#2423=AXIS2_PLACEMENT_3D('',#3472,#2839,#2840);
#2424=AXIS2_PLACEMENT_3D('',#3478,#2844,#2845);
#2425=AXIS2_PLACEMENT_3D('',#3484,#2849,#2850);
#2426=AXIS2_PLACEMENT_3D('',#3490,#2854,#2855);
#2427=AXIS2_PLACEMENT_3D('',#3496,#2859,#2860);
#2428=AXIS2_PLACEMENT_3D('',#3502,#2864,#2865);
#2429=AXIS2_PLACEMENT_3D('',#3508,#2869,#2870);
#2430=AXIS2_PLACEMENT_3D('',#3514,#2874,#2875);
#2431=AXIS2_PLACEMENT_3D('',#3520,#2879,#2880);
#2432=AXIS2_PLACEMENT_3D('',#3526,#2884,#2885);
#2433=AXIS2_PLACEMENT_3D('',#3532,#2889,#2890);
#2434=AXIS2_PLACEMENT_3D('',#3538,#2894,#2895);
#2435=AXIS2_PLACEMENT_3D('',#3544,#2899,#2900);
#2436=AXIS2_PLACEMENT_3D('',#3550,#2904,#2905);
#2437=AXIS2_PLACEMENT_3D('',#3556,#2909,#2910);
#2438=AXIS2_PLACEMENT_3D('',#3562,#2914,#2915);
#2439=AXIS2_PLACEMENT_3D('',#3568,#2919,#2920);
#2440=AXIS2_PLACEMENT_3D('',#3574,#2924,#2925);
#2441=AXIS2_PLACEMENT_3D('',#3580,#2929,#2930);
#2442=AXIS2_PLACEMENT_3D('',#3586,#2934,#2935);
#2443=AXIS2_PLACEMENT_3D('',#3592,#2939,#2940);
#2444=AXIS2_PLACEMENT_3D('',#3598,#2944,#2945);
#2445=AXIS2_PLACEMENT_3D('',#3604,#2949,#2950);
#2446=AXIS2_PLACEMENT_3D('',#3610,#2954,#2955);
#2447=AXIS2_PLACEMENT_3D('',#3616,#2959,#2960);
#2448=AXIS2_PLACEMENT_3D('',#3622,#2964,#2965);
#2449=AXIS2_PLACEMENT_3D('',#3628,#2969,#2970);
#2450=AXIS2_PLACEMENT_3D('',#3634,#2974,#2975);
#2451=AXIS2_PLACEMENT_3D('',#3637,#2978,#2979);
#2452=AXIS2_PLACEMENT_3D('',#3646,#2984,#2985);
#2453=AXIS2_PLACEMENT_3D('',#3652,#2989,#2990);
#2454=AXIS2_PLACEMENT_3D('',#3658,#2994,#2995);
#2455=AXIS2_PLACEMENT_3D('',#3661,#2998,#2999);
#2456=AXIS2_PLACEMENT_3D('',#3665,#3002,#3003);
#2457=AXIS2_PLACEMENT_3D('',#3673,#3008,#3009);
#2458=AXIS2_PLACEMENT_3D('',#3676,#3012,#3013);
#2459=AXIS2_PLACEMENT_3D('',#3677,#3014,#3015);
#2460=AXIS2_PLACEMENT_3D('',#3680,#3018,#3019);
#2461=AXIS2_PLACEMENT_3D('',#3681,#3020,#3021);
#2462=AXIS2_PLACEMENT_3D('',#3682,#3022,#3023);
#2463=DIRECTION('axis',(0.,0.,1.));
#2464=DIRECTION('refdir',(1.,0.,0.));
#2465=DIRECTION('axis',(0.,0.,1.));
#2466=DIRECTION('refdir',(1.,0.,0.));
#2467=DIRECTION('center_axis',(0.,0.,-1.));
#2468=DIRECTION('ref_axis',(1.,0.,0.));
#2469=DIRECTION('center_axis',(0.,0.,-1.));
#2470=DIRECTION('ref_axis',(1.,0.,0.));
#2471=DIRECTION('',(0.,0.,-1.));
#2472=DIRECTION('center_axis',(0.,0.,1.));
#2473=DIRECTION('ref_axis',(1.,0.,0.));
#2474=DIRECTION('center_axis',(0.,0.,-1.));
#2475=DIRECTION('ref_axis',(1.,0.,0.));
#2476=DIRECTION('center_axis',(0.,0.,-1.));
#2477=DIRECTION('ref_axis',(1.,0.,0.));
#2478=DIRECTION('',(0.,0.,-1.));
#2479=DIRECTION('center_axis',(0.,0.,1.));
#2480=DIRECTION('ref_axis',(1.,0.,0.));
#2481=DIRECTION('center_axis',(0.,0.,-1.));
#2482=DIRECTION('ref_axis',(1.,0.,0.));
#2483=DIRECTION('center_axis',(0.,0.,-1.));
#2484=DIRECTION('ref_axis',(1.,0.,0.));
#2485=DIRECTION('',(0.,0.,-1.));
#2486=DIRECTION('center_axis',(0.,0.,1.));
#2487=DIRECTION('ref_axis',(1.,0.,0.));
#2488=DIRECTION('center_axis',(0.,0.,1.));
#2489=DIRECTION('ref_axis',(1.,0.,0.));
#2490=DIRECTION('',(0.,-1.,0.));
#2491=DIRECTION('',(-1.,0.,0.));
#2492=DIRECTION('',(0.,1.,0.));
#2493=DIRECTION('',(1.,0.,0.));
#2494=DIRECTION('',(0.,-1.,0.));
#2495=DIRECTION('',(1.,0.,0.));
#2496=DIRECTION('',(0.,1.,0.));
#2497=DIRECTION('',(1.,0.,0.));
#2498=DIRECTION('',(0.,1.,0.));
#2499=DIRECTION('',(1.,0.,0.));
#2500=DIRECTION('center_axis',(0.,-1.,0.));
#2501=DIRECTION('ref_axis',(0.,0.,-1.));
#2502=DIRECTION('',(0.,0.,1.));
#2503=DIRECTION('',(1.,0.,0.));
#2504=DIRECTION('',(0.,0.,1.));
#2505=DIRECTION('center_axis',(1.,0.,0.));
#2506=DIRECTION('ref_axis',(0.,0.,-1.));
#2507=DIRECTION('',(0.,0.,1.));
#2508=DIRECTION('',(0.,1.,0.));
#2509=DIRECTION('center_axis',(0.,1.,0.));
#2510=DIRECTION('ref_axis',(0.,0.,1.));
#2511=DIRECTION('',(0.,0.,1.));
#2512=DIRECTION('',(1.,0.,0.));
#2513=DIRECTION('center_axis',(-1.,0.,0.));
#2514=DIRECTION('ref_axis',(0.,0.,1.));
#2515=DIRECTION('',(0.,1.,0.));
#2516=DIRECTION('',(0.,0.,1.));
#2517=DIRECTION('',(0.,0.,1.));
#2518=DIRECTION('center_axis',(-0.994757517079797,0.102261831654027,0.));
#2519=DIRECTION('ref_axis',(0.,0.,1.));
#2520=DIRECTION('',(0.,0.,1.));
#2521=DIRECTION('',(0.102261831654027,0.994757517079798,0.));
#2522=DIRECTION('',(0.,0.,1.));
#2523=DIRECTION('',(0.102261831654027,0.994757517079798,0.));
#2524=DIRECTION('center_axis',(-0.985459321093214,0.169911525419857,0.));
#2525=DIRECTION('ref_axis',(0.,0.,1.));
#2526=DIRECTION('',(0.,0.,1.));
#2527=DIRECTION('',(0.169911525419857,0.985459321093214,0.));
#2528=DIRECTION('',(0.169911525419857,0.985459321093214,0.));
#2529=DIRECTION('center_axis',(-0.971566969119232,0.236764914031764,0.));
#2530=DIRECTION('ref_axis',(0.,0.,1.));
#2531=DIRECTION('',(0.,0.,1.));
#2532=DIRECTION('',(0.236764914031764,0.971566969119232,0.));
#2533=DIRECTION('',(0.236764914031764,0.971566969119232,0.));
#2534=DIRECTION('center_axis',(-0.953144778436955,0.302514514260668,0.));
#2535=DIRECTION('ref_axis',(0.,0.,1.));
#2536=DIRECTION('',(0.,0.,1.));
#2537=DIRECTION('',(0.302514514260668,0.953144778436955,0.));
#2538=DIRECTION('',(0.302514514260668,0.953144778436955,0.));
#2539=DIRECTION('center_axis',(-0.93027816616554,0.366854921672969,0.));
#2540=DIRECTION('ref_axis',(0.,0.,1.));
#2541=DIRECTION('',(0.,0.,1.));
#2542=DIRECTION('',(0.366854921672969,0.93027816616554,0.));
#2543=DIRECTION('',(0.366854921672969,0.93027816616554,0.));
#2544=DIRECTION('center_axis',(-0.903075335121775,0.429482175526173,0.));
#2545=DIRECTION('ref_axis',(0.,0.,1.));
#2546=DIRECTION('',(0.,0.,1.));
#2547=DIRECTION('',(0.429482175526173,0.903075335121775,0.));
#2548=DIRECTION('',(0.429482175526173,0.903075335121775,0.));
#2549=DIRECTION('center_axis',(-0.871660241265837,0.490110624039496,0.));
#2550=DIRECTION('ref_axis',(0.,0.,1.));
#2551=DIRECTION('',(0.,0.,1.));
#2552=DIRECTION('',(0.490110624039496,0.871660241265837,0.));
#2553=DIRECTION('',(0.490110624039496,0.871660241265837,0.));
#2554=DIRECTION('center_axis',(-0.836182083925352,0.548451932736367,0.));
#2555=DIRECTION('ref_axis',(0.,0.,1.));
#2556=DIRECTION('',(0.,0.,1.));
#2557=DIRECTION('',(0.548451932736367,0.836182083925352,0.));
#2558=DIRECTION('',(0.548451932736367,0.836182083925352,0.));
#2559=DIRECTION('center_axis',(-0.796805406450407,0.60423600045959,0.));
#2560=DIRECTION('ref_axis',(0.,0.,1.));
#2561=DIRECTION('',(0.,0.,1.));
#2562=DIRECTION('',(0.60423600045959,0.796805406450407,0.));
#2563=DIRECTION('',(0.60423600045959,0.796805406450407,0.));
#2564=DIRECTION('center_axis',(-0.753712673507621,0.657204082301681,0.));
#2565=DIRECTION('ref_axis',(0.,0.,1.));
#2566=DIRECTION('',(0.,0.,1.));
#2567=DIRECTION('',(0.657204082301681,0.753712673507621,0.));
#2568=DIRECTION('',(0.657204082301681,0.753712673507621,0.));
#2569=DIRECTION('center_axis',(-0.707106596197761,0.707106966175286,0.));
#2570=DIRECTION('ref_axis',(0.,0.,1.));
#2571=DIRECTION('',(0.,0.,1.));
#2572=DIRECTION('',(0.707106966175286,0.707106596197761,0.));
#2573=DIRECTION('',(0.707106966175286,0.707106596197761,0.));
#2574=DIRECTION('center_axis',(-0.657203818299417,0.753712903705825,0.));
#2575=DIRECTION('ref_axis',(0.,0.,1.));
#2576=DIRECTION('',(0.,0.,1.));
#2577=DIRECTION('',(0.753712903705825,0.657203818299417,0.));
#2578=DIRECTION('',(0.753712903705825,0.657203818299417,0.));
#2579=DIRECTION('center_axis',(-0.60423664838532,0.7968049151129,0.));
#2580=DIRECTION('ref_axis',(0.,0.,1.));
#2581=DIRECTION('',(0.,0.,1.));
#2582=DIRECTION('',(0.7968049151129,0.60423664838532,0.));
#2583=DIRECTION('',(0.7968049151129,0.60423664838532,0.));
#2584=DIRECTION('center_axis',(-0.548451932736367,0.836182083925352,0.));
#2585=DIRECTION('ref_axis',(0.,0.,1.));
#2586=DIRECTION('',(0.,0.,1.));
#2587=DIRECTION('',(0.836182083925352,0.548451932736367,0.));
#2588=DIRECTION('',(0.836182083925352,0.548451932736367,0.));
#2589=DIRECTION('center_axis',(-0.490110377943812,0.871660379638638,0.));
#2590=DIRECTION('ref_axis',(0.,0.,1.));
#2591=DIRECTION('',(0.,0.,1.));
#2592=DIRECTION('',(0.871660379638638,0.490110377943812,0.));
#2593=DIRECTION('',(0.871660379638638,0.490110377943812,0.));
#2594=DIRECTION('center_axis',(-0.429483095463946,0.903074897619631,0.));
#2595=DIRECTION('ref_axis',(0.,0.,1.));
#2596=DIRECTION('',(0.,0.,1.));
#2597=DIRECTION('',(0.903074897619631,0.429483095463946,0.));
#2598=DIRECTION('',(0.903074897619631,0.429483095463946,0.));
#2599=DIRECTION('center_axis',(-0.366854533832264,0.930278319110315,0.));
#2600=DIRECTION('ref_axis',(0.,0.,1.));
#2601=DIRECTION('',(0.,0.,1.));
#2602=DIRECTION('',(0.930278319110315,0.366854533832264,0.));
#2603=DIRECTION('',(0.930278319110315,0.366854533832264,0.));
#2604=DIRECTION('center_axis',(-0.302514384931707,0.953144819484107,0.));
#2605=DIRECTION('ref_axis',(0.,0.,1.));
#2606=DIRECTION('',(0.,0.,1.));
#2607=DIRECTION('',(0.953144819484107,0.302514384931707,0.));
#2608=DIRECTION('',(0.953144819484107,0.302514384931707,0.));
#2609=DIRECTION('center_axis',(-0.236764390175428,0.97156709677966,0.));
#2610=DIRECTION('ref_axis',(0.,0.,1.));
#2611=DIRECTION('',(0.,0.,1.));
#2612=DIRECTION('',(0.97156709677966,0.236764390175428,0.));
#2613=DIRECTION('',(0.97156709677966,0.236764390175428,0.));
#2614=DIRECTION('center_axis',(-0.169910447530097,0.98545950694086,0.));
#2615=DIRECTION('ref_axis',(0.,0.,1.));
#2616=DIRECTION('',(0.,0.,1.));
#2617=DIRECTION('',(0.98545950694086,0.169910447530097,0.));
#2618=DIRECTION('',(0.98545950694086,0.169910447530097,0.));
#2619=DIRECTION('center_axis',(-0.102264119832267,0.994757281850669,0.));
#2620=DIRECTION('ref_axis',(0.,0.,1.));
#2621=DIRECTION('',(0.,0.,1.));
#2622=DIRECTION('',(0.994757281850669,0.102264119832267,0.));
#2623=DIRECTION('',(0.994757281850669,0.102264119832267,0.));
#2624=DIRECTION('center_axis',(-0.0341411267380815,0.999417021800737,0.));
#2625=DIRECTION('ref_axis',(0.,0.,1.));
#2626=DIRECTION('',(0.,0.,1.));
#2627=DIRECTION('',(0.999417021800737,0.0341411267380815,0.));
#2628=DIRECTION('',(0.999417021800737,0.0341411267380815,0.));
#2629=DIRECTION('center_axis',(0.034141076241754,0.999417023525743,0.));
#2630=DIRECTION('ref_axis',(0.,0.,1.));
#2631=DIRECTION('',(0.,0.,1.));
#2632=DIRECTION('',(0.999417023525743,-0.034141076241754,0.));
#2633=DIRECTION('',(0.999417023525743,-0.034141076241754,0.));
#2634=DIRECTION('center_axis',(0.102264119832267,0.994757281850669,0.));
#2635=DIRECTION('ref_axis',(0.,0.,1.));
#2636=DIRECTION('',(0.,0.,1.));
#2637=DIRECTION('',(0.994757281850669,-0.102264119832267,0.));
#2638=DIRECTION('',(0.994757281850669,-0.102264119832267,0.));
#2639=DIRECTION('center_axis',(0.169910447530097,0.98545950694086,0.));
#2640=DIRECTION('ref_axis',(0.,0.,1.));
#2641=DIRECTION('',(0.,0.,1.));
#2642=DIRECTION('',(0.98545950694086,-0.169910447530097,0.));
#2643=DIRECTION('',(0.98545950694086,-0.169910447530097,0.));
#2644=DIRECTION('center_axis',(0.236764390175428,0.97156709677966,0.));
#2645=DIRECTION('ref_axis',(0.,0.,1.));
#2646=DIRECTION('',(0.,0.,1.));
#2647=DIRECTION('',(0.97156709677966,-0.236764390175428,0.));
#2648=DIRECTION('',(0.97156709677966,-0.236764390175428,0.));
#2649=DIRECTION('center_axis',(0.302514598290467,0.953144751767095,0.));
#2650=DIRECTION('ref_axis',(0.,0.,1.));
#2651=DIRECTION('',(0.,0.,1.));
#2652=DIRECTION('',(0.953144751767095,-0.302514598290467,0.));
#2653=DIRECTION('',(0.953144751767095,-0.302514598290467,0.));
#2654=DIRECTION('center_axis',(0.366854281302671,0.930278418695124,0.));
#2655=DIRECTION('ref_axis',(0.,0.,1.));
#2656=DIRECTION('',(0.,0.,1.));
#2657=DIRECTION('',(0.930278418695124,-0.366854281302671,0.));
#2658=DIRECTION('',(0.930278418695124,-0.366854281302671,0.));
#2659=DIRECTION('center_axis',(0.42948338245959,0.903074761130589,0.));
#2660=DIRECTION('ref_axis',(0.,0.,1.));
#2661=DIRECTION('',(0.,0.,1.));
#2662=DIRECTION('',(0.903074761130589,-0.42948338245959,0.));
#2663=DIRECTION('',(0.903074761130589,-0.42948338245959,0.));
#2664=DIRECTION('center_axis',(0.490110061827671,0.871660557381872,0.));
#2665=DIRECTION('ref_axis',(0.,0.,1.));
#2666=DIRECTION('',(0.,0.,1.));
#2667=DIRECTION('',(0.871660557381872,-0.490110061827671,0.));
#2668=DIRECTION('',(0.871660557381872,-0.490110061827671,0.));
#2669=DIRECTION('center_axis',(0.548451932736367,0.836182083925352,0.));
#2670=DIRECTION('ref_axis',(0.,0.,-1.));
#2671=DIRECTION('',(0.,0.,1.));
#2672=DIRECTION('',(0.836182083925352,-0.548451932736367,0.));
#2673=DIRECTION('',(0.836182083925352,-0.548451932736367,0.));
#2674=DIRECTION('center_axis',(0.604236292127382,0.796805185271879,0.));
#2675=DIRECTION('ref_axis',(0.,0.,-1.));
#2676=DIRECTION('',(0.,0.,1.));
#2677=DIRECTION('',(0.796805185271879,-0.604236292127382,0.));
#2678=DIRECTION('',(0.796805185271879,-0.604236292127382,0.));
#2679=DIRECTION('center_axis',(0.657203635033524,0.753713063505418,0.));
#2680=DIRECTION('ref_axis',(0.,0.,-1.));
#2681=DIRECTION('',(0.,0.,1.));
#2682=DIRECTION('',(0.753713063505418,-0.657203635033524,0.));
#2683=DIRECTION('',(0.753713063505418,-0.657203635033524,0.));
#2684=DIRECTION('center_axis',(0.707106966175383,0.707106596197664,0.));
#2685=DIRECTION('ref_axis',(0.,0.,-1.));
#2686=DIRECTION('',(0.,0.,1.));
#2687=DIRECTION('',(0.707106596197664,-0.707106966175383,0.));
#2688=DIRECTION('',(0.707106596197664,-0.707106966175383,0.));
#2689=DIRECTION('center_axis',(0.753713040039094,0.657203661945843,0.));
#2690=DIRECTION('ref_axis',(0.,0.,-1.));
#2691=DIRECTION('',(0.,0.,1.));
#2692=DIRECTION('',(0.657203661945843,-0.753713040039095,0.));
#2693=DIRECTION('',(0.657203661945843,-0.753713040039095,0.));
#2694=DIRECTION('center_axis',(0.796805050192449,0.604236470256314,0.));
#2695=DIRECTION('ref_axis',(0.,0.,-1.));
#2696=DIRECTION('',(0.,0.,1.));
#2697=DIRECTION('',(0.604236470256314,-0.796805050192449,0.));
#2698=DIRECTION('',(0.604236470256314,-0.796805050192449,0.));
#2699=DIRECTION('center_axis',(0.836182083925352,0.548451932736367,0.));
#2700=DIRECTION('ref_axis',(0.,0.,-1.));
#2701=DIRECTION('',(0.,0.,1.));
#2702=DIRECTION('',(0.548451932736367,-0.836182083925352,0.));
#2703=DIRECTION('',(0.548451932736367,-0.836182083925352,0.));
#2704=DIRECTION('center_axis',(0.871660557381872,0.490110061827671,0.));
#2705=DIRECTION('ref_axis',(0.,0.,-1.));
#2706=DIRECTION('',(0.,0.,1.));
#2707=DIRECTION('',(0.490110061827671,-0.871660557381872,0.));
#2708=DIRECTION('',(0.490110061827671,-0.871660557381872,0.));
#2709=DIRECTION('center_axis',(0.903074761130589,0.42948338245959,0.));
#2710=DIRECTION('ref_axis',(0.,0.,-1.));
#2711=DIRECTION('',(0.,0.,1.));
#2712=DIRECTION('',(0.42948338245959,-0.903074761130589,0.));
#2713=DIRECTION('',(0.42948338245959,-0.903074761130589,0.));
#2714=DIRECTION('center_axis',(0.930278418695124,0.366854281302671,0.));
#2715=DIRECTION('ref_axis',(0.,0.,-1.));
#2716=DIRECTION('',(0.,0.,1.));
#2717=DIRECTION('',(0.366854281302671,-0.930278418695124,0.));
#2718=DIRECTION('',(0.366854281302671,-0.930278418695124,0.));
#2719=DIRECTION('center_axis',(0.953144778436955,0.302514514260668,0.));
#2720=DIRECTION('ref_axis',(0.,0.,-1.));
#2721=DIRECTION('',(0.,0.,1.));
#2722=DIRECTION('',(0.302514514260668,-0.953144778436955,0.));
#2723=DIRECTION('',(0.302514514260668,-0.953144778436955,0.));
#2724=DIRECTION('center_axis',(0.97156709677966,0.236764390175428,0.));
#2725=DIRECTION('ref_axis',(0.,0.,-1.));
#2726=DIRECTION('',(0.,0.,1.));
#2727=DIRECTION('',(0.236764390175428,-0.97156709677966,0.));
#2728=DIRECTION('',(0.236764390175428,-0.97156709677966,0.));
#2729=DIRECTION('center_axis',(0.98545950694086,0.169910447530097,0.));
#2730=DIRECTION('ref_axis',(0.,0.,-1.));
#2731=DIRECTION('',(0.,0.,1.));
#2732=DIRECTION('',(0.169910447530097,-0.98545950694086,0.));
#2733=DIRECTION('',(0.169910447530097,-0.98545950694086,0.));
#2734=DIRECTION('center_axis',(0.994757281850669,0.102264119832267,0.));
#2735=DIRECTION('ref_axis',(0.,0.,-1.));
#2736=DIRECTION('',(0.,0.,1.));
#2737=DIRECTION('',(0.102264119832267,-0.994757281850669,0.));
#2738=DIRECTION('',(0.102264119832267,-0.994757281850669,0.));
#2739=DIRECTION('center_axis',(0.999417021158728,0.034141145531659,0.));
#2740=DIRECTION('ref_axis',(0.,0.,-1.));
#2741=DIRECTION('',(0.,0.,1.));
#2742=DIRECTION('',(0.034141145531659,-0.999417021158728,0.));
#2743=DIRECTION('',(0.034141145531659,-0.999417021158728,0.));
#2744=DIRECTION('center_axis',(0.999417019433716,-0.0341411960280888,0.));
#2745=DIRECTION('ref_axis',(0.,0.,-1.));
#2746=DIRECTION('',(0.,0.,1.));
#2747=DIRECTION('',(0.0341411960280888,0.999417019433716,0.));
#2748=DIRECTION('',(0.0341411960280888,0.999417019433716,0.));
#2749=DIRECTION('center_axis',(0.994757281850669,-0.102264119832267,0.));
#2750=DIRECTION('ref_axis',(0.,0.,-1.));
#2751=DIRECTION('',(0.,0.,1.));
#2752=DIRECTION('',(0.102264119832267,0.994757281850669,0.));
#2753=DIRECTION('',(0.102264119832267,0.994757281850669,0.));
#2754=DIRECTION('center_axis',(0.98545950694086,-0.169910447530097,0.));
#2755=DIRECTION('ref_axis',(0.,0.,-1.));
#2756=DIRECTION('',(0.,0.,1.));
#2757=DIRECTION('',(0.169910447530097,0.98545950694086,0.));
#2758=DIRECTION('',(0.169910447530097,0.98545950694086,0.));
#2759=DIRECTION('center_axis',(0.97156709677966,-0.236764390175428,0.));
#2760=DIRECTION('ref_axis',(0.,0.,-1.));
#2761=DIRECTION('',(0.,0.,1.));
#2762=DIRECTION('',(0.236764390175428,0.97156709677966,0.));
#2763=DIRECTION('',(0.236764390175428,0.97156709677966,0.));
#2764=DIRECTION('center_axis',(0.953144846153931,-0.302514300901955,0.));
#2765=DIRECTION('ref_axis',(0.,0.,-1.));
#2766=DIRECTION('',(0.,0.,1.));
#2767=DIRECTION('',(0.302514300901955,0.953144846153931,0.));
#2768=DIRECTION('',(0.302514300901955,0.953144846153931,0.));
#2769=DIRECTION('center_axis',(0.930278319110315,-0.366854533832264,0.));
#2770=DIRECTION('ref_axis',(0.,0.,-1.));
#2771=DIRECTION('',(0.,0.,1.));
#2772=DIRECTION('',(0.366854533832264,0.930278319110315,0.));
#2773=DIRECTION('',(0.366854533832264,0.930278319110315,0.));
#2774=DIRECTION('center_axis',(0.903074897619631,-0.429483095463946,0.));
#2775=DIRECTION('ref_axis',(0.,0.,-1.));
#2776=DIRECTION('',(0.,0.,1.));
#2777=DIRECTION('',(0.429483095463946,0.903074897619631,0.));
#2778=DIRECTION('',(0.429483095463946,0.903074897619631,0.));
#2779=DIRECTION('center_axis',(0.871660379638638,-0.490110377943812,0.));
#2780=DIRECTION('ref_axis',(0.,0.,-1.));
#2781=DIRECTION('',(0.,0.,1.));
#2782=DIRECTION('',(0.490110377943812,0.871660379638638,0.));
#2783=DIRECTION('',(0.490110377943812,0.871660379638638,0.));
#2784=DIRECTION('center_axis',(0.836182083925352,-0.548451932736367,0.));
#2785=DIRECTION('ref_axis',(0.,0.,-1.));
#2786=DIRECTION('',(0.,0.,1.));
#2787=DIRECTION('',(0.548451932736367,0.836182083925352,0.));
#2788=DIRECTION('',(0.548451932736367,0.836182083925352,0.));
#2789=DIRECTION('center_axis',(0.7968049151129,-0.60423664838532,0.));
#2790=DIRECTION('ref_axis',(0.,0.,-1.));
#2791=DIRECTION('',(0.,0.,1.));
#2792=DIRECTION('',(0.60423664838532,0.7968049151129,0.));
#2793=DIRECTION('',(0.60423664838532,0.7968049151129,0.));
#2794=DIRECTION('center_axis',(0.753712720439916,-0.657204028477505,0.));
#2795=DIRECTION('ref_axis',(0.,0.,-1.));
#2796=DIRECTION('',(0.,0.,1.));
#2797=DIRECTION('',(0.657204028477505,0.753712720439916,0.));
#2798=DIRECTION('',(0.657204028477505,0.753712720439916,0.));
#2799=DIRECTION('center_axis',(0.707107151164073,-0.707106411208829,0.));
#2800=DIRECTION('ref_axis',(0.,0.,-1.));
#2801=DIRECTION('',(0.,0.,1.));
#2802=DIRECTION('',(0.707106411208829,0.707107151164073,0.));
#2803=DIRECTION('',(0.707106411208829,0.707107151164073,0.));
#2804=DIRECTION('center_axis',(0.657204265567419,-0.753712513707971,0.));
#2805=DIRECTION('ref_axis',(0.,0.,-1.));
#2806=DIRECTION('',(0.,0.,1.));
#2807=DIRECTION('',(0.753712513707972,0.657204265567419,0.));
#2808=DIRECTION('',(0.753712513707972,0.657204265567419,0.));
#2809=DIRECTION('center_axis',(0.604235822330638,-0.796805541529687,0.));
#2810=DIRECTION('ref_axis',(0.,0.,-1.));
#2811=DIRECTION('',(0.,0.,1.));
#2812=DIRECTION('',(0.796805541529687,0.604235822330638,0.));
#2813=DIRECTION('',(0.796805541529687,0.604235822330638,0.));
#2814=DIRECTION('center_axis',(0.548451932736367,-0.836182083925352,0.));
#2815=DIRECTION('ref_axis',(0.,0.,-1.));
#2816=DIRECTION('',(0.,0.,1.));
#2817=DIRECTION('',(0.836182083925352,0.548451932736367,0.));
#2818=DIRECTION('',(0.836182083925352,0.548451932736367,0.));
#2819=DIRECTION('center_axis',(0.490110624039496,-0.871660241265837,0.));
#2820=DIRECTION('ref_axis',(0.,0.,-1.));
#2821=DIRECTION('',(0.,0.,1.));
#2822=DIRECTION('',(0.871660241265837,0.490110624039496,0.));
#2823=DIRECTION('',(0.871660241265837,0.490110624039496,0.));
#2824=DIRECTION('center_axis',(0.429482175526173,-0.903075335121775,0.));
#2825=DIRECTION('ref_axis',(0.,0.,-1.));
#2826=DIRECTION('',(0.,0.,1.));
#2827=DIRECTION('',(0.903075335121775,0.429482175526173,0.));
#2828=DIRECTION('',(0.903075335121775,0.429482175526173,0.));
#2829=DIRECTION('center_axis',(0.366854921672969,-0.93027816616554,0.));
#2830=DIRECTION('ref_axis',(0.,0.,-1.));
#2831=DIRECTION('',(0.,0.,1.));
#2832=DIRECTION('',(0.93027816616554,0.366854921672969,0.));
#2833=DIRECTION('',(0.93027816616554,0.366854921672969,0.));
#2834=DIRECTION('center_axis',(0.302514514260668,-0.953144778436955,0.));
#2835=DIRECTION('ref_axis',(0.,0.,-1.));
#2836=DIRECTION('',(0.,0.,1.));
#2837=DIRECTION('',(0.953144778436955,0.302514514260668,0.));
#2838=DIRECTION('',(0.953144778436955,0.302514514260668,0.));
#2839=DIRECTION('center_axis',(0.236764914031764,-0.971566969119232,0.));
#2840=DIRECTION('ref_axis',(0.,0.,-1.));
#2841=DIRECTION('',(0.,0.,1.));
#2842=DIRECTION('',(0.971566969119232,0.236764914031764,0.));
#2843=DIRECTION('',(0.971566969119232,0.236764914031764,0.));
#2844=DIRECTION('center_axis',(0.169911525419857,-0.985459321093214,0.));
#2845=DIRECTION('ref_axis',(0.,0.,-1.));
#2846=DIRECTION('',(0.,0.,1.));
#2847=DIRECTION('',(0.985459321093214,0.169911525419857,0.));
#2848=DIRECTION('',(0.985459321093214,0.169911525419857,0.));
#2849=DIRECTION('center_axis',(0.102261831654027,-0.994757517079797,0.));
#2850=DIRECTION('ref_axis',(0.,0.,-1.));
#2851=DIRECTION('',(0.,0.,1.));
#2852=DIRECTION('',(0.994757517079798,0.102261831654027,0.));
#2853=DIRECTION('',(0.994757517079798,0.102261831654027,0.));
#2854=DIRECTION('center_axis',(0.034141515077811,-0.999417008534571,0.));
#2855=DIRECTION('ref_axis',(0.,0.,-1.));
#2856=DIRECTION('',(0.,0.,1.));
#2857=DIRECTION('',(0.999417008534571,0.034141515077811,0.));
#2858=DIRECTION('',(0.999417008534571,0.034141515077811,0.));
#2859=DIRECTION('center_axis',(-0.034141565574786,-0.999417006809521,0.));
#2860=DIRECTION('ref_axis',(0.,0.,-1.));
#2861=DIRECTION('',(0.,0.,1.));
#2862=DIRECTION('',(0.999417006809521,-0.034141565574786,0.));
#2863=DIRECTION('',(0.999417006809521,-0.034141565574786,0.));
#2864=DIRECTION('center_axis',(-0.102261831654027,-0.994757517079797,0.));
#2865=DIRECTION('ref_axis',(0.,0.,-1.));
#2866=DIRECTION('',(0.,0.,1.));
#2867=DIRECTION('',(0.994757517079798,-0.102261831654027,0.));
#2868=DIRECTION('',(0.994757517079798,-0.102261831654027,0.));
#2869=DIRECTION('center_axis',(-0.169911525419857,-0.985459321093214,0.));
#2870=DIRECTION('ref_axis',(0.,0.,-1.));
#2871=DIRECTION('',(0.,0.,1.));
#2872=DIRECTION('',(0.985459321093214,-0.169911525419857,0.));
#2873=DIRECTION('',(0.985459321093214,-0.169911525419857,0.));
#2874=DIRECTION('center_axis',(-0.236764914031764,-0.971566969119232,0.));
#2875=DIRECTION('ref_axis',(0.,0.,-1.));
#2876=DIRECTION('',(0.,0.,1.));
#2877=DIRECTION('',(0.971566969119232,-0.236764914031764,0.));
#2878=DIRECTION('',(0.971566969119232,-0.236764914031764,0.));
#2879=DIRECTION('center_axis',(-0.302514300901955,-0.953144846153931,0.));
#2880=DIRECTION('ref_axis',(0.,0.,-1.));
#2881=DIRECTION('',(0.,0.,1.));
#2882=DIRECTION('',(0.953144846153931,-0.302514300901955,0.));
#2883=DIRECTION('',(0.953144846153931,-0.302514300901955,0.));
#2884=DIRECTION('center_axis',(-0.366855174202865,-0.93027806658041,0.));
#2885=DIRECTION('ref_axis',(0.,0.,-1.));
#2886=DIRECTION('',(0.,0.,1.));
#2887=DIRECTION('',(0.93027806658041,-0.366855174202865,0.));
#2888=DIRECTION('',(0.93027806658041,-0.366855174202865,0.));
#2889=DIRECTION('center_axis',(-0.429481888530971,-0.903075471610137,0.));
#2890=DIRECTION('ref_axis',(0.,0.,-1.));
#2891=DIRECTION('',(0.,0.,1.));
#2892=DIRECTION('',(0.903075471610137,-0.429481888530971,0.));
#2893=DIRECTION('',(0.903075471610137,-0.429481888530971,0.));
#2894=DIRECTION('center_axis',(-0.49011094015577,-0.871660063522258,0.));
#2895=DIRECTION('ref_axis',(0.,0.,-1.));
#2896=DIRECTION('',(0.,0.,1.));
#2897=DIRECTION('',(0.871660063522258,-0.49011094015577,0.));
#2898=DIRECTION('',(0.871660063522258,-0.49011094015577,0.));
#2899=DIRECTION('center_axis',(-0.548451932736367,-0.836182083925352,0.));
#2900=DIRECTION('ref_axis',(0.,0.,1.));
#2901=DIRECTION('',(0.,0.,1.));
#2902=DIRECTION('',(0.836182083925352,-0.548451932736367,0.));
#2903=DIRECTION('',(0.836182083925352,-0.548451932736367,0.));
#2904=DIRECTION('center_axis',(-0.604236178588617,-0.796805271371008,0.));
#2905=DIRECTION('ref_axis',(0.,0.,1.));
#2906=DIRECTION('',(0.,0.,1.));
#2907=DIRECTION('',(0.796805271371008,-0.604236178588617,0.));
#2908=DIRECTION('',(0.796805271371008,-0.604236178588617,0.));
#2909=DIRECTION('center_axis',(-0.657204448833221,-0.753712353908189,0.));
#2910=DIRECTION('ref_axis',(0.,0.,1.));
#2911=DIRECTION('',(0.,0.,1.));
#2912=DIRECTION('',(0.753712353908188,-0.657204448833221,0.));
#2913=DIRECTION('',(0.753712353908188,-0.657204448833221,0.));
#2914=DIRECTION('center_axis',(-0.707106781186548,-0.707106781186548,0.));
#2915=DIRECTION('ref_axis',(0.,0.,1.));
#2916=DIRECTION('',(0.,0.,1.));
#2917=DIRECTION('',(0.707106781186548,-0.707106781186548,0.));
#2918=DIRECTION('',(0.707106781186548,-0.707106781186548,0.));
#2919=DIRECTION('center_axis',(-0.753712353908189,-0.657204448833221,0.));
#2920=DIRECTION('ref_axis',(0.,0.,1.));
#2921=DIRECTION('',(0.,0.,1.));
#2922=DIRECTION('',(0.657204448833221,-0.753712353908188,0.));
#2923=DIRECTION('',(0.657204448833221,-0.753712353908188,0.));
#2924=DIRECTION('center_axis',(-0.796805271371008,-0.604236178588617,0.));
#2925=DIRECTION('ref_axis',(0.,0.,1.));
#2926=DIRECTION('',(0.,0.,1.));
#2927=DIRECTION('',(0.604236178588617,-0.796805271371008,0.));
#2928=DIRECTION('',(0.604236178588617,-0.796805271371008,0.));
#2929=DIRECTION('center_axis',(-0.836182083925352,-0.548451932736367,0.));
#2930=DIRECTION('ref_axis',(0.,0.,1.));
#2931=DIRECTION('',(0.,0.,1.));
#2932=DIRECTION('',(0.548451932736367,-0.836182083925352,0.));
#2933=DIRECTION('',(0.548451932736367,-0.836182083925352,0.));
#2934=DIRECTION('center_axis',(-0.871660063522258,-0.49011094015577,0.));
#2935=DIRECTION('ref_axis',(0.,0.,1.));
#2936=DIRECTION('',(0.,0.,1.));
#2937=DIRECTION('',(0.49011094015577,-0.871660063522258,0.));
#2938=DIRECTION('',(0.49011094015577,-0.871660063522258,0.));
#2939=DIRECTION('center_axis',(-0.903075471610137,-0.429481888530971,0.));
#2940=DIRECTION('ref_axis',(0.,0.,1.));
#2941=DIRECTION('',(0.,0.,1.));
#2942=DIRECTION('',(0.429481888530971,-0.903075471610137,0.));
#2943=DIRECTION('',(0.429481888530971,-0.903075471610137,0.));
#2944=DIRECTION('center_axis',(-0.93027806658041,-0.366855174202865,0.));
#2945=DIRECTION('ref_axis',(0.,0.,1.));
#2946=DIRECTION('',(0.,0.,1.));
#2947=DIRECTION('',(0.366855174202865,-0.93027806658041,0.));
#2948=DIRECTION('',(0.366855174202865,-0.93027806658041,0.));
#2949=DIRECTION('center_axis',(-0.953144846153931,-0.302514300901955,0.));
#2950=DIRECTION('ref_axis',(0.,0.,1.));
#2951=DIRECTION('',(0.,0.,1.));
#2952=DIRECTION('',(0.302514300901955,-0.953144846153931,0.));
#2953=DIRECTION('',(0.302514300901955,-0.953144846153931,0.));
#2954=DIRECTION('center_axis',(-0.971566969119232,-0.236764914031764,0.));
#2955=DIRECTION('ref_axis',(0.,0.,1.));
#2956=DIRECTION('',(0.,0.,1.));
#2957=DIRECTION('',(0.236764914031764,-0.971566969119232,0.));
#2958=DIRECTION('',(0.236764914031764,-0.971566969119232,0.));
#2959=DIRECTION('center_axis',(-0.985459321093214,-0.169911525419857,0.));
#2960=DIRECTION('ref_axis',(0.,0.,1.));
#2961=DIRECTION('',(0.,0.,1.));
#2962=DIRECTION('',(0.169911525419857,-0.985459321093214,0.));
#2963=DIRECTION('',(0.169911525419857,-0.985459321093214,0.));
#2964=DIRECTION('center_axis',(-0.994757517079797,-0.102261831654027,0.));
#2965=DIRECTION('ref_axis',(0.,0.,1.));
#2966=DIRECTION('',(0.,0.,1.));
#2967=DIRECTION('',(0.102261831654027,-0.994757517079798,0.));
#2968=DIRECTION('',(0.102261831654027,-0.994757517079798,0.));
#2969=DIRECTION('center_axis',(-0.999417006809521,-0.034141565574786,0.));
#2970=DIRECTION('ref_axis',(0.,0.,1.));
#2971=DIRECTION('',(0.,0.,1.));
#2972=DIRECTION('',(0.034141565574786,-0.999417006809521,0.));
#2973=DIRECTION('',(0.034141565574786,-0.999417006809521,0.));
#2974=DIRECTION('center_axis',(-0.999417008534571,0.034141515077811,0.));
#2975=DIRECTION('ref_axis',(0.,0.,1.));
#2976=DIRECTION('',(0.034141515077811,0.999417008534571,0.));
#2977=DIRECTION('',(0.034141515077811,0.999417008534571,0.));
#2978=DIRECTION('center_axis',(1.,0.,0.));
#2979=DIRECTION('ref_axis',(0.,0.,-1.));
#2980=DIRECTION('',(0.,0.,1.));
#2981=DIRECTION('',(0.,1.,0.));
#2982=DIRECTION('',(0.,0.,1.));
#2983=DIRECTION('',(0.,1.,0.));
#2984=DIRECTION('center_axis',(0.,-1.,0.));
#2985=DIRECTION('ref_axis',(0.,0.,-1.));
#2986=DIRECTION('',(1.,0.,0.));
#2987=DIRECTION('',(0.,0.,1.));
#2988=DIRECTION('',(1.,0.,0.));
#2989=DIRECTION('center_axis',(-1.,0.,0.));
#2990=DIRECTION('ref_axis',(0.,0.,1.));
#2991=DIRECTION('',(0.,0.,1.));
#2992=DIRECTION('',(0.,1.,0.));
#2993=DIRECTION('',(0.,1.,0.));
#2994=DIRECTION('center_axis',(0.,1.,0.));
#2995=DIRECTION('ref_axis',(0.,0.,1.));
#2996=DIRECTION('',(1.,0.,0.));
#2997=DIRECTION('',(1.,0.,0.));
#2998=DIRECTION('center_axis',(0.,-1.,0.));
#2999=DIRECTION('ref_axis',(0.,0.,-1.));
#3000=DIRECTION('',(1.,0.,0.));
#3001=DIRECTION('',(0.,0.,1.));
#3002=DIRECTION('center_axis',(0.,0.,-1.));
#3003=DIRECTION('ref_axis',(-1.,0.,0.));
#3004=DIRECTION('',(1.,0.,0.));
#3005=DIRECTION('',(0.,1.,0.));
#3006=DIRECTION('',(1.,0.,0.));
#3007=DIRECTION('',(0.,1.,0.));
#3008=DIRECTION('center_axis',(0.,-1.,0.));
#3009=DIRECTION('ref_axis',(0.,0.,-1.));
#3010=DIRECTION('',(0.,0.,1.));
#3011=DIRECTION('',(0.,0.,1.));
#3012=DIRECTION('center_axis',(1.,0.,0.));
#3013=DIRECTION('ref_axis',(0.,0.,-1.));
#3014=DIRECTION('center_axis',(-1.,0.,0.));
#3015=DIRECTION('ref_axis',(0.,0.,1.));
#3016=DIRECTION('',(0.,0.,1.));
#3017=DIRECTION('',(0.,1.,0.));
#3018=DIRECTION('center_axis',(0.,0.,1.));
#3019=DIRECTION('ref_axis',(1.,0.,0.));
#3020=DIRECTION('center_axis',(0.,1.,0.));
#3021=DIRECTION('ref_axis',(0.,0.,1.));
#3022=DIRECTION('',(0.,0.,1.));
#3023=DIRECTION('',(1.,0.,0.));
#3024=CARTESIAN_POINT('',(0.,0.,0.));
#3025=CARTESIAN_POINT('',(0.,0.,0.));
#3026=CARTESIAN_POINT('Origin',(11.7867497607389,13.2479417481595,113.500000000006));
#3027=CARTESIAN_POINT('',(9.68674976073888,13.2479417481595,149.));
#3028=CARTESIAN_POINT('Origin',(11.7867497607389,13.2479417481595,149.));
#3029=CARTESIAN_POINT('',(9.68674976073888,13.2479417481595,146.));
#3030=CARTESIAN_POINT('',(9.68674976073888,13.2479417481595,113.500000000006));
#3031=CARTESIAN_POINT('Origin',(11.7867497607389,13.2479417481595,146.));
#3032=CARTESIAN_POINT('Origin',(138.734206845721,24.8215106466454,113.5));
#3033=CARTESIAN_POINT('',(136.634206845721,24.8215106466454,149.));
#3034=CARTESIAN_POINT('Origin',(138.734206845721,24.8215106466454,149.));
#3035=CARTESIAN_POINT('',(136.634206845721,24.8215106466454,146.));
#3036=CARTESIAN_POINT('',(136.634206845721,24.8215106466454,113.5));
#3037=CARTESIAN_POINT('Origin',(138.734206845721,24.8215106466454,146.));
#3038=CARTESIAN_POINT('Origin',(31.0354776029321,211.972086626859,120.5));
#3039=CARTESIAN_POINT('',(28.9354776029321,211.972086626859,149.));
#3040=CARTESIAN_POINT('Origin',(31.0354776029321,211.972086626859,149.));
#3041=CARTESIAN_POINT('',(28.9354776029321,211.972086626859,146.));
#3042=CARTESIAN_POINT('',(28.9354776029321,211.972086626859,120.5));
#3043=CARTESIAN_POINT('Origin',(31.0354776029321,211.972086626859,146.));
#3044=CARTESIAN_POINT('Origin',(73.7934494018556,114.002449035645,130.));
#3045=CARTESIAN_POINT('',(-6.2065505981445,228.502449035645,130.));
#3046=CARTESIAN_POINT('',(-6.2065505981445,215.502449035645,130.));
#3047=CARTESIAN_POINT('',(-6.2065505981445,171.252449035645,130.));
#3048=CARTESIAN_POINT('',(153.793449401855,228.502449035645,130.));
#3049=CARTESIAN_POINT('',(113.793449401856,228.502449035645,130.));
#3050=CARTESIAN_POINT('',(153.793449401855,-0.497550964355526,130.));
#3051=CARTESIAN_POINT('',(153.793449401855,56.7524490356445,130.));
#3052=CARTESIAN_POINT('',(-6.2065505981445,-0.497550964355526,130.));
#3053=CARTESIAN_POINT('',(33.7934494018555,-0.497550964355522,130.));
#3054=CARTESIAN_POINT('',(-6.2065505981445,4.50244903564447,130.));
#3055=CARTESIAN_POINT('',(-6.2065505981445,56.7524490356445,130.));
#3056=CARTESIAN_POINT('',(148.793449401855,4.50244903564447,130.));
#3057=CARTESIAN_POINT('',(-6.2065505981445,4.50244903564447,130.));
#3058=CARTESIAN_POINT('',(148.793449401855,225.502449035645,130.));
#3059=CARTESIAN_POINT('',(148.793449401855,4.50244903564447,130.));
#3060=CARTESIAN_POINT('',(7.91807746887204,225.502449035645,130.));
#3061=CARTESIAN_POINT('',(7.91807746887204,225.502449035645,130.));
#3062=CARTESIAN_POINT('',(7.91807746887204,215.502449035645,130.));
#3063=CARTESIAN_POINT('',(7.91807746887204,215.502449035645,130.));
#3064=CARTESIAN_POINT('',(-6.2065505981445,215.502449035645,130.));
#3065=CARTESIAN_POINT('Origin',(-6.2065505981445,-0.497550964355526,127.));
#3066=CARTESIAN_POINT('',(153.793449401855,-0.497550964355526,149.));
#3067=CARTESIAN_POINT('',(153.793449401855,-0.497550964355526,127.));
#3068=CARTESIAN_POINT('',(-6.2065505981445,-0.497550964355526,149.));
#3069=CARTESIAN_POINT('',(-6.2065505981445,-0.497550964355526,149.));
#3070=CARTESIAN_POINT('',(-6.2065505981445,-0.497550964355526,127.));
#3071=CARTESIAN_POINT('Origin',(153.793449401855,-0.497550964355526,127.));
#3072=CARTESIAN_POINT('',(153.793449401855,228.502449035645,149.));
#3073=CARTESIAN_POINT('',(153.793449401855,228.502449035645,127.));
#3074=CARTESIAN_POINT('',(153.793449401855,-0.497550964355526,149.));
#3075=CARTESIAN_POINT('Origin',(153.793449401855,228.502449035645,127.));
#3076=CARTESIAN_POINT('',(-6.2065505981445,228.502449035645,149.));
#3077=CARTESIAN_POINT('',(-6.2065505981445,228.502449035645,127.));
#3078=CARTESIAN_POINT('',(-6.2065505981445,228.502449035645,149.));
#3079=CARTESIAN_POINT('Origin',(148.793449401855,4.50244903564447,130.));
#3080=CARTESIAN_POINT('',(148.793449401855,4.50244903564447,146.));
#3081=CARTESIAN_POINT('',(148.793449401855,225.502449035645,146.));
#3082=CARTESIAN_POINT('',(148.793449401855,4.50244903564447,146.));
#3083=CARTESIAN_POINT('',(148.793449401855,225.502449035645,130.));
#3084=CARTESIAN_POINT('',(148.793449401855,4.50244903564447,130.));
#3085=CARTESIAN_POINT('Origin',(146.625541687012,80.7910842895508,146.));
#3086=CARTESIAN_POINT('',(146.098350524902,75.6628036499023,146.));
#3087=CARTESIAN_POINT('',(146.098350524902,75.6628036499023,149.));
#3088=CARTESIAN_POINT('',(146.098350524902,75.6628036499023,146.));
#3089=CARTESIAN_POINT('',(146.625541687012,80.7910842895508,149.));
#3090=CARTESIAN_POINT('',(146.098350524902,75.6628036499023,149.));
#3091=CARTESIAN_POINT('',(146.625541687012,80.7910842895508,146.));
#3092=CARTESIAN_POINT('',(146.625541687012,80.7910842895508,146.));
#3093=CARTESIAN_POINT('',(146.098350524902,75.6628036499023,146.));
#3094=CARTESIAN_POINT('Origin',(146.098350524902,75.6628036499023,146.));
#3095=CARTESIAN_POINT('',(145.22240447998,70.5824584960937,146.));
#3096=CARTESIAN_POINT('',(145.22240447998,70.5824584960937,149.));
#3097=CARTESIAN_POINT('',(145.22240447998,70.5824584960937,146.));
#3098=CARTESIAN_POINT('',(145.22240447998,70.5824584960937,149.));
#3099=CARTESIAN_POINT('',(145.22240447998,70.5824584960937,146.));
#3100=CARTESIAN_POINT('Origin',(145.22240447998,70.5824584960937,146.));
#3101=CARTESIAN_POINT('',(144.001808166504,65.5737304687499,146.));
#3102=CARTESIAN_POINT('',(144.001808166504,65.5737304687499,149.));
#3103=CARTESIAN_POINT('',(144.001808166504,65.5737304687499,146.));
#3104=CARTESIAN_POINT('',(144.001808166504,65.5737304687499,149.));
#3105=CARTESIAN_POINT('',(144.001808166504,65.5737304687499,146.));
#3106=CARTESIAN_POINT('Origin',(144.001808166504,65.5737304687499,146.));
#3107=CARTESIAN_POINT('',(142.442253112793,60.6599769592285,146.));
#3108=CARTESIAN_POINT('',(142.442253112793,60.6599769592285,149.));
#3109=CARTESIAN_POINT('',(142.442253112793,60.6599769592285,146.));
#3110=CARTESIAN_POINT('',(142.442253112793,60.6599769592285,149.));
#3111=CARTESIAN_POINT('',(142.442253112793,60.6599769592285,146.));
#3112=CARTESIAN_POINT('Origin',(142.442253112793,60.6599769592285,146.));
#3113=CARTESIAN_POINT('',(140.551002502441,55.8641052246093,146.));
#3114=CARTESIAN_POINT('',(140.551002502441,55.8641052246093,149.));
#3115=CARTESIAN_POINT('',(140.551002502441,55.8641052246093,146.));
#3116=CARTESIAN_POINT('',(140.551002502441,55.8641052246093,149.));
#3117=CARTESIAN_POINT('',(140.551002502441,55.8641052246093,146.));
#3118=CARTESIAN_POINT('Origin',(140.551002502441,55.8641052246093,146.));
#3119=CARTESIAN_POINT('',(138.336891174316,51.2084770202636,146.));
#3120=CARTESIAN_POINT('',(138.336891174316,51.2084770202636,149.));
#3121=CARTESIAN_POINT('',(138.336891174316,51.2084770202636,146.));
#3122=CARTESIAN_POINT('',(138.336891174316,51.2084770202636,149.));
#3123=CARTESIAN_POINT('',(138.336891174316,51.2084770202636,146.));
#3124=CARTESIAN_POINT('Origin',(138.336891174316,51.2084770202636,146.));
#3125=CARTESIAN_POINT('',(135.810218811035,46.7147979736328,146.));
#3126=CARTESIAN_POINT('',(135.810218811035,46.7147979736328,149.));
#3127=CARTESIAN_POINT('',(135.810218811035,46.7147979736328,146.));
#3128=CARTESIAN_POINT('',(135.810218811035,46.7147979736328,149.));
#3129=CARTESIAN_POINT('',(135.810218811035,46.7147979736328,146.));
#3130=CARTESIAN_POINT('Origin',(135.810218811035,46.7147979736328,146.));
#3131=CARTESIAN_POINT('',(132.982780456543,42.4040222167968,146.));
#3132=CARTESIAN_POINT('',(132.982780456543,42.4040222167968,149.));
#3133=CARTESIAN_POINT('',(132.982780456543,42.4040222167968,146.));
#3134=CARTESIAN_POINT('',(132.982780456543,42.4040222167968,149.));
#3135=CARTESIAN_POINT('',(132.982780456543,42.4040222167968,146.));
#3136=CARTESIAN_POINT('Origin',(132.982780456543,42.4040222167968,146.));
#3137=CARTESIAN_POINT('',(129.86775970459,38.2962474822998,146.));
#3138=CARTESIAN_POINT('',(129.86775970459,38.2962474822998,149.));
#3139=CARTESIAN_POINT('',(129.86775970459,38.2962474822998,146.));
#3140=CARTESIAN_POINT('',(129.86775970459,38.2962474822998,149.));
#3141=CARTESIAN_POINT('',(129.86775970459,38.2962474822998,146.));
#3142=CARTESIAN_POINT('Origin',(129.86775970459,38.2962474822998,146.));
#3143=CARTESIAN_POINT('',(126.479667663574,34.410623550415,146.));
#3144=CARTESIAN_POINT('',(126.479667663574,34.410623550415,149.));
#3145=CARTESIAN_POINT('',(126.479667663574,34.410623550415,146.));
#3146=CARTESIAN_POINT('',(126.479667663574,34.410623550415,149.));
#3147=CARTESIAN_POINT('',(126.479667663574,34.410623550415,146.));
#3148=CARTESIAN_POINT('Origin',(126.479667663574,34.410623550415,146.));
#3149=CARTESIAN_POINT('',(122.834312438965,30.7652702331543,146.));
#3150=CARTESIAN_POINT('',(122.834312438965,30.7652702331543,149.));
#3151=CARTESIAN_POINT('',(122.834312438965,30.7652702331543,146.));
#3152=CARTESIAN_POINT('',(122.834312438965,30.7652702331543,149.));
#3153=CARTESIAN_POINT('',(122.834312438965,30.7652702331543,146.));
#3154=CARTESIAN_POINT('Origin',(122.834312438965,30.7652702331543,146.));
#3155=CARTESIAN_POINT('',(118.948692321777,27.3771839141846,146.));
#3156=CARTESIAN_POINT('',(118.948692321777,27.3771839141846,149.));
#3157=CARTESIAN_POINT('',(118.948692321777,27.3771839141846,146.));
#3158=CARTESIAN_POINT('',(118.948692321777,27.3771839141846,149.));
#3159=CARTESIAN_POINT('',(118.948692321777,27.3771839141846,146.));
#3160=CARTESIAN_POINT('Origin',(118.948692321777,27.3771839141846,146.));
#3161=CARTESIAN_POINT('',(114.840919494629,24.2621593475342,146.));
#3162=CARTESIAN_POINT('',(114.840919494629,24.2621593475342,149.));
#3163=CARTESIAN_POINT('',(114.840919494629,24.2621593475342,146.));
#3164=CARTESIAN_POINT('',(114.840919494629,24.2621593475342,149.));
#3165=CARTESIAN_POINT('',(114.840919494629,24.2621593475342,146.));
#3166=CARTESIAN_POINT('Origin',(114.840919494629,24.2621593475342,146.));
#3167=CARTESIAN_POINT('',(110.530143737793,21.434720993042,146.));
#3168=CARTESIAN_POINT('',(110.530143737793,21.434720993042,149.));
#3169=CARTESIAN_POINT('',(110.530143737793,21.434720993042,146.));
#3170=CARTESIAN_POINT('',(110.530143737793,21.434720993042,149.));
#3171=CARTESIAN_POINT('',(110.530143737793,21.434720993042,146.));
#3172=CARTESIAN_POINT('Origin',(110.530143737793,21.434720993042,146.));
#3173=CARTESIAN_POINT('',(106.036468505859,18.908052444458,146.));
#3174=CARTESIAN_POINT('',(106.036468505859,18.908052444458,149.));
#3175=CARTESIAN_POINT('',(106.036468505859,18.908052444458,146.));
#3176=CARTESIAN_POINT('',(106.036468505859,18.908052444458,149.));
#3177=CARTESIAN_POINT('',(106.036468505859,18.908052444458,146.));
#3178=CARTESIAN_POINT('Origin',(106.036468505859,18.908052444458,146.));
#3179=CARTESIAN_POINT('',(101.380836486816,16.6939334869385,146.));
#3180=CARTESIAN_POINT('',(101.380836486816,16.6939334869385,149.));
#3181=CARTESIAN_POINT('',(101.380836486816,16.6939334869385,146.));
#3182=CARTESIAN_POINT('',(101.380836486816,16.6939334869385,149.));
#3183=CARTESIAN_POINT('',(101.380836486816,16.6939334869385,146.));
#3184=CARTESIAN_POINT('Origin',(101.380836486816,16.6939334869385,146.));
#3185=CARTESIAN_POINT('',(96.5849685668946,14.8026866912842,146.));
#3186=CARTESIAN_POINT('',(96.5849685668946,14.8026866912842,149.));
#3187=CARTESIAN_POINT('',(96.5849685668946,14.8026866912842,146.));
#3188=CARTESIAN_POINT('',(96.5849685668946,14.8026866912842,149.));
#3189=CARTESIAN_POINT('',(96.5849685668946,14.8026866912842,146.));
#3190=CARTESIAN_POINT('Origin',(96.5849685668946,14.8026866912842,146.));
#3191=CARTESIAN_POINT('',(91.6712112426758,13.2431311607361,146.));
#3192=CARTESIAN_POINT('',(91.6712112426758,13.2431311607361,149.));
#3193=CARTESIAN_POINT('',(91.6712112426758,13.2431311607361,146.));
#3194=CARTESIAN_POINT('',(91.6712112426758,13.2431311607361,149.));
#3195=CARTESIAN_POINT('',(91.6712112426758,13.2431311607361,146.));
#3196=CARTESIAN_POINT('Origin',(91.6712112426758,13.2431311607361,146.));
#3197=CARTESIAN_POINT('',(86.6624832153321,12.0225377082824,146.));
#3198=CARTESIAN_POINT('',(86.6624832153321,12.0225377082824,149.));
#3199=CARTESIAN_POINT('',(86.6624832153321,12.0225377082824,146.));
#3200=CARTESIAN_POINT('',(86.6624832153321,12.0225377082824,149.));
#3201=CARTESIAN_POINT('',(86.6624832153321,12.0225377082824,146.));
#3202=CARTESIAN_POINT('Origin',(86.6624832153321,12.0225377082824,146.));
#3203=CARTESIAN_POINT('',(81.5821380615235,11.1465973854065,146.));
#3204=CARTESIAN_POINT('',(81.5821380615235,11.1465973854065,149.));
#3205=CARTESIAN_POINT('',(81.5821380615235,11.1465973854065,146.));
#3206=CARTESIAN_POINT('',(81.5821380615235,11.1465973854065,149.));
#3207=CARTESIAN_POINT('',(81.5821380615235,11.1465973854065,146.));
#3208=CARTESIAN_POINT('Origin',(81.5821380615235,11.1465973854065,146.));
#3209=CARTESIAN_POINT('',(76.453857421875,10.6193943023681,146.));
#3210=CARTESIAN_POINT('',(76.453857421875,10.6193943023681,149.));
#3211=CARTESIAN_POINT('',(76.453857421875,10.6193943023681,146.));
#3212=CARTESIAN_POINT('',(76.453857421875,10.6193943023681,149.));
#3213=CARTESIAN_POINT('',(76.453857421875,10.6193943023681,146.));
#3214=CARTESIAN_POINT('Origin',(76.453857421875,10.6193943023681,146.));
#3215=CARTESIAN_POINT('',(71.3015594482423,10.4433864355087,146.));
#3216=CARTESIAN_POINT('',(71.3015594482423,10.4433864355087,149.));
#3217=CARTESIAN_POINT('',(71.3015594482423,10.4433864355087,146.));
#3218=CARTESIAN_POINT('',(71.3015594482423,10.4433864355087,149.));
#3219=CARTESIAN_POINT('',(71.3015594482423,10.4433864355087,146.));
#3220=CARTESIAN_POINT('Origin',(71.3015594482423,10.4433864355087,146.));
#3221=CARTESIAN_POINT('',(66.1492538452149,10.6193943023681,146.));
#3222=CARTESIAN_POINT('',(66.1492538452149,10.6193943023681,149.));
#3223=CARTESIAN_POINT('',(66.1492538452149,10.6193943023681,146.));
#3224=CARTESIAN_POINT('',(66.1492538452149,10.6193943023681,149.));
#3225=CARTESIAN_POINT('',(66.1492538452149,10.6193943023681,146.));
#3226=CARTESIAN_POINT('Origin',(66.1492538452149,10.6193943023681,146.));
#3227=CARTESIAN_POINT('',(61.0209732055664,11.1465973854065,146.));
#3228=CARTESIAN_POINT('',(61.0209732055664,11.1465973854065,149.));
#3229=CARTESIAN_POINT('',(61.0209732055664,11.1465973854065,146.));
#3230=CARTESIAN_POINT('',(61.0209732055664,11.1465973854065,149.));
#3231=CARTESIAN_POINT('',(61.0209732055664,11.1465973854065,146.));
#3232=CARTESIAN_POINT('Origin',(61.0209732055664,11.1465973854065,146.));
#3233=CARTESIAN_POINT('',(55.9406280517578,12.0225377082824,146.));
#3234=CARTESIAN_POINT('',(55.9406280517578,12.0225377082824,149.));
#3235=CARTESIAN_POINT('',(55.9406280517578,12.0225377082824,146.));
#3236=CARTESIAN_POINT('',(55.9406280517578,12.0225377082824,149.));
#3237=CARTESIAN_POINT('',(55.9406280517578,12.0225377082824,146.));
#3238=CARTESIAN_POINT('Origin',(55.9406280517578,12.0225377082824,146.));
#3239=CARTESIAN_POINT('',(50.9319000244141,13.2431311607361,146.));
#3240=CARTESIAN_POINT('',(50.9319000244141,13.2431311607361,149.));
#3241=CARTESIAN_POINT('',(50.9319000244141,13.2431311607361,146.));
#3242=CARTESIAN_POINT('',(50.9319000244141,13.2431311607361,149.));
#3243=CARTESIAN_POINT('',(50.9319000244141,13.2431311607361,146.));
#3244=CARTESIAN_POINT('Origin',(50.9319000244141,13.2431311607361,146.));
#3245=CARTESIAN_POINT('',(46.0181465148927,14.8026866912842,146.));
#3246=CARTESIAN_POINT('',(46.0181465148927,14.8026866912842,149.));
#3247=CARTESIAN_POINT('',(46.0181465148927,14.8026866912842,146.));
#3248=CARTESIAN_POINT('',(46.0181465148927,14.8026866912842,149.));
#3249=CARTESIAN_POINT('',(46.0181465148927,14.8026866912842,146.));
#3250=CARTESIAN_POINT('Origin',(46.0181465148927,14.8026866912842,146.));
#3251=CARTESIAN_POINT('',(41.2222747802734,16.6939334869385,146.));
#3252=CARTESIAN_POINT('',(41.2222747802734,16.6939334869385,149.));
#3253=CARTESIAN_POINT('',(41.2222747802734,16.6939334869385,146.));
#3254=CARTESIAN_POINT('',(41.2222747802734,16.6939334869385,149.));
#3255=CARTESIAN_POINT('',(41.2222747802734,16.6939334869385,146.));
#3256=CARTESIAN_POINT('Origin',(41.2222747802734,16.6939334869385,146.));
#3257=CARTESIAN_POINT('',(36.5666465759277,18.908052444458,146.));
#3258=CARTESIAN_POINT('',(36.5666465759277,18.908052444458,149.));
#3259=CARTESIAN_POINT('',(36.5666465759277,18.908052444458,146.));
#3260=CARTESIAN_POINT('',(36.5666465759277,18.908052444458,149.));
#3261=CARTESIAN_POINT('',(36.5666465759277,18.908052444458,146.));
#3262=CARTESIAN_POINT('Origin',(36.5666465759277,18.908052444458,146.));
#3263=CARTESIAN_POINT('',(32.072967529297,21.434720993042,146.));
#3264=CARTESIAN_POINT('',(32.072967529297,21.434720993042,149.));
#3265=CARTESIAN_POINT('',(32.072967529297,21.434720993042,146.));
#3266=CARTESIAN_POINT('',(32.072967529297,21.434720993042,149.));
#3267=CARTESIAN_POINT('',(32.072967529297,21.434720993042,146.));
#3268=CARTESIAN_POINT('Origin',(32.072967529297,21.434720993042,146.));
#3269=CARTESIAN_POINT('',(27.7621917724609,24.2621593475342,146.));
#3270=CARTESIAN_POINT('',(27.7621917724609,24.2621593475342,149.));
#3271=CARTESIAN_POINT('',(27.7621917724609,24.2621593475342,146.));
#3272=CARTESIAN_POINT('',(27.7621917724609,24.2621593475342,149.));
#3273=CARTESIAN_POINT('',(27.7621917724609,24.2621593475342,146.));
#3274=CARTESIAN_POINT('Origin',(27.7621917724609,24.2621593475342,146.));
#3275=CARTESIAN_POINT('',(23.6544151306153,27.3771839141846,146.));
#3276=CARTESIAN_POINT('',(23.6544151306153,27.3771839141846,149.));
#3277=CARTESIAN_POINT('',(23.6544151306153,27.3771839141846,146.));
#3278=CARTESIAN_POINT('',(23.6544151306153,27.3771839141846,149.));
#3279=CARTESIAN_POINT('',(23.6544151306153,27.3771839141846,146.));
#3280=CARTESIAN_POINT('Origin',(23.6544151306153,27.3771839141846,146.));
#3281=CARTESIAN_POINT('',(19.7687931060792,30.7652702331543,146.));
#3282=CARTESIAN_POINT('',(19.7687931060792,30.7652702331543,149.));
#3283=CARTESIAN_POINT('',(19.7687931060792,30.7652702331543,146.));
#3284=CARTESIAN_POINT('',(19.7687931060792,30.7652702331543,149.));
#3285=CARTESIAN_POINT('',(19.7687931060792,30.7652702331543,146.));
#3286=CARTESIAN_POINT('Origin',(19.7687931060792,30.7652702331543,146.));
#3287=CARTESIAN_POINT('',(16.1234416961671,34.410623550415,146.));
#3288=CARTESIAN_POINT('',(16.1234416961671,34.410623550415,149.));
#3289=CARTESIAN_POINT('',(16.1234416961671,34.410623550415,146.));
#3290=CARTESIAN_POINT('',(16.1234416961671,34.410623550415,149.));
#3291=CARTESIAN_POINT('',(16.1234416961671,34.410623550415,146.));
#3292=CARTESIAN_POINT('Origin',(16.1234416961671,34.410623550415,146.));
#3293=CARTESIAN_POINT('',(12.7353534698486,38.2962474822998,146.));
#3294=CARTESIAN_POINT('',(12.7353534698486,38.2962474822998,149.));
#3295=CARTESIAN_POINT('',(12.7353534698486,38.2962474822998,146.));
#3296=CARTESIAN_POINT('',(12.7353534698486,38.2962474822998,149.));
#3297=CARTESIAN_POINT('',(12.7353534698486,38.2962474822998,146.));
#3298=CARTESIAN_POINT('Origin',(12.7353534698486,38.2962474822998,146.));
#3299=CARTESIAN_POINT('',(9.62032890319821,42.4040222167968,146.));
#3300=CARTESIAN_POINT('',(9.62032890319821,42.4040222167968,149.));
#3301=CARTESIAN_POINT('',(9.62032890319821,42.4040222167968,146.));
#3302=CARTESIAN_POINT('',(9.62032890319821,42.4040222167968,149.));
#3303=CARTESIAN_POINT('',(9.62032890319821,42.4040222167968,146.));
#3304=CARTESIAN_POINT('Origin',(9.62032890319821,42.4040222167968,146.));
#3305=CARTESIAN_POINT('',(6.79289054870611,46.7147979736328,146.));
#3306=CARTESIAN_POINT('',(6.79289054870611,46.7147979736328,149.));
#3307=CARTESIAN_POINT('',(6.79289054870611,46.7147979736328,146.));
#3308=CARTESIAN_POINT('',(6.79289054870611,46.7147979736328,149.));
#3309=CARTESIAN_POINT('',(6.79289054870611,46.7147979736328,146.));
#3310=CARTESIAN_POINT('Origin',(6.79289054870611,46.7147979736328,146.));
#3311=CARTESIAN_POINT('',(4.26622200012207,51.2084770202636,146.));
#3312=CARTESIAN_POINT('',(4.26622200012207,51.2084770202636,149.));
#3313=CARTESIAN_POINT('',(4.26622200012207,51.2084770202636,146.));
#3314=CARTESIAN_POINT('',(4.26622200012207,51.2084770202636,149.));
#3315=CARTESIAN_POINT('',(4.26622200012207,51.2084770202636,146.));
#3316=CARTESIAN_POINT('Origin',(4.26622200012207,51.2084770202636,146.));
#3317=CARTESIAN_POINT('',(2.05210304260251,55.8641052246093,146.));
#3318=CARTESIAN_POINT('',(2.05210304260251,55.8641052246093,149.));
#3319=CARTESIAN_POINT('',(2.05210304260251,55.8641052246093,146.));
#3320=CARTESIAN_POINT('',(2.05210304260251,55.8641052246093,149.));
#3321=CARTESIAN_POINT('',(2.05210304260251,55.8641052246093,146.));
#3322=CARTESIAN_POINT('Origin',(2.05210304260251,55.8641052246093,146.));
#3323=CARTESIAN_POINT('',(0.160856246948271,60.6599769592285,146.));
#3324=CARTESIAN_POINT('',(0.160856246948271,60.6599769592285,149.));
#3325=CARTESIAN_POINT('',(0.160856246948271,60.6599769592285,146.));
#3326=CARTESIAN_POINT('',(0.160856246948271,60.6599769592285,149.));
#3327=CARTESIAN_POINT('',(0.160856246948271,60.6599769592285,146.));
#3328=CARTESIAN_POINT('Origin',(0.160856246948271,60.6599769592285,146.));
#3329=CARTESIAN_POINT('',(-1.39869880676269,65.5737304687499,146.));
#3330=CARTESIAN_POINT('',(-1.39869880676269,65.5737304687499,149.));
#3331=CARTESIAN_POINT('',(-1.39869880676269,65.5737304687499,146.));
#3332=CARTESIAN_POINT('',(-1.39869880676269,65.5737304687499,149.));
#3333=CARTESIAN_POINT('',(-1.39869880676269,65.5737304687499,146.));
#3334=CARTESIAN_POINT('Origin',(-1.39869880676269,65.5737304687499,146.));
#3335=CARTESIAN_POINT('',(-2.61929225921631,70.5824584960937,146.));
#3336=CARTESIAN_POINT('',(-2.61929225921631,70.5824584960937,149.));
#3337=CARTESIAN_POINT('',(-2.61929225921631,70.5824584960937,146.));
#3338=CARTESIAN_POINT('',(-2.61929225921631,70.5824584960937,149.));
#3339=CARTESIAN_POINT('',(-2.61929225921631,70.5824584960937,146.));
#3340=CARTESIAN_POINT('Origin',(-2.61929225921631,70.5824584960937,146.));
#3341=CARTESIAN_POINT('',(-3.49523258209228,75.6628036499023,146.));
#3342=CARTESIAN_POINT('',(-3.49523258209228,75.6628036499023,149.));
#3343=CARTESIAN_POINT('',(-3.49523258209228,75.6628036499023,146.));
#3344=CARTESIAN_POINT('',(-3.49523258209228,75.6628036499023,149.));
#3345=CARTESIAN_POINT('',(-3.49523258209228,75.6628036499023,146.));
#3346=CARTESIAN_POINT('Origin',(-3.49523258209228,75.6628036499023,146.));
#3347=CARTESIAN_POINT('',(-4.02243566513062,80.7910842895508,146.));
#3348=CARTESIAN_POINT('',(-4.02243566513062,80.7910842895508,149.));
#3349=CARTESIAN_POINT('',(-4.02243566513062,80.7910842895508,146.));
#3350=CARTESIAN_POINT('',(-4.02243566513062,80.7910842895508,149.));
#3351=CARTESIAN_POINT('',(-4.02243566513062,80.7910842895508,146.));
#3352=CARTESIAN_POINT('Origin',(-4.02243566513062,80.7910842895508,146.));
#3353=CARTESIAN_POINT('',(-4.19844388961789,85.9433898925782,146.));
#3354=CARTESIAN_POINT('',(-4.19844388961789,85.9433898925782,149.));
#3355=CARTESIAN_POINT('',(-4.19844388961789,85.9433898925782,146.));
#3356=CARTESIAN_POINT('',(-4.19844388961789,85.9433898925782,149.));
#3357=CARTESIAN_POINT('',(-4.19844388961789,85.9433898925782,146.));
#3358=CARTESIAN_POINT('Origin',(-4.19844388961789,85.9433898925782,146.));
#3359=CARTESIAN_POINT('',(-4.02243566513062,91.0956878662109,146.));
#3360=CARTESIAN_POINT('',(-4.02243566513062,91.0956878662109,149.));
#3361=CARTESIAN_POINT('',(-4.02243566513062,91.0956878662109,146.));
#3362=CARTESIAN_POINT('',(-4.19844388961789,85.9433898925782,149.));
#3363=CARTESIAN_POINT('',(-4.19844388961789,85.9433898925782,146.));
#3364=CARTESIAN_POINT('Origin',(-4.02243566513062,91.0956878662109,146.));
#3365=CARTESIAN_POINT('',(-3.49523258209228,96.2239685058594,146.));
#3366=CARTESIAN_POINT('',(-3.49523258209228,96.2239685058594,149.));
#3367=CARTESIAN_POINT('',(-3.49523258209228,96.2239685058594,146.));
#3368=CARTESIAN_POINT('',(-4.02243566513062,91.0956878662109,149.));
#3369=CARTESIAN_POINT('',(-4.02243566513062,91.0956878662109,146.));
#3370=CARTESIAN_POINT('Origin',(-3.49523258209228,96.2239685058594,146.));
#3371=CARTESIAN_POINT('',(-2.61929225921631,101.304313659668,146.));
#3372=CARTESIAN_POINT('',(-2.61929225921631,101.304313659668,149.));
#3373=CARTESIAN_POINT('',(-2.61929225921631,101.304313659668,146.));
#3374=CARTESIAN_POINT('',(-3.49523258209228,96.2239685058594,149.));
#3375=CARTESIAN_POINT('',(-3.49523258209228,96.2239685058594,146.));
#3376=CARTESIAN_POINT('Origin',(-2.61929225921631,101.304313659668,146.));
#3377=CARTESIAN_POINT('',(-1.39869880676269,106.313041687012,146.));
#3378=CARTESIAN_POINT('',(-1.39869880676269,106.313041687012,149.));
#3379=CARTESIAN_POINT('',(-1.39869880676269,106.313041687012,146.));
#3380=CARTESIAN_POINT('',(-2.61929225921631,101.304313659668,149.));
#3381=CARTESIAN_POINT('',(-2.61929225921631,101.304313659668,146.));
#3382=CARTESIAN_POINT('Origin',(-1.39869880676269,106.313041687012,146.));
#3383=CARTESIAN_POINT('',(0.160856246948271,111.22679901123,146.));
#3384=CARTESIAN_POINT('',(0.160856246948271,111.22679901123,149.));
#3385=CARTESIAN_POINT('',(0.160856246948271,111.22679901123,146.));
#3386=CARTESIAN_POINT('',(-1.39869880676269,106.313041687012,149.));
#3387=CARTESIAN_POINT('',(-1.39869880676269,106.313041687012,146.));
#3388=CARTESIAN_POINT('Origin',(0.160856246948271,111.22679901123,146.));
#3389=CARTESIAN_POINT('',(2.05210304260251,116.022666931152,146.));
#3390=CARTESIAN_POINT('',(2.05210304260251,116.022666931152,149.));
#3391=CARTESIAN_POINT('',(2.05210304260251,116.022666931152,146.));
#3392=CARTESIAN_POINT('',(0.160856246948271,111.22679901123,149.));
#3393=CARTESIAN_POINT('',(0.160856246948271,111.22679901123,146.));
#3394=CARTESIAN_POINT('Origin',(2.05210304260251,116.022666931152,146.));
#3395=CARTESIAN_POINT('',(4.26622200012207,120.678298950195,146.));
#3396=CARTESIAN_POINT('',(4.26622200012207,120.678298950195,149.));
#3397=CARTESIAN_POINT('',(4.26622200012207,120.678298950195,146.));
#3398=CARTESIAN_POINT('',(2.05210304260251,116.022666931152,149.));
#3399=CARTESIAN_POINT('',(2.05210304260251,116.022666931152,146.));
#3400=CARTESIAN_POINT('Origin',(4.26622200012207,120.678298950195,146.));
#3401=CARTESIAN_POINT('',(6.79289054870611,125.171974182129,146.));
#3402=CARTESIAN_POINT('',(6.79289054870611,125.171974182129,149.));
#3403=CARTESIAN_POINT('',(6.79289054870611,125.171974182129,146.));
#3404=CARTESIAN_POINT('',(4.26622200012207,120.678298950195,149.));
#3405=CARTESIAN_POINT('',(4.26622200012207,120.678298950195,146.));
#3406=CARTESIAN_POINT('Origin',(6.79289054870611,125.171974182129,146.));
#3407=CARTESIAN_POINT('',(9.62032890319821,129.482749938965,146.));
#3408=CARTESIAN_POINT('',(9.62032890319821,129.482749938965,149.));
#3409=CARTESIAN_POINT('',(9.62032890319821,129.482749938965,146.));
#3410=CARTESIAN_POINT('',(6.79289054870611,125.171974182129,149.));
#3411=CARTESIAN_POINT('',(6.79289054870611,125.171974182129,146.));
#3412=CARTESIAN_POINT('Origin',(9.62032890319821,129.482749938965,146.));
#3413=CARTESIAN_POINT('',(12.7353534698486,133.590522766113,146.));
#3414=CARTESIAN_POINT('',(12.7353534698486,133.590522766113,149.));
#3415=CARTESIAN_POINT('',(12.7353534698486,133.590522766113,146.));
#3416=CARTESIAN_POINT('',(9.62032890319821,129.482749938965,149.));
#3417=CARTESIAN_POINT('',(9.62032890319821,129.482749938965,146.));
#3418=CARTESIAN_POINT('Origin',(12.7353534698486,133.590522766113,146.));
#3419=CARTESIAN_POINT('',(16.1234416961671,137.476142883301,146.));
#3420=CARTESIAN_POINT('',(16.1234416961671,137.476142883301,149.));
#3421=CARTESIAN_POINT('',(16.1234416961671,137.476142883301,146.));
#3422=CARTESIAN_POINT('',(12.7353534698486,133.590522766113,149.));
#3423=CARTESIAN_POINT('',(12.7353534698486,133.590522766113,146.));
#3424=CARTESIAN_POINT('Origin',(16.1234416961671,137.476142883301,146.));
#3425=CARTESIAN_POINT('',(19.7687931060792,141.12149810791,146.));
#3426=CARTESIAN_POINT('',(19.7687931060792,141.12149810791,149.));
#3427=CARTESIAN_POINT('',(19.7687931060792,141.12149810791,146.));
#3428=CARTESIAN_POINT('',(16.1234416961671,137.476142883301,149.));
#3429=CARTESIAN_POINT('',(16.1234416961671,137.476142883301,146.));
#3430=CARTESIAN_POINT('Origin',(19.7687931060792,141.12149810791,146.));
#3431=CARTESIAN_POINT('',(23.6544151306153,144.509590148926,146.));
#3432=CARTESIAN_POINT('',(23.6544151306153,144.509590148926,149.));
#3433=CARTESIAN_POINT('',(23.6544151306153,144.509590148926,146.));
#3434=CARTESIAN_POINT('',(19.7687931060792,141.12149810791,149.));
#3435=CARTESIAN_POINT('',(19.7687931060792,141.12149810791,146.));
#3436=CARTESIAN_POINT('Origin',(23.6544151306153,144.509590148926,146.));
#3437=CARTESIAN_POINT('',(27.7621917724609,147.624610900879,146.));
#3438=CARTESIAN_POINT('',(27.7621917724609,147.624610900879,149.));
#3439=CARTESIAN_POINT('',(27.7621917724609,147.624610900879,146.));
#3440=CARTESIAN_POINT('',(23.6544151306153,144.509590148926,149.));
#3441=CARTESIAN_POINT('',(23.6544151306153,144.509590148926,146.));
#3442=CARTESIAN_POINT('Origin',(27.7621917724609,147.624610900879,146.));
#3443=CARTESIAN_POINT('',(32.072967529297,150.452049255371,146.));
#3444=CARTESIAN_POINT('',(32.072967529297,150.452049255371,149.));
#3445=CARTESIAN_POINT('',(32.072967529297,150.452049255371,146.));
#3446=CARTESIAN_POINT('',(27.7621917724609,147.624610900879,149.));
#3447=CARTESIAN_POINT('',(27.7621917724609,147.624610900879,146.));
#3448=CARTESIAN_POINT('Origin',(32.072967529297,150.452049255371,146.));
#3449=CARTESIAN_POINT('',(36.5666465759277,152.978721618652,146.));
#3450=CARTESIAN_POINT('',(36.5666465759277,152.978721618652,149.));
#3451=CARTESIAN_POINT('',(36.5666465759277,152.978721618652,146.));
#3452=CARTESIAN_POINT('',(32.072967529297,150.452049255371,149.));
#3453=CARTESIAN_POINT('',(32.072967529297,150.452049255371,146.));
#3454=CARTESIAN_POINT('Origin',(36.5666465759277,152.978721618652,146.));
#3455=CARTESIAN_POINT('',(41.2222747802734,155.192832946777,146.));
#3456=CARTESIAN_POINT('',(41.2222747802734,155.192832946777,149.));
#3457=CARTESIAN_POINT('',(41.2222747802734,155.192832946777,146.));
#3458=CARTESIAN_POINT('',(36.5666465759277,152.978721618652,149.));
#3459=CARTESIAN_POINT('',(36.5666465759277,152.978721618652,146.));
#3460=CARTESIAN_POINT('Origin',(41.2222747802734,155.192832946777,146.));
#3461=CARTESIAN_POINT('',(46.0181465148927,157.084083557129,146.));
#3462=CARTESIAN_POINT('',(46.0181465148927,157.084083557129,149.));
#3463=CARTESIAN_POINT('',(46.0181465148927,157.084083557129,146.));
#3464=CARTESIAN_POINT('',(41.2222747802734,155.192832946777,149.));
#3465=CARTESIAN_POINT('',(41.2222747802734,155.192832946777,146.));
#3466=CARTESIAN_POINT('Origin',(46.0181465148927,157.084083557129,146.));
#3467=CARTESIAN_POINT('',(50.9319000244141,158.64363861084,146.));
#3468=CARTESIAN_POINT('',(50.9319000244141,158.64363861084,149.));
#3469=CARTESIAN_POINT('',(50.9319000244141,158.64363861084,146.));
#3470=CARTESIAN_POINT('',(46.0181465148927,157.084083557129,149.));
#3471=CARTESIAN_POINT('',(46.0181465148927,157.084083557129,146.));
#3472=CARTESIAN_POINT('Origin',(50.9319000244141,158.64363861084,146.));
#3473=CARTESIAN_POINT('',(55.9406280517578,159.864234924316,146.));
#3474=CARTESIAN_POINT('',(55.9406280517578,159.864234924316,149.));
#3475=CARTESIAN_POINT('',(55.9406280517578,159.864234924316,146.));
#3476=CARTESIAN_POINT('',(50.9319000244141,158.64363861084,149.));
#3477=CARTESIAN_POINT('',(50.9319000244141,158.64363861084,146.));
#3478=CARTESIAN_POINT('Origin',(55.9406280517578,159.864234924316,146.));
#3479=CARTESIAN_POINT('',(61.0209732055664,160.740180969238,146.));
#3480=CARTESIAN_POINT('',(61.0209732055664,160.740180969238,149.));
#3481=CARTESIAN_POINT('',(61.0209732055664,160.740180969238,146.));
#3482=CARTESIAN_POINT('',(55.9406280517578,159.864234924316,149.));
#3483=CARTESIAN_POINT('',(55.9406280517578,159.864234924316,146.));
#3484=CARTESIAN_POINT('Origin',(61.0209732055664,160.740180969238,146.));
#3485=CARTESIAN_POINT('',(66.1492538452149,161.267372131348,146.));
#3486=CARTESIAN_POINT('',(66.1492538452149,161.267372131348,149.));
#3487=CARTESIAN_POINT('',(66.1492538452149,161.267372131348,146.));
#3488=CARTESIAN_POINT('',(61.0209732055664,160.740180969238,149.));
#3489=CARTESIAN_POINT('',(61.0209732055664,160.740180969238,146.));
#3490=CARTESIAN_POINT('Origin',(66.1492538452149,161.267372131348,146.));
#3491=CARTESIAN_POINT('',(71.3015594482423,161.443382263184,146.));
#3492=CARTESIAN_POINT('',(71.3015594482423,161.443382263184,149.));
#3493=CARTESIAN_POINT('',(71.3015594482423,161.443382263184,146.));
#3494=CARTESIAN_POINT('',(66.1492538452149,161.267372131348,149.));
#3495=CARTESIAN_POINT('',(66.1492538452149,161.267372131348,146.));
#3496=CARTESIAN_POINT('Origin',(71.3015594482423,161.443382263184,146.));
#3497=CARTESIAN_POINT('',(76.453857421875,161.267372131348,146.));
#3498=CARTESIAN_POINT('',(76.453857421875,161.267372131348,149.));
#3499=CARTESIAN_POINT('',(76.453857421875,161.267372131348,146.));
#3500=CARTESIAN_POINT('',(71.3015594482423,161.443382263184,149.));
#3501=CARTESIAN_POINT('',(71.3015594482423,161.443382263184,146.));
#3502=CARTESIAN_POINT('Origin',(76.453857421875,161.267372131348,146.));
#3503=CARTESIAN_POINT('',(81.5821380615235,160.740180969238,146.));
#3504=CARTESIAN_POINT('',(81.5821380615235,160.740180969238,149.));
#3505=CARTESIAN_POINT('',(81.5821380615235,160.740180969238,146.));
#3506=CARTESIAN_POINT('',(76.453857421875,161.267372131348,149.));
#3507=CARTESIAN_POINT('',(76.453857421875,161.267372131348,146.));
#3508=CARTESIAN_POINT('Origin',(81.5821380615235,160.740180969238,146.));
#3509=CARTESIAN_POINT('',(86.6624832153321,159.864234924316,146.));
#3510=CARTESIAN_POINT('',(86.6624832153321,159.864234924316,149.));
#3511=CARTESIAN_POINT('',(86.6624832153321,159.864234924316,146.));
#3512=CARTESIAN_POINT('',(81.5821380615235,160.740180969238,149.));
#3513=CARTESIAN_POINT('',(81.5821380615235,160.740180969238,146.));
#3514=CARTESIAN_POINT('Origin',(86.6624832153321,159.864234924316,146.));
#3515=CARTESIAN_POINT('',(91.6712112426758,158.64363861084,146.));
#3516=CARTESIAN_POINT('',(91.6712112426758,158.64363861084,149.));
#3517=CARTESIAN_POINT('',(91.6712112426758,158.64363861084,146.));
#3518=CARTESIAN_POINT('',(86.6624832153321,159.864234924316,149.));
#3519=CARTESIAN_POINT('',(86.6624832153321,159.864234924316,146.));
#3520=CARTESIAN_POINT('Origin',(91.6712112426758,158.64363861084,146.));
#3521=CARTESIAN_POINT('',(96.5849685668946,157.084083557129,146.));
#3522=CARTESIAN_POINT('',(96.5849685668946,157.084083557129,149.));
#3523=CARTESIAN_POINT('',(96.5849685668946,157.084083557129,146.));
#3524=CARTESIAN_POINT('',(91.6712112426758,158.64363861084,149.));
#3525=CARTESIAN_POINT('',(91.6712112426758,158.64363861084,146.));
#3526=CARTESIAN_POINT('Origin',(96.5849685668946,157.084083557129,146.));
#3527=CARTESIAN_POINT('',(101.380836486816,155.192832946777,146.));
#3528=CARTESIAN_POINT('',(101.380836486816,155.192832946777,149.));
#3529=CARTESIAN_POINT('',(101.380836486816,155.192832946777,146.));
#3530=CARTESIAN_POINT('',(96.5849685668946,157.084083557129,149.));
#3531=CARTESIAN_POINT('',(96.5849685668946,157.084083557129,146.));
#3532=CARTESIAN_POINT('Origin',(101.380836486816,155.192832946777,146.));
#3533=CARTESIAN_POINT('',(106.036468505859,152.978721618652,146.));
#3534=CARTESIAN_POINT('',(106.036468505859,152.978721618652,149.));
#3535=CARTESIAN_POINT('',(106.036468505859,152.978721618652,146.));
#3536=CARTESIAN_POINT('',(101.380836486816,155.192832946777,149.));
#3537=CARTESIAN_POINT('',(101.380836486816,155.192832946777,146.));
#3538=CARTESIAN_POINT('Origin',(106.036468505859,152.978721618652,146.));
#3539=CARTESIAN_POINT('',(110.530143737793,150.452049255371,146.));
#3540=CARTESIAN_POINT('',(110.530143737793,150.452049255371,149.));
#3541=CARTESIAN_POINT('',(110.530143737793,150.452049255371,146.));
#3542=CARTESIAN_POINT('',(106.036468505859,152.978721618652,149.));
#3543=CARTESIAN_POINT('',(106.036468505859,152.978721618652,146.));
#3544=CARTESIAN_POINT('Origin',(110.530143737793,150.452049255371,146.));
#3545=CARTESIAN_POINT('',(114.840919494629,147.624610900879,146.));
#3546=CARTESIAN_POINT('',(114.840919494629,147.624610900879,149.));
#3547=CARTESIAN_POINT('',(114.840919494629,147.624610900879,146.));
#3548=CARTESIAN_POINT('',(110.530143737793,150.452049255371,149.));
#3549=CARTESIAN_POINT('',(110.530143737793,150.452049255371,146.));
#3550=CARTESIAN_POINT('Origin',(114.840919494629,147.624610900879,146.));
#3551=CARTESIAN_POINT('',(118.948692321777,144.509590148926,146.));
#3552=CARTESIAN_POINT('',(118.948692321777,144.509590148926,149.));
#3553=CARTESIAN_POINT('',(118.948692321777,144.509590148926,146.));
#3554=CARTESIAN_POINT('',(114.840919494629,147.624610900879,149.));
#3555=CARTESIAN_POINT('',(114.840919494629,147.624610900879,146.));
#3556=CARTESIAN_POINT('Origin',(118.948692321777,144.509590148926,146.));
#3557=CARTESIAN_POINT('',(122.834312438965,141.12149810791,146.));
#3558=CARTESIAN_POINT('',(122.834312438965,141.12149810791,149.));
#3559=CARTESIAN_POINT('',(122.834312438965,141.12149810791,146.));
#3560=CARTESIAN_POINT('',(118.948692321777,144.509590148926,149.));
#3561=CARTESIAN_POINT('',(118.948692321777,144.509590148926,146.));
#3562=CARTESIAN_POINT('Origin',(122.834312438965,141.12149810791,146.));
#3563=CARTESIAN_POINT('',(126.479667663574,137.476142883301,146.));
#3564=CARTESIAN_POINT('',(126.479667663574,137.476142883301,149.));
#3565=CARTESIAN_POINT('',(126.479667663574,137.476142883301,146.));
#3566=CARTESIAN_POINT('',(122.834312438965,141.12149810791,149.));
#3567=CARTESIAN_POINT('',(122.834312438965,141.12149810791,146.));
#3568=CARTESIAN_POINT('Origin',(126.479667663574,137.476142883301,146.));
#3569=CARTESIAN_POINT('',(129.86775970459,133.590522766113,146.));
#3570=CARTESIAN_POINT('',(129.86775970459,133.590522766113,149.));
#3571=CARTESIAN_POINT('',(129.86775970459,133.590522766113,146.));
#3572=CARTESIAN_POINT('',(126.479667663574,137.476142883301,149.));
#3573=CARTESIAN_POINT('',(126.479667663574,137.476142883301,146.));
#3574=CARTESIAN_POINT('Origin',(129.86775970459,133.590522766113,146.));
#3575=CARTESIAN_POINT('',(132.982780456543,129.482749938965,146.));
#3576=CARTESIAN_POINT('',(132.982780456543,129.482749938965,149.));
#3577=CARTESIAN_POINT('',(132.982780456543,129.482749938965,146.));
#3578=CARTESIAN_POINT('',(129.86775970459,133.590522766113,149.));
#3579=CARTESIAN_POINT('',(129.86775970459,133.590522766113,146.));
#3580=CARTESIAN_POINT('Origin',(132.982780456543,129.482749938965,146.));
#3581=CARTESIAN_POINT('',(135.810218811035,125.171974182129,146.));
#3582=CARTESIAN_POINT('',(135.810218811035,125.171974182129,149.));
#3583=CARTESIAN_POINT('',(135.810218811035,125.171974182129,146.));
#3584=CARTESIAN_POINT('',(132.982780456543,129.482749938965,149.));
#3585=CARTESIAN_POINT('',(132.982780456543,129.482749938965,146.));
#3586=CARTESIAN_POINT('Origin',(135.810218811035,125.171974182129,146.));
#3587=CARTESIAN_POINT('',(138.336891174316,120.678298950195,146.));
#3588=CARTESIAN_POINT('',(138.336891174316,120.678298950195,149.));
#3589=CARTESIAN_POINT('',(138.336891174316,120.678298950195,146.));
#3590=CARTESIAN_POINT('',(135.810218811035,125.171974182129,149.));
#3591=CARTESIAN_POINT('',(135.810218811035,125.171974182129,146.));
#3592=CARTESIAN_POINT('Origin',(138.336891174316,120.678298950195,146.));
#3593=CARTESIAN_POINT('',(140.551002502441,116.022666931152,146.));
#3594=CARTESIAN_POINT('',(140.551002502441,116.022666931152,149.));
#3595=CARTESIAN_POINT('',(140.551002502441,116.022666931152,146.));
#3596=CARTESIAN_POINT('',(138.336891174316,120.678298950195,149.));
#3597=CARTESIAN_POINT('',(138.336891174316,120.678298950195,146.));
#3598=CARTESIAN_POINT('Origin',(140.551002502441,116.022666931152,146.));
#3599=CARTESIAN_POINT('',(142.442253112793,111.22679901123,146.));
#3600=CARTESIAN_POINT('',(142.442253112793,111.22679901123,149.));
#3601=CARTESIAN_POINT('',(142.442253112793,111.22679901123,146.));
#3602=CARTESIAN_POINT('',(140.551002502441,116.022666931152,149.));
#3603=CARTESIAN_POINT('',(140.551002502441,116.022666931152,146.));
#3604=CARTESIAN_POINT('Origin',(142.442253112793,111.22679901123,146.));
#3605=CARTESIAN_POINT('',(144.001808166504,106.313041687012,146.));
#3606=CARTESIAN_POINT('',(144.001808166504,106.313041687012,149.));
#3607=CARTESIAN_POINT('',(144.001808166504,106.313041687012,146.));
#3608=CARTESIAN_POINT('',(142.442253112793,111.22679901123,149.));
#3609=CARTESIAN_POINT('',(142.442253112793,111.22679901123,146.));
#3610=CARTESIAN_POINT('Origin',(144.001808166504,106.313041687012,146.));
#3611=CARTESIAN_POINT('',(145.22240447998,101.304313659668,146.));
#3612=CARTESIAN_POINT('',(145.22240447998,101.304313659668,149.));
#3613=CARTESIAN_POINT('',(145.22240447998,101.304313659668,146.));
#3614=CARTESIAN_POINT('',(144.001808166504,106.313041687012,149.));
#3615=CARTESIAN_POINT('',(144.001808166504,106.313041687012,146.));
#3616=CARTESIAN_POINT('Origin',(145.22240447998,101.304313659668,146.));
#3617=CARTESIAN_POINT('',(146.098350524902,96.2239685058594,146.));
#3618=CARTESIAN_POINT('',(146.098350524902,96.2239685058594,149.));
#3619=CARTESIAN_POINT('',(146.098350524902,96.2239685058594,146.));
#3620=CARTESIAN_POINT('',(145.22240447998,101.304313659668,149.));
#3621=CARTESIAN_POINT('',(145.22240447998,101.304313659668,146.));
#3622=CARTESIAN_POINT('Origin',(146.098350524902,96.2239685058594,146.));
#3623=CARTESIAN_POINT('',(146.625541687012,91.0956878662109,146.));
#3624=CARTESIAN_POINT('',(146.625541687012,91.0956878662109,149.));
#3625=CARTESIAN_POINT('',(146.625541687012,91.0956878662109,146.));
#3626=CARTESIAN_POINT('',(146.098350524902,96.2239685058594,149.));
#3627=CARTESIAN_POINT('',(146.098350524902,96.2239685058594,146.));
#3628=CARTESIAN_POINT('Origin',(146.625541687012,91.0956878662109,146.));
#3629=CARTESIAN_POINT('',(146.801551818848,85.9433898925782,146.));
#3630=CARTESIAN_POINT('',(146.801551818848,85.9433898925782,149.));
#3631=CARTESIAN_POINT('',(146.801551818848,85.9433898925782,146.));
#3632=CARTESIAN_POINT('',(146.625541687012,91.0956878662109,149.));
#3633=CARTESIAN_POINT('',(146.625541687012,91.0956878662109,146.));
#3634=CARTESIAN_POINT('Origin',(146.801551818848,85.9433898925782,146.));
#3635=CARTESIAN_POINT('',(146.625541687012,80.7910842895508,149.));
#3636=CARTESIAN_POINT('',(146.625541687012,80.7910842895508,146.));
#3637=CARTESIAN_POINT('Origin',(41.2934494018555,162.822456359863,146.));
#3638=CARTESIAN_POINT('',(41.2934494018555,222.822456359863,146.));
#3639=CARTESIAN_POINT('',(41.2934494018555,222.822456359863,149.));
#3640=CARTESIAN_POINT('',(41.2934494018555,222.822456359863,146.));
#3641=CARTESIAN_POINT('',(41.2934494018555,162.822456359863,149.));
#3642=CARTESIAN_POINT('',(41.2934494018555,162.822456359863,149.));
#3643=CARTESIAN_POINT('',(41.2934494018555,162.822456359863,146.));
#3644=CARTESIAN_POINT('',(41.2934494018555,162.822456359863,146.));
#3645=CARTESIAN_POINT('',(41.2934494018555,162.822456359863,146.));
#3646=CARTESIAN_POINT('Origin',(41.2934494018555,222.822456359863,149.));
#3647=CARTESIAN_POINT('',(141.293449401855,222.822456359863,146.));
#3648=CARTESIAN_POINT('',(41.2934494018555,222.822456359863,146.));
#3649=CARTESIAN_POINT('',(141.293449401855,222.822456359863,149.));
#3650=CARTESIAN_POINT('',(141.293449401855,222.822456359863,146.));
#3651=CARTESIAN_POINT('',(41.2934494018555,222.822456359863,149.));
#3652=CARTESIAN_POINT('Origin',(141.293449401855,222.822456359863,146.));
#3653=CARTESIAN_POINT('',(141.293449401855,162.822456359863,146.));
#3654=CARTESIAN_POINT('',(141.293449401855,162.822456359863,149.));
#3655=CARTESIAN_POINT('',(141.293449401855,162.822456359863,146.));
#3656=CARTESIAN_POINT('',(141.293449401855,162.822456359863,149.));
#3657=CARTESIAN_POINT('',(141.293449401855,162.822456359863,146.));
#3658=CARTESIAN_POINT('Origin',(41.2934494018555,162.822456359863,146.));
#3659=CARTESIAN_POINT('',(41.2934494018555,162.822456359863,149.));
#3660=CARTESIAN_POINT('',(41.2934494018555,162.822456359863,146.));
#3661=CARTESIAN_POINT('Origin',(7.91807746887204,225.502449035645,146.));
#3662=CARTESIAN_POINT('',(7.91807746887204,225.502449035645,146.));
#3663=CARTESIAN_POINT('',(7.91807746887204,225.502449035645,146.));
#3664=CARTESIAN_POINT('',(7.91807746887204,225.502449035645,130.));
#3665=CARTESIAN_POINT('Origin',(66.1492538452149,161.267372131348,146.));
#3666=CARTESIAN_POINT('',(-6.2065505981445,4.50244903564447,146.));
#3667=CARTESIAN_POINT('',(-6.2065505981445,4.50244903564447,146.));
#3668=CARTESIAN_POINT('',(-6.2065505981445,215.502449035645,146.));
#3669=CARTESIAN_POINT('',(-6.2065505981445,4.50244903564447,146.));
#3670=CARTESIAN_POINT('',(7.91807746887204,215.502449035645,146.));
#3671=CARTESIAN_POINT('',(-6.2065505981445,215.502449035645,146.));
#3672=CARTESIAN_POINT('',(7.91807746887204,215.502449035645,146.));
#3673=CARTESIAN_POINT('Origin',(7.91807746887204,215.502449035645,146.));
#3674=CARTESIAN_POINT('',(-6.2065505981445,215.502449035645,130.));
#3675=CARTESIAN_POINT('',(7.91807746887204,215.502449035645,130.));
#3676=CARTESIAN_POINT('Origin',(7.91807746887204,215.502449035645,130.));
#3677=CARTESIAN_POINT('Origin',(-6.2065505981445,215.502449035645,146.));
#3678=CARTESIAN_POINT('',(-6.2065505981445,4.50244903564447,130.));
#3679=CARTESIAN_POINT('',(-6.2065505981445,-0.497550964355526,149.));
#3680=CARTESIAN_POINT('Origin',(76.453857421875,161.267372131348,149.));
#3681=CARTESIAN_POINT('Origin',(148.793449401855,4.50244903564447,130.));
#3682=CARTESIAN_POINT('',(0.,0.,0.));
#3683=UNCERTAINTY_MEASURE_WITH_UNIT(LENGTH_MEASURE(0.01),#3689,
'DISTANCE_ACCURACY_VALUE',
'Maximum model space distance between geometric entities at asserted c
onnectivities');
#3684=UNCERTAINTY_MEASURE_WITH_UNIT(LENGTH_MEASURE(0.01),#3689,
'DISTANCE_ACCURACY_VALUE',
'Maximum model space distance between geometric entities at asserted c
onnectivities');
#3685=UNCERTAINTY_MEASURE_WITH_UNIT(LENGTH_MEASURE(0.01),#3689,
'DISTANCE_ACCURACY_VALUE',
'Maximum model space distance between geometric entities at asserted c
onnectivities');
#3686=(
GEOMETRIC_REPRESENTATION_CONTEXT(3)
GLOBAL_UNCERTAINTY_ASSIGNED_CONTEXT((#3683))
GLOBAL_UNIT_ASSIGNED_CONTEXT((#3689,#3691,#3692))
REPRESENTATION_CONTEXT('','3D')
);
#3687=(
GEOMETRIC_REPRESENTATION_CONTEXT(3)
GLOBAL_UNCERTAINTY_ASSIGNED_CONTEXT((#3684))
GLOBAL_UNIT_ASSIGNED_CONTEXT((#3689,#3691,#3692))
REPRESENTATION_CONTEXT('','3D')
);
#3688=(
GEOMETRIC_REPRESENTATION_CONTEXT(3)
GLOBAL_UNCERTAINTY_ASSIGNED_CONTEXT((#3685))
GLOBAL_UNIT_ASSIGNED_CONTEXT((#3689,#3691,#3692))
REPRESENTATION_CONTEXT('','3D')
);
#3689=(
LENGTH_UNIT()
NAMED_UNIT(*)
SI_UNIT(.MILLI.,.METRE.)
);
#3690=(
LENGTH_UNIT()
NAMED_UNIT(*)
SI_UNIT($,.METRE.)
);
#3691=(
NAMED_UNIT(*)
PLANE_ANGLE_UNIT()
SI_UNIT($,.RADIAN.)
);
#3692=(
NAMED_UNIT(*)
SI_UNIT($,.STERADIAN.)
SOLID_ANGLE_UNIT()
);
#3693=SHAPE_DEFINITION_REPRESENTATION(#3695,#3698);
#3694=SHAPE_DEFINITION_REPRESENTATION(#3696,#3699);
#3695=PRODUCT_DEFINITION_SHAPE('',$,#3701);
#3696=PRODUCT_DEFINITION_SHAPE('',$,#3702);
#3697=PRODUCT_DEFINITION_SHAPE($,$,#14);
#3698=SHAPE_REPRESENTATION('',(#2343,#2462),#3686);
#3699=SHAPE_REPRESENTATION('',(#2344),#3687);
#3700=PRODUCT_DEFINITION_CONTEXT('part definition',#3708,'design');
#3701=PRODUCT_DEFINITION('front-parts','front-parts',#3703,#3700);
#3702=PRODUCT_DEFINITION('\X2\30E130C330B730E5\X0\ \X2\30DC30C730A3\X0\1
 (2)','\X2\30E130C330B730E5\X0\ \X2\30DC30C730A3\X0\1 (2)',#3704,#3700);
#3703=PRODUCT_DEFINITION_FORMATION('',$,#3710);
#3704=PRODUCT_DEFINITION_FORMATION('',$,#3711);
#3705=PRODUCT_RELATED_PRODUCT_CATEGORY('front-parts','front-parts',(#3710));
#3706=PRODUCT_RELATED_PRODUCT_CATEGORY('\X2\30E130C330B730E5\X0\ \X2\30DC30C730A3\X0\1
 (2)','\X2\30E130C330B730E5\X0\ \X2\30DC30C730A3\X0\1 (2)',(#3711));
#3707=APPLICATION_PROTOCOL_DEFINITION('international standard',
'automotive_design',2009,#3708);
#3708=APPLICATION_CONTEXT(
'Core Data for Automotive Mechanical Design Process');
#3709=PRODUCT_CONTEXT('part definition',#3708,'mechanical');
#3710=PRODUCT('front-parts','front-parts',$,(#3709));
#3711=PRODUCT('\X2\30E130C330B730E5\X0\ \X2\30DC30C730A3\X0\1 (2)',
'\X2\30E130C330B730E5\X0\ \X2\30DC30C730A3\X0\1 (2)',$,(#3709));
#3712=PRESENTATION_STYLE_ASSIGNMENT((#3713));
#3713=SURFACE_STYLE_USAGE(.BOTH.,#3714);
#3714=SURFACE_SIDE_STYLE('',(#3715));
#3715=SURFACE_STYLE_FILL_AREA(#3716);
#3716=FILL_AREA_STYLE('\X2\92FC\X0\ - \X2\30B530C630F3\X0\',(#3717));
#3717=FILL_AREA_STYLE_COLOUR('\X2\92FC\X0\ - \X2\30B530C630F3\X0\',#3718);
#3718=COLOUR_RGB('\X2\92FC\X0\ - \X2\30B530C630F3\X0\',0.627450980392157,
0.627450980392157,0.627450980392157);
ENDSEC;
END-ISO-10303-21;
