ISO-10303-21;
HEADER;
/* Generated by software containing ST-Developer
 * from STEP Tools, Inc. (www.steptools.com) 
 */

FILE_DESCRIPTION(
/* description */ (''),
/* implementation_level */ '2;1');

FILE_NAME(
/* name */ 'cover-parts v1.step',
/* time_stamp */ '2025-04-03T21:43:21+09:00',
/* author */ (''),
/* organization */ (''),
/* preprocessor_version */ 'ST-DEVELOPER v20.1',
/* originating_system */ 'Autodesk Translation Framework v14.4.0.0',
/* authorisation */ '');

FILE_SCHEMA (('AUTOMOTIVE_DESIGN { 1 0 10303 214 3 1 1 }'));
ENDSEC;

DATA;
#10=MECHANICAL_DESIGN_GEOMETRIC_PRESENTATION_REPRESENTATION('',(#13),#10412);
#11=SHAPE_REPRESENTATION_RELATIONSHIP('SRR','None',#10419,#12);
#12=ADVANCED_BREP_SHAPE_REPRESENTATION('',(#14),#10411);
#13=STYLED_ITEM('',(#10429),#14);
#14=MANIFOLD_SOLID_BREP('\X2\30DC30C730A3\X0\1',#6414);
#15=FACE_OUTER_BOUND('',#536,.T.);
#16=FACE_OUTER_BOUND('',#537,.T.);
#17=FACE_OUTER_BOUND('',#538,.T.);
#18=FACE_OUTER_BOUND('',#539,.T.);
#19=FACE_OUTER_BOUND('',#540,.T.);
#20=FACE_OUTER_BOUND('',#541,.T.);
#21=FACE_OUTER_BOUND('',#542,.T.);
#22=FACE_OUTER_BOUND('',#543,.T.);
#23=FACE_OUTER_BOUND('',#544,.T.);
#24=FACE_OUTER_BOUND('',#545,.T.);
#25=FACE_OUTER_BOUND('',#546,.T.);
#26=FACE_OUTER_BOUND('',#547,.T.);
#27=FACE_OUTER_BOUND('',#548,.T.);
#28=FACE_OUTER_BOUND('',#549,.T.);
#29=FACE_OUTER_BOUND('',#550,.T.);
#30=FACE_OUTER_BOUND('',#551,.T.);
#31=FACE_OUTER_BOUND('',#552,.T.);
#32=FACE_OUTER_BOUND('',#553,.T.);
#33=FACE_OUTER_BOUND('',#554,.T.);
#34=FACE_OUTER_BOUND('',#555,.T.);
#35=FACE_OUTER_BOUND('',#556,.T.);
#36=FACE_OUTER_BOUND('',#557,.T.);
#37=FACE_OUTER_BOUND('',#558,.T.);
#38=FACE_OUTER_BOUND('',#559,.T.);
#39=FACE_OUTER_BOUND('',#560,.T.);
#40=FACE_OUTER_BOUND('',#561,.T.);
#41=FACE_OUTER_BOUND('',#562,.T.);
#42=FACE_OUTER_BOUND('',#563,.T.);
#43=FACE_OUTER_BOUND('',#564,.T.);
#44=FACE_OUTER_BOUND('',#565,.T.);
#45=FACE_OUTER_BOUND('',#566,.T.);
#46=FACE_OUTER_BOUND('',#567,.T.);
#47=FACE_OUTER_BOUND('',#568,.T.);
#48=FACE_OUTER_BOUND('',#569,.T.);
#49=FACE_OUTER_BOUND('',#570,.T.);
#50=FACE_OUTER_BOUND('',#571,.T.);
#51=FACE_OUTER_BOUND('',#572,.T.);
#52=FACE_OUTER_BOUND('',#573,.T.);
#53=FACE_OUTER_BOUND('',#574,.T.);
#54=FACE_OUTER_BOUND('',#575,.T.);
#55=FACE_OUTER_BOUND('',#576,.T.);
#56=FACE_OUTER_BOUND('',#577,.T.);
#57=FACE_OUTER_BOUND('',#578,.T.);
#58=FACE_OUTER_BOUND('',#579,.T.);
#59=FACE_OUTER_BOUND('',#580,.T.);
#60=FACE_OUTER_BOUND('',#581,.T.);
#61=FACE_OUTER_BOUND('',#582,.T.);
#62=FACE_OUTER_BOUND('',#583,.T.);
#63=FACE_OUTER_BOUND('',#584,.T.);
#64=FACE_OUTER_BOUND('',#585,.T.);
#65=FACE_OUTER_BOUND('',#586,.T.);
#66=FACE_OUTER_BOUND('',#587,.T.);
#67=FACE_OUTER_BOUND('',#588,.T.);
#68=FACE_OUTER_BOUND('',#589,.T.);
#69=FACE_OUTER_BOUND('',#590,.T.);
#70=FACE_OUTER_BOUND('',#591,.T.);
#71=FACE_OUTER_BOUND('',#592,.T.);
#72=FACE_OUTER_BOUND('',#593,.T.);
#73=FACE_OUTER_BOUND('',#594,.T.);
#74=FACE_OUTER_BOUND('',#595,.T.);
#75=FACE_OUTER_BOUND('',#596,.T.);
#76=FACE_OUTER_BOUND('',#597,.T.);
#77=FACE_OUTER_BOUND('',#598,.T.);
#78=FACE_OUTER_BOUND('',#599,.T.);
#79=FACE_OUTER_BOUND('',#600,.T.);
#80=FACE_OUTER_BOUND('',#601,.T.);
#81=FACE_OUTER_BOUND('',#602,.T.);
#82=FACE_OUTER_BOUND('',#603,.T.);
#83=FACE_OUTER_BOUND('',#604,.T.);
#84=FACE_OUTER_BOUND('',#605,.T.);
#85=FACE_OUTER_BOUND('',#606,.T.);
#86=FACE_OUTER_BOUND('',#607,.T.);
#87=FACE_OUTER_BOUND('',#608,.T.);
#88=FACE_OUTER_BOUND('',#609,.T.);
#89=FACE_OUTER_BOUND('',#610,.T.);
#90=FACE_OUTER_BOUND('',#611,.T.);
#91=FACE_OUTER_BOUND('',#612,.T.);
#92=FACE_OUTER_BOUND('',#613,.T.);
#93=FACE_OUTER_BOUND('',#614,.T.);
#94=FACE_OUTER_BOUND('',#615,.T.);
#95=FACE_OUTER_BOUND('',#616,.T.);
#96=FACE_OUTER_BOUND('',#617,.T.);
#97=FACE_OUTER_BOUND('',#618,.T.);
#98=FACE_OUTER_BOUND('',#619,.T.);
#99=FACE_OUTER_BOUND('',#620,.T.);
#100=FACE_OUTER_BOUND('',#621,.T.);
#101=FACE_OUTER_BOUND('',#622,.T.);
#102=FACE_OUTER_BOUND('',#623,.T.);
#103=FACE_OUTER_BOUND('',#624,.T.);
#104=FACE_OUTER_BOUND('',#625,.T.);
#105=FACE_OUTER_BOUND('',#626,.T.);
#106=FACE_OUTER_BOUND('',#627,.T.);
#107=FACE_OUTER_BOUND('',#628,.T.);
#108=FACE_OUTER_BOUND('',#629,.T.);
#109=FACE_OUTER_BOUND('',#630,.T.);
#110=FACE_OUTER_BOUND('',#631,.T.);
#111=FACE_OUTER_BOUND('',#632,.T.);
#112=FACE_OUTER_BOUND('',#633,.T.);
#113=FACE_OUTER_BOUND('',#634,.T.);
#114=FACE_OUTER_BOUND('',#635,.T.);
#115=FACE_OUTER_BOUND('',#636,.T.);
#116=FACE_OUTER_BOUND('',#637,.T.);
#117=FACE_OUTER_BOUND('',#638,.T.);
#118=FACE_OUTER_BOUND('',#639,.T.);
#119=FACE_OUTER_BOUND('',#640,.T.);
#120=FACE_OUTER_BOUND('',#641,.T.);
#121=FACE_OUTER_BOUND('',#642,.T.);
#122=FACE_OUTER_BOUND('',#643,.T.);
#123=FACE_OUTER_BOUND('',#644,.T.);
#124=FACE_OUTER_BOUND('',#645,.T.);
#125=FACE_OUTER_BOUND('',#646,.T.);
#126=FACE_OUTER_BOUND('',#647,.T.);
#127=FACE_OUTER_BOUND('',#648,.T.);
#128=FACE_OUTER_BOUND('',#649,.T.);
#129=FACE_OUTER_BOUND('',#650,.T.);
#130=FACE_OUTER_BOUND('',#651,.T.);
#131=FACE_OUTER_BOUND('',#652,.T.);
#132=FACE_OUTER_BOUND('',#653,.T.);
#133=FACE_OUTER_BOUND('',#654,.T.);
#134=FACE_OUTER_BOUND('',#655,.T.);
#135=FACE_OUTER_BOUND('',#656,.T.);
#136=FACE_OUTER_BOUND('',#657,.T.);
#137=FACE_OUTER_BOUND('',#658,.T.);
#138=FACE_OUTER_BOUND('',#659,.T.);
#139=FACE_OUTER_BOUND('',#660,.T.);
#140=FACE_OUTER_BOUND('',#661,.T.);
#141=FACE_OUTER_BOUND('',#662,.T.);
#142=FACE_OUTER_BOUND('',#663,.T.);
#143=FACE_OUTER_BOUND('',#664,.T.);
#144=FACE_OUTER_BOUND('',#665,.T.);
#145=FACE_OUTER_BOUND('',#666,.T.);
#146=FACE_OUTER_BOUND('',#667,.T.);
#147=FACE_OUTER_BOUND('',#668,.T.);
#148=FACE_OUTER_BOUND('',#669,.T.);
#149=FACE_OUTER_BOUND('',#670,.T.);
#150=FACE_OUTER_BOUND('',#671,.T.);
#151=FACE_OUTER_BOUND('',#672,.T.);
#152=FACE_OUTER_BOUND('',#673,.T.);
#153=FACE_OUTER_BOUND('',#674,.T.);
#154=FACE_OUTER_BOUND('',#675,.T.);
#155=FACE_OUTER_BOUND('',#676,.T.);
#156=FACE_OUTER_BOUND('',#677,.T.);
#157=FACE_OUTER_BOUND('',#678,.T.);
#158=FACE_OUTER_BOUND('',#679,.T.);
#159=FACE_OUTER_BOUND('',#680,.T.);
#160=FACE_OUTER_BOUND('',#681,.T.);
#161=FACE_OUTER_BOUND('',#682,.T.);
#162=FACE_OUTER_BOUND('',#683,.T.);
#163=FACE_OUTER_BOUND('',#684,.T.);
#164=FACE_OUTER_BOUND('',#685,.T.);
#165=FACE_OUTER_BOUND('',#686,.T.);
#166=FACE_OUTER_BOUND('',#687,.T.);
#167=FACE_OUTER_BOUND('',#688,.T.);
#168=FACE_OUTER_BOUND('',#689,.T.);
#169=FACE_OUTER_BOUND('',#690,.T.);
#170=FACE_OUTER_BOUND('',#691,.T.);
#171=FACE_OUTER_BOUND('',#692,.T.);
#172=FACE_OUTER_BOUND('',#693,.T.);
#173=FACE_OUTER_BOUND('',#694,.T.);
#174=FACE_OUTER_BOUND('',#695,.T.);
#175=FACE_OUTER_BOUND('',#696,.T.);
#176=FACE_OUTER_BOUND('',#697,.T.);
#177=FACE_OUTER_BOUND('',#698,.T.);
#178=FACE_OUTER_BOUND('',#699,.T.);
#179=FACE_OUTER_BOUND('',#700,.T.);
#180=FACE_OUTER_BOUND('',#701,.T.);
#181=FACE_OUTER_BOUND('',#702,.T.);
#182=FACE_OUTER_BOUND('',#703,.T.);
#183=FACE_OUTER_BOUND('',#704,.T.);
#184=FACE_OUTER_BOUND('',#705,.T.);
#185=FACE_OUTER_BOUND('',#706,.T.);
#186=FACE_OUTER_BOUND('',#707,.T.);
#187=FACE_OUTER_BOUND('',#708,.T.);
#188=FACE_OUTER_BOUND('',#709,.T.);
#189=FACE_OUTER_BOUND('',#710,.T.);
#190=FACE_OUTER_BOUND('',#711,.T.);
#191=FACE_OUTER_BOUND('',#712,.T.);
#192=FACE_OUTER_BOUND('',#713,.T.);
#193=FACE_OUTER_BOUND('',#714,.T.);
#194=FACE_OUTER_BOUND('',#715,.T.);
#195=FACE_OUTER_BOUND('',#716,.T.);
#196=FACE_OUTER_BOUND('',#717,.T.);
#197=FACE_OUTER_BOUND('',#718,.T.);
#198=FACE_OUTER_BOUND('',#719,.T.);
#199=FACE_OUTER_BOUND('',#720,.T.);
#200=FACE_OUTER_BOUND('',#721,.T.);
#201=FACE_OUTER_BOUND('',#722,.T.);
#202=FACE_OUTER_BOUND('',#723,.T.);
#203=FACE_OUTER_BOUND('',#724,.T.);
#204=FACE_OUTER_BOUND('',#725,.T.);
#205=FACE_OUTER_BOUND('',#726,.T.);
#206=FACE_OUTER_BOUND('',#727,.T.);
#207=FACE_OUTER_BOUND('',#728,.T.);
#208=FACE_OUTER_BOUND('',#729,.T.);
#209=FACE_OUTER_BOUND('',#730,.T.);
#210=FACE_OUTER_BOUND('',#731,.T.);
#211=FACE_OUTER_BOUND('',#732,.T.);
#212=FACE_OUTER_BOUND('',#733,.T.);
#213=FACE_OUTER_BOUND('',#734,.T.);
#214=FACE_OUTER_BOUND('',#735,.T.);
#215=FACE_OUTER_BOUND('',#736,.T.);
#216=FACE_OUTER_BOUND('',#737,.T.);
#217=FACE_OUTER_BOUND('',#738,.T.);
#218=FACE_OUTER_BOUND('',#739,.T.);
#219=FACE_OUTER_BOUND('',#740,.T.);
#220=FACE_OUTER_BOUND('',#741,.T.);
#221=FACE_OUTER_BOUND('',#742,.T.);
#222=FACE_OUTER_BOUND('',#743,.T.);
#223=FACE_OUTER_BOUND('',#744,.T.);
#224=FACE_OUTER_BOUND('',#745,.T.);
#225=FACE_OUTER_BOUND('',#746,.T.);
#226=FACE_OUTER_BOUND('',#747,.T.);
#227=FACE_OUTER_BOUND('',#748,.T.);
#228=FACE_OUTER_BOUND('',#749,.T.);
#229=FACE_OUTER_BOUND('',#750,.T.);
#230=FACE_OUTER_BOUND('',#751,.T.);
#231=FACE_OUTER_BOUND('',#752,.T.);
#232=FACE_OUTER_BOUND('',#753,.T.);
#233=FACE_OUTER_BOUND('',#754,.T.);
#234=FACE_OUTER_BOUND('',#755,.T.);
#235=FACE_OUTER_BOUND('',#756,.T.);
#236=FACE_OUTER_BOUND('',#757,.T.);
#237=FACE_OUTER_BOUND('',#758,.T.);
#238=FACE_OUTER_BOUND('',#759,.T.);
#239=FACE_OUTER_BOUND('',#760,.T.);
#240=FACE_OUTER_BOUND('',#761,.T.);
#241=FACE_OUTER_BOUND('',#762,.T.);
#242=FACE_OUTER_BOUND('',#763,.T.);
#243=FACE_OUTER_BOUND('',#764,.T.);
#244=FACE_OUTER_BOUND('',#765,.T.);
#245=FACE_OUTER_BOUND('',#766,.T.);
#246=FACE_OUTER_BOUND('',#767,.T.);
#247=FACE_OUTER_BOUND('',#768,.T.);
#248=FACE_OUTER_BOUND('',#769,.T.);
#249=FACE_OUTER_BOUND('',#770,.T.);
#250=FACE_OUTER_BOUND('',#771,.T.);
#251=FACE_OUTER_BOUND('',#772,.T.);
#252=FACE_OUTER_BOUND('',#773,.T.);
#253=FACE_OUTER_BOUND('',#774,.T.);
#254=FACE_OUTER_BOUND('',#775,.T.);
#255=FACE_OUTER_BOUND('',#776,.T.);
#256=FACE_OUTER_BOUND('',#777,.T.);
#257=FACE_OUTER_BOUND('',#778,.T.);
#258=FACE_OUTER_BOUND('',#779,.T.);
#259=FACE_OUTER_BOUND('',#780,.T.);
#260=FACE_OUTER_BOUND('',#781,.T.);
#261=FACE_OUTER_BOUND('',#782,.T.);
#262=FACE_OUTER_BOUND('',#783,.T.);
#263=FACE_OUTER_BOUND('',#784,.T.);
#264=FACE_OUTER_BOUND('',#785,.T.);
#265=FACE_OUTER_BOUND('',#786,.T.);
#266=FACE_OUTER_BOUND('',#787,.T.);
#267=FACE_OUTER_BOUND('',#788,.T.);
#268=FACE_OUTER_BOUND('',#789,.T.);
#269=FACE_OUTER_BOUND('',#790,.T.);
#270=FACE_OUTER_BOUND('',#791,.T.);
#271=FACE_OUTER_BOUND('',#792,.T.);
#272=FACE_OUTER_BOUND('',#793,.T.);
#273=FACE_OUTER_BOUND('',#794,.T.);
#274=FACE_OUTER_BOUND('',#795,.T.);
#275=FACE_OUTER_BOUND('',#796,.T.);
#276=FACE_OUTER_BOUND('',#797,.T.);
#277=FACE_OUTER_BOUND('',#798,.T.);
#278=FACE_OUTER_BOUND('',#799,.T.);
#279=FACE_OUTER_BOUND('',#800,.T.);
#280=FACE_OUTER_BOUND('',#801,.T.);
#281=FACE_OUTER_BOUND('',#802,.T.);
#282=FACE_OUTER_BOUND('',#803,.T.);
#283=FACE_OUTER_BOUND('',#804,.T.);
#284=FACE_OUTER_BOUND('',#805,.T.);
#285=FACE_OUTER_BOUND('',#806,.T.);
#286=FACE_OUTER_BOUND('',#807,.T.);
#287=FACE_OUTER_BOUND('',#808,.T.);
#288=FACE_OUTER_BOUND('',#809,.T.);
#289=FACE_OUTER_BOUND('',#810,.T.);
#290=FACE_OUTER_BOUND('',#811,.T.);
#291=FACE_OUTER_BOUND('',#812,.T.);
#292=FACE_OUTER_BOUND('',#813,.T.);
#293=FACE_OUTER_BOUND('',#814,.T.);
#294=FACE_OUTER_BOUND('',#815,.T.);
#295=FACE_OUTER_BOUND('',#816,.T.);
#296=FACE_OUTER_BOUND('',#817,.T.);
#297=FACE_OUTER_BOUND('',#818,.T.);
#298=FACE_OUTER_BOUND('',#819,.T.);
#299=FACE_OUTER_BOUND('',#820,.T.);
#300=FACE_OUTER_BOUND('',#821,.T.);
#301=FACE_OUTER_BOUND('',#822,.T.);
#302=FACE_OUTER_BOUND('',#823,.T.);
#303=FACE_OUTER_BOUND('',#824,.T.);
#304=FACE_OUTER_BOUND('',#825,.T.);
#305=FACE_OUTER_BOUND('',#826,.T.);
#306=FACE_OUTER_BOUND('',#827,.T.);
#307=FACE_OUTER_BOUND('',#828,.T.);
#308=FACE_OUTER_BOUND('',#829,.T.);
#309=FACE_OUTER_BOUND('',#830,.T.);
#310=FACE_OUTER_BOUND('',#831,.T.);
#311=FACE_OUTER_BOUND('',#832,.T.);
#312=FACE_OUTER_BOUND('',#833,.T.);
#313=FACE_OUTER_BOUND('',#834,.T.);
#314=FACE_OUTER_BOUND('',#835,.T.);
#315=FACE_OUTER_BOUND('',#836,.T.);
#316=FACE_OUTER_BOUND('',#837,.T.);
#317=FACE_OUTER_BOUND('',#838,.T.);
#318=FACE_OUTER_BOUND('',#839,.T.);
#319=FACE_OUTER_BOUND('',#840,.T.);
#320=FACE_OUTER_BOUND('',#841,.T.);
#321=FACE_OUTER_BOUND('',#842,.T.);
#322=FACE_OUTER_BOUND('',#843,.T.);
#323=FACE_OUTER_BOUND('',#844,.T.);
#324=FACE_OUTER_BOUND('',#845,.T.);
#325=FACE_OUTER_BOUND('',#846,.T.);
#326=FACE_OUTER_BOUND('',#847,.T.);
#327=FACE_OUTER_BOUND('',#848,.T.);
#328=FACE_OUTER_BOUND('',#849,.T.);
#329=FACE_OUTER_BOUND('',#850,.T.);
#330=FACE_OUTER_BOUND('',#851,.T.);
#331=FACE_OUTER_BOUND('',#852,.T.);
#332=FACE_OUTER_BOUND('',#853,.T.);
#333=FACE_OUTER_BOUND('',#854,.T.);
#334=FACE_OUTER_BOUND('',#855,.T.);
#335=FACE_OUTER_BOUND('',#856,.T.);
#336=FACE_OUTER_BOUND('',#857,.T.);
#337=FACE_OUTER_BOUND('',#858,.T.);
#338=FACE_OUTER_BOUND('',#859,.T.);
#339=FACE_OUTER_BOUND('',#860,.T.);
#340=FACE_OUTER_BOUND('',#861,.T.);
#341=FACE_OUTER_BOUND('',#862,.T.);
#342=FACE_OUTER_BOUND('',#863,.T.);
#343=FACE_OUTER_BOUND('',#864,.T.);
#344=FACE_OUTER_BOUND('',#865,.T.);
#345=FACE_OUTER_BOUND('',#866,.T.);
#346=FACE_OUTER_BOUND('',#867,.T.);
#347=FACE_OUTER_BOUND('',#868,.T.);
#348=FACE_OUTER_BOUND('',#869,.T.);
#349=FACE_OUTER_BOUND('',#870,.T.);
#350=FACE_OUTER_BOUND('',#871,.T.);
#351=FACE_OUTER_BOUND('',#872,.T.);
#352=FACE_OUTER_BOUND('',#873,.T.);
#353=FACE_OUTER_BOUND('',#874,.T.);
#354=FACE_OUTER_BOUND('',#875,.T.);
#355=FACE_OUTER_BOUND('',#876,.T.);
#356=FACE_OUTER_BOUND('',#877,.T.);
#357=FACE_OUTER_BOUND('',#878,.T.);
#358=FACE_OUTER_BOUND('',#879,.T.);
#359=FACE_OUTER_BOUND('',#880,.T.);
#360=FACE_OUTER_BOUND('',#881,.T.);
#361=FACE_OUTER_BOUND('',#882,.T.);
#362=FACE_OUTER_BOUND('',#883,.T.);
#363=FACE_OUTER_BOUND('',#884,.T.);
#364=FACE_OUTER_BOUND('',#885,.T.);
#365=FACE_OUTER_BOUND('',#886,.T.);
#366=FACE_OUTER_BOUND('',#887,.T.);
#367=FACE_OUTER_BOUND('',#888,.T.);
#368=FACE_OUTER_BOUND('',#889,.T.);
#369=FACE_OUTER_BOUND('',#890,.T.);
#370=FACE_OUTER_BOUND('',#891,.T.);
#371=FACE_OUTER_BOUND('',#892,.T.);
#372=FACE_OUTER_BOUND('',#893,.T.);
#373=FACE_OUTER_BOUND('',#894,.T.);
#374=FACE_OUTER_BOUND('',#895,.T.);
#375=FACE_OUTER_BOUND('',#896,.T.);
#376=FACE_OUTER_BOUND('',#897,.T.);
#377=FACE_OUTER_BOUND('',#898,.T.);
#378=FACE_OUTER_BOUND('',#899,.T.);
#379=FACE_OUTER_BOUND('',#900,.T.);
#380=FACE_OUTER_BOUND('',#901,.T.);
#381=FACE_OUTER_BOUND('',#902,.T.);
#382=FACE_OUTER_BOUND('',#903,.T.);
#383=FACE_OUTER_BOUND('',#904,.T.);
#384=FACE_OUTER_BOUND('',#905,.T.);
#385=FACE_OUTER_BOUND('',#906,.T.);
#386=FACE_OUTER_BOUND('',#907,.T.);
#387=FACE_OUTER_BOUND('',#908,.T.);
#388=FACE_OUTER_BOUND('',#909,.T.);
#389=FACE_OUTER_BOUND('',#910,.T.);
#390=FACE_OUTER_BOUND('',#911,.T.);
#391=FACE_OUTER_BOUND('',#912,.T.);
#392=FACE_OUTER_BOUND('',#913,.T.);
#393=FACE_OUTER_BOUND('',#914,.T.);
#394=FACE_OUTER_BOUND('',#915,.T.);
#395=FACE_OUTER_BOUND('',#916,.T.);
#396=FACE_OUTER_BOUND('',#917,.T.);
#397=FACE_OUTER_BOUND('',#918,.T.);
#398=FACE_OUTER_BOUND('',#919,.T.);
#399=FACE_OUTER_BOUND('',#920,.T.);
#400=FACE_OUTER_BOUND('',#921,.T.);
#401=FACE_OUTER_BOUND('',#922,.T.);
#402=FACE_OUTER_BOUND('',#923,.T.);
#403=FACE_OUTER_BOUND('',#924,.T.);
#404=FACE_OUTER_BOUND('',#925,.T.);
#405=FACE_OUTER_BOUND('',#926,.T.);
#406=FACE_OUTER_BOUND('',#927,.T.);
#407=FACE_OUTER_BOUND('',#928,.T.);
#408=FACE_OUTER_BOUND('',#929,.T.);
#409=FACE_OUTER_BOUND('',#930,.T.);
#410=FACE_OUTER_BOUND('',#931,.T.);
#411=FACE_OUTER_BOUND('',#932,.T.);
#412=FACE_OUTER_BOUND('',#933,.T.);
#413=FACE_OUTER_BOUND('',#934,.T.);
#414=FACE_OUTER_BOUND('',#935,.T.);
#415=FACE_OUTER_BOUND('',#936,.T.);
#416=FACE_OUTER_BOUND('',#937,.T.);
#417=FACE_OUTER_BOUND('',#938,.T.);
#418=FACE_OUTER_BOUND('',#939,.T.);
#419=FACE_OUTER_BOUND('',#940,.T.);
#420=FACE_OUTER_BOUND('',#941,.T.);
#421=FACE_OUTER_BOUND('',#942,.T.);
#422=FACE_OUTER_BOUND('',#943,.T.);
#423=FACE_OUTER_BOUND('',#944,.T.);
#424=FACE_OUTER_BOUND('',#945,.T.);
#425=FACE_OUTER_BOUND('',#946,.T.);
#426=FACE_OUTER_BOUND('',#947,.T.);
#427=FACE_OUTER_BOUND('',#948,.T.);
#428=FACE_OUTER_BOUND('',#949,.T.);
#429=FACE_OUTER_BOUND('',#950,.T.);
#430=FACE_OUTER_BOUND('',#951,.T.);
#431=FACE_OUTER_BOUND('',#952,.T.);
#432=FACE_OUTER_BOUND('',#953,.T.);
#433=FACE_OUTER_BOUND('',#954,.T.);
#434=FACE_OUTER_BOUND('',#955,.T.);
#435=FACE_OUTER_BOUND('',#956,.T.);
#436=FACE_OUTER_BOUND('',#957,.T.);
#437=FACE_OUTER_BOUND('',#958,.T.);
#438=FACE_OUTER_BOUND('',#959,.T.);
#439=FACE_OUTER_BOUND('',#960,.T.);
#440=FACE_OUTER_BOUND('',#961,.T.);
#441=FACE_OUTER_BOUND('',#962,.T.);
#442=FACE_OUTER_BOUND('',#963,.T.);
#443=FACE_OUTER_BOUND('',#964,.T.);
#444=FACE_OUTER_BOUND('',#965,.T.);
#445=FACE_OUTER_BOUND('',#966,.T.);
#446=FACE_OUTER_BOUND('',#967,.T.);
#447=FACE_OUTER_BOUND('',#968,.T.);
#448=FACE_OUTER_BOUND('',#969,.T.);
#449=FACE_OUTER_BOUND('',#970,.T.);
#450=FACE_OUTER_BOUND('',#971,.T.);
#451=FACE_OUTER_BOUND('',#972,.T.);
#452=FACE_OUTER_BOUND('',#973,.T.);
#453=FACE_OUTER_BOUND('',#974,.T.);
#454=FACE_OUTER_BOUND('',#975,.T.);
#455=FACE_OUTER_BOUND('',#976,.T.);
#456=FACE_OUTER_BOUND('',#977,.T.);
#457=FACE_OUTER_BOUND('',#978,.T.);
#458=FACE_OUTER_BOUND('',#979,.T.);
#459=FACE_OUTER_BOUND('',#980,.T.);
#460=FACE_OUTER_BOUND('',#981,.T.);
#461=FACE_OUTER_BOUND('',#982,.T.);
#462=FACE_OUTER_BOUND('',#983,.T.);
#463=FACE_OUTER_BOUND('',#984,.T.);
#464=FACE_OUTER_BOUND('',#985,.T.);
#465=FACE_OUTER_BOUND('',#986,.T.);
#466=FACE_OUTER_BOUND('',#987,.T.);
#467=FACE_OUTER_BOUND('',#988,.T.);
#468=FACE_OUTER_BOUND('',#989,.T.);
#469=FACE_OUTER_BOUND('',#990,.T.);
#470=FACE_OUTER_BOUND('',#991,.T.);
#471=FACE_OUTER_BOUND('',#992,.T.);
#472=FACE_OUTER_BOUND('',#993,.T.);
#473=FACE_OUTER_BOUND('',#994,.T.);
#474=FACE_OUTER_BOUND('',#995,.T.);
#475=FACE_OUTER_BOUND('',#996,.T.);
#476=FACE_OUTER_BOUND('',#997,.T.);
#477=FACE_OUTER_BOUND('',#998,.T.);
#478=FACE_OUTER_BOUND('',#999,.T.);
#479=FACE_OUTER_BOUND('',#1000,.T.);
#480=FACE_OUTER_BOUND('',#1001,.T.);
#481=FACE_OUTER_BOUND('',#1002,.T.);
#482=FACE_OUTER_BOUND('',#1003,.T.);
#483=FACE_OUTER_BOUND('',#1004,.T.);
#484=FACE_OUTER_BOUND('',#1005,.T.);
#485=FACE_OUTER_BOUND('',#1006,.T.);
#486=FACE_OUTER_BOUND('',#1007,.T.);
#487=FACE_OUTER_BOUND('',#1008,.T.);
#488=FACE_OUTER_BOUND('',#1009,.T.);
#489=FACE_OUTER_BOUND('',#1010,.T.);
#490=FACE_OUTER_BOUND('',#1011,.T.);
#491=FACE_OUTER_BOUND('',#1012,.T.);
#492=FACE_OUTER_BOUND('',#1013,.T.);
#493=FACE_OUTER_BOUND('',#1014,.T.);
#494=FACE_OUTER_BOUND('',#1015,.T.);
#495=FACE_OUTER_BOUND('',#1016,.T.);
#496=FACE_OUTER_BOUND('',#1017,.T.);
#497=FACE_OUTER_BOUND('',#1018,.T.);
#498=FACE_OUTER_BOUND('',#1019,.T.);
#499=FACE_OUTER_BOUND('',#1020,.T.);
#500=FACE_OUTER_BOUND('',#1021,.T.);
#501=FACE_OUTER_BOUND('',#1022,.T.);
#502=FACE_OUTER_BOUND('',#1023,.T.);
#503=FACE_OUTER_BOUND('',#1024,.T.);
#504=FACE_OUTER_BOUND('',#1025,.T.);
#505=FACE_OUTER_BOUND('',#1026,.T.);
#506=FACE_OUTER_BOUND('',#1027,.T.);
#507=FACE_OUTER_BOUND('',#1028,.T.);
#508=FACE_OUTER_BOUND('',#1029,.T.);
#509=FACE_OUTER_BOUND('',#1030,.T.);
#510=FACE_OUTER_BOUND('',#1031,.T.);
#511=FACE_OUTER_BOUND('',#1032,.T.);
#512=FACE_OUTER_BOUND('',#1033,.T.);
#513=FACE_OUTER_BOUND('',#1034,.T.);
#514=FACE_OUTER_BOUND('',#1035,.T.);
#515=FACE_OUTER_BOUND('',#1036,.T.);
#516=FACE_OUTER_BOUND('',#1037,.T.);
#517=FACE_OUTER_BOUND('',#1038,.T.);
#518=FACE_OUTER_BOUND('',#1039,.T.);
#519=FACE_OUTER_BOUND('',#1040,.T.);
#520=FACE_OUTER_BOUND('',#1041,.T.);
#521=FACE_OUTER_BOUND('',#1042,.T.);
#522=FACE_OUTER_BOUND('',#1043,.T.);
#523=FACE_OUTER_BOUND('',#1044,.T.);
#524=FACE_OUTER_BOUND('',#1045,.T.);
#525=FACE_OUTER_BOUND('',#1046,.T.);
#526=FACE_OUTER_BOUND('',#1047,.T.);
#527=FACE_OUTER_BOUND('',#1048,.T.);
#528=FACE_OUTER_BOUND('',#1049,.T.);
#529=FACE_OUTER_BOUND('',#1050,.T.);
#530=FACE_OUTER_BOUND('',#1051,.T.);
#531=FACE_OUTER_BOUND('',#1052,.T.);
#532=FACE_OUTER_BOUND('',#1053,.T.);
#533=FACE_OUTER_BOUND('',#1054,.T.);
#534=FACE_OUTER_BOUND('',#1055,.T.);
#535=FACE_OUTER_BOUND('',#1056,.T.);
#536=EDGE_LOOP('',(#3758,#3759,#3760,#3761));
#537=EDGE_LOOP('',(#3762,#3763,#3764,#3765));
#538=EDGE_LOOP('',(#3766,#3767,#3768,#3769));
#539=EDGE_LOOP('',(#3770,#3771,#3772));
#540=EDGE_LOOP('',(#3773,#3774,#3775));
#541=EDGE_LOOP('',(#3776,#3777,#3778,#3779));
#542=EDGE_LOOP('',(#3780,#3781,#3782,#3783));
#543=EDGE_LOOP('',(#3784,#3785,#3786));
#544=EDGE_LOOP('',(#3787,#3788,#3789,#3790,#3791,#3792,#3793,#3794,#3795,
#3796,#3797,#3798,#3799,#3800,#3801,#3802,#3803,#3804));
#545=EDGE_LOOP('',(#3805,#3806,#3807));
#546=EDGE_LOOP('',(#3808,#3809,#3810,#3811));
#547=EDGE_LOOP('',(#3812,#3813,#3814));
#548=EDGE_LOOP('',(#3815,#3816,#3817,#3818));
#549=EDGE_LOOP('',(#3819,#3820,#3821));
#550=EDGE_LOOP('',(#3822,#3823,#3824,#3825,#3826,#3827,#3828));
#551=EDGE_LOOP('',(#3829,#3830,#3831));
#552=EDGE_LOOP('',(#3832,#3833,#3834,#3835));
#553=EDGE_LOOP('',(#3836,#3837,#3838));
#554=EDGE_LOOP('',(#3839,#3840,#3841));
#555=EDGE_LOOP('',(#3842,#3843,#3844,#3845,#3846,#3847,#3848,#3849));
#556=EDGE_LOOP('',(#3850,#3851,#3852,#3853,#3854,#3855,#3856,#3857));
#557=EDGE_LOOP('',(#3858,#3859,#3860,#3861));
#558=EDGE_LOOP('',(#3862,#3863,#3864));
#559=EDGE_LOOP('',(#3865,#3866,#3867));
#560=EDGE_LOOP('',(#3868,#3869,#3870,#3871));
#561=EDGE_LOOP('',(#3872,#3873,#3874));
#562=EDGE_LOOP('',(#3875,#3876,#3877,#3878));
#563=EDGE_LOOP('',(#3879,#3880,#3881));
#564=EDGE_LOOP('',(#3882,#3883,#3884));
#565=EDGE_LOOP('',(#3885,#3886,#3887));
#566=EDGE_LOOP('',(#3888,#3889,#3890));
#567=EDGE_LOOP('',(#3891,#3892,#3893));
#568=EDGE_LOOP('',(#3894,#3895,#3896));
#569=EDGE_LOOP('',(#3897,#3898,#3899));
#570=EDGE_LOOP('',(#3900,#3901,#3902));
#571=EDGE_LOOP('',(#3903,#3904,#3905));
#572=EDGE_LOOP('',(#3906,#3907,#3908));
#573=EDGE_LOOP('',(#3909,#3910,#3911));
#574=EDGE_LOOP('',(#3912,#3913,#3914));
#575=EDGE_LOOP('',(#3915,#3916,#3917));
#576=EDGE_LOOP('',(#3918,#3919,#3920));
#577=EDGE_LOOP('',(#3921,#3922,#3923));
#578=EDGE_LOOP('',(#3924,#3925,#3926));
#579=EDGE_LOOP('',(#3927,#3928,#3929));
#580=EDGE_LOOP('',(#3930,#3931,#3932));
#581=EDGE_LOOP('',(#3933,#3934,#3935));
#582=EDGE_LOOP('',(#3936,#3937,#3938));
#583=EDGE_LOOP('',(#3939,#3940,#3941));
#584=EDGE_LOOP('',(#3942,#3943,#3944));
#585=EDGE_LOOP('',(#3945,#3946,#3947));
#586=EDGE_LOOP('',(#3948,#3949,#3950));
#587=EDGE_LOOP('',(#3951,#3952,#3953));
#588=EDGE_LOOP('',(#3954,#3955,#3956));
#589=EDGE_LOOP('',(#3957,#3958,#3959));
#590=EDGE_LOOP('',(#3960,#3961,#3962));
#591=EDGE_LOOP('',(#3963,#3964,#3965));
#592=EDGE_LOOP('',(#3966,#3967,#3968));
#593=EDGE_LOOP('',(#3969,#3970,#3971));
#594=EDGE_LOOP('',(#3972,#3973,#3974));
#595=EDGE_LOOP('',(#3975,#3976,#3977));
#596=EDGE_LOOP('',(#3978,#3979,#3980));
#597=EDGE_LOOP('',(#3981,#3982,#3983));
#598=EDGE_LOOP('',(#3984,#3985,#3986));
#599=EDGE_LOOP('',(#3987,#3988,#3989));
#600=EDGE_LOOP('',(#3990,#3991,#3992));
#601=EDGE_LOOP('',(#3993,#3994,#3995));
#602=EDGE_LOOP('',(#3996,#3997,#3998));
#603=EDGE_LOOP('',(#3999,#4000,#4001));
#604=EDGE_LOOP('',(#4002,#4003,#4004));
#605=EDGE_LOOP('',(#4005,#4006,#4007));
#606=EDGE_LOOP('',(#4008,#4009,#4010));
#607=EDGE_LOOP('',(#4011,#4012,#4013));
#608=EDGE_LOOP('',(#4014,#4015,#4016));
#609=EDGE_LOOP('',(#4017,#4018,#4019));
#610=EDGE_LOOP('',(#4020,#4021,#4022));
#611=EDGE_LOOP('',(#4023,#4024,#4025));
#612=EDGE_LOOP('',(#4026,#4027,#4028));
#613=EDGE_LOOP('',(#4029,#4030,#4031));
#614=EDGE_LOOP('',(#4032,#4033,#4034));
#615=EDGE_LOOP('',(#4035,#4036,#4037));
#616=EDGE_LOOP('',(#4038,#4039,#4040));
#617=EDGE_LOOP('',(#4041,#4042,#4043));
#618=EDGE_LOOP('',(#4044,#4045,#4046));
#619=EDGE_LOOP('',(#4047,#4048,#4049));
#620=EDGE_LOOP('',(#4050,#4051,#4052));
#621=EDGE_LOOP('',(#4053,#4054,#4055));
#622=EDGE_LOOP('',(#4056,#4057,#4058));
#623=EDGE_LOOP('',(#4059,#4060,#4061));
#624=EDGE_LOOP('',(#4062,#4063,#4064));
#625=EDGE_LOOP('',(#4065,#4066,#4067));
#626=EDGE_LOOP('',(#4068,#4069,#4070));
#627=EDGE_LOOP('',(#4071,#4072,#4073));
#628=EDGE_LOOP('',(#4074,#4075,#4076));
#629=EDGE_LOOP('',(#4077,#4078,#4079));
#630=EDGE_LOOP('',(#4080,#4081,#4082));
#631=EDGE_LOOP('',(#4083,#4084,#4085));
#632=EDGE_LOOP('',(#4086,#4087,#4088));
#633=EDGE_LOOP('',(#4089,#4090,#4091));
#634=EDGE_LOOP('',(#4092,#4093,#4094));
#635=EDGE_LOOP('',(#4095,#4096,#4097));
#636=EDGE_LOOP('',(#4098,#4099,#4100));
#637=EDGE_LOOP('',(#4101,#4102,#4103));
#638=EDGE_LOOP('',(#4104,#4105,#4106));
#639=EDGE_LOOP('',(#4107,#4108,#4109));
#640=EDGE_LOOP('',(#4110,#4111,#4112));
#641=EDGE_LOOP('',(#4113,#4114,#4115));
#642=EDGE_LOOP('',(#4116,#4117,#4118));
#643=EDGE_LOOP('',(#4119,#4120,#4121));
#644=EDGE_LOOP('',(#4122,#4123,#4124));
#645=EDGE_LOOP('',(#4125,#4126,#4127));
#646=EDGE_LOOP('',(#4128,#4129,#4130));
#647=EDGE_LOOP('',(#4131,#4132,#4133));
#648=EDGE_LOOP('',(#4134,#4135,#4136));
#649=EDGE_LOOP('',(#4137,#4138,#4139));
#650=EDGE_LOOP('',(#4140,#4141,#4142));
#651=EDGE_LOOP('',(#4143,#4144,#4145));
#652=EDGE_LOOP('',(#4146,#4147,#4148));
#653=EDGE_LOOP('',(#4149,#4150,#4151));
#654=EDGE_LOOP('',(#4152,#4153,#4154));
#655=EDGE_LOOP('',(#4155,#4156,#4157));
#656=EDGE_LOOP('',(#4158,#4159,#4160));
#657=EDGE_LOOP('',(#4161,#4162,#4163));
#658=EDGE_LOOP('',(#4164,#4165,#4166));
#659=EDGE_LOOP('',(#4167,#4168,#4169));
#660=EDGE_LOOP('',(#4170,#4171,#4172));
#661=EDGE_LOOP('',(#4173,#4174,#4175));
#662=EDGE_LOOP('',(#4176,#4177,#4178));
#663=EDGE_LOOP('',(#4179,#4180,#4181));
#664=EDGE_LOOP('',(#4182,#4183,#4184));
#665=EDGE_LOOP('',(#4185,#4186,#4187));
#666=EDGE_LOOP('',(#4188,#4189,#4190));
#667=EDGE_LOOP('',(#4191,#4192,#4193));
#668=EDGE_LOOP('',(#4194,#4195,#4196));
#669=EDGE_LOOP('',(#4197,#4198,#4199));
#670=EDGE_LOOP('',(#4200,#4201,#4202));
#671=EDGE_LOOP('',(#4203,#4204,#4205));
#672=EDGE_LOOP('',(#4206,#4207,#4208));
#673=EDGE_LOOP('',(#4209,#4210,#4211));
#674=EDGE_LOOP('',(#4212,#4213,#4214));
#675=EDGE_LOOP('',(#4215,#4216,#4217));
#676=EDGE_LOOP('',(#4218,#4219,#4220));
#677=EDGE_LOOP('',(#4221,#4222,#4223));
#678=EDGE_LOOP('',(#4224,#4225,#4226));
#679=EDGE_LOOP('',(#4227,#4228,#4229));
#680=EDGE_LOOP('',(#4230,#4231,#4232));
#681=EDGE_LOOP('',(#4233,#4234,#4235));
#682=EDGE_LOOP('',(#4236,#4237,#4238));
#683=EDGE_LOOP('',(#4239,#4240,#4241));
#684=EDGE_LOOP('',(#4242,#4243,#4244));
#685=EDGE_LOOP('',(#4245,#4246,#4247));
#686=EDGE_LOOP('',(#4248,#4249,#4250));
#687=EDGE_LOOP('',(#4251,#4252,#4253));
#688=EDGE_LOOP('',(#4254,#4255,#4256));
#689=EDGE_LOOP('',(#4257,#4258,#4259));
#690=EDGE_LOOP('',(#4260,#4261,#4262));
#691=EDGE_LOOP('',(#4263,#4264,#4265));
#692=EDGE_LOOP('',(#4266,#4267,#4268));
#693=EDGE_LOOP('',(#4269,#4270,#4271));
#694=EDGE_LOOP('',(#4272,#4273,#4274));
#695=EDGE_LOOP('',(#4275,#4276,#4277));
#696=EDGE_LOOP('',(#4278,#4279,#4280));
#697=EDGE_LOOP('',(#4281,#4282,#4283));
#698=EDGE_LOOP('',(#4284,#4285,#4286));
#699=EDGE_LOOP('',(#4287,#4288,#4289));
#700=EDGE_LOOP('',(#4290,#4291,#4292));
#701=EDGE_LOOP('',(#4293,#4294,#4295));
#702=EDGE_LOOP('',(#4296,#4297,#4298));
#703=EDGE_LOOP('',(#4299,#4300,#4301));
#704=EDGE_LOOP('',(#4302,#4303,#4304));
#705=EDGE_LOOP('',(#4305,#4306,#4307));
#706=EDGE_LOOP('',(#4308,#4309,#4310));
#707=EDGE_LOOP('',(#4311,#4312,#4313));
#708=EDGE_LOOP('',(#4314,#4315,#4316));
#709=EDGE_LOOP('',(#4317,#4318,#4319));
#710=EDGE_LOOP('',(#4320,#4321,#4322));
#711=EDGE_LOOP('',(#4323,#4324,#4325));
#712=EDGE_LOOP('',(#4326,#4327,#4328));
#713=EDGE_LOOP('',(#4329,#4330,#4331));
#714=EDGE_LOOP('',(#4332,#4333,#4334));
#715=EDGE_LOOP('',(#4335,#4336,#4337));
#716=EDGE_LOOP('',(#4338,#4339,#4340));
#717=EDGE_LOOP('',(#4341,#4342,#4343));
#718=EDGE_LOOP('',(#4344,#4345,#4346));
#719=EDGE_LOOP('',(#4347,#4348,#4349));
#720=EDGE_LOOP('',(#4350,#4351,#4352));
#721=EDGE_LOOP('',(#4353,#4354,#4355));
#722=EDGE_LOOP('',(#4356,#4357,#4358));
#723=EDGE_LOOP('',(#4359,#4360,#4361));
#724=EDGE_LOOP('',(#4362,#4363,#4364));
#725=EDGE_LOOP('',(#4365,#4366,#4367));
#726=EDGE_LOOP('',(#4368,#4369,#4370));
#727=EDGE_LOOP('',(#4371,#4372,#4373));
#728=EDGE_LOOP('',(#4374,#4375,#4376));
#729=EDGE_LOOP('',(#4377,#4378,#4379));
#730=EDGE_LOOP('',(#4380,#4381,#4382));
#731=EDGE_LOOP('',(#4383,#4384,#4385));
#732=EDGE_LOOP('',(#4386,#4387,#4388));
#733=EDGE_LOOP('',(#4389,#4390,#4391));
#734=EDGE_LOOP('',(#4392,#4393,#4394));
#735=EDGE_LOOP('',(#4395,#4396,#4397));
#736=EDGE_LOOP('',(#4398,#4399,#4400,#4401));
#737=EDGE_LOOP('',(#4402,#4403,#4404,#4405));
#738=EDGE_LOOP('',(#4406,#4407,#4408,#4409));
#739=EDGE_LOOP('',(#4410,#4411,#4412));
#740=EDGE_LOOP('',(#4413,#4414,#4415));
#741=EDGE_LOOP('',(#4416,#4417,#4418));
#742=EDGE_LOOP('',(#4419,#4420,#4421));
#743=EDGE_LOOP('',(#4422,#4423,#4424));
#744=EDGE_LOOP('',(#4425,#4426,#4427));
#745=EDGE_LOOP('',(#4428,#4429,#4430));
#746=EDGE_LOOP('',(#4431,#4432,#4433));
#747=EDGE_LOOP('',(#4434,#4435,#4436));
#748=EDGE_LOOP('',(#4437,#4438,#4439));
#749=EDGE_LOOP('',(#4440,#4441,#4442));
#750=EDGE_LOOP('',(#4443,#4444,#4445));
#751=EDGE_LOOP('',(#4446,#4447,#4448));
#752=EDGE_LOOP('',(#4449,#4450,#4451));
#753=EDGE_LOOP('',(#4452,#4453,#4454));
#754=EDGE_LOOP('',(#4455,#4456,#4457));
#755=EDGE_LOOP('',(#4458,#4459,#4460));
#756=EDGE_LOOP('',(#4461,#4462,#4463));
#757=EDGE_LOOP('',(#4464,#4465,#4466));
#758=EDGE_LOOP('',(#4467,#4468,#4469));
#759=EDGE_LOOP('',(#4470,#4471,#4472));
#760=EDGE_LOOP('',(#4473,#4474,#4475));
#761=EDGE_LOOP('',(#4476,#4477,#4478));
#762=EDGE_LOOP('',(#4479,#4480,#4481));
#763=EDGE_LOOP('',(#4482,#4483,#4484));
#764=EDGE_LOOP('',(#4485,#4486,#4487));
#765=EDGE_LOOP('',(#4488,#4489,#4490));
#766=EDGE_LOOP('',(#4491,#4492,#4493));
#767=EDGE_LOOP('',(#4494,#4495,#4496));
#768=EDGE_LOOP('',(#4497,#4498,#4499));
#769=EDGE_LOOP('',(#4500,#4501,#4502));
#770=EDGE_LOOP('',(#4503,#4504,#4505));
#771=EDGE_LOOP('',(#4506,#4507,#4508));
#772=EDGE_LOOP('',(#4509,#4510,#4511));
#773=EDGE_LOOP('',(#4512,#4513,#4514));
#774=EDGE_LOOP('',(#4515,#4516,#4517));
#775=EDGE_LOOP('',(#4518,#4519,#4520));
#776=EDGE_LOOP('',(#4521,#4522,#4523));
#777=EDGE_LOOP('',(#4524,#4525,#4526));
#778=EDGE_LOOP('',(#4527,#4528,#4529));
#779=EDGE_LOOP('',(#4530,#4531,#4532));
#780=EDGE_LOOP('',(#4533,#4534,#4535));
#781=EDGE_LOOP('',(#4536,#4537,#4538));
#782=EDGE_LOOP('',(#4539,#4540,#4541));
#783=EDGE_LOOP('',(#4542,#4543,#4544));
#784=EDGE_LOOP('',(#4545,#4546,#4547));
#785=EDGE_LOOP('',(#4548,#4549,#4550));
#786=EDGE_LOOP('',(#4551,#4552,#4553));
#787=EDGE_LOOP('',(#4554,#4555,#4556));
#788=EDGE_LOOP('',(#4557,#4558,#4559));
#789=EDGE_LOOP('',(#4560,#4561,#4562));
#790=EDGE_LOOP('',(#4563,#4564,#4565));
#791=EDGE_LOOP('',(#4566,#4567,#4568));
#792=EDGE_LOOP('',(#4569,#4570,#4571));
#793=EDGE_LOOP('',(#4572,#4573,#4574));
#794=EDGE_LOOP('',(#4575,#4576,#4577));
#795=EDGE_LOOP('',(#4578,#4579,#4580));
#796=EDGE_LOOP('',(#4581,#4582,#4583));
#797=EDGE_LOOP('',(#4584,#4585,#4586));
#798=EDGE_LOOP('',(#4587,#4588,#4589));
#799=EDGE_LOOP('',(#4590,#4591,#4592));
#800=EDGE_LOOP('',(#4593,#4594,#4595));
#801=EDGE_LOOP('',(#4596,#4597,#4598));
#802=EDGE_LOOP('',(#4599,#4600,#4601));
#803=EDGE_LOOP('',(#4602,#4603,#4604));
#804=EDGE_LOOP('',(#4605,#4606,#4607));
#805=EDGE_LOOP('',(#4608,#4609,#4610));
#806=EDGE_LOOP('',(#4611,#4612,#4613));
#807=EDGE_LOOP('',(#4614,#4615,#4616));
#808=EDGE_LOOP('',(#4617,#4618,#4619));
#809=EDGE_LOOP('',(#4620,#4621,#4622));
#810=EDGE_LOOP('',(#4623,#4624,#4625));
#811=EDGE_LOOP('',(#4626,#4627,#4628));
#812=EDGE_LOOP('',(#4629,#4630,#4631));
#813=EDGE_LOOP('',(#4632,#4633,#4634));
#814=EDGE_LOOP('',(#4635,#4636,#4637));
#815=EDGE_LOOP('',(#4638,#4639,#4640));
#816=EDGE_LOOP('',(#4641,#4642,#4643));
#817=EDGE_LOOP('',(#4644,#4645,#4646));
#818=EDGE_LOOP('',(#4647,#4648,#4649));
#819=EDGE_LOOP('',(#4650,#4651,#4652));
#820=EDGE_LOOP('',(#4653,#4654,#4655));
#821=EDGE_LOOP('',(#4656,#4657,#4658));
#822=EDGE_LOOP('',(#4659,#4660,#4661));
#823=EDGE_LOOP('',(#4662,#4663,#4664));
#824=EDGE_LOOP('',(#4665,#4666,#4667));
#825=EDGE_LOOP('',(#4668,#4669,#4670));
#826=EDGE_LOOP('',(#4671,#4672,#4673));
#827=EDGE_LOOP('',(#4674,#4675,#4676));
#828=EDGE_LOOP('',(#4677,#4678,#4679));
#829=EDGE_LOOP('',(#4680,#4681,#4682));
#830=EDGE_LOOP('',(#4683,#4684,#4685));
#831=EDGE_LOOP('',(#4686,#4687,#4688));
#832=EDGE_LOOP('',(#4689,#4690,#4691));
#833=EDGE_LOOP('',(#4692,#4693,#4694));
#834=EDGE_LOOP('',(#4695,#4696,#4697));
#835=EDGE_LOOP('',(#4698,#4699,#4700));
#836=EDGE_LOOP('',(#4701,#4702,#4703));
#837=EDGE_LOOP('',(#4704,#4705,#4706));
#838=EDGE_LOOP('',(#4707,#4708,#4709));
#839=EDGE_LOOP('',(#4710,#4711,#4712));
#840=EDGE_LOOP('',(#4713,#4714,#4715));
#841=EDGE_LOOP('',(#4716,#4717,#4718));
#842=EDGE_LOOP('',(#4719,#4720,#4721));
#843=EDGE_LOOP('',(#4722,#4723,#4724));
#844=EDGE_LOOP('',(#4725,#4726,#4727));
#845=EDGE_LOOP('',(#4728,#4729,#4730));
#846=EDGE_LOOP('',(#4731,#4732,#4733));
#847=EDGE_LOOP('',(#4734,#4735,#4736));
#848=EDGE_LOOP('',(#4737,#4738,#4739));
#849=EDGE_LOOP('',(#4740,#4741,#4742));
#850=EDGE_LOOP('',(#4743,#4744,#4745));
#851=EDGE_LOOP('',(#4746,#4747,#4748));
#852=EDGE_LOOP('',(#4749,#4750,#4751));
#853=EDGE_LOOP('',(#4752,#4753,#4754));
#854=EDGE_LOOP('',(#4755,#4756,#4757));
#855=EDGE_LOOP('',(#4758,#4759,#4760));
#856=EDGE_LOOP('',(#4761,#4762,#4763));
#857=EDGE_LOOP('',(#4764,#4765,#4766));
#858=EDGE_LOOP('',(#4767,#4768,#4769));
#859=EDGE_LOOP('',(#4770,#4771,#4772));
#860=EDGE_LOOP('',(#4773,#4774,#4775));
#861=EDGE_LOOP('',(#4776,#4777,#4778));
#862=EDGE_LOOP('',(#4779,#4780,#4781));
#863=EDGE_LOOP('',(#4782,#4783,#4784));
#864=EDGE_LOOP('',(#4785,#4786,#4787));
#865=EDGE_LOOP('',(#4788,#4789,#4790));
#866=EDGE_LOOP('',(#4791,#4792,#4793));
#867=EDGE_LOOP('',(#4794,#4795,#4796));
#868=EDGE_LOOP('',(#4797,#4798,#4799));
#869=EDGE_LOOP('',(#4800,#4801,#4802));
#870=EDGE_LOOP('',(#4803,#4804,#4805));
#871=EDGE_LOOP('',(#4806,#4807,#4808));
#872=EDGE_LOOP('',(#4809,#4810,#4811));
#873=EDGE_LOOP('',(#4812,#4813,#4814));
#874=EDGE_LOOP('',(#4815,#4816,#4817));
#875=EDGE_LOOP('',(#4818,#4819,#4820));
#876=EDGE_LOOP('',(#4821,#4822,#4823));
#877=EDGE_LOOP('',(#4824,#4825,#4826));
#878=EDGE_LOOP('',(#4827,#4828,#4829));
#879=EDGE_LOOP('',(#4830,#4831,#4832));
#880=EDGE_LOOP('',(#4833,#4834,#4835));
#881=EDGE_LOOP('',(#4836,#4837,#4838));
#882=EDGE_LOOP('',(#4839,#4840,#4841));
#883=EDGE_LOOP('',(#4842,#4843,#4844));
#884=EDGE_LOOP('',(#4845,#4846,#4847));
#885=EDGE_LOOP('',(#4848,#4849,#4850));
#886=EDGE_LOOP('',(#4851,#4852,#4853));
#887=EDGE_LOOP('',(#4854,#4855,#4856));
#888=EDGE_LOOP('',(#4857,#4858,#4859));
#889=EDGE_LOOP('',(#4860,#4861,#4862));
#890=EDGE_LOOP('',(#4863,#4864,#4865));
#891=EDGE_LOOP('',(#4866,#4867,#4868));
#892=EDGE_LOOP('',(#4869,#4870,#4871));
#893=EDGE_LOOP('',(#4872,#4873,#4874));
#894=EDGE_LOOP('',(#4875,#4876,#4877));
#895=EDGE_LOOP('',(#4878,#4879,#4880));
#896=EDGE_LOOP('',(#4881,#4882,#4883));
#897=EDGE_LOOP('',(#4884,#4885,#4886));
#898=EDGE_LOOP('',(#4887,#4888,#4889));
#899=EDGE_LOOP('',(#4890,#4891,#4892));
#900=EDGE_LOOP('',(#4893,#4894,#4895));
#901=EDGE_LOOP('',(#4896,#4897,#4898));
#902=EDGE_LOOP('',(#4899,#4900,#4901));
#903=EDGE_LOOP('',(#4902,#4903,#4904));
#904=EDGE_LOOP('',(#4905,#4906,#4907));
#905=EDGE_LOOP('',(#4908,#4909,#4910));
#906=EDGE_LOOP('',(#4911,#4912,#4913));
#907=EDGE_LOOP('',(#4914,#4915,#4916));
#908=EDGE_LOOP('',(#4917,#4918,#4919));
#909=EDGE_LOOP('',(#4920,#4921,#4922));
#910=EDGE_LOOP('',(#4923,#4924,#4925));
#911=EDGE_LOOP('',(#4926,#4927,#4928));
#912=EDGE_LOOP('',(#4929,#4930,#4931));
#913=EDGE_LOOP('',(#4932,#4933,#4934));
#914=EDGE_LOOP('',(#4935,#4936,#4937));
#915=EDGE_LOOP('',(#4938,#4939,#4940));
#916=EDGE_LOOP('',(#4941,#4942,#4943));
#917=EDGE_LOOP('',(#4944,#4945,#4946));
#918=EDGE_LOOP('',(#4947,#4948,#4949));
#919=EDGE_LOOP('',(#4950,#4951,#4952));
#920=EDGE_LOOP('',(#4953,#4954,#4955));
#921=EDGE_LOOP('',(#4956,#4957,#4958));
#922=EDGE_LOOP('',(#4959,#4960,#4961));
#923=EDGE_LOOP('',(#4962,#4963,#4964));
#924=EDGE_LOOP('',(#4965,#4966,#4967));
#925=EDGE_LOOP('',(#4968,#4969,#4970));
#926=EDGE_LOOP('',(#4971,#4972,#4973));
#927=EDGE_LOOP('',(#4974,#4975,#4976));
#928=EDGE_LOOP('',(#4977,#4978,#4979));
#929=EDGE_LOOP('',(#4980,#4981,#4982));
#930=EDGE_LOOP('',(#4983,#4984,#4985));
#931=EDGE_LOOP('',(#4986,#4987,#4988));
#932=EDGE_LOOP('',(#4989,#4990,#4991));
#933=EDGE_LOOP('',(#4992,#4993,#4994));
#934=EDGE_LOOP('',(#4995,#4996,#4997));
#935=EDGE_LOOP('',(#4998,#4999,#5000));
#936=EDGE_LOOP('',(#5001,#5002,#5003));
#937=EDGE_LOOP('',(#5004,#5005,#5006));
#938=EDGE_LOOP('',(#5007,#5008,#5009));
#939=EDGE_LOOP('',(#5010,#5011,#5012));
#940=EDGE_LOOP('',(#5013,#5014,#5015));
#941=EDGE_LOOP('',(#5016,#5017,#5018));
#942=EDGE_LOOP('',(#5019,#5020,#5021));
#943=EDGE_LOOP('',(#5022,#5023,#5024));
#944=EDGE_LOOP('',(#5025,#5026,#5027));
#945=EDGE_LOOP('',(#5028,#5029,#5030));
#946=EDGE_LOOP('',(#5031,#5032,#5033));
#947=EDGE_LOOP('',(#5034,#5035,#5036));
#948=EDGE_LOOP('',(#5037,#5038,#5039));
#949=EDGE_LOOP('',(#5040,#5041,#5042));
#950=EDGE_LOOP('',(#5043,#5044,#5045));
#951=EDGE_LOOP('',(#5046,#5047,#5048));
#952=EDGE_LOOP('',(#5049,#5050,#5051));
#953=EDGE_LOOP('',(#5052,#5053,#5054));
#954=EDGE_LOOP('',(#5055,#5056,#5057));
#955=EDGE_LOOP('',(#5058,#5059,#5060));
#956=EDGE_LOOP('',(#5061,#5062,#5063));
#957=EDGE_LOOP('',(#5064,#5065,#5066));
#958=EDGE_LOOP('',(#5067,#5068,#5069));
#959=EDGE_LOOP('',(#5070,#5071,#5072));
#960=EDGE_LOOP('',(#5073,#5074,#5075));
#961=EDGE_LOOP('',(#5076,#5077,#5078));
#962=EDGE_LOOP('',(#5079,#5080,#5081));
#963=EDGE_LOOP('',(#5082,#5083,#5084));
#964=EDGE_LOOP('',(#5085,#5086,#5087));
#965=EDGE_LOOP('',(#5088,#5089,#5090,#5091));
#966=EDGE_LOOP('',(#5092,#5093,#5094,#5095));
#967=EDGE_LOOP('',(#5096,#5097,#5098));
#968=EDGE_LOOP('',(#5099,#5100,#5101));
#969=EDGE_LOOP('',(#5102,#5103,#5104));
#970=EDGE_LOOP('',(#5105,#5106,#5107));
#971=EDGE_LOOP('',(#5108,#5109,#5110));
#972=EDGE_LOOP('',(#5111,#5112,#5113));
#973=EDGE_LOOP('',(#5114,#5115,#5116));
#974=EDGE_LOOP('',(#5117,#5118,#5119));
#975=EDGE_LOOP('',(#5120,#5121,#5122));
#976=EDGE_LOOP('',(#5123,#5124,#5125));
#977=EDGE_LOOP('',(#5126,#5127,#5128));
#978=EDGE_LOOP('',(#5129,#5130,#5131));
#979=EDGE_LOOP('',(#5132,#5133,#5134));
#980=EDGE_LOOP('',(#5135,#5136,#5137));
#981=EDGE_LOOP('',(#5138,#5139,#5140));
#982=EDGE_LOOP('',(#5141,#5142,#5143));
#983=EDGE_LOOP('',(#5144,#5145,#5146));
#984=EDGE_LOOP('',(#5147,#5148,#5149));
#985=EDGE_LOOP('',(#5150,#5151,#5152));
#986=EDGE_LOOP('',(#5153,#5154,#5155));
#987=EDGE_LOOP('',(#5156,#5157,#5158));
#988=EDGE_LOOP('',(#5159,#5160,#5161));
#989=EDGE_LOOP('',(#5162,#5163,#5164));
#990=EDGE_LOOP('',(#5165,#5166,#5167));
#991=EDGE_LOOP('',(#5168,#5169,#5170));
#992=EDGE_LOOP('',(#5171,#5172,#5173));
#993=EDGE_LOOP('',(#5174,#5175,#5176));
#994=EDGE_LOOP('',(#5177,#5178,#5179));
#995=EDGE_LOOP('',(#5180,#5181,#5182));
#996=EDGE_LOOP('',(#5183,#5184,#5185));
#997=EDGE_LOOP('',(#5186,#5187,#5188));
#998=EDGE_LOOP('',(#5189,#5190,#5191));
#999=EDGE_LOOP('',(#5192,#5193,#5194));
#1000=EDGE_LOOP('',(#5195,#5196,#5197));
#1001=EDGE_LOOP('',(#5198,#5199,#5200));
#1002=EDGE_LOOP('',(#5201,#5202,#5203));
#1003=EDGE_LOOP('',(#5204,#5205,#5206));
#1004=EDGE_LOOP('',(#5207,#5208,#5209));
#1005=EDGE_LOOP('',(#5210,#5211,#5212));
#1006=EDGE_LOOP('',(#5213,#5214,#5215));
#1007=EDGE_LOOP('',(#5216,#5217,#5218));
#1008=EDGE_LOOP('',(#5219,#5220,#5221));
#1009=EDGE_LOOP('',(#5222,#5223,#5224));
#1010=EDGE_LOOP('',(#5225,#5226,#5227));
#1011=EDGE_LOOP('',(#5228,#5229,#5230));
#1012=EDGE_LOOP('',(#5231,#5232,#5233));
#1013=EDGE_LOOP('',(#5234,#5235,#5236));
#1014=EDGE_LOOP('',(#5237,#5238,#5239));
#1015=EDGE_LOOP('',(#5240,#5241,#5242));
#1016=EDGE_LOOP('',(#5243,#5244,#5245));
#1017=EDGE_LOOP('',(#5246,#5247,#5248));
#1018=EDGE_LOOP('',(#5249,#5250,#5251));
#1019=EDGE_LOOP('',(#5252,#5253,#5254));
#1020=EDGE_LOOP('',(#5255,#5256,#5257));
#1021=EDGE_LOOP('',(#5258,#5259,#5260));
#1022=EDGE_LOOP('',(#5261,#5262,#5263,#5264,#5265,#5266,#5267));
#1023=EDGE_LOOP('',(#5268,#5269,#5270,#5271));
#1024=EDGE_LOOP('',(#5272,#5273,#5274,#5275));
#1025=EDGE_LOOP('',(#5276,#5277,#5278));
#1026=EDGE_LOOP('',(#5279,#5280,#5281));
#1027=EDGE_LOOP('',(#5282,#5283,#5284));
#1028=EDGE_LOOP('',(#5285,#5286,#5287));
#1029=EDGE_LOOP('',(#5288,#5289,#5290));
#1030=EDGE_LOOP('',(#5291,#5292,#5293));
#1031=EDGE_LOOP('',(#5294,#5295,#5296));
#1032=EDGE_LOOP('',(#5297,#5298,#5299));
#1033=EDGE_LOOP('',(#5300,#5301,#5302));
#1034=EDGE_LOOP('',(#5303,#5304,#5305));
#1035=EDGE_LOOP('',(#5306,#5307,#5308));
#1036=EDGE_LOOP('',(#5309,#5310,#5311));
#1037=EDGE_LOOP('',(#5312,#5313,#5314));
#1038=EDGE_LOOP('',(#5315,#5316,#5317));
#1039=EDGE_LOOP('',(#5318,#5319,#5320));
#1040=EDGE_LOOP('',(#5321,#5322,#5323));
#1041=EDGE_LOOP('',(#5324,#5325,#5326));
#1042=EDGE_LOOP('',(#5327,#5328,#5329));
#1043=EDGE_LOOP('',(#5330,#5331,#5332));
#1044=EDGE_LOOP('',(#5333,#5334,#5335));
#1045=EDGE_LOOP('',(#5336,#5337,#5338));
#1046=EDGE_LOOP('',(#5339,#5340,#5341));
#1047=EDGE_LOOP('',(#5342,#5343,#5344));
#1048=EDGE_LOOP('',(#5345,#5346,#5347));
#1049=EDGE_LOOP('',(#5348,#5349,#5350));
#1050=EDGE_LOOP('',(#5351,#5352,#5353));
#1051=EDGE_LOOP('',(#5354,#5355,#5356));
#1052=EDGE_LOOP('',(#5357,#5358,#5359));
#1053=EDGE_LOOP('',(#5360,#5361,#5362));
#1054=EDGE_LOOP('',(#5363,#5364,#5365));
#1055=EDGE_LOOP('',(#5366,#5367,#5368));
#1056=EDGE_LOOP('',(#5369,#5370,#5371));
#1057=LINE('',#8804,#1864);
#1058=LINE('',#8806,#1865);
#1059=LINE('',#8808,#1866);
#1060=LINE('',#8809,#1867);
#1061=LINE('',#8812,#1868);
#1062=LINE('',#8814,#1869);
#1063=LINE('',#8815,#1870);
#1064=LINE('',#8819,#1871);
#1065=LINE('',#8821,#1872);
#1066=LINE('',#8823,#1873);
#1067=LINE('',#8824,#1874);
#1068=LINE('',#8827,#1875);
#1069=LINE('',#8828,#1876);
#1070=LINE('',#8832,#1877);
#1071=LINE('',#8834,#1878);
#1072=LINE('',#8835,#1879);
#1073=LINE('',#8838,#1880);
#1074=LINE('',#8840,#1881);
#1075=LINE('',#8841,#1882);
#1076=LINE('',#8844,#1883);
#1077=LINE('',#8846,#1884);
#1078=LINE('',#8847,#1885);
#1079=LINE('',#8850,#1886);
#1080=LINE('',#8851,#1887);
#1081=LINE('',#8855,#1888);
#1082=LINE('',#8856,#1889);
#1083=LINE('',#8858,#1890);
#1084=LINE('',#8860,#1891);
#1085=LINE('',#8861,#1892);
#1086=LINE('',#8863,#1893);
#1087=LINE('',#8865,#1894);
#1088=LINE('',#8866,#1895);
#1089=LINE('',#8868,#1896);
#1090=LINE('',#8869,#1897);
#1091=LINE('',#8871,#1898);
#1092=LINE('',#8874,#1899);
#1093=LINE('',#8875,#1900);
#1094=LINE('',#8879,#1901);
#1095=LINE('',#8881,#1902);
#1096=LINE('',#8882,#1903);
#1097=LINE('',#8886,#1904);
#1098=LINE('',#8888,#1905);
#1099=LINE('',#8890,#1906);
#1100=LINE('',#8891,#1907);
#1101=LINE('',#8894,#1908);
#1102=LINE('',#8895,#1909);
#1103=LINE('',#8899,#1910);
#1104=LINE('',#8900,#1911);
#1105=LINE('',#8902,#1912);
#1106=LINE('',#8904,#1913);
#1107=LINE('',#8906,#1914);
#1108=LINE('',#8908,#1915);
#1109=LINE('',#8909,#1916);
#1110=LINE('',#8912,#1917);
#1111=LINE('',#8913,#1918);
#1112=LINE('',#8916,#1919);
#1113=LINE('',#8917,#1920);
#1114=LINE('',#8918,#1921);
#1115=LINE('',#8922,#1922);
#1116=LINE('',#8923,#1923);
#1117=LINE('',#8924,#1924);
#1118=LINE('',#8926,#1925);
#1119=LINE('',#8929,#1926);
#1120=LINE('',#8930,#1927);
#1121=LINE('',#8931,#1928);
#1122=LINE('',#8933,#1929);
#1123=LINE('',#8934,#1930);
#1124=LINE('',#8937,#1931);
#1125=LINE('',#8938,#1932);
#1126=LINE('',#8940,#1933);
#1127=LINE('',#8943,#1934);
#1128=LINE('',#8945,#1935);
#1129=LINE('',#8946,#1936);
#1130=LINE('',#8948,#1937);
#1131=LINE('',#8949,#1938);
#1132=LINE('',#8952,#1939);
#1133=LINE('',#8954,#1940);
#1134=LINE('',#8957,#1941);
#1135=LINE('',#8959,#1942);
#1136=LINE('',#8960,#1943);
#1137=LINE('',#8963,#1944);
#1138=LINE('',#8964,#1945);
#1139=LINE('',#8967,#1946);
#1140=LINE('',#8968,#1947);
#1141=LINE('',#8971,#1948);
#1142=LINE('',#8972,#1949);
#1143=LINE('',#8975,#1950);
#1144=LINE('',#8976,#1951);
#1145=LINE('',#8979,#1952);
#1146=LINE('',#8980,#1953);
#1147=LINE('',#8984,#1954);
#1148=LINE('',#8986,#1955);
#1149=LINE('',#8987,#1956);
#1150=LINE('',#8990,#1957);
#1151=LINE('',#8991,#1958);
#1152=LINE('',#8994,#1959);
#1153=LINE('',#8995,#1960);
#1154=LINE('',#8998,#1961);
#1155=LINE('',#8999,#1962);
#1156=LINE('',#9002,#1963);
#1157=LINE('',#9003,#1964);
#1158=LINE('',#9005,#1965);
#1159=LINE('',#9006,#1966);
#1160=LINE('',#9008,#1967);
#1161=LINE('',#9012,#1968);
#1162=LINE('',#9014,#1969);
#1163=LINE('',#9015,#1970);
#1164=LINE('',#9018,#1971);
#1165=LINE('',#9019,#1972);
#1166=LINE('',#9022,#1973);
#1167=LINE('',#9023,#1974);
#1168=LINE('',#9026,#1975);
#1169=LINE('',#9027,#1976);
#1170=LINE('',#9030,#1977);
#1171=LINE('',#9031,#1978);
#1172=LINE('',#9034,#1979);
#1173=LINE('',#9035,#1980);
#1174=LINE('',#9038,#1981);
#1175=LINE('',#9039,#1982);
#1176=LINE('',#9041,#1983);
#1177=LINE('',#9042,#1984);
#1178=LINE('',#9045,#1985);
#1179=LINE('',#9046,#1986);
#1180=LINE('',#9049,#1987);
#1181=LINE('',#9050,#1988);
#1182=LINE('',#9053,#1989);
#1183=LINE('',#9054,#1990);
#1184=LINE('',#9057,#1991);
#1185=LINE('',#9058,#1992);
#1186=LINE('',#9061,#1993);
#1187=LINE('',#9062,#1994);
#1188=LINE('',#9065,#1995);
#1189=LINE('',#9066,#1996);
#1190=LINE('',#9069,#1997);
#1191=LINE('',#9070,#1998);
#1192=LINE('',#9072,#1999);
#1193=LINE('',#9074,#2000);
#1194=LINE('',#9076,#2001);
#1195=LINE('',#9079,#2002);
#1196=LINE('',#9080,#2003);
#1197=LINE('',#9083,#2004);
#1198=LINE('',#9084,#2005);
#1199=LINE('',#9087,#2006);
#1200=LINE('',#9088,#2007);
#1201=LINE('',#9091,#2008);
#1202=LINE('',#9092,#2009);
#1203=LINE('',#9095,#2010);
#1204=LINE('',#9096,#2011);
#1205=LINE('',#9099,#2012);
#1206=LINE('',#9100,#2013);
#1207=LINE('',#9103,#2014);
#1208=LINE('',#9104,#2015);
#1209=LINE('',#9107,#2016);
#1210=LINE('',#9108,#2017);
#1211=LINE('',#9111,#2018);
#1212=LINE('',#9112,#2019);
#1213=LINE('',#9115,#2020);
#1214=LINE('',#9116,#2021);
#1215=LINE('',#9118,#2022);
#1216=LINE('',#9119,#2023);
#1217=LINE('',#9121,#2024);
#1218=LINE('',#9124,#2025);
#1219=LINE('',#9125,#2026);
#1220=LINE('',#9128,#2027);
#1221=LINE('',#9129,#2028);
#1222=LINE('',#9132,#2029);
#1223=LINE('',#9133,#2030);
#1224=LINE('',#9136,#2031);
#1225=LINE('',#9137,#2032);
#1226=LINE('',#9140,#2033);
#1227=LINE('',#9141,#2034);
#1228=LINE('',#9144,#2035);
#1229=LINE('',#9145,#2036);
#1230=LINE('',#9148,#2037);
#1231=LINE('',#9149,#2038);
#1232=LINE('',#9152,#2039);
#1233=LINE('',#9153,#2040);
#1234=LINE('',#9156,#2041);
#1235=LINE('',#9157,#2042);
#1236=LINE('',#9160,#2043);
#1237=LINE('',#9161,#2044);
#1238=LINE('',#9163,#2045);
#1239=LINE('',#9164,#2046);
#1240=LINE('',#9166,#2047);
#1241=LINE('',#9169,#2048);
#1242=LINE('',#9170,#2049);
#1243=LINE('',#9174,#2050);
#1244=LINE('',#9176,#2051);
#1245=LINE('',#9177,#2052);
#1246=LINE('',#9180,#2053);
#1247=LINE('',#9181,#2054);
#1248=LINE('',#9184,#2055);
#1249=LINE('',#9185,#2056);
#1250=LINE('',#9188,#2057);
#1251=LINE('',#9189,#2058);
#1252=LINE('',#9192,#2059);
#1253=LINE('',#9193,#2060);
#1254=LINE('',#9195,#2061);
#1255=LINE('',#9196,#2062);
#1256=LINE('',#9199,#2063);
#1257=LINE('',#9200,#2064);
#1258=LINE('',#9203,#2065);
#1259=LINE('',#9204,#2066);
#1260=LINE('',#9207,#2067);
#1261=LINE('',#9208,#2068);
#1262=LINE('',#9211,#2069);
#1263=LINE('',#9212,#2070);
#1264=LINE('',#9215,#2071);
#1265=LINE('',#9216,#2072);
#1266=LINE('',#9219,#2073);
#1267=LINE('',#9221,#2074);
#1268=LINE('',#9222,#2075);
#1269=LINE('',#9224,#2076);
#1270=LINE('',#9227,#2077);
#1271=LINE('',#9229,#2078);
#1272=LINE('',#9230,#2079);
#1273=LINE('',#9232,#2080);
#1274=LINE('',#9235,#2081);
#1275=LINE('',#9236,#2082);
#1276=LINE('',#9239,#2083);
#1277=LINE('',#9240,#2084);
#1278=LINE('',#9243,#2085);
#1279=LINE('',#9244,#2086);
#1280=LINE('',#9247,#2087);
#1281=LINE('',#9248,#2088);
#1282=LINE('',#9251,#2089);
#1283=LINE('',#9252,#2090);
#1284=LINE('',#9255,#2091);
#1285=LINE('',#9256,#2092);
#1286=LINE('',#9259,#2093);
#1287=LINE('',#9260,#2094);
#1288=LINE('',#9263,#2095);
#1289=LINE('',#9264,#2096);
#1290=LINE('',#9267,#2097);
#1291=LINE('',#9268,#2098);
#1292=LINE('',#9271,#2099);
#1293=LINE('',#9272,#2100);
#1294=LINE('',#9275,#2101);
#1295=LINE('',#9276,#2102);
#1296=LINE('',#9279,#2103);
#1297=LINE('',#9280,#2104);
#1298=LINE('',#9283,#2105);
#1299=LINE('',#9284,#2106);
#1300=LINE('',#9287,#2107);
#1301=LINE('',#9288,#2108);
#1302=LINE('',#9291,#2109);
#1303=LINE('',#9292,#2110);
#1304=LINE('',#9295,#2111);
#1305=LINE('',#9296,#2112);
#1306=LINE('',#9299,#2113);
#1307=LINE('',#9300,#2114);
#1308=LINE('',#9303,#2115);
#1309=LINE('',#9304,#2116);
#1310=LINE('',#9307,#2117);
#1311=LINE('',#9308,#2118);
#1312=LINE('',#9311,#2119);
#1313=LINE('',#9312,#2120);
#1314=LINE('',#9315,#2121);
#1315=LINE('',#9316,#2122);
#1316=LINE('',#9318,#2123);
#1317=LINE('',#9319,#2124);
#1318=LINE('',#9321,#2125);
#1319=LINE('',#9323,#2126);
#1320=LINE('',#9325,#2127);
#1321=LINE('',#9328,#2128);
#1322=LINE('',#9329,#2129);
#1323=LINE('',#9332,#2130);
#1324=LINE('',#9333,#2131);
#1325=LINE('',#9336,#2132);
#1326=LINE('',#9337,#2133);
#1327=LINE('',#9340,#2134);
#1328=LINE('',#9341,#2135);
#1329=LINE('',#9344,#2136);
#1330=LINE('',#9345,#2137);
#1331=LINE('',#9348,#2138);
#1332=LINE('',#9349,#2139);
#1333=LINE('',#9352,#2140);
#1334=LINE('',#9353,#2141);
#1335=LINE('',#9355,#2142);
#1336=LINE('',#9356,#2143);
#1337=LINE('',#9359,#2144);
#1338=LINE('',#9360,#2145);
#1339=LINE('',#9363,#2146);
#1340=LINE('',#9364,#2147);
#1341=LINE('',#9367,#2148);
#1342=LINE('',#9368,#2149);
#1343=LINE('',#9371,#2150);
#1344=LINE('',#9372,#2151);
#1345=LINE('',#9375,#2152);
#1346=LINE('',#9376,#2153);
#1347=LINE('',#9379,#2154);
#1348=LINE('',#9380,#2155);
#1349=LINE('',#9382,#2156);
#1350=LINE('',#9385,#2157);
#1351=LINE('',#9387,#2158);
#1352=LINE('',#9388,#2159);
#1353=LINE('',#9391,#2160);
#1354=LINE('',#9392,#2161);
#1355=LINE('',#9395,#2162);
#1356=LINE('',#9396,#2163);
#1357=LINE('',#9399,#2164);
#1358=LINE('',#9400,#2165);
#1359=LINE('',#9403,#2166);
#1360=LINE('',#9404,#2167);
#1361=LINE('',#9407,#2168);
#1362=LINE('',#9408,#2169);
#1363=LINE('',#9411,#2170);
#1364=LINE('',#9412,#2171);
#1365=LINE('',#9415,#2172);
#1366=LINE('',#9416,#2173);
#1367=LINE('',#9419,#2174);
#1368=LINE('',#9420,#2175);
#1369=LINE('',#9423,#2176);
#1370=LINE('',#9424,#2177);
#1371=LINE('',#9427,#2178);
#1372=LINE('',#9428,#2179);
#1373=LINE('',#9431,#2180);
#1374=LINE('',#9432,#2181);
#1375=LINE('',#9435,#2182);
#1376=LINE('',#9436,#2183);
#1377=LINE('',#9439,#2184);
#1378=LINE('',#9440,#2185);
#1379=LINE('',#9443,#2186);
#1380=LINE('',#9445,#2187);
#1381=LINE('',#9446,#2188);
#1382=LINE('',#9448,#2189);
#1383=LINE('',#9452,#2190);
#1384=LINE('',#9454,#2191);
#1385=LINE('',#9455,#2192);
#1386=LINE('',#9458,#2193);
#1387=LINE('',#9459,#2194);
#1388=LINE('',#9462,#2195);
#1389=LINE('',#9463,#2196);
#1390=LINE('',#9466,#2197);
#1391=LINE('',#9467,#2198);
#1392=LINE('',#9470,#2199);
#1393=LINE('',#9471,#2200);
#1394=LINE('',#9474,#2201);
#1395=LINE('',#9475,#2202);
#1396=LINE('',#9478,#2203);
#1397=LINE('',#9479,#2204);
#1398=LINE('',#9482,#2205);
#1399=LINE('',#9483,#2206);
#1400=LINE('',#9486,#2207);
#1401=LINE('',#9487,#2208);
#1402=LINE('',#9490,#2209);
#1403=LINE('',#9491,#2210);
#1404=LINE('',#9494,#2211);
#1405=LINE('',#9495,#2212);
#1406=LINE('',#9498,#2213);
#1407=LINE('',#9499,#2214);
#1408=LINE('',#9502,#2215);
#1409=LINE('',#9503,#2216);
#1410=LINE('',#9506,#2217);
#1411=LINE('',#9507,#2218);
#1412=LINE('',#9510,#2219);
#1413=LINE('',#9511,#2220);
#1414=LINE('',#9514,#2221);
#1415=LINE('',#9515,#2222);
#1416=LINE('',#9518,#2223);
#1417=LINE('',#9519,#2224);
#1418=LINE('',#9521,#2225);
#1419=LINE('',#9522,#2226);
#1420=LINE('',#9525,#2227);
#1421=LINE('',#9526,#2228);
#1422=LINE('',#9528,#2229);
#1423=LINE('',#9531,#2230);
#1424=LINE('',#9532,#2231);
#1425=LINE('',#9535,#2232);
#1426=LINE('',#9536,#2233);
#1427=LINE('',#9539,#2234);
#1428=LINE('',#9540,#2235);
#1429=LINE('',#9543,#2236);
#1430=LINE('',#9544,#2237);
#1431=LINE('',#9547,#2238);
#1432=LINE('',#9548,#2239);
#1433=LINE('',#9551,#2240);
#1434=LINE('',#9552,#2241);
#1435=LINE('',#9555,#2242);
#1436=LINE('',#9556,#2243);
#1437=LINE('',#9559,#2244);
#1438=LINE('',#9560,#2245);
#1439=LINE('',#9563,#2246);
#1440=LINE('',#9564,#2247);
#1441=LINE('',#9567,#2248);
#1442=LINE('',#9568,#2249);
#1443=LINE('',#9571,#2250);
#1444=LINE('',#9572,#2251);
#1445=LINE('',#9575,#2252);
#1446=LINE('',#9576,#2253);
#1447=LINE('',#9579,#2254);
#1448=LINE('',#9580,#2255);
#1449=LINE('',#9583,#2256);
#1450=LINE('',#9584,#2257);
#1451=LINE('',#9587,#2258);
#1452=LINE('',#9588,#2259);
#1453=LINE('',#9591,#2260);
#1454=LINE('',#9592,#2261);
#1455=LINE('',#9594,#2262);
#1456=LINE('',#9595,#2263);
#1457=LINE('',#9598,#2264);
#1458=LINE('',#9599,#2265);
#1459=LINE('',#9601,#2266);
#1460=LINE('',#9604,#2267);
#1461=LINE('',#9605,#2268);
#1462=LINE('',#9607,#2269);
#1463=LINE('',#9608,#2270);
#1464=LINE('',#9610,#2271);
#1465=LINE('',#9613,#2272);
#1466=LINE('',#9614,#2273);
#1467=LINE('',#9617,#2274);
#1468=LINE('',#9618,#2275);
#1469=LINE('',#9620,#2276);
#1470=LINE('',#9621,#2277);
#1471=LINE('',#9623,#2278);
#1472=LINE('',#9625,#2279);
#1473=LINE('',#9628,#2280);
#1474=LINE('',#9629,#2281);
#1475=LINE('',#9631,#2282);
#1476=LINE('',#9633,#2283);
#1477=LINE('',#9634,#2284);
#1478=LINE('',#9636,#2285);
#1479=LINE('',#9638,#2286);
#1480=LINE('',#9640,#2287);
#1481=LINE('',#9642,#2288);
#1482=LINE('',#9644,#2289);
#1483=LINE('',#9645,#2290);
#1484=LINE('',#9647,#2291);
#1485=LINE('',#9649,#2292);
#1486=LINE('',#9652,#2293);
#1487=LINE('',#9655,#2294);
#1488=LINE('',#9656,#2295);
#1489=LINE('',#9658,#2296);
#1490=LINE('',#9660,#2297);
#1491=LINE('',#9662,#2298);
#1492=LINE('',#9664,#2299);
#1493=LINE('',#9666,#2300);
#1494=LINE('',#9668,#2301);
#1495=LINE('',#9670,#2302);
#1496=LINE('',#9672,#2303);
#1497=LINE('',#9674,#2304);
#1498=LINE('',#9676,#2305);
#1499=LINE('',#9678,#2306);
#1500=LINE('',#9680,#2307);
#1501=LINE('',#9682,#2308);
#1502=LINE('',#9684,#2309);
#1503=LINE('',#9686,#2310);
#1504=LINE('',#9688,#2311);
#1505=LINE('',#9690,#2312);
#1506=LINE('',#9692,#2313);
#1507=LINE('',#9694,#2314);
#1508=LINE('',#9696,#2315);
#1509=LINE('',#9698,#2316);
#1510=LINE('',#9700,#2317);
#1511=LINE('',#9702,#2318);
#1512=LINE('',#9704,#2319);
#1513=LINE('',#9706,#2320);
#1514=LINE('',#9708,#2321);
#1515=LINE('',#9710,#2322);
#1516=LINE('',#9712,#2323);
#1517=LINE('',#9714,#2324);
#1518=LINE('',#9716,#2325);
#1519=LINE('',#9718,#2326);
#1520=LINE('',#9720,#2327);
#1521=LINE('',#9722,#2328);
#1522=LINE('',#9724,#2329);
#1523=LINE('',#9726,#2330);
#1524=LINE('',#9728,#2331);
#1525=LINE('',#9730,#2332);
#1526=LINE('',#9732,#2333);
#1527=LINE('',#9734,#2334);
#1528=LINE('',#9736,#2335);
#1529=LINE('',#9738,#2336);
#1530=LINE('',#9740,#2337);
#1531=LINE('',#9742,#2338);
#1532=LINE('',#9744,#2339);
#1533=LINE('',#9746,#2340);
#1534=LINE('',#9748,#2341);
#1535=LINE('',#9751,#2342);
#1536=LINE('',#9752,#2343);
#1537=LINE('',#9754,#2344);
#1538=LINE('',#9756,#2345);
#1539=LINE('',#9758,#2346);
#1540=LINE('',#9760,#2347);
#1541=LINE('',#9762,#2348);
#1542=LINE('',#9764,#2349);
#1543=LINE('',#9766,#2350);
#1544=LINE('',#9768,#2351);
#1545=LINE('',#9770,#2352);
#1546=LINE('',#9772,#2353);
#1547=LINE('',#9774,#2354);
#1548=LINE('',#9776,#2355);
#1549=LINE('',#9778,#2356);
#1550=LINE('',#9780,#2357);
#1551=LINE('',#9782,#2358);
#1552=LINE('',#9784,#2359);
#1553=LINE('',#9786,#2360);
#1554=LINE('',#9788,#2361);
#1555=LINE('',#9790,#2362);
#1556=LINE('',#9792,#2363);
#1557=LINE('',#9794,#2364);
#1558=LINE('',#9796,#2365);
#1559=LINE('',#9798,#2366);
#1560=LINE('',#9800,#2367);
#1561=LINE('',#9802,#2368);
#1562=LINE('',#9804,#2369);
#1563=LINE('',#9806,#2370);
#1564=LINE('',#9808,#2371);
#1565=LINE('',#9810,#2372);
#1566=LINE('',#9812,#2373);
#1567=LINE('',#9814,#2374);
#1568=LINE('',#9816,#2375);
#1569=LINE('',#9818,#2376);
#1570=LINE('',#9820,#2377);
#1571=LINE('',#9822,#2378);
#1572=LINE('',#9824,#2379);
#1573=LINE('',#9826,#2380);
#1574=LINE('',#9828,#2381);
#1575=LINE('',#9830,#2382);
#1576=LINE('',#9832,#2383);
#1577=LINE('',#9834,#2384);
#1578=LINE('',#9836,#2385);
#1579=LINE('',#9838,#2386);
#1580=LINE('',#9840,#2387);
#1581=LINE('',#9842,#2388);
#1582=LINE('',#9844,#2389);
#1583=LINE('',#9847,#2390);
#1584=LINE('',#9850,#2391);
#1585=LINE('',#9851,#2392);
#1586=LINE('',#9854,#2393);
#1587=LINE('',#9855,#2394);
#1588=LINE('',#9857,#2395);
#1589=LINE('',#9859,#2396);
#1590=LINE('',#9861,#2397);
#1591=LINE('',#9862,#2398);
#1592=LINE('',#9865,#2399);
#1593=LINE('',#9866,#2400);
#1594=LINE('',#9870,#2401);
#1595=LINE('',#9871,#2402);
#1596=LINE('',#9874,#2403);
#1597=LINE('',#9875,#2404);
#1598=LINE('',#9877,#2405);
#1599=LINE('',#9880,#2406);
#1600=LINE('',#9881,#2407);
#1601=LINE('',#9883,#2408);
#1602=LINE('',#9886,#2409);
#1603=LINE('',#9887,#2410);
#1604=LINE('',#9889,#2411);
#1605=LINE('',#9892,#2412);
#1606=LINE('',#9893,#2413);
#1607=LINE('',#9895,#2414);
#1608=LINE('',#9898,#2415);
#1609=LINE('',#9899,#2416);
#1610=LINE('',#9901,#2417);
#1611=LINE('',#9904,#2418);
#1612=LINE('',#9905,#2419);
#1613=LINE('',#9907,#2420);
#1614=LINE('',#9910,#2421);
#1615=LINE('',#9911,#2422);
#1616=LINE('',#9913,#2423);
#1617=LINE('',#9916,#2424);
#1618=LINE('',#9917,#2425);
#1619=LINE('',#9919,#2426);
#1620=LINE('',#9922,#2427);
#1621=LINE('',#9923,#2428);
#1622=LINE('',#9925,#2429);
#1623=LINE('',#9928,#2430);
#1624=LINE('',#9929,#2431);
#1625=LINE('',#9931,#2432);
#1626=LINE('',#9934,#2433);
#1627=LINE('',#9935,#2434);
#1628=LINE('',#9937,#2435);
#1629=LINE('',#9940,#2436);
#1630=LINE('',#9941,#2437);
#1631=LINE('',#9943,#2438);
#1632=LINE('',#9946,#2439);
#1633=LINE('',#9947,#2440);
#1634=LINE('',#9949,#2441);
#1635=LINE('',#9952,#2442);
#1636=LINE('',#9953,#2443);
#1637=LINE('',#9955,#2444);
#1638=LINE('',#9958,#2445);
#1639=LINE('',#9959,#2446);
#1640=LINE('',#9961,#2447);
#1641=LINE('',#9964,#2448);
#1642=LINE('',#9965,#2449);
#1643=LINE('',#9967,#2450);
#1644=LINE('',#9970,#2451);
#1645=LINE('',#9971,#2452);
#1646=LINE('',#9973,#2453);
#1647=LINE('',#9976,#2454);
#1648=LINE('',#9977,#2455);
#1649=LINE('',#9979,#2456);
#1650=LINE('',#9982,#2457);
#1651=LINE('',#9983,#2458);
#1652=LINE('',#9985,#2459);
#1653=LINE('',#9988,#2460);
#1654=LINE('',#9989,#2461);
#1655=LINE('',#9991,#2462);
#1656=LINE('',#9994,#2463);
#1657=LINE('',#9995,#2464);
#1658=LINE('',#9997,#2465);
#1659=LINE('',#10000,#2466);
#1660=LINE('',#10001,#2467);
#1661=LINE('',#10003,#2468);
#1662=LINE('',#10006,#2469);
#1663=LINE('',#10007,#2470);
#1664=LINE('',#10009,#2471);
#1665=LINE('',#10011,#2472);
#1666=LINE('',#10014,#2473);
#1667=LINE('',#10015,#2474);
#1668=LINE('',#10018,#2475);
#1669=LINE('',#10019,#2476);
#1670=LINE('',#10021,#2477);
#1671=LINE('',#10024,#2478);
#1672=LINE('',#10025,#2479);
#1673=LINE('',#10027,#2480);
#1674=LINE('',#10030,#2481);
#1675=LINE('',#10031,#2482);
#1676=LINE('',#10033,#2483);
#1677=LINE('',#10036,#2484);
#1678=LINE('',#10037,#2485);
#1679=LINE('',#10039,#2486);
#1680=LINE('',#10042,#2487);
#1681=LINE('',#10043,#2488);
#1682=LINE('',#10045,#2489);
#1683=LINE('',#10048,#2490);
#1684=LINE('',#10049,#2491);
#1685=LINE('',#10051,#2492);
#1686=LINE('',#10054,#2493);
#1687=LINE('',#10055,#2494);
#1688=LINE('',#10057,#2495);
#1689=LINE('',#10060,#2496);
#1690=LINE('',#10061,#2497);
#1691=LINE('',#10063,#2498);
#1692=LINE('',#10066,#2499);
#1693=LINE('',#10067,#2500);
#1694=LINE('',#10069,#2501);
#1695=LINE('',#10072,#2502);
#1696=LINE('',#10073,#2503);
#1697=LINE('',#10075,#2504);
#1698=LINE('',#10078,#2505);
#1699=LINE('',#10079,#2506);
#1700=LINE('',#10081,#2507);
#1701=LINE('',#10084,#2508);
#1702=LINE('',#10085,#2509);
#1703=LINE('',#10087,#2510);
#1704=LINE('',#10090,#2511);
#1705=LINE('',#10091,#2512);
#1706=LINE('',#10093,#2513);
#1707=LINE('',#10096,#2514);
#1708=LINE('',#10097,#2515);
#1709=LINE('',#10099,#2516);
#1710=LINE('',#10102,#2517);
#1711=LINE('',#10103,#2518);
#1712=LINE('',#10105,#2519);
#1713=LINE('',#10108,#2520);
#1714=LINE('',#10109,#2521);
#1715=LINE('',#10111,#2522);
#1716=LINE('',#10114,#2523);
#1717=LINE('',#10115,#2524);
#1718=LINE('',#10117,#2525);
#1719=LINE('',#10120,#2526);
#1720=LINE('',#10121,#2527);
#1721=LINE('',#10123,#2528);
#1722=LINE('',#10126,#2529);
#1723=LINE('',#10127,#2530);
#1724=LINE('',#10129,#2531);
#1725=LINE('',#10132,#2532);
#1726=LINE('',#10133,#2533);
#1727=LINE('',#10135,#2534);
#1728=LINE('',#10138,#2535);
#1729=LINE('',#10139,#2536);
#1730=LINE('',#10141,#2537);
#1731=LINE('',#10144,#2538);
#1732=LINE('',#10145,#2539);
#1733=LINE('',#10147,#2540);
#1734=LINE('',#10150,#2541);
#1735=LINE('',#10151,#2542);
#1736=LINE('',#10153,#2543);
#1737=LINE('',#10155,#2544);
#1738=LINE('',#10158,#2545);
#1739=LINE('',#10160,#2546);
#1740=LINE('',#10161,#2547);
#1741=LINE('',#10163,#2548);
#1742=LINE('',#10165,#2549);
#1743=LINE('',#10167,#2550);
#1744=LINE('',#10168,#2551);
#1745=LINE('',#10173,#2552);
#1746=LINE('',#10175,#2553);
#1747=LINE('',#10176,#2554);
#1748=LINE('',#10179,#2555);
#1749=LINE('',#10180,#2556);
#1750=LINE('',#10183,#2557);
#1751=LINE('',#10184,#2558);
#1752=LINE('',#10186,#2559);
#1753=LINE('',#10187,#2560);
#1754=LINE('',#10189,#2561);
#1755=LINE('',#10191,#2562);
#1756=LINE('',#10192,#2563);
#1757=LINE('',#10194,#2564);
#1758=LINE('',#10196,#2565);
#1759=LINE('',#10197,#2566);
#1760=LINE('',#10200,#2567);
#1761=LINE('',#10201,#2568);
#1762=LINE('',#10203,#2569);
#1763=LINE('',#10205,#2570);
#1764=LINE('',#10206,#2571);
#1765=LINE('',#10209,#2572);
#1766=LINE('',#10210,#2573);
#1767=LINE('',#10211,#2574);
#1768=LINE('',#10213,#2575);
#1769=LINE('',#10215,#2576);
#1770=LINE('',#10216,#2577);
#1771=LINE('',#10219,#2578);
#1772=LINE('',#10220,#2579);
#1773=LINE('',#10222,#2580);
#1774=LINE('',#10224,#2581);
#1775=LINE('',#10226,#2582);
#1776=LINE('',#10228,#2583);
#1777=LINE('',#10230,#2584);
#1778=LINE('',#10232,#2585);
#1779=LINE('',#10234,#2586);
#1780=LINE('',#10236,#2587);
#1781=LINE('',#10238,#2588);
#1782=LINE('',#10240,#2589);
#1783=LINE('',#10242,#2590);
#1784=LINE('',#10244,#2591);
#1785=LINE('',#10246,#2592);
#1786=LINE('',#10248,#2593);
#1787=LINE('',#10250,#2594);
#1788=LINE('',#10252,#2595);
#1789=LINE('',#10254,#2596);
#1790=LINE('',#10256,#2597);
#1791=LINE('',#10258,#2598);
#1792=LINE('',#10260,#2599);
#1793=LINE('',#10262,#2600);
#1794=LINE('',#10264,#2601);
#1795=LINE('',#10266,#2602);
#1796=LINE('',#10268,#2603);
#1797=LINE('',#10270,#2604);
#1798=LINE('',#10272,#2605);
#1799=LINE('',#10274,#2606);
#1800=LINE('',#10276,#2607);
#1801=LINE('',#10278,#2608);
#1802=LINE('',#10280,#2609);
#1803=LINE('',#10282,#2610);
#1804=LINE('',#10284,#2611);
#1805=LINE('',#10286,#2612);
#1806=LINE('',#10288,#2613);
#1807=LINE('',#10290,#2614);
#1808=LINE('',#10292,#2615);
#1809=LINE('',#10294,#2616);
#1810=LINE('',#10296,#2617);
#1811=LINE('',#10298,#2618);
#1812=LINE('',#10300,#2619);
#1813=LINE('',#10302,#2620);
#1814=LINE('',#10304,#2621);
#1815=LINE('',#10306,#2622);
#1816=LINE('',#10308,#2623);
#1817=LINE('',#10310,#2624);
#1818=LINE('',#10312,#2625);
#1819=LINE('',#10314,#2626);
#1820=LINE('',#10316,#2627);
#1821=LINE('',#10318,#2628);
#1822=LINE('',#10320,#2629);
#1823=LINE('',#10322,#2630);
#1824=LINE('',#10324,#2631);
#1825=LINE('',#10326,#2632);
#1826=LINE('',#10329,#2633);
#1827=LINE('',#10331,#2634);
#1828=LINE('',#10333,#2635);
#1829=LINE('',#10334,#2636);
#1830=LINE('',#10337,#2637);
#1831=LINE('',#10340,#2638);
#1832=LINE('',#10343,#2639);
#1833=LINE('',#10346,#2640);
#1834=LINE('',#10347,#2641);
#1835=LINE('',#10349,#2642);
#1836=LINE('',#10351,#2643);
#1837=LINE('',#10353,#2644);
#1838=LINE('',#10358,#2645);
#1839=LINE('',#10360,#2646);
#1840=LINE('',#10361,#2647);
#1841=LINE('',#10364,#2648);
#1842=LINE('',#10365,#2649);
#1843=LINE('',#10367,#2650);
#1844=LINE('',#10368,#2651);
#1845=LINE('',#10370,#2652);
#1846=LINE('',#10372,#2653);
#1847=LINE('',#10373,#2654);
#1848=LINE('',#10376,#2655);
#1849=LINE('',#10377,#2656);
#1850=LINE('',#10380,#2657);
#1851=LINE('',#10385,#2658);
#1852=LINE('',#10387,#2659);
#1853=LINE('',#10388,#2660);
#1854=LINE('',#10391,#2661);
#1855=LINE('',#10392,#2662);
#1856=LINE('',#10394,#2663);
#1857=LINE('',#10395,#2664);
#1858=LINE('',#10397,#2665);
#1859=LINE('',#10399,#2666);
#1860=LINE('',#10400,#2667);
#1861=LINE('',#10403,#2668);
#1862=LINE('',#10404,#2669);
#1863=LINE('',#10407,#2670);
#1864=VECTOR('',#6953,10.);
#1865=VECTOR('',#6954,1.);
#1866=VECTOR('',#6955,1.);
#1867=VECTOR('',#6956,1.);
#1868=VECTOR('',#6959,10.);
#1869=VECTOR('',#6960,1.);
#1870=VECTOR('',#6961,1.);
#1871=VECTOR('',#6964,10.);
#1872=VECTOR('',#6965,1.);
#1873=VECTOR('',#6966,1.);
#1874=VECTOR('',#6967,1.);
#1875=VECTOR('',#6970,10.);
#1876=VECTOR('',#6971,1.);
#1877=VECTOR('',#6974,10.);
#1878=VECTOR('',#6975,1.);
#1879=VECTOR('',#6976,1.);
#1880=VECTOR('',#6979,10.);
#1881=VECTOR('',#6980,1.);
#1882=VECTOR('',#6981,1.);
#1883=VECTOR('',#6984,10.);
#1884=VECTOR('',#6985,1.);
#1885=VECTOR('',#6986,1.);
#1886=VECTOR('',#6989,10.);
#1887=VECTOR('',#6990,1.);
#1888=VECTOR('',#6993,10.);
#1889=VECTOR('',#6994,10.);
#1890=VECTOR('',#6995,10.);
#1891=VECTOR('',#6996,10.);
#1892=VECTOR('',#6997,10.);
#1893=VECTOR('',#6998,10.);
#1894=VECTOR('',#6999,10.);
#1895=VECTOR('',#7000,10.);
#1896=VECTOR('',#7001,10.);
#1897=VECTOR('',#7002,10.);
#1898=VECTOR('',#7005,1.);
#1899=VECTOR('',#7008,1.);
#1900=VECTOR('',#7009,1.);
#1901=VECTOR('',#7012,10.);
#1902=VECTOR('',#7013,1.);
#1903=VECTOR('',#7014,1.);
#1904=VECTOR('',#7017,10.);
#1905=VECTOR('',#7018,1.);
#1906=VECTOR('',#7019,1.);
#1907=VECTOR('',#7020,1.);
#1908=VECTOR('',#7023,10.);
#1909=VECTOR('',#7024,1.);
#1910=VECTOR('',#7027,10.);
#1911=VECTOR('',#7028,1.);
#1912=VECTOR('',#7029,1.);
#1913=VECTOR('',#7030,1.);
#1914=VECTOR('',#7031,1.);
#1915=VECTOR('',#7032,10.);
#1916=VECTOR('',#7033,10.);
#1917=VECTOR('',#7036,10.);
#1918=VECTOR('',#7037,1.);
#1919=VECTOR('',#7040,10.);
#1920=VECTOR('',#7041,1.);
#1921=VECTOR('',#7042,1.);
#1922=VECTOR('',#7045,10.);
#1923=VECTOR('',#7046,1.);
#1924=VECTOR('',#7047,1.);
#1925=VECTOR('',#7050,10.);
#1926=VECTOR('',#7053,10.);
#1927=VECTOR('',#7054,10.);
#1928=VECTOR('',#7055,10.);
#1929=VECTOR('',#7056,10.);
#1930=VECTOR('',#7057,10.);
#1931=VECTOR('',#7060,10.);
#1932=VECTOR('',#7061,10.);
#1933=VECTOR('',#7064,10.);
#1934=VECTOR('',#7067,1.);
#1935=VECTOR('',#7068,1.);
#1936=VECTOR('',#7069,1.);
#1937=VECTOR('',#7072,1.);
#1938=VECTOR('',#7073,1.);
#1939=VECTOR('',#7078,1.);
#1940=VECTOR('',#7081,1.);
#1941=VECTOR('',#7084,1.);
#1942=VECTOR('',#7085,1.);
#1943=VECTOR('',#7086,1.);
#1944=VECTOR('',#7089,1.);
#1945=VECTOR('',#7090,1.);
#1946=VECTOR('',#7093,1.);
#1947=VECTOR('',#7094,1.);
#1948=VECTOR('',#7097,1.);
#1949=VECTOR('',#7098,1.);
#1950=VECTOR('',#7101,1.);
#1951=VECTOR('',#7102,1.);
#1952=VECTOR('',#7105,1.);
#1953=VECTOR('',#7106,1.);
#1954=VECTOR('',#7109,1.);
#1955=VECTOR('',#7110,1.);
#1956=VECTOR('',#7111,1.);
#1957=VECTOR('',#7114,1.);
#1958=VECTOR('',#7115,1.);
#1959=VECTOR('',#7118,1.);
#1960=VECTOR('',#7119,1.);
#1961=VECTOR('',#7122,1.);
#1962=VECTOR('',#7123,1.);
#1963=VECTOR('',#7126,1.);
#1964=VECTOR('',#7127,1.);
#1965=VECTOR('',#7130,1.);
#1966=VECTOR('',#7131,1.);
#1967=VECTOR('',#7134,1.);
#1968=VECTOR('',#7137,1.);
#1969=VECTOR('',#7138,1.);
#1970=VECTOR('',#7139,1.);
#1971=VECTOR('',#7142,1.);
#1972=VECTOR('',#7143,1.);
#1973=VECTOR('',#7146,1.);
#1974=VECTOR('',#7147,1.);
#1975=VECTOR('',#7150,1.);
#1976=VECTOR('',#7151,1.);
#1977=VECTOR('',#7154,1.);
#1978=VECTOR('',#7155,1.);
#1979=VECTOR('',#7158,1.);
#1980=VECTOR('',#7159,1.);
#1981=VECTOR('',#7162,1.);
#1982=VECTOR('',#7163,1.);
#1983=VECTOR('',#7166,1.);
#1984=VECTOR('',#7167,1.);
#1985=VECTOR('',#7170,1.);
#1986=VECTOR('',#7171,1.);
#1987=VECTOR('',#7174,1.);
#1988=VECTOR('',#7175,1.);
#1989=VECTOR('',#7178,1.);
#1990=VECTOR('',#7179,1.);
#1991=VECTOR('',#7182,1.);
#1992=VECTOR('',#7183,1.);
#1993=VECTOR('',#7186,1.);
#1994=VECTOR('',#7187,1.);
#1995=VECTOR('',#7190,1.);
#1996=VECTOR('',#7191,1.);
#1997=VECTOR('',#7194,1.);
#1998=VECTOR('',#7195,1.);
#1999=VECTOR('',#7198,1.);
#2000=VECTOR('',#7201,1.);
#2001=VECTOR('',#7204,1.);
#2002=VECTOR('',#7207,1.);
#2003=VECTOR('',#7208,1.);
#2004=VECTOR('',#7211,1.);
#2005=VECTOR('',#7212,1.);
#2006=VECTOR('',#7215,1.);
#2007=VECTOR('',#7216,1.);
#2008=VECTOR('',#7219,1.);
#2009=VECTOR('',#7220,1.);
#2010=VECTOR('',#7223,1.);
#2011=VECTOR('',#7224,1.);
#2012=VECTOR('',#7227,1.);
#2013=VECTOR('',#7228,1.);
#2014=VECTOR('',#7231,1.);
#2015=VECTOR('',#7232,1.);
#2016=VECTOR('',#7235,1.);
#2017=VECTOR('',#7236,1.);
#2018=VECTOR('',#7239,1.);
#2019=VECTOR('',#7240,1.);
#2020=VECTOR('',#7243,1.);
#2021=VECTOR('',#7244,1.);
#2022=VECTOR('',#7247,1.);
#2023=VECTOR('',#7248,1.);
#2024=VECTOR('',#7251,1.);
#2025=VECTOR('',#7254,1.);
#2026=VECTOR('',#7255,1.);
#2027=VECTOR('',#7258,1.);
#2028=VECTOR('',#7259,1.);
#2029=VECTOR('',#7262,1.);
#2030=VECTOR('',#7263,1.);
#2031=VECTOR('',#7266,1.);
#2032=VECTOR('',#7267,1.);
#2033=VECTOR('',#7270,1.);
#2034=VECTOR('',#7271,1.);
#2035=VECTOR('',#7274,1.);
#2036=VECTOR('',#7275,1.);
#2037=VECTOR('',#7278,1.);
#2038=VECTOR('',#7279,1.);
#2039=VECTOR('',#7282,1.);
#2040=VECTOR('',#7283,1.);
#2041=VECTOR('',#7286,1.);
#2042=VECTOR('',#7287,1.);
#2043=VECTOR('',#7290,1.);
#2044=VECTOR('',#7291,1.);
#2045=VECTOR('',#7294,1.);
#2046=VECTOR('',#7295,1.);
#2047=VECTOR('',#7298,1.);
#2048=VECTOR('',#7301,1.);
#2049=VECTOR('',#7302,1.);
#2050=VECTOR('',#7305,1.);
#2051=VECTOR('',#7306,1.);
#2052=VECTOR('',#7307,1.);
#2053=VECTOR('',#7310,1.);
#2054=VECTOR('',#7311,1.);
#2055=VECTOR('',#7314,1.);
#2056=VECTOR('',#7315,1.);
#2057=VECTOR('',#7318,1.);
#2058=VECTOR('',#7319,1.);
#2059=VECTOR('',#7322,1.);
#2060=VECTOR('',#7323,1.);
#2061=VECTOR('',#7326,1.);
#2062=VECTOR('',#7327,1.);
#2063=VECTOR('',#7330,1.);
#2064=VECTOR('',#7331,1.);
#2065=VECTOR('',#7334,1.);
#2066=VECTOR('',#7335,1.);
#2067=VECTOR('',#7338,1.);
#2068=VECTOR('',#7339,1.);
#2069=VECTOR('',#7342,1.);
#2070=VECTOR('',#7343,1.);
#2071=VECTOR('',#7346,1.);
#2072=VECTOR('',#7347,1.);
#2073=VECTOR('',#7350,1.);
#2074=VECTOR('',#7351,1.);
#2075=VECTOR('',#7352,1.);
#2076=VECTOR('',#7355,1.);
#2077=VECTOR('',#7358,1.);
#2078=VECTOR('',#7359,1.);
#2079=VECTOR('',#7360,1.);
#2080=VECTOR('',#7363,1.);
#2081=VECTOR('',#7366,1.);
#2082=VECTOR('',#7367,1.);
#2083=VECTOR('',#7370,1.);
#2084=VECTOR('',#7371,1.);
#2085=VECTOR('',#7374,1.);
#2086=VECTOR('',#7375,1.);
#2087=VECTOR('',#7378,1.);
#2088=VECTOR('',#7379,1.);
#2089=VECTOR('',#7382,1.);
#2090=VECTOR('',#7383,0.999999999999999);
#2091=VECTOR('',#7386,1.);
#2092=VECTOR('',#7387,1.);
#2093=VECTOR('',#7390,1.);
#2094=VECTOR('',#7391,1.);
#2095=VECTOR('',#7394,1.);
#2096=VECTOR('',#7395,1.);
#2097=VECTOR('',#7398,1.);
#2098=VECTOR('',#7399,1.);
#2099=VECTOR('',#7402,1.);
#2100=VECTOR('',#7403,1.);
#2101=VECTOR('',#7406,1.);
#2102=VECTOR('',#7407,1.);
#2103=VECTOR('',#7410,1.);
#2104=VECTOR('',#7411,1.);
#2105=VECTOR('',#7414,1.);
#2106=VECTOR('',#7415,1.);
#2107=VECTOR('',#7418,1.);
#2108=VECTOR('',#7419,1.);
#2109=VECTOR('',#7422,1.);
#2110=VECTOR('',#7423,0.999999999999999);
#2111=VECTOR('',#7426,1.);
#2112=VECTOR('',#7427,1.);
#2113=VECTOR('',#7430,1.);
#2114=VECTOR('',#7431,1.);
#2115=VECTOR('',#7434,1.);
#2116=VECTOR('',#7435,1.);
#2117=VECTOR('',#7438,1.);
#2118=VECTOR('',#7439,1.);
#2119=VECTOR('',#7442,1.);
#2120=VECTOR('',#7443,1.);
#2121=VECTOR('',#7446,1.);
#2122=VECTOR('',#7447,1.);
#2123=VECTOR('',#7450,1.);
#2124=VECTOR('',#7451,1.);
#2125=VECTOR('',#7454,1.);
#2126=VECTOR('',#7457,1.);
#2127=VECTOR('',#7460,1.);
#2128=VECTOR('',#7463,1.);
#2129=VECTOR('',#7464,1.);
#2130=VECTOR('',#7467,1.);
#2131=VECTOR('',#7468,1.);
#2132=VECTOR('',#7471,1.);
#2133=VECTOR('',#7472,1.);
#2134=VECTOR('',#7475,1.);
#2135=VECTOR('',#7476,1.);
#2136=VECTOR('',#7479,0.999999999999999);
#2137=VECTOR('',#7480,1.);
#2138=VECTOR('',#7483,1.);
#2139=VECTOR('',#7484,1.);
#2140=VECTOR('',#7487,1.);
#2141=VECTOR('',#7488,1.);
#2142=VECTOR('',#7491,1.);
#2143=VECTOR('',#7492,1.);
#2144=VECTOR('',#7495,1.);
#2145=VECTOR('',#7496,1.);
#2146=VECTOR('',#7499,1.);
#2147=VECTOR('',#7500,1.);
#2148=VECTOR('',#7503,1.);
#2149=VECTOR('',#7504,0.999999999999999);
#2150=VECTOR('',#7507,1.);
#2151=VECTOR('',#7508,1.);
#2152=VECTOR('',#7511,1.);
#2153=VECTOR('',#7512,1.);
#2154=VECTOR('',#7515,1.);
#2155=VECTOR('',#7516,1.);
#2156=VECTOR('',#7519,1.);
#2157=VECTOR('',#7522,1.);
#2158=VECTOR('',#7523,1.);
#2159=VECTOR('',#7524,1.);
#2160=VECTOR('',#7527,1.);
#2161=VECTOR('',#7528,1.);
#2162=VECTOR('',#7531,1.);
#2163=VECTOR('',#7532,1.);
#2164=VECTOR('',#7535,1.);
#2165=VECTOR('',#7536,1.);
#2166=VECTOR('',#7539,1.);
#2167=VECTOR('',#7540,1.);
#2168=VECTOR('',#7543,1.);
#2169=VECTOR('',#7544,1.);
#2170=VECTOR('',#7547,1.);
#2171=VECTOR('',#7548,1.);
#2172=VECTOR('',#7551,1.);
#2173=VECTOR('',#7552,1.);
#2174=VECTOR('',#7555,1.);
#2175=VECTOR('',#7556,1.);
#2176=VECTOR('',#7559,1.);
#2177=VECTOR('',#7560,1.);
#2178=VECTOR('',#7563,1.);
#2179=VECTOR('',#7564,1.);
#2180=VECTOR('',#7567,1.);
#2181=VECTOR('',#7568,1.);
#2182=VECTOR('',#7571,1.);
#2183=VECTOR('',#7572,1.);
#2184=VECTOR('',#7575,1.);
#2185=VECTOR('',#7576,1.);
#2186=VECTOR('',#7579,1.);
#2187=VECTOR('',#7580,1.);
#2188=VECTOR('',#7581,1.);
#2189=VECTOR('',#7584,1.);
#2190=VECTOR('',#7587,1.);
#2191=VECTOR('',#7588,1.);
#2192=VECTOR('',#7589,1.);
#2193=VECTOR('',#7592,1.);
#2194=VECTOR('',#7593,1.);
#2195=VECTOR('',#7596,1.);
#2196=VECTOR('',#7597,1.);
#2197=VECTOR('',#7600,1.);
#2198=VECTOR('',#7601,0.999999999999999);
#2199=VECTOR('',#7604,1.);
#2200=VECTOR('',#7605,1.);
#2201=VECTOR('',#7608,1.);
#2202=VECTOR('',#7609,1.);
#2203=VECTOR('',#7612,1.);
#2204=VECTOR('',#7613,1.);
#2205=VECTOR('',#7616,1.);
#2206=VECTOR('',#7617,1.);
#2207=VECTOR('',#7620,1.);
#2208=VECTOR('',#7621,1.);
#2209=VECTOR('',#7624,1.);
#2210=VECTOR('',#7625,1.);
#2211=VECTOR('',#7628,1.);
#2212=VECTOR('',#7629,1.);
#2213=VECTOR('',#7632,1.);
#2214=VECTOR('',#7633,1.);
#2215=VECTOR('',#7636,1.);
#2216=VECTOR('',#7637,1.);
#2217=VECTOR('',#7640,1.);
#2218=VECTOR('',#7641,0.999999999999999);
#2219=VECTOR('',#7644,1.);
#2220=VECTOR('',#7645,1.);
#2221=VECTOR('',#7648,1.);
#2222=VECTOR('',#7649,1.);
#2223=VECTOR('',#7652,1.);
#2224=VECTOR('',#7653,1.);
#2225=VECTOR('',#7656,1.);
#2226=VECTOR('',#7657,1.);
#2227=VECTOR('',#7660,1.);
#2228=VECTOR('',#7661,1.);
#2229=VECTOR('',#7664,1.);
#2230=VECTOR('',#7667,1.);
#2231=VECTOR('',#7668,1.);
#2232=VECTOR('',#7671,1.);
#2233=VECTOR('',#7672,1.);
#2234=VECTOR('',#7675,1.);
#2235=VECTOR('',#7676,1.);
#2236=VECTOR('',#7679,1.);
#2237=VECTOR('',#7680,1.);
#2238=VECTOR('',#7683,0.999999999999999);
#2239=VECTOR('',#7684,1.);
#2240=VECTOR('',#7687,1.);
#2241=VECTOR('',#7688,1.);
#2242=VECTOR('',#7691,1.);
#2243=VECTOR('',#7692,1.);
#2244=VECTOR('',#7695,1.);
#2245=VECTOR('',#7696,1.);
#2246=VECTOR('',#7699,1.);
#2247=VECTOR('',#7700,1.);
#2248=VECTOR('',#7703,1.);
#2249=VECTOR('',#7704,1.);
#2250=VECTOR('',#7707,0.999999999999999);
#2251=VECTOR('',#7708,1.);
#2252=VECTOR('',#7711,1.);
#2253=VECTOR('',#7712,1.);
#2254=VECTOR('',#7715,1.);
#2255=VECTOR('',#7716,1.);
#2256=VECTOR('',#7719,1.);
#2257=VECTOR('',#7720,1.);
#2258=VECTOR('',#7723,1.);
#2259=VECTOR('',#7724,1.);
#2260=VECTOR('',#7727,1.);
#2261=VECTOR('',#7728,1.);
#2262=VECTOR('',#7731,1.);
#2263=VECTOR('',#7732,1.);
#2264=VECTOR('',#7735,1.);
#2265=VECTOR('',#7736,1.);
#2266=VECTOR('',#7739,1.);
#2267=VECTOR('',#7742,1.);
#2268=VECTOR('',#7743,1.);
#2269=VECTOR('',#7746,1.);
#2270=VECTOR('',#7747,1.);
#2271=VECTOR('',#7750,1.);
#2272=VECTOR('',#7753,1.);
#2273=VECTOR('',#7754,1.);
#2274=VECTOR('',#7757,1.);
#2275=VECTOR('',#7758,1.);
#2276=VECTOR('',#7761,1.);
#2277=VECTOR('',#7762,1.);
#2278=VECTOR('',#7765,1.);
#2279=VECTOR('',#7768,1.);
#2280=VECTOR('',#7771,1.);
#2281=VECTOR('',#7772,1.);
#2282=VECTOR('',#7775,1.);
#2283=VECTOR('',#7778,1.);
#2284=VECTOR('',#7779,1.);
#2285=VECTOR('',#7782,1.);
#2286=VECTOR('',#7785,1.);
#2287=VECTOR('',#7788,1.);
#2288=VECTOR('',#7791,1.);
#2289=VECTOR('',#7794,1.);
#2290=VECTOR('',#7795,1.);
#2291=VECTOR('',#7798,1.);
#2292=VECTOR('',#7801,1.);
#2293=VECTOR('',#7806,1.);
#2294=VECTOR('',#7811,1.);
#2295=VECTOR('',#7812,1.);
#2296=VECTOR('',#7815,1.);
#2297=VECTOR('',#7818,1.);
#2298=VECTOR('',#7821,1.);
#2299=VECTOR('',#7824,1.);
#2300=VECTOR('',#7827,1.);
#2301=VECTOR('',#7830,1.);
#2302=VECTOR('',#7833,1.);
#2303=VECTOR('',#7836,1.);
#2304=VECTOR('',#7839,1.);
#2305=VECTOR('',#7842,1.);
#2306=VECTOR('',#7845,1.);
#2307=VECTOR('',#7848,1.);
#2308=VECTOR('',#7851,1.);
#2309=VECTOR('',#7854,1.);
#2310=VECTOR('',#7857,1.);
#2311=VECTOR('',#7860,1.);
#2312=VECTOR('',#7863,1.);
#2313=VECTOR('',#7866,1.);
#2314=VECTOR('',#7869,1.);
#2315=VECTOR('',#7872,1.);
#2316=VECTOR('',#7875,1.);
#2317=VECTOR('',#7878,1.);
#2318=VECTOR('',#7881,1.);
#2319=VECTOR('',#7884,1.);
#2320=VECTOR('',#7887,1.);
#2321=VECTOR('',#7890,1.);
#2322=VECTOR('',#7893,1.);
#2323=VECTOR('',#7896,1.);
#2324=VECTOR('',#7899,1.);
#2325=VECTOR('',#7902,1.);
#2326=VECTOR('',#7905,1.);
#2327=VECTOR('',#7908,1.);
#2328=VECTOR('',#7911,1.);
#2329=VECTOR('',#7914,1.);
#2330=VECTOR('',#7917,1.);
#2331=VECTOR('',#7920,1.);
#2332=VECTOR('',#7923,1.);
#2333=VECTOR('',#7926,1.);
#2334=VECTOR('',#7929,1.);
#2335=VECTOR('',#7932,1.);
#2336=VECTOR('',#7935,1.);
#2337=VECTOR('',#7938,1.);
#2338=VECTOR('',#7941,1.);
#2339=VECTOR('',#7944,1.);
#2340=VECTOR('',#7947,1.);
#2341=VECTOR('',#7950,1.);
#2342=VECTOR('',#7955,1.);
#2343=VECTOR('',#7956,1.);
#2344=VECTOR('',#7959,1.);
#2345=VECTOR('',#7962,1.);
#2346=VECTOR('',#7965,1.);
#2347=VECTOR('',#7968,1.);
#2348=VECTOR('',#7971,1.);
#2349=VECTOR('',#7974,1.);
#2350=VECTOR('',#7977,1.);
#2351=VECTOR('',#7980,1.);
#2352=VECTOR('',#7983,1.);
#2353=VECTOR('',#7986,1.);
#2354=VECTOR('',#7989,1.);
#2355=VECTOR('',#7992,1.);
#2356=VECTOR('',#7995,1.);
#2357=VECTOR('',#7998,1.);
#2358=VECTOR('',#8001,1.);
#2359=VECTOR('',#8004,1.);
#2360=VECTOR('',#8007,1.);
#2361=VECTOR('',#8010,1.);
#2362=VECTOR('',#8013,1.);
#2363=VECTOR('',#8016,1.);
#2364=VECTOR('',#8019,1.);
#2365=VECTOR('',#8022,1.);
#2366=VECTOR('',#8025,1.);
#2367=VECTOR('',#8028,1.);
#2368=VECTOR('',#8031,1.);
#2369=VECTOR('',#8034,1.);
#2370=VECTOR('',#8037,1.);
#2371=VECTOR('',#8040,1.);
#2372=VECTOR('',#8043,1.);
#2373=VECTOR('',#8046,1.);
#2374=VECTOR('',#8049,1.);
#2375=VECTOR('',#8052,1.);
#2376=VECTOR('',#8055,1.);
#2377=VECTOR('',#8058,1.);
#2378=VECTOR('',#8061,1.);
#2379=VECTOR('',#8064,1.);
#2380=VECTOR('',#8067,1.);
#2381=VECTOR('',#8070,1.);
#2382=VECTOR('',#8073,1.);
#2383=VECTOR('',#8076,1.);
#2384=VECTOR('',#8079,1.);
#2385=VECTOR('',#8082,1.);
#2386=VECTOR('',#8085,1.);
#2387=VECTOR('',#8088,1.);
#2388=VECTOR('',#8091,1.);
#2389=VECTOR('',#8094,1.);
#2390=VECTOR('',#8099,1.);
#2391=VECTOR('',#8102,1.);
#2392=VECTOR('',#8103,1.);
#2393=VECTOR('',#8106,1.);
#2394=VECTOR('',#8107,1.);
#2395=VECTOR('',#8110,1.);
#2396=VECTOR('',#8113,1.);
#2397=VECTOR('',#8114,1.);
#2398=VECTOR('',#8115,1.);
#2399=VECTOR('',#8120,1.);
#2400=VECTOR('',#8121,1.);
#2401=VECTOR('',#8126,1.);
#2402=VECTOR('',#8127,1.);
#2403=VECTOR('',#8130,1.);
#2404=VECTOR('',#8131,1.);
#2405=VECTOR('',#8134,1.);
#2406=VECTOR('',#8137,1.);
#2407=VECTOR('',#8138,1.);
#2408=VECTOR('',#8141,1.);
#2409=VECTOR('',#8144,1.);
#2410=VECTOR('',#8145,1.);
#2411=VECTOR('',#8148,1.);
#2412=VECTOR('',#8151,1.);
#2413=VECTOR('',#8152,1.);
#2414=VECTOR('',#8155,1.);
#2415=VECTOR('',#8158,1.);
#2416=VECTOR('',#8159,1.);
#2417=VECTOR('',#8162,1.);
#2418=VECTOR('',#8165,1.);
#2419=VECTOR('',#8166,1.);
#2420=VECTOR('',#8169,1.);
#2421=VECTOR('',#8172,1.);
#2422=VECTOR('',#8173,1.);
#2423=VECTOR('',#8176,1.);
#2424=VECTOR('',#8179,1.);
#2425=VECTOR('',#8180,1.);
#2426=VECTOR('',#8183,1.);
#2427=VECTOR('',#8186,1.);
#2428=VECTOR('',#8187,1.);
#2429=VECTOR('',#8190,1.);
#2430=VECTOR('',#8193,1.);
#2431=VECTOR('',#8194,1.);
#2432=VECTOR('',#8197,1.);
#2433=VECTOR('',#8200,1.);
#2434=VECTOR('',#8201,1.);
#2435=VECTOR('',#8204,1.);
#2436=VECTOR('',#8207,1.);
#2437=VECTOR('',#8208,1.);
#2438=VECTOR('',#8211,1.);
#2439=VECTOR('',#8214,1.);
#2440=VECTOR('',#8215,1.);
#2441=VECTOR('',#8218,1.);
#2442=VECTOR('',#8221,1.);
#2443=VECTOR('',#8222,1.);
#2444=VECTOR('',#8225,1.);
#2445=VECTOR('',#8228,1.);
#2446=VECTOR('',#8229,1.);
#2447=VECTOR('',#8232,1.);
#2448=VECTOR('',#8235,1.);
#2449=VECTOR('',#8236,1.);
#2450=VECTOR('',#8239,1.);
#2451=VECTOR('',#8242,1.);
#2452=VECTOR('',#8243,1.);
#2453=VECTOR('',#8246,1.);
#2454=VECTOR('',#8249,1.);
#2455=VECTOR('',#8250,1.);
#2456=VECTOR('',#8253,1.);
#2457=VECTOR('',#8256,1.);
#2458=VECTOR('',#8257,1.);
#2459=VECTOR('',#8260,1.);
#2460=VECTOR('',#8263,1.);
#2461=VECTOR('',#8264,1.);
#2462=VECTOR('',#8267,1.);
#2463=VECTOR('',#8270,1.);
#2464=VECTOR('',#8271,1.);
#2465=VECTOR('',#8274,1.);
#2466=VECTOR('',#8277,1.);
#2467=VECTOR('',#8278,1.);
#2468=VECTOR('',#8281,1.);
#2469=VECTOR('',#8284,1.);
#2470=VECTOR('',#8285,1.);
#2471=VECTOR('',#8288,1.);
#2472=VECTOR('',#8291,1.);
#2473=VECTOR('',#8294,1.);
#2474=VECTOR('',#8295,1.);
#2475=VECTOR('',#8298,1.);
#2476=VECTOR('',#8299,1.);
#2477=VECTOR('',#8302,1.);
#2478=VECTOR('',#8305,1.);
#2479=VECTOR('',#8306,1.);
#2480=VECTOR('',#8309,1.);
#2481=VECTOR('',#8312,1.);
#2482=VECTOR('',#8313,1.);
#2483=VECTOR('',#8316,1.);
#2484=VECTOR('',#8319,1.);
#2485=VECTOR('',#8320,1.);
#2486=VECTOR('',#8323,1.);
#2487=VECTOR('',#8326,1.);
#2488=VECTOR('',#8327,1.);
#2489=VECTOR('',#8330,1.);
#2490=VECTOR('',#8333,1.);
#2491=VECTOR('',#8334,1.);
#2492=VECTOR('',#8337,1.);
#2493=VECTOR('',#8340,1.);
#2494=VECTOR('',#8341,1.);
#2495=VECTOR('',#8344,1.);
#2496=VECTOR('',#8347,1.);
#2497=VECTOR('',#8348,1.);
#2498=VECTOR('',#8351,1.);
#2499=VECTOR('',#8354,1.);
#2500=VECTOR('',#8355,1.);
#2501=VECTOR('',#8358,1.);
#2502=VECTOR('',#8361,1.);
#2503=VECTOR('',#8362,1.);
#2504=VECTOR('',#8365,1.);
#2505=VECTOR('',#8368,1.);
#2506=VECTOR('',#8369,1.);
#2507=VECTOR('',#8372,1.);
#2508=VECTOR('',#8375,1.);
#2509=VECTOR('',#8376,1.);
#2510=VECTOR('',#8379,1.);
#2511=VECTOR('',#8382,1.);
#2512=VECTOR('',#8383,1.);
#2513=VECTOR('',#8386,1.);
#2514=VECTOR('',#8389,1.);
#2515=VECTOR('',#8390,1.);
#2516=VECTOR('',#8393,1.);
#2517=VECTOR('',#8396,1.);
#2518=VECTOR('',#8397,1.);
#2519=VECTOR('',#8400,1.);
#2520=VECTOR('',#8403,1.);
#2521=VECTOR('',#8404,1.);
#2522=VECTOR('',#8407,1.);
#2523=VECTOR('',#8410,1.);
#2524=VECTOR('',#8411,1.);
#2525=VECTOR('',#8414,1.);
#2526=VECTOR('',#8417,1.);
#2527=VECTOR('',#8418,1.);
#2528=VECTOR('',#8421,1.);
#2529=VECTOR('',#8424,1.);
#2530=VECTOR('',#8425,1.);
#2531=VECTOR('',#8428,1.);
#2532=VECTOR('',#8431,1.);
#2533=VECTOR('',#8432,1.);
#2534=VECTOR('',#8435,1.);
#2535=VECTOR('',#8438,1.);
#2536=VECTOR('',#8439,1.);
#2537=VECTOR('',#8442,1.);
#2538=VECTOR('',#8445,1.);
#2539=VECTOR('',#8446,1.);
#2540=VECTOR('',#8449,1.);
#2541=VECTOR('',#8452,1.);
#2542=VECTOR('',#8453,1.);
#2543=VECTOR('',#8456,1.);
#2544=VECTOR('',#8459,1.);
#2545=VECTOR('',#8462,1.);
#2546=VECTOR('',#8463,1.);
#2547=VECTOR('',#8464,1.);
#2548=VECTOR('',#8467,1.);
#2549=VECTOR('',#8470,1.);
#2550=VECTOR('',#8471,1.);
#2551=VECTOR('',#8472,1.);
#2552=VECTOR('',#8477,1.);
#2553=VECTOR('',#8478,1.);
#2554=VECTOR('',#8479,1.);
#2555=VECTOR('',#8482,1.);
#2556=VECTOR('',#8483,1.);
#2557=VECTOR('',#8486,1.);
#2558=VECTOR('',#8487,1.);
#2559=VECTOR('',#8490,1.);
#2560=VECTOR('',#8491,1.);
#2561=VECTOR('',#8494,1.);
#2562=VECTOR('',#8495,1.);
#2563=VECTOR('',#8496,1.);
#2564=VECTOR('',#8499,1.);
#2565=VECTOR('',#8502,1.);
#2566=VECTOR('',#8503,1.);
#2567=VECTOR('',#8506,1.);
#2568=VECTOR('',#8507,1.);
#2569=VECTOR('',#8510,1.);
#2570=VECTOR('',#8513,1.);
#2571=VECTOR('',#8514,1.);
#2572=VECTOR('',#8517,1.);
#2573=VECTOR('',#8518,1.);
#2574=VECTOR('',#8519,1.);
#2575=VECTOR('',#8522,1.);
#2576=VECTOR('',#8525,1.);
#2577=VECTOR('',#8526,1.);
#2578=VECTOR('',#8531,1.);
#2579=VECTOR('',#8532,1.);
#2580=VECTOR('',#8535,1.);
#2581=VECTOR('',#8538,1.);
#2582=VECTOR('',#8541,1.);
#2583=VECTOR('',#8544,1.);
#2584=VECTOR('',#8547,1.);
#2585=VECTOR('',#8550,1.);
#2586=VECTOR('',#8553,1.);
#2587=VECTOR('',#8556,1.);
#2588=VECTOR('',#8559,1.);
#2589=VECTOR('',#8562,1.);
#2590=VECTOR('',#8565,1.);
#2591=VECTOR('',#8568,1.);
#2592=VECTOR('',#8571,1.);
#2593=VECTOR('',#8574,1.);
#2594=VECTOR('',#8577,1.);
#2595=VECTOR('',#8580,1.);
#2596=VECTOR('',#8583,1.);
#2597=VECTOR('',#8586,1.);
#2598=VECTOR('',#8589,1.);
#2599=VECTOR('',#8592,1.);
#2600=VECTOR('',#8595,1.);
#2601=VECTOR('',#8598,1.);
#2602=VECTOR('',#8601,1.);
#2603=VECTOR('',#8604,1.);
#2604=VECTOR('',#8607,1.);
#2605=VECTOR('',#8610,1.);
#2606=VECTOR('',#8613,1.);
#2607=VECTOR('',#8616,1.);
#2608=VECTOR('',#8619,1.);
#2609=VECTOR('',#8622,1.);
#2610=VECTOR('',#8625,1.);
#2611=VECTOR('',#8628,1.);
#2612=VECTOR('',#8631,1.);
#2613=VECTOR('',#8634,1.);
#2614=VECTOR('',#8637,1.);
#2615=VECTOR('',#8640,1.);
#2616=VECTOR('',#8643,1.);
#2617=VECTOR('',#8646,1.);
#2618=VECTOR('',#8649,1.);
#2619=VECTOR('',#8652,1.);
#2620=VECTOR('',#8655,1.);
#2621=VECTOR('',#8658,1.);
#2622=VECTOR('',#8661,1.);
#2623=VECTOR('',#8664,1.);
#2624=VECTOR('',#8667,1.);
#2625=VECTOR('',#8670,1.);
#2626=VECTOR('',#8673,1.);
#2627=VECTOR('',#8676,1.);
#2628=VECTOR('',#8679,1.);
#2629=VECTOR('',#8682,1.);
#2630=VECTOR('',#8685,1.);
#2631=VECTOR('',#8688,1.);
#2632=VECTOR('',#8691,1.);
#2633=VECTOR('',#8696,1.);
#2634=VECTOR('',#8699,1.);
#2635=VECTOR('',#8702,1.);
#2636=VECTOR('',#8703,1.);
#2637=VECTOR('',#8708,1.);
#2638=VECTOR('',#8713,1.);
#2639=VECTOR('',#8718,1.);
#2640=VECTOR('',#8721,1.);
#2641=VECTOR('',#8722,1.);
#2642=VECTOR('',#8725,1.);
#2643=VECTOR('',#8728,1.);
#2644=VECTOR('',#8731,1.);
#2645=VECTOR('',#8736,1.);
#2646=VECTOR('',#8737,1.);
#2647=VECTOR('',#8738,1.);
#2648=VECTOR('',#8741,1.);
#2649=VECTOR('',#8742,1.);
#2650=VECTOR('',#8745,1.);
#2651=VECTOR('',#8746,1.);
#2652=VECTOR('',#8749,1.);
#2653=VECTOR('',#8752,1.);
#2654=VECTOR('',#8753,1.);
#2655=VECTOR('',#8758,1.);
#2656=VECTOR('',#8759,1.);
#2657=VECTOR('',#8764,1.);
#2658=VECTOR('',#8769,1.);
#2659=VECTOR('',#8770,1.);
#2660=VECTOR('',#8771,1.);
#2661=VECTOR('',#8774,1.);
#2662=VECTOR('',#8775,1.);
#2663=VECTOR('',#8778,1.);
#2664=VECTOR('',#8779,1.);
#2665=VECTOR('',#8782,1.);
#2666=VECTOR('',#8785,1.);
#2667=VECTOR('',#8786,1.);
#2668=VECTOR('',#8791,1.);
#2669=VECTOR('',#8792,1.);
#2670=VECTOR('',#8797,1.);
#2671=VERTEX_POINT('',#8802);
#2672=VERTEX_POINT('',#8803);
#2673=VERTEX_POINT('',#8805);
#2674=VERTEX_POINT('',#8807);
#2675=VERTEX_POINT('',#8811);
#2676=VERTEX_POINT('',#8813);
#2677=VERTEX_POINT('',#8817);
#2678=VERTEX_POINT('',#8818);
#2679=VERTEX_POINT('',#8820);
#2680=VERTEX_POINT('',#8822);
#2681=VERTEX_POINT('',#8826);
#2682=VERTEX_POINT('',#8830);
#2683=VERTEX_POINT('',#8831);
#2684=VERTEX_POINT('',#8833);
#2685=VERTEX_POINT('',#8837);
#2686=VERTEX_POINT('',#8839);
#2687=VERTEX_POINT('',#8843);
#2688=VERTEX_POINT('',#8845);
#2689=VERTEX_POINT('',#8849);
#2690=VERTEX_POINT('',#8853);
#2691=VERTEX_POINT('',#8854);
#2692=VERTEX_POINT('',#8857);
#2693=VERTEX_POINT('',#8859);
#2694=VERTEX_POINT('',#8862);
#2695=VERTEX_POINT('',#8864);
#2696=VERTEX_POINT('',#8867);
#2697=VERTEX_POINT('',#8873);
#2698=VERTEX_POINT('',#8877);
#2699=VERTEX_POINT('',#8878);
#2700=VERTEX_POINT('',#8880);
#2701=VERTEX_POINT('',#8884);
#2702=VERTEX_POINT('',#8885);
#2703=VERTEX_POINT('',#8887);
#2704=VERTEX_POINT('',#8889);
#2705=VERTEX_POINT('',#8893);
#2706=VERTEX_POINT('',#8897);
#2707=VERTEX_POINT('',#8898);
#2708=VERTEX_POINT('',#8901);
#2709=VERTEX_POINT('',#8903);
#2710=VERTEX_POINT('',#8905);
#2711=VERTEX_POINT('',#8907);
#2712=VERTEX_POINT('',#8911);
#2713=VERTEX_POINT('',#8915);
#2714=VERTEX_POINT('',#8920);
#2715=VERTEX_POINT('',#8921);
#2716=VERTEX_POINT('',#8928);
#2717=VERTEX_POINT('',#8932);
#2718=VERTEX_POINT('',#8936);
#2719=VERTEX_POINT('',#8942);
#2720=VERTEX_POINT('',#8944);
#2721=VERTEX_POINT('',#8956);
#2722=VERTEX_POINT('',#8958);
#2723=VERTEX_POINT('',#8962);
#2724=VERTEX_POINT('',#8966);
#2725=VERTEX_POINT('',#8970);
#2726=VERTEX_POINT('',#8974);
#2727=VERTEX_POINT('',#8978);
#2728=VERTEX_POINT('',#8982);
#2729=VERTEX_POINT('',#8983);
#2730=VERTEX_POINT('',#8985);
#2731=VERTEX_POINT('',#8989);
#2732=VERTEX_POINT('',#8993);
#2733=VERTEX_POINT('',#8997);
#2734=VERTEX_POINT('',#9001);
#2735=VERTEX_POINT('',#9010);
#2736=VERTEX_POINT('',#9011);
#2737=VERTEX_POINT('',#9013);
#2738=VERTEX_POINT('',#9017);
#2739=VERTEX_POINT('',#9021);
#2740=VERTEX_POINT('',#9025);
#2741=VERTEX_POINT('',#9029);
#2742=VERTEX_POINT('',#9033);
#2743=VERTEX_POINT('',#9037);
#2744=VERTEX_POINT('',#9044);
#2745=VERTEX_POINT('',#9048);
#2746=VERTEX_POINT('',#9052);
#2747=VERTEX_POINT('',#9056);
#2748=VERTEX_POINT('',#9060);
#2749=VERTEX_POINT('',#9064);
#2750=VERTEX_POINT('',#9068);
#2751=VERTEX_POINT('',#9078);
#2752=VERTEX_POINT('',#9082);
#2753=VERTEX_POINT('',#9086);
#2754=VERTEX_POINT('',#9090);
#2755=VERTEX_POINT('',#9094);
#2756=VERTEX_POINT('',#9098);
#2757=VERTEX_POINT('',#9102);
#2758=VERTEX_POINT('',#9106);
#2759=VERTEX_POINT('',#9110);
#2760=VERTEX_POINT('',#9114);
#2761=VERTEX_POINT('',#9123);
#2762=VERTEX_POINT('',#9127);
#2763=VERTEX_POINT('',#9131);
#2764=VERTEX_POINT('',#9135);
#2765=VERTEX_POINT('',#9139);
#2766=VERTEX_POINT('',#9143);
#2767=VERTEX_POINT('',#9147);
#2768=VERTEX_POINT('',#9151);
#2769=VERTEX_POINT('',#9155);
#2770=VERTEX_POINT('',#9159);
#2771=VERTEX_POINT('',#9168);
#2772=VERTEX_POINT('',#9172);
#2773=VERTEX_POINT('',#9173);
#2774=VERTEX_POINT('',#9175);
#2775=VERTEX_POINT('',#9179);
#2776=VERTEX_POINT('',#9183);
#2777=VERTEX_POINT('',#9187);
#2778=VERTEX_POINT('',#9191);
#2779=VERTEX_POINT('',#9198);
#2780=VERTEX_POINT('',#9202);
#2781=VERTEX_POINT('',#9206);
#2782=VERTEX_POINT('',#9210);
#2783=VERTEX_POINT('',#9214);
#2784=VERTEX_POINT('',#9218);
#2785=VERTEX_POINT('',#9220);
#2786=VERTEX_POINT('',#9226);
#2787=VERTEX_POINT('',#9228);
#2788=VERTEX_POINT('',#9234);
#2789=VERTEX_POINT('',#9238);
#2790=VERTEX_POINT('',#9242);
#2791=VERTEX_POINT('',#9246);
#2792=VERTEX_POINT('',#9250);
#2793=VERTEX_POINT('',#9254);
#2794=VERTEX_POINT('',#9258);
#2795=VERTEX_POINT('',#9262);
#2796=VERTEX_POINT('',#9266);
#2797=VERTEX_POINT('',#9270);
#2798=VERTEX_POINT('',#9274);
#2799=VERTEX_POINT('',#9278);
#2800=VERTEX_POINT('',#9282);
#2801=VERTEX_POINT('',#9286);
#2802=VERTEX_POINT('',#9290);
#2803=VERTEX_POINT('',#9294);
#2804=VERTEX_POINT('',#9298);
#2805=VERTEX_POINT('',#9302);
#2806=VERTEX_POINT('',#9306);
#2807=VERTEX_POINT('',#9310);
#2808=VERTEX_POINT('',#9314);
#2809=VERTEX_POINT('',#9327);
#2810=VERTEX_POINT('',#9331);
#2811=VERTEX_POINT('',#9335);
#2812=VERTEX_POINT('',#9339);
#2813=VERTEX_POINT('',#9343);
#2814=VERTEX_POINT('',#9347);
#2815=VERTEX_POINT('',#9351);
#2816=VERTEX_POINT('',#9358);
#2817=VERTEX_POINT('',#9362);
#2818=VERTEX_POINT('',#9366);
#2819=VERTEX_POINT('',#9370);
#2820=VERTEX_POINT('',#9374);
#2821=VERTEX_POINT('',#9378);
#2822=VERTEX_POINT('',#9384);
#2823=VERTEX_POINT('',#9386);
#2824=VERTEX_POINT('',#9390);
#2825=VERTEX_POINT('',#9394);
#2826=VERTEX_POINT('',#9398);
#2827=VERTEX_POINT('',#9402);
#2828=VERTEX_POINT('',#9406);
#2829=VERTEX_POINT('',#9410);
#2830=VERTEX_POINT('',#9414);
#2831=VERTEX_POINT('',#9418);
#2832=VERTEX_POINT('',#9422);
#2833=VERTEX_POINT('',#9426);
#2834=VERTEX_POINT('',#9430);
#2835=VERTEX_POINT('',#9434);
#2836=VERTEX_POINT('',#9438);
#2837=VERTEX_POINT('',#9442);
#2838=VERTEX_POINT('',#9444);
#2839=VERTEX_POINT('',#9450);
#2840=VERTEX_POINT('',#9451);
#2841=VERTEX_POINT('',#9453);
#2842=VERTEX_POINT('',#9457);
#2843=VERTEX_POINT('',#9461);
#2844=VERTEX_POINT('',#9465);
#2845=VERTEX_POINT('',#9469);
#2846=VERTEX_POINT('',#9473);
#2847=VERTEX_POINT('',#9477);
#2848=VERTEX_POINT('',#9481);
#2849=VERTEX_POINT('',#9485);
#2850=VERTEX_POINT('',#9489);
#2851=VERTEX_POINT('',#9493);
#2852=VERTEX_POINT('',#9497);
#2853=VERTEX_POINT('',#9501);
#2854=VERTEX_POINT('',#9505);
#2855=VERTEX_POINT('',#9509);
#2856=VERTEX_POINT('',#9513);
#2857=VERTEX_POINT('',#9517);
#2858=VERTEX_POINT('',#9524);
#2859=VERTEX_POINT('',#9530);
#2860=VERTEX_POINT('',#9534);
#2861=VERTEX_POINT('',#9538);
#2862=VERTEX_POINT('',#9542);
#2863=VERTEX_POINT('',#9546);
#2864=VERTEX_POINT('',#9550);
#2865=VERTEX_POINT('',#9554);
#2866=VERTEX_POINT('',#9558);
#2867=VERTEX_POINT('',#9562);
#2868=VERTEX_POINT('',#9566);
#2869=VERTEX_POINT('',#9570);
#2870=VERTEX_POINT('',#9574);
#2871=VERTEX_POINT('',#9578);
#2872=VERTEX_POINT('',#9582);
#2873=VERTEX_POINT('',#9586);
#2874=VERTEX_POINT('',#9590);
#2875=VERTEX_POINT('',#9597);
#2876=VERTEX_POINT('',#9603);
#2877=VERTEX_POINT('',#9612);
#2878=VERTEX_POINT('',#9616);
#2879=VERTEX_POINT('',#9627);
#2880=VERTEX_POINT('',#9849);
#2881=VERTEX_POINT('',#9853);
#2882=VERTEX_POINT('',#9860);
#2883=VERTEX_POINT('',#9869);
#2884=VERTEX_POINT('',#9873);
#2885=VERTEX_POINT('',#9879);
#2886=VERTEX_POINT('',#9885);
#2887=VERTEX_POINT('',#9891);
#2888=VERTEX_POINT('',#9897);
#2889=VERTEX_POINT('',#9903);
#2890=VERTEX_POINT('',#9909);
#2891=VERTEX_POINT('',#9915);
#2892=VERTEX_POINT('',#9921);
#2893=VERTEX_POINT('',#9927);
#2894=VERTEX_POINT('',#9933);
#2895=VERTEX_POINT('',#9939);
#2896=VERTEX_POINT('',#9945);
#2897=VERTEX_POINT('',#9951);
#2898=VERTEX_POINT('',#9957);
#2899=VERTEX_POINT('',#9963);
#2900=VERTEX_POINT('',#9969);
#2901=VERTEX_POINT('',#9975);
#2902=VERTEX_POINT('',#9981);
#2903=VERTEX_POINT('',#9987);
#2904=VERTEX_POINT('',#9993);
#2905=VERTEX_POINT('',#9999);
#2906=VERTEX_POINT('',#10005);
#2907=VERTEX_POINT('',#10013);
#2908=VERTEX_POINT('',#10017);
#2909=VERTEX_POINT('',#10023);
#2910=VERTEX_POINT('',#10029);
#2911=VERTEX_POINT('',#10035);
#2912=VERTEX_POINT('',#10041);
#2913=VERTEX_POINT('',#10047);
#2914=VERTEX_POINT('',#10053);
#2915=VERTEX_POINT('',#10059);
#2916=VERTEX_POINT('',#10065);
#2917=VERTEX_POINT('',#10071);
#2918=VERTEX_POINT('',#10077);
#2919=VERTEX_POINT('',#10083);
#2920=VERTEX_POINT('',#10089);
#2921=VERTEX_POINT('',#10095);
#2922=VERTEX_POINT('',#10101);
#2923=VERTEX_POINT('',#10107);
#2924=VERTEX_POINT('',#10113);
#2925=VERTEX_POINT('',#10119);
#2926=VERTEX_POINT('',#10125);
#2927=VERTEX_POINT('',#10131);
#2928=VERTEX_POINT('',#10137);
#2929=VERTEX_POINT('',#10143);
#2930=VERTEX_POINT('',#10149);
#2931=VERTEX_POINT('',#10157);
#2932=VERTEX_POINT('',#10159);
#2933=VERTEX_POINT('',#10166);
#2934=VERTEX_POINT('',#10171);
#2935=VERTEX_POINT('',#10172);
#2936=VERTEX_POINT('',#10174);
#2937=VERTEX_POINT('',#10178);
#2938=VERTEX_POINT('',#10182);
#2939=VERTEX_POINT('',#10190);
#2940=VERTEX_POINT('',#10199);
#2941=VERTEX_POINT('',#10208);
#2942=VERTEX_POINT('',#10345);
#2943=VERTEX_POINT('',#10356);
#2944=VERTEX_POINT('',#10357);
#2945=VERTEX_POINT('',#10359);
#2946=VERTEX_POINT('',#10363);
#2947=VERTEX_POINT('',#10383);
#2948=VERTEX_POINT('',#10384);
#2949=VERTEX_POINT('',#10386);
#2950=VERTEX_POINT('',#10390);
#2951=EDGE_CURVE('',#2671,#2672,#1057,.T.);
#2952=EDGE_CURVE('',#2672,#2673,#1058,.T.);
#2953=EDGE_CURVE('',#2673,#2674,#1059,.T.);
#2954=EDGE_CURVE('',#2671,#2674,#1060,.T.);
#2955=EDGE_CURVE('',#2672,#2675,#1061,.T.);
#2956=EDGE_CURVE('',#2676,#2675,#1062,.T.);
#2957=EDGE_CURVE('',#2676,#2673,#1063,.T.);
#2958=EDGE_CURVE('',#2677,#2678,#1064,.T.);
#2959=EDGE_CURVE('',#2679,#2678,#1065,.T.);
#2960=EDGE_CURVE('',#2679,#2680,#1066,.T.);
#2961=EDGE_CURVE('',#2680,#2677,#1067,.T.);
#2962=EDGE_CURVE('',#2678,#2681,#1068,.T.);
#2963=EDGE_CURVE('',#2679,#2681,#1069,.T.);
#2964=EDGE_CURVE('',#2682,#2683,#1070,.T.);
#2965=EDGE_CURVE('',#2683,#2684,#1071,.T.);
#2966=EDGE_CURVE('',#2684,#2682,#1072,.T.);
#2967=EDGE_CURVE('',#2683,#2685,#1073,.T.);
#2968=EDGE_CURVE('',#2686,#2685,#1074,.T.);
#2969=EDGE_CURVE('',#2686,#2684,#1075,.T.);
#2970=EDGE_CURVE('',#2685,#2687,#1076,.T.);
#2971=EDGE_CURVE('',#2688,#2687,#1077,.T.);
#2972=EDGE_CURVE('',#2688,#2686,#1078,.T.);
#2973=EDGE_CURVE('',#2687,#2689,#1079,.T.);
#2974=EDGE_CURVE('',#2688,#2689,#1080,.T.);
#2975=EDGE_CURVE('',#2690,#2691,#1081,.T.);
#2976=EDGE_CURVE('',#2689,#2690,#1082,.T.);
#2977=EDGE_CURVE('',#2692,#2682,#1083,.T.);
#2978=EDGE_CURVE('',#2693,#2692,#1084,.T.);
#2979=EDGE_CURVE('',#2675,#2693,#1085,.T.);
#2980=EDGE_CURVE('',#2694,#2671,#1086,.T.);
#2981=EDGE_CURVE('',#2695,#2694,#1087,.T.);
#2982=EDGE_CURVE('',#2681,#2695,#1088,.T.);
#2983=EDGE_CURVE('',#2696,#2677,#1089,.T.);
#2984=EDGE_CURVE('',#2691,#2696,#1090,.T.);
#2985=EDGE_CURVE('',#2688,#2690,#1091,.T.);
#2986=EDGE_CURVE('',#2697,#2691,#1092,.T.);
#2987=EDGE_CURVE('',#2688,#2697,#1093,.T.);
#2988=EDGE_CURVE('',#2698,#2699,#1094,.T.);
#2989=EDGE_CURVE('',#2699,#2700,#1095,.T.);
#2990=EDGE_CURVE('',#2698,#2700,#1096,.T.);
#2991=EDGE_CURVE('',#2701,#2702,#1097,.T.);
#2992=EDGE_CURVE('',#2703,#2702,#1098,.T.);
#2993=EDGE_CURVE('',#2704,#2703,#1099,.T.);
#2994=EDGE_CURVE('',#2704,#2701,#1100,.T.);
#2995=EDGE_CURVE('',#2699,#2705,#1101,.T.);
#2996=EDGE_CURVE('',#2705,#2700,#1102,.T.);
#2997=EDGE_CURVE('',#2706,#2707,#1103,.T.);
#2998=EDGE_CURVE('',#2697,#2707,#1104,.T.);
#2999=EDGE_CURVE('',#2697,#2708,#1105,.T.);
#3000=EDGE_CURVE('',#2709,#2708,#1106,.T.);
#3001=EDGE_CURVE('',#2710,#2709,#1107,.T.);
#3002=EDGE_CURVE('',#2710,#2711,#1108,.T.);
#3003=EDGE_CURVE('',#2711,#2706,#1109,.T.);
#3004=EDGE_CURVE('',#2705,#2712,#1110,.T.);
#3005=EDGE_CURVE('',#2712,#2700,#1111,.T.);
#3006=EDGE_CURVE('',#2712,#2713,#1112,.T.);
#3007=EDGE_CURVE('',#2713,#2709,#1113,.T.);
#3008=EDGE_CURVE('',#2700,#2709,#1114,.T.);
#3009=EDGE_CURVE('',#2714,#2715,#1115,.T.);
#3010=EDGE_CURVE('',#2676,#2715,#1116,.T.);
#3011=EDGE_CURVE('',#2676,#2714,#1117,.T.);
#3012=EDGE_CURVE('',#2713,#2710,#1118,.T.);
#3013=EDGE_CURVE('',#2716,#2701,#1119,.T.);
#3014=EDGE_CURVE('',#2715,#2716,#1120,.T.);
#3015=EDGE_CURVE('',#2707,#2714,#1121,.T.);
#3016=EDGE_CURVE('',#2706,#2717,#1122,.T.);
#3017=EDGE_CURVE('',#2702,#2717,#1123,.T.);
#3018=EDGE_CURVE('',#2718,#2698,#1124,.T.);
#3019=EDGE_CURVE('',#2711,#2718,#1125,.T.);
#3020=EDGE_CURVE('',#2717,#2718,#1126,.T.);
#3021=EDGE_CURVE('',#2719,#2676,#1127,.T.);
#3022=EDGE_CURVE('',#2720,#2676,#1128,.T.);
#3023=EDGE_CURVE('',#2719,#2720,#1129,.T.);
#3024=EDGE_CURVE('',#2697,#2676,#1130,.T.);
#3025=EDGE_CURVE('',#2719,#2697,#1131,.T.);
#3026=EDGE_CURVE('',#2696,#2680,#1132,.T.);
#3027=EDGE_CURVE('',#2697,#2680,#1133,.T.);
#3028=EDGE_CURVE('',#2680,#2721,#1134,.T.);
#3029=EDGE_CURVE('',#2721,#2722,#1135,.T.);
#3030=EDGE_CURVE('',#2680,#2722,#1136,.T.);
#3031=EDGE_CURVE('',#2680,#2723,#1137,.T.);
#3032=EDGE_CURVE('',#2721,#2723,#1138,.T.);
#3033=EDGE_CURVE('',#2723,#2724,#1139,.T.);
#3034=EDGE_CURVE('',#2680,#2724,#1140,.T.);
#3035=EDGE_CURVE('',#2680,#2725,#1141,.T.);
#3036=EDGE_CURVE('',#2724,#2725,#1142,.T.);
#3037=EDGE_CURVE('',#2680,#2726,#1143,.T.);
#3038=EDGE_CURVE('',#2725,#2726,#1144,.T.);
#3039=EDGE_CURVE('',#2726,#2727,#1145,.T.);
#3040=EDGE_CURVE('',#2680,#2727,#1146,.T.);
#3041=EDGE_CURVE('',#2728,#2729,#1147,.T.);
#3042=EDGE_CURVE('',#2730,#2729,#1148,.T.);
#3043=EDGE_CURVE('',#2728,#2730,#1149,.T.);
#3044=EDGE_CURVE('',#2731,#2729,#1150,.T.);
#3045=EDGE_CURVE('',#2731,#2728,#1151,.T.);
#3046=EDGE_CURVE('',#2732,#2729,#1152,.T.);
#3047=EDGE_CURVE('',#2732,#2731,#1153,.T.);
#3048=EDGE_CURVE('',#2733,#2729,#1154,.T.);
#3049=EDGE_CURVE('',#2733,#2732,#1155,.T.);
#3050=EDGE_CURVE('',#2734,#2729,#1156,.T.);
#3051=EDGE_CURVE('',#2734,#2733,#1157,.T.);
#3052=EDGE_CURVE('',#2680,#2734,#1158,.T.);
#3053=EDGE_CURVE('',#2680,#2729,#1159,.T.);
#3054=EDGE_CURVE('',#2727,#2734,#1160,.T.);
#3055=EDGE_CURVE('',#2735,#2736,#1161,.T.);
#3056=EDGE_CURVE('',#2737,#2735,#1162,.T.);
#3057=EDGE_CURVE('',#2737,#2736,#1163,.T.);
#3058=EDGE_CURVE('',#2738,#2735,#1164,.T.);
#3059=EDGE_CURVE('',#2738,#2736,#1165,.T.);
#3060=EDGE_CURVE('',#2739,#2736,#1166,.T.);
#3061=EDGE_CURVE('',#2739,#2738,#1167,.T.);
#3062=EDGE_CURVE('',#2740,#2736,#1168,.T.);
#3063=EDGE_CURVE('',#2740,#2739,#1169,.T.);
#3064=EDGE_CURVE('',#2741,#2740,#1170,.T.);
#3065=EDGE_CURVE('',#2741,#2736,#1171,.T.);
#3066=EDGE_CURVE('',#2742,#2736,#1172,.T.);
#3067=EDGE_CURVE('',#2742,#2741,#1173,.T.);
#3068=EDGE_CURVE('',#2743,#2736,#1174,.T.);
#3069=EDGE_CURVE('',#2743,#2742,#1175,.T.);
#3070=EDGE_CURVE('',#2708,#2743,#1176,.T.);
#3071=EDGE_CURVE('',#2708,#2736,#1177,.T.);
#3072=EDGE_CURVE('',#2744,#2743,#1178,.T.);
#3073=EDGE_CURVE('',#2708,#2744,#1179,.T.);
#3074=EDGE_CURVE('',#2708,#2745,#1180,.T.);
#3075=EDGE_CURVE('',#2745,#2744,#1181,.T.);
#3076=EDGE_CURVE('',#2708,#2746,#1182,.T.);
#3077=EDGE_CURVE('',#2746,#2745,#1183,.T.);
#3078=EDGE_CURVE('',#2747,#2746,#1184,.T.);
#3079=EDGE_CURVE('',#2708,#2747,#1185,.T.);
#3080=EDGE_CURVE('',#2708,#2748,#1186,.T.);
#3081=EDGE_CURVE('',#2748,#2747,#1187,.T.);
#3082=EDGE_CURVE('',#2708,#2749,#1188,.T.);
#3083=EDGE_CURVE('',#2749,#2748,#1189,.T.);
#3084=EDGE_CURVE('',#2749,#2750,#1190,.T.);
#3085=EDGE_CURVE('',#2708,#2750,#1191,.T.);
#3086=EDGE_CURVE('',#2708,#2680,#1192,.T.);
#3087=EDGE_CURVE('',#2680,#2750,#1193,.T.);
#3088=EDGE_CURVE('',#2750,#2722,#1194,.T.);
#3089=EDGE_CURVE('',#2722,#2751,#1195,.T.);
#3090=EDGE_CURVE('',#2750,#2751,#1196,.T.);
#3091=EDGE_CURVE('',#2751,#2752,#1197,.T.);
#3092=EDGE_CURVE('',#2722,#2752,#1198,.T.);
#3093=EDGE_CURVE('',#2752,#2753,#1199,.T.);
#3094=EDGE_CURVE('',#2751,#2753,#1200,.T.);
#3095=EDGE_CURVE('',#2753,#2754,#1201,.T.);
#3096=EDGE_CURVE('',#2752,#2754,#1202,.T.);
#3097=EDGE_CURVE('',#2754,#2755,#1203,.T.);
#3098=EDGE_CURVE('',#2753,#2755,#1204,.T.);
#3099=EDGE_CURVE('',#2755,#2756,#1205,.T.);
#3100=EDGE_CURVE('',#2754,#2756,#1206,.T.);
#3101=EDGE_CURVE('',#2756,#2757,#1207,.T.);
#3102=EDGE_CURVE('',#2755,#2757,#1208,.T.);
#3103=EDGE_CURVE('',#2757,#2758,#1209,.T.);
#3104=EDGE_CURVE('',#2756,#2758,#1210,.T.);
#3105=EDGE_CURVE('',#2759,#2729,#1211,.T.);
#3106=EDGE_CURVE('',#2730,#2759,#1212,.T.);
#3107=EDGE_CURVE('',#2760,#2729,#1213,.T.);
#3108=EDGE_CURVE('',#2760,#2759,#1214,.T.);
#3109=EDGE_CURVE('',#2760,#2736,#1215,.T.);
#3110=EDGE_CURVE('',#2736,#2729,#1216,.T.);
#3111=EDGE_CURVE('',#2737,#2760,#1217,.T.);
#3112=EDGE_CURVE('',#2761,#2737,#1218,.T.);
#3113=EDGE_CURVE('',#2761,#2760,#1219,.T.);
#3114=EDGE_CURVE('',#2762,#2761,#1220,.T.);
#3115=EDGE_CURVE('',#2762,#2737,#1221,.T.);
#3116=EDGE_CURVE('',#2763,#2762,#1222,.T.);
#3117=EDGE_CURVE('',#2763,#2761,#1223,.T.);
#3118=EDGE_CURVE('',#2764,#2763,#1224,.T.);
#3119=EDGE_CURVE('',#2764,#2762,#1225,.T.);
#3120=EDGE_CURVE('',#2765,#2764,#1226,.T.);
#3121=EDGE_CURVE('',#2765,#2763,#1227,.T.);
#3122=EDGE_CURVE('',#2766,#2765,#1228,.T.);
#3123=EDGE_CURVE('',#2766,#2764,#1229,.T.);
#3124=EDGE_CURVE('',#2767,#2766,#1230,.T.);
#3125=EDGE_CURVE('',#2767,#2765,#1231,.T.);
#3126=EDGE_CURVE('',#2768,#2767,#1232,.T.);
#3127=EDGE_CURVE('',#2768,#2766,#1233,.T.);
#3128=EDGE_CURVE('',#2769,#2768,#1234,.T.);
#3129=EDGE_CURVE('',#2769,#2767,#1235,.T.);
#3130=EDGE_CURVE('',#2770,#2769,#1236,.T.);
#3131=EDGE_CURVE('',#2770,#2768,#1237,.T.);
#3132=EDGE_CURVE('',#2758,#2770,#1238,.T.);
#3133=EDGE_CURVE('',#2758,#2769,#1239,.T.);
#3134=EDGE_CURVE('',#2757,#2770,#1240,.T.);
#3135=EDGE_CURVE('',#2719,#2771,#1241,.T.);
#3136=EDGE_CURVE('',#2771,#2697,#1242,.T.);
#3137=EDGE_CURVE('',#2772,#2773,#1243,.T.);
#3138=EDGE_CURVE('',#2774,#2773,#1244,.T.);
#3139=EDGE_CURVE('',#2772,#2774,#1245,.T.);
#3140=EDGE_CURVE('',#2772,#2775,#1246,.T.);
#3141=EDGE_CURVE('',#2773,#2775,#1247,.T.);
#3142=EDGE_CURVE('',#2775,#2776,#1248,.T.);
#3143=EDGE_CURVE('',#2772,#2776,#1249,.T.);
#3144=EDGE_CURVE('',#2772,#2777,#1250,.T.);
#3145=EDGE_CURVE('',#2776,#2777,#1251,.T.);
#3146=EDGE_CURVE('',#2772,#2778,#1252,.T.);
#3147=EDGE_CURVE('',#2777,#2778,#1253,.T.);
#3148=EDGE_CURVE('',#2778,#2688,#1254,.T.);
#3149=EDGE_CURVE('',#2772,#2688,#1255,.T.);
#3150=EDGE_CURVE('',#2779,#2688,#1256,.T.);
#3151=EDGE_CURVE('',#2778,#2779,#1257,.T.);
#3152=EDGE_CURVE('',#2779,#2780,#1258,.T.);
#3153=EDGE_CURVE('',#2780,#2688,#1259,.T.);
#3154=EDGE_CURVE('',#2781,#2688,#1260,.T.);
#3155=EDGE_CURVE('',#2780,#2781,#1261,.T.);
#3156=EDGE_CURVE('',#2782,#2688,#1262,.T.);
#3157=EDGE_CURVE('',#2781,#2782,#1263,.T.);
#3158=EDGE_CURVE('',#2782,#2783,#1264,.T.);
#3159=EDGE_CURVE('',#2783,#2688,#1265,.T.);
#3160=EDGE_CURVE('',#2772,#2784,#1266,.T.);
#3161=EDGE_CURVE('',#2784,#2785,#1267,.T.);
#3162=EDGE_CURVE('',#2772,#2785,#1268,.T.);
#3163=EDGE_CURVE('',#2784,#2774,#1269,.T.);
#3164=EDGE_CURVE('',#2772,#2786,#1270,.T.);
#3165=EDGE_CURVE('',#2787,#2786,#1271,.T.);
#3166=EDGE_CURVE('',#2787,#2772,#1272,.T.);
#3167=EDGE_CURVE('',#2786,#2785,#1273,.T.);
#3168=EDGE_CURVE('',#2785,#2788,#1274,.T.);
#3169=EDGE_CURVE('',#2786,#2788,#1275,.T.);
#3170=EDGE_CURVE('',#2788,#2789,#1276,.T.);
#3171=EDGE_CURVE('',#2785,#2789,#1277,.T.);
#3172=EDGE_CURVE('',#2789,#2790,#1278,.T.);
#3173=EDGE_CURVE('',#2788,#2790,#1279,.T.);
#3174=EDGE_CURVE('',#2790,#2791,#1280,.T.);
#3175=EDGE_CURVE('',#2789,#2791,#1281,.T.);
#3176=EDGE_CURVE('',#2791,#2792,#1282,.T.);
#3177=EDGE_CURVE('',#2790,#2792,#1283,.T.);
#3178=EDGE_CURVE('',#2792,#2793,#1284,.T.);
#3179=EDGE_CURVE('',#2791,#2793,#1285,.T.);
#3180=EDGE_CURVE('',#2793,#2794,#1286,.T.);
#3181=EDGE_CURVE('',#2792,#2794,#1287,.T.);
#3182=EDGE_CURVE('',#2794,#2795,#1288,.T.);
#3183=EDGE_CURVE('',#2793,#2795,#1289,.T.);
#3184=EDGE_CURVE('',#2795,#2796,#1290,.T.);
#3185=EDGE_CURVE('',#2794,#2796,#1291,.T.);
#3186=EDGE_CURVE('',#2796,#2797,#1292,.T.);
#3187=EDGE_CURVE('',#2795,#2797,#1293,.T.);
#3188=EDGE_CURVE('',#2797,#2798,#1294,.T.);
#3189=EDGE_CURVE('',#2796,#2798,#1295,.T.);
#3190=EDGE_CURVE('',#2798,#2799,#1296,.T.);
#3191=EDGE_CURVE('',#2797,#2799,#1297,.T.);
#3192=EDGE_CURVE('',#2799,#2800,#1298,.T.);
#3193=EDGE_CURVE('',#2798,#2800,#1299,.T.);
#3194=EDGE_CURVE('',#2800,#2801,#1300,.T.);
#3195=EDGE_CURVE('',#2799,#2801,#1301,.T.);
#3196=EDGE_CURVE('',#2801,#2802,#1302,.T.);
#3197=EDGE_CURVE('',#2800,#2802,#1303,.T.);
#3198=EDGE_CURVE('',#2802,#2803,#1304,.T.);
#3199=EDGE_CURVE('',#2801,#2803,#1305,.T.);
#3200=EDGE_CURVE('',#2803,#2804,#1306,.T.);
#3201=EDGE_CURVE('',#2802,#2804,#1307,.T.);
#3202=EDGE_CURVE('',#2804,#2805,#1308,.T.);
#3203=EDGE_CURVE('',#2803,#2805,#1309,.T.);
#3204=EDGE_CURVE('',#2805,#2806,#1310,.T.);
#3205=EDGE_CURVE('',#2804,#2806,#1311,.T.);
#3206=EDGE_CURVE('',#2806,#2807,#1312,.T.);
#3207=EDGE_CURVE('',#2805,#2807,#1313,.T.);
#3208=EDGE_CURVE('',#2808,#2688,#1314,.T.);
#3209=EDGE_CURVE('',#2783,#2808,#1315,.T.);
#3210=EDGE_CURVE('',#2807,#2688,#1316,.T.);
#3211=EDGE_CURVE('',#2807,#2808,#1317,.T.);
#3212=EDGE_CURVE('',#2807,#2697,#1318,.T.);
#3213=EDGE_CURVE('',#2806,#2697,#1319,.T.);
#3214=EDGE_CURVE('',#2806,#2771,#1320,.T.);
#3215=EDGE_CURVE('',#2809,#2771,#1321,.T.);
#3216=EDGE_CURVE('',#2806,#2809,#1322,.T.);
#3217=EDGE_CURVE('',#2810,#2809,#1323,.T.);
#3218=EDGE_CURVE('',#2810,#2771,#1324,.T.);
#3219=EDGE_CURVE('',#2811,#2771,#1325,.T.);
#3220=EDGE_CURVE('',#2811,#2810,#1326,.T.);
#3221=EDGE_CURVE('',#2812,#2771,#1327,.T.);
#3222=EDGE_CURVE('',#2812,#2811,#1328,.T.);
#3223=EDGE_CURVE('',#2813,#2812,#1329,.T.);
#3224=EDGE_CURVE('',#2813,#2771,#1330,.T.);
#3225=EDGE_CURVE('',#2814,#2771,#1331,.T.);
#3226=EDGE_CURVE('',#2814,#2813,#1332,.T.);
#3227=EDGE_CURVE('',#2815,#2771,#1333,.T.);
#3228=EDGE_CURVE('',#2815,#2814,#1334,.T.);
#3229=EDGE_CURVE('',#2787,#2815,#1335,.T.);
#3230=EDGE_CURVE('',#2787,#2771,#1336,.T.);
#3231=EDGE_CURVE('',#2816,#2815,#1337,.T.);
#3232=EDGE_CURVE('',#2787,#2816,#1338,.T.);
#3233=EDGE_CURVE('',#2787,#2817,#1339,.T.);
#3234=EDGE_CURVE('',#2817,#2816,#1340,.T.);
#3235=EDGE_CURVE('',#2787,#2818,#1341,.T.);
#3236=EDGE_CURVE('',#2818,#2817,#1342,.T.);
#3237=EDGE_CURVE('',#2819,#2818,#1343,.T.);
#3238=EDGE_CURVE('',#2787,#2819,#1344,.T.);
#3239=EDGE_CURVE('',#2787,#2820,#1345,.T.);
#3240=EDGE_CURVE('',#2820,#2819,#1346,.T.);
#3241=EDGE_CURVE('',#2787,#2821,#1347,.T.);
#3242=EDGE_CURVE('',#2821,#2820,#1348,.T.);
#3243=EDGE_CURVE('',#2821,#2786,#1349,.T.);
#3244=EDGE_CURVE('',#2822,#2686,#1350,.T.);
#3245=EDGE_CURVE('',#2822,#2823,#1351,.T.);
#3246=EDGE_CURVE('',#2823,#2686,#1352,.T.);
#3247=EDGE_CURVE('',#2824,#2686,#1353,.T.);
#3248=EDGE_CURVE('',#2824,#2822,#1354,.T.);
#3249=EDGE_CURVE('',#2825,#2824,#1355,.T.);
#3250=EDGE_CURVE('',#2825,#2686,#1356,.T.);
#3251=EDGE_CURVE('',#2826,#2686,#1357,.T.);
#3252=EDGE_CURVE('',#2826,#2825,#1358,.T.);
#3253=EDGE_CURVE('',#2827,#2686,#1359,.T.);
#3254=EDGE_CURVE('',#2827,#2826,#1360,.T.);
#3255=EDGE_CURVE('',#2828,#2827,#1361,.T.);
#3256=EDGE_CURVE('',#2828,#2686,#1362,.T.);
#3257=EDGE_CURVE('',#2828,#2829,#1363,.T.);
#3258=EDGE_CURVE('',#2829,#2827,#1364,.T.);
#3259=EDGE_CURVE('',#2830,#2829,#1365,.T.);
#3260=EDGE_CURVE('',#2828,#2830,#1366,.T.);
#3261=EDGE_CURVE('',#2828,#2831,#1367,.T.);
#3262=EDGE_CURVE('',#2831,#2830,#1368,.T.);
#3263=EDGE_CURVE('',#2828,#2832,#1369,.T.);
#3264=EDGE_CURVE('',#2832,#2831,#1370,.T.);
#3265=EDGE_CURVE('',#2833,#2832,#1371,.T.);
#3266=EDGE_CURVE('',#2828,#2833,#1372,.T.);
#3267=EDGE_CURVE('',#2828,#2834,#1373,.T.);
#3268=EDGE_CURVE('',#2834,#2833,#1374,.T.);
#3269=EDGE_CURVE('',#2828,#2835,#1375,.T.);
#3270=EDGE_CURVE('',#2834,#2835,#1376,.T.);
#3271=EDGE_CURVE('',#2836,#2835,#1377,.T.);
#3272=EDGE_CURVE('',#2836,#2828,#1378,.T.);
#3273=EDGE_CURVE('',#2837,#2686,#1379,.T.);
#3274=EDGE_CURVE('',#2838,#2837,#1380,.T.);
#3275=EDGE_CURVE('',#2838,#2686,#1381,.T.);
#3276=EDGE_CURVE('',#2823,#2837,#1382,.T.);
#3277=EDGE_CURVE('',#2839,#2840,#1383,.T.);
#3278=EDGE_CURVE('',#2839,#2841,#1384,.T.);
#3279=EDGE_CURVE('',#2840,#2841,#1385,.T.);
#3280=EDGE_CURVE('',#2842,#2840,#1386,.T.);
#3281=EDGE_CURVE('',#2842,#2839,#1387,.T.);
#3282=EDGE_CURVE('',#2842,#2843,#1388,.T.);
#3283=EDGE_CURVE('',#2843,#2840,#1389,.T.);
#3284=EDGE_CURVE('',#2844,#2843,#1390,.T.);
#3285=EDGE_CURVE('',#2844,#2842,#1391,.T.);
#3286=EDGE_CURVE('',#2844,#2845,#1392,.T.);
#3287=EDGE_CURVE('',#2845,#2843,#1393,.T.);
#3288=EDGE_CURVE('',#2846,#2845,#1394,.T.);
#3289=EDGE_CURVE('',#2846,#2844,#1395,.T.);
#3290=EDGE_CURVE('',#2846,#2847,#1396,.T.);
#3291=EDGE_CURVE('',#2847,#2845,#1397,.T.);
#3292=EDGE_CURVE('',#2848,#2847,#1398,.T.);
#3293=EDGE_CURVE('',#2848,#2846,#1399,.T.);
#3294=EDGE_CURVE('',#2848,#2849,#1400,.T.);
#3295=EDGE_CURVE('',#2849,#2847,#1401,.T.);
#3296=EDGE_CURVE('',#2850,#2849,#1402,.T.);
#3297=EDGE_CURVE('',#2850,#2848,#1403,.T.);
#3298=EDGE_CURVE('',#2850,#2851,#1404,.T.);
#3299=EDGE_CURVE('',#2851,#2849,#1405,.T.);
#3300=EDGE_CURVE('',#2852,#2851,#1406,.T.);
#3301=EDGE_CURVE('',#2852,#2850,#1407,.T.);
#3302=EDGE_CURVE('',#2852,#2853,#1408,.T.);
#3303=EDGE_CURVE('',#2853,#2851,#1409,.T.);
#3304=EDGE_CURVE('',#2854,#2853,#1410,.T.);
#3305=EDGE_CURVE('',#2854,#2852,#1411,.T.);
#3306=EDGE_CURVE('',#2854,#2855,#1412,.T.);
#3307=EDGE_CURVE('',#2855,#2853,#1413,.T.);
#3308=EDGE_CURVE('',#2856,#2855,#1414,.T.);
#3309=EDGE_CURVE('',#2856,#2854,#1415,.T.);
#3310=EDGE_CURVE('',#2856,#2857,#1416,.T.);
#3311=EDGE_CURVE('',#2857,#2855,#1417,.T.);
#3312=EDGE_CURVE('',#2835,#2856,#1418,.T.);
#3313=EDGE_CURVE('',#2835,#2857,#1419,.T.);
#3314=EDGE_CURVE('',#2858,#2835,#1420,.T.);
#3315=EDGE_CURVE('',#2858,#2856,#1421,.T.);
#3316=EDGE_CURVE('',#2836,#2858,#1422,.T.);
#3317=EDGE_CURVE('',#2836,#2859,#1423,.T.);
#3318=EDGE_CURVE('',#2859,#2858,#1424,.T.);
#3319=EDGE_CURVE('',#2859,#2860,#1425,.T.);
#3320=EDGE_CURVE('',#2836,#2860,#1426,.T.);
#3321=EDGE_CURVE('',#2836,#2861,#1427,.T.);
#3322=EDGE_CURVE('',#2860,#2861,#1428,.T.);
#3323=EDGE_CURVE('',#2836,#2862,#1429,.T.);
#3324=EDGE_CURVE('',#2861,#2862,#1430,.T.);
#3325=EDGE_CURVE('',#2862,#2863,#1431,.T.);
#3326=EDGE_CURVE('',#2836,#2863,#1432,.T.);
#3327=EDGE_CURVE('',#2836,#2864,#1433,.T.);
#3328=EDGE_CURVE('',#2863,#2864,#1434,.T.);
#3329=EDGE_CURVE('',#2836,#2865,#1435,.T.);
#3330=EDGE_CURVE('',#2864,#2865,#1436,.T.);
#3331=EDGE_CURVE('',#2865,#2866,#1437,.T.);
#3332=EDGE_CURVE('',#2836,#2866,#1438,.T.);
#3333=EDGE_CURVE('',#2867,#2866,#1439,.T.);
#3334=EDGE_CURVE('',#2865,#2867,#1440,.T.);
#3335=EDGE_CURVE('',#2868,#2866,#1441,.T.);
#3336=EDGE_CURVE('',#2867,#2868,#1442,.T.);
#3337=EDGE_CURVE('',#2868,#2869,#1443,.T.);
#3338=EDGE_CURVE('',#2869,#2866,#1444,.T.);
#3339=EDGE_CURVE('',#2870,#2866,#1445,.T.);
#3340=EDGE_CURVE('',#2869,#2870,#1446,.T.);
#3341=EDGE_CURVE('',#2871,#2866,#1447,.T.);
#3342=EDGE_CURVE('',#2870,#2871,#1448,.T.);
#3343=EDGE_CURVE('',#2871,#2872,#1449,.T.);
#3344=EDGE_CURVE('',#2872,#2866,#1450,.T.);
#3345=EDGE_CURVE('',#2873,#2866,#1451,.T.);
#3346=EDGE_CURVE('',#2873,#2872,#1452,.T.);
#3347=EDGE_CURVE('',#2866,#2874,#1453,.T.);
#3348=EDGE_CURVE('',#2873,#2874,#1454,.T.);
#3349=EDGE_CURVE('',#2720,#2874,#1455,.T.);
#3350=EDGE_CURVE('',#2720,#2866,#1456,.T.);
#3351=EDGE_CURVE('',#2720,#2875,#1457,.T.);
#3352=EDGE_CURVE('',#2875,#2874,#1458,.T.);
#3353=EDGE_CURVE('',#2875,#2676,#1459,.T.);
#3354=EDGE_CURVE('',#2875,#2876,#1460,.T.);
#3355=EDGE_CURVE('',#2876,#2676,#1461,.T.);
#3356=EDGE_CURVE('',#2839,#2874,#1462,.T.);
#3357=EDGE_CURVE('',#2839,#2873,#1463,.T.);
#3358=EDGE_CURVE('',#2874,#2841,#1464,.T.);
#3359=EDGE_CURVE('',#2841,#2877,#1465,.T.);
#3360=EDGE_CURVE('',#2874,#2877,#1466,.T.);
#3361=EDGE_CURVE('',#2841,#2878,#1467,.T.);
#3362=EDGE_CURVE('',#2877,#2878,#1468,.T.);
#3363=EDGE_CURVE('',#2877,#2676,#1469,.T.);
#3364=EDGE_CURVE('',#2876,#2877,#1470,.T.);
#3365=EDGE_CURVE('',#2878,#2676,#1471,.T.);
#3366=EDGE_CURVE('',#2878,#2693,#1472,.T.);
#3367=EDGE_CURVE('',#2879,#2692,#1473,.T.);
#3368=EDGE_CURVE('',#2878,#2879,#1474,.T.);
#3369=EDGE_CURVE('',#2684,#2879,#1475,.T.);
#3370=EDGE_CURVE('',#2838,#2841,#1476,.T.);
#3371=EDGE_CURVE('',#2840,#2838,#1477,.T.);
#3372=EDGE_CURVE('',#2686,#2841,#1478,.T.);
#3373=EDGE_CURVE('',#2841,#2684,#1479,.T.);
#3374=EDGE_CURVE('',#2719,#2866,#1480,.T.);
#3375=EDGE_CURVE('',#2771,#2866,#1481,.T.);
#3376=EDGE_CURVE('',#2787,#2828,#1482,.T.);
#3377=EDGE_CURVE('',#2772,#2828,#1483,.T.);
#3378=EDGE_CURVE('',#2787,#2836,#1484,.T.);
#3379=EDGE_CURVE('',#2787,#2866,#1485,.T.);
#3380=EDGE_CURVE('',#2688,#2828,#1486,.T.);
#3381=EDGE_CURVE('',#2782,#2823,#1487,.T.);
#3382=EDGE_CURVE('',#2783,#2823,#1488,.T.);
#3383=EDGE_CURVE('',#2782,#2822,#1489,.T.);
#3384=EDGE_CURVE('',#2781,#2822,#1490,.T.);
#3385=EDGE_CURVE('',#2781,#2824,#1491,.T.);
#3386=EDGE_CURVE('',#2780,#2824,#1492,.T.);
#3387=EDGE_CURVE('',#2780,#2825,#1493,.T.);
#3388=EDGE_CURVE('',#2779,#2825,#1494,.T.);
#3389=EDGE_CURVE('',#2779,#2826,#1495,.T.);
#3390=EDGE_CURVE('',#2778,#2826,#1496,.T.);
#3391=EDGE_CURVE('',#2778,#2827,#1497,.T.);
#3392=EDGE_CURVE('',#2777,#2827,#1498,.T.);
#3393=EDGE_CURVE('',#2777,#2829,#1499,.T.);
#3394=EDGE_CURVE('',#2776,#2829,#1500,.T.);
#3395=EDGE_CURVE('',#2776,#2830,#1501,.T.);
#3396=EDGE_CURVE('',#2775,#2830,#1502,.T.);
#3397=EDGE_CURVE('',#2775,#2831,#1503,.T.);
#3398=EDGE_CURVE('',#2773,#2831,#1504,.T.);
#3399=EDGE_CURVE('',#2773,#2832,#1505,.T.);
#3400=EDGE_CURVE('',#2774,#2832,#1506,.T.);
#3401=EDGE_CURVE('',#2774,#2833,#1507,.T.);
#3402=EDGE_CURVE('',#2784,#2833,#1508,.T.);
#3403=EDGE_CURVE('',#2784,#2834,#1509,.T.);
#3404=EDGE_CURVE('',#2785,#2834,#1510,.T.);
#3405=EDGE_CURVE('',#2785,#2835,#1511,.T.);
#3406=EDGE_CURVE('',#2789,#2835,#1512,.T.);
#3407=EDGE_CURVE('',#2789,#2857,#1513,.T.);
#3408=EDGE_CURVE('',#2791,#2857,#1514,.T.);
#3409=EDGE_CURVE('',#2791,#2855,#1515,.T.);
#3410=EDGE_CURVE('',#2793,#2855,#1516,.T.);
#3411=EDGE_CURVE('',#2793,#2853,#1517,.T.);
#3412=EDGE_CURVE('',#2795,#2853,#1518,.T.);
#3413=EDGE_CURVE('',#2795,#2851,#1519,.T.);
#3414=EDGE_CURVE('',#2797,#2851,#1520,.T.);
#3415=EDGE_CURVE('',#2797,#2849,#1521,.T.);
#3416=EDGE_CURVE('',#2799,#2849,#1522,.T.);
#3417=EDGE_CURVE('',#2799,#2847,#1523,.T.);
#3418=EDGE_CURVE('',#2801,#2847,#1524,.T.);
#3419=EDGE_CURVE('',#2801,#2845,#1525,.T.);
#3420=EDGE_CURVE('',#2803,#2845,#1526,.T.);
#3421=EDGE_CURVE('',#2803,#2843,#1527,.T.);
#3422=EDGE_CURVE('',#2805,#2843,#1528,.T.);
#3423=EDGE_CURVE('',#2805,#2840,#1529,.T.);
#3424=EDGE_CURVE('',#2807,#2840,#1530,.T.);
#3425=EDGE_CURVE('',#2807,#2838,#1531,.T.);
#3426=EDGE_CURVE('',#2808,#2838,#1532,.T.);
#3427=EDGE_CURVE('',#2808,#2837,#1533,.T.);
#3428=EDGE_CURVE('',#2783,#2837,#1534,.T.);
#3429=EDGE_CURVE('',#2804,#2873,#1535,.T.);
#3430=EDGE_CURVE('',#2806,#2873,#1536,.T.);
#3431=EDGE_CURVE('',#2804,#2839,#1537,.T.);
#3432=EDGE_CURVE('',#2802,#2839,#1538,.T.);
#3433=EDGE_CURVE('',#2802,#2842,#1539,.T.);
#3434=EDGE_CURVE('',#2800,#2842,#1540,.T.);
#3435=EDGE_CURVE('',#2800,#2844,#1541,.T.);
#3436=EDGE_CURVE('',#2798,#2844,#1542,.T.);
#3437=EDGE_CURVE('',#2798,#2846,#1543,.T.);
#3438=EDGE_CURVE('',#2796,#2846,#1544,.T.);
#3439=EDGE_CURVE('',#2796,#2848,#1545,.T.);
#3440=EDGE_CURVE('',#2794,#2848,#1546,.T.);
#3441=EDGE_CURVE('',#2794,#2850,#1547,.T.);
#3442=EDGE_CURVE('',#2792,#2850,#1548,.T.);
#3443=EDGE_CURVE('',#2792,#2852,#1549,.T.);
#3444=EDGE_CURVE('',#2790,#2852,#1550,.T.);
#3445=EDGE_CURVE('',#2790,#2854,#1551,.T.);
#3446=EDGE_CURVE('',#2788,#2854,#1552,.T.);
#3447=EDGE_CURVE('',#2788,#2856,#1553,.T.);
#3448=EDGE_CURVE('',#2786,#2856,#1554,.T.);
#3449=EDGE_CURVE('',#2786,#2858,#1555,.T.);
#3450=EDGE_CURVE('',#2821,#2858,#1556,.T.);
#3451=EDGE_CURVE('',#2821,#2859,#1557,.T.);
#3452=EDGE_CURVE('',#2820,#2859,#1558,.T.);
#3453=EDGE_CURVE('',#2820,#2860,#1559,.T.);
#3454=EDGE_CURVE('',#2819,#2860,#1560,.T.);
#3455=EDGE_CURVE('',#2819,#2861,#1561,.T.);
#3456=EDGE_CURVE('',#2818,#2861,#1562,.T.);
#3457=EDGE_CURVE('',#2818,#2862,#1563,.T.);
#3458=EDGE_CURVE('',#2817,#2862,#1564,.T.);
#3459=EDGE_CURVE('',#2817,#2863,#1565,.T.);
#3460=EDGE_CURVE('',#2816,#2863,#1566,.T.);
#3461=EDGE_CURVE('',#2816,#2864,#1567,.T.);
#3462=EDGE_CURVE('',#2815,#2864,#1568,.T.);
#3463=EDGE_CURVE('',#2815,#2865,#1569,.T.);
#3464=EDGE_CURVE('',#2814,#2865,#1570,.T.);
#3465=EDGE_CURVE('',#2814,#2867,#1571,.T.);
#3466=EDGE_CURVE('',#2813,#2867,#1572,.T.);
#3467=EDGE_CURVE('',#2813,#2868,#1573,.T.);
#3468=EDGE_CURVE('',#2812,#2868,#1574,.T.);
#3469=EDGE_CURVE('',#2812,#2869,#1575,.T.);
#3470=EDGE_CURVE('',#2811,#2869,#1576,.T.);
#3471=EDGE_CURVE('',#2811,#2870,#1577,.T.);
#3472=EDGE_CURVE('',#2810,#2870,#1578,.T.);
#3473=EDGE_CURVE('',#2810,#2871,#1579,.T.);
#3474=EDGE_CURVE('',#2809,#2871,#1580,.T.);
#3475=EDGE_CURVE('',#2809,#2872,#1581,.T.);
#3476=EDGE_CURVE('',#2806,#2872,#1582,.T.);
#3477=EDGE_CURVE('',#2700,#2708,#1583,.T.);
#3478=EDGE_CURVE('',#2700,#2880,#1584,.T.);
#3479=EDGE_CURVE('',#2880,#2708,#1585,.T.);
#3480=EDGE_CURVE('',#2708,#2881,#1586,.T.);
#3481=EDGE_CURVE('',#2881,#2736,#1587,.T.);
#3482=EDGE_CURVE('',#2880,#2881,#1588,.T.);
#3483=EDGE_CURVE('',#2679,#2729,#1589,.T.);
#3484=EDGE_CURVE('',#2679,#2882,#1590,.T.);
#3485=EDGE_CURVE('',#2882,#2729,#1591,.T.);
#3486=EDGE_CURVE('',#2881,#2729,#1592,.T.);
#3487=EDGE_CURVE('',#2881,#2882,#1593,.T.);
#3488=EDGE_CURVE('',#2883,#2765,#1594,.T.);
#3489=EDGE_CURVE('',#2883,#2767,#1595,.T.);
#3490=EDGE_CURVE('',#2884,#2765,#1596,.T.);
#3491=EDGE_CURVE('',#2883,#2884,#1597,.T.);
#3492=EDGE_CURVE('',#2884,#2763,#1598,.T.);
#3493=EDGE_CURVE('',#2885,#2763,#1599,.T.);
#3494=EDGE_CURVE('',#2884,#2885,#1600,.T.);
#3495=EDGE_CURVE('',#2885,#2761,#1601,.T.);
#3496=EDGE_CURVE('',#2886,#2761,#1602,.T.);
#3497=EDGE_CURVE('',#2885,#2886,#1603,.T.);
#3498=EDGE_CURVE('',#2886,#2760,#1604,.T.);
#3499=EDGE_CURVE('',#2887,#2760,#1605,.T.);
#3500=EDGE_CURVE('',#2886,#2887,#1606,.T.);
#3501=EDGE_CURVE('',#2887,#2759,#1607,.T.);
#3502=EDGE_CURVE('',#2888,#2759,#1608,.T.);
#3503=EDGE_CURVE('',#2887,#2888,#1609,.T.);
#3504=EDGE_CURVE('',#2730,#2888,#1610,.T.);
#3505=EDGE_CURVE('',#2889,#2730,#1611,.T.);
#3506=EDGE_CURVE('',#2889,#2888,#1612,.T.);
#3507=EDGE_CURVE('',#2728,#2889,#1613,.T.);
#3508=EDGE_CURVE('',#2890,#2728,#1614,.T.);
#3509=EDGE_CURVE('',#2890,#2889,#1615,.T.);
#3510=EDGE_CURVE('',#2731,#2890,#1616,.T.);
#3511=EDGE_CURVE('',#2891,#2731,#1617,.T.);
#3512=EDGE_CURVE('',#2891,#2890,#1618,.T.);
#3513=EDGE_CURVE('',#2732,#2891,#1619,.T.);
#3514=EDGE_CURVE('',#2892,#2732,#1620,.T.);
#3515=EDGE_CURVE('',#2892,#2891,#1621,.T.);
#3516=EDGE_CURVE('',#2733,#2892,#1622,.T.);
#3517=EDGE_CURVE('',#2893,#2733,#1623,.T.);
#3518=EDGE_CURVE('',#2893,#2892,#1624,.T.);
#3519=EDGE_CURVE('',#2734,#2893,#1625,.T.);
#3520=EDGE_CURVE('',#2894,#2734,#1626,.T.);
#3521=EDGE_CURVE('',#2894,#2893,#1627,.T.);
#3522=EDGE_CURVE('',#2727,#2894,#1628,.T.);
#3523=EDGE_CURVE('',#2895,#2727,#1629,.T.);
#3524=EDGE_CURVE('',#2895,#2894,#1630,.T.);
#3525=EDGE_CURVE('',#2726,#2895,#1631,.T.);
#3526=EDGE_CURVE('',#2896,#2726,#1632,.T.);
#3527=EDGE_CURVE('',#2896,#2895,#1633,.T.);
#3528=EDGE_CURVE('',#2725,#2896,#1634,.T.);
#3529=EDGE_CURVE('',#2897,#2725,#1635,.T.);
#3530=EDGE_CURVE('',#2897,#2896,#1636,.T.);
#3531=EDGE_CURVE('',#2724,#2897,#1637,.T.);
#3532=EDGE_CURVE('',#2898,#2724,#1638,.T.);
#3533=EDGE_CURVE('',#2898,#2897,#1639,.T.);
#3534=EDGE_CURVE('',#2723,#2898,#1640,.T.);
#3535=EDGE_CURVE('',#2899,#2723,#1641,.T.);
#3536=EDGE_CURVE('',#2899,#2898,#1642,.T.);
#3537=EDGE_CURVE('',#2721,#2899,#1643,.T.);
#3538=EDGE_CURVE('',#2900,#2721,#1644,.T.);
#3539=EDGE_CURVE('',#2900,#2899,#1645,.T.);
#3540=EDGE_CURVE('',#2900,#2722,#1646,.T.);
#3541=EDGE_CURVE('',#2901,#2722,#1647,.T.);
#3542=EDGE_CURVE('',#2900,#2901,#1648,.T.);
#3543=EDGE_CURVE('',#2901,#2752,#1649,.T.);
#3544=EDGE_CURVE('',#2902,#2752,#1650,.T.);
#3545=EDGE_CURVE('',#2901,#2902,#1651,.T.);
#3546=EDGE_CURVE('',#2902,#2754,#1652,.T.);
#3547=EDGE_CURVE('',#2903,#2754,#1653,.T.);
#3548=EDGE_CURVE('',#2902,#2903,#1654,.T.);
#3549=EDGE_CURVE('',#2903,#2756,#1655,.T.);
#3550=EDGE_CURVE('',#2904,#2756,#1656,.T.);
#3551=EDGE_CURVE('',#2903,#2904,#1657,.T.);
#3552=EDGE_CURVE('',#2904,#2758,#1658,.T.);
#3553=EDGE_CURVE('',#2905,#2758,#1659,.T.);
#3554=EDGE_CURVE('',#2904,#2905,#1660,.T.);
#3555=EDGE_CURVE('',#2905,#2769,#1661,.T.);
#3556=EDGE_CURVE('',#2906,#2769,#1662,.T.);
#3557=EDGE_CURVE('',#2905,#2906,#1663,.T.);
#3558=EDGE_CURVE('',#2906,#2767,#1664,.T.);
#3559=EDGE_CURVE('',#2906,#2883,#1665,.T.);
#3560=EDGE_CURVE('',#2907,#2741,#1666,.T.);
#3561=EDGE_CURVE('',#2907,#2742,#1667,.T.);
#3562=EDGE_CURVE('',#2908,#2741,#1668,.T.);
#3563=EDGE_CURVE('',#2907,#2908,#1669,.T.);
#3564=EDGE_CURVE('',#2908,#2740,#1670,.T.);
#3565=EDGE_CURVE('',#2909,#2740,#1671,.T.);
#3566=EDGE_CURVE('',#2908,#2909,#1672,.T.);
#3567=EDGE_CURVE('',#2909,#2739,#1673,.T.);
#3568=EDGE_CURVE('',#2910,#2739,#1674,.T.);
#3569=EDGE_CURVE('',#2909,#2910,#1675,.T.);
#3570=EDGE_CURVE('',#2910,#2738,#1676,.T.);
#3571=EDGE_CURVE('',#2911,#2738,#1677,.T.);
#3572=EDGE_CURVE('',#2910,#2911,#1678,.T.);
#3573=EDGE_CURVE('',#2911,#2735,#1679,.T.);
#3574=EDGE_CURVE('',#2912,#2735,#1680,.T.);
#3575=EDGE_CURVE('',#2911,#2912,#1681,.T.);
#3576=EDGE_CURVE('',#2737,#2912,#1682,.T.);
#3577=EDGE_CURVE('',#2913,#2737,#1683,.T.);
#3578=EDGE_CURVE('',#2913,#2912,#1684,.T.);
#3579=EDGE_CURVE('',#2762,#2913,#1685,.T.);
#3580=EDGE_CURVE('',#2914,#2762,#1686,.T.);
#3581=EDGE_CURVE('',#2914,#2913,#1687,.T.);
#3582=EDGE_CURVE('',#2764,#2914,#1688,.T.);
#3583=EDGE_CURVE('',#2915,#2764,#1689,.T.);
#3584=EDGE_CURVE('',#2915,#2914,#1690,.T.);
#3585=EDGE_CURVE('',#2766,#2915,#1691,.T.);
#3586=EDGE_CURVE('',#2916,#2766,#1692,.T.);
#3587=EDGE_CURVE('',#2916,#2915,#1693,.T.);
#3588=EDGE_CURVE('',#2768,#2916,#1694,.T.);
#3589=EDGE_CURVE('',#2917,#2768,#1695,.T.);
#3590=EDGE_CURVE('',#2917,#2916,#1696,.T.);
#3591=EDGE_CURVE('',#2770,#2917,#1697,.T.);
#3592=EDGE_CURVE('',#2918,#2770,#1698,.T.);
#3593=EDGE_CURVE('',#2918,#2917,#1699,.T.);
#3594=EDGE_CURVE('',#2757,#2918,#1700,.T.);
#3595=EDGE_CURVE('',#2919,#2757,#1701,.T.);
#3596=EDGE_CURVE('',#2919,#2918,#1702,.T.);
#3597=EDGE_CURVE('',#2755,#2919,#1703,.T.);
#3598=EDGE_CURVE('',#2920,#2755,#1704,.T.);
#3599=EDGE_CURVE('',#2920,#2919,#1705,.T.);
#3600=EDGE_CURVE('',#2753,#2920,#1706,.T.);
#3601=EDGE_CURVE('',#2921,#2753,#1707,.T.);
#3602=EDGE_CURVE('',#2921,#2920,#1708,.T.);
#3603=EDGE_CURVE('',#2751,#2921,#1709,.T.);
#3604=EDGE_CURVE('',#2922,#2751,#1710,.T.);
#3605=EDGE_CURVE('',#2922,#2921,#1711,.T.);
#3606=EDGE_CURVE('',#2750,#2922,#1712,.T.);
#3607=EDGE_CURVE('',#2923,#2750,#1713,.T.);
#3608=EDGE_CURVE('',#2923,#2922,#1714,.T.);
#3609=EDGE_CURVE('',#2749,#2923,#1715,.T.);
#3610=EDGE_CURVE('',#2924,#2749,#1716,.T.);
#3611=EDGE_CURVE('',#2924,#2923,#1717,.T.);
#3612=EDGE_CURVE('',#2924,#2748,#1718,.T.);
#3613=EDGE_CURVE('',#2925,#2748,#1719,.T.);
#3614=EDGE_CURVE('',#2924,#2925,#1720,.T.);
#3615=EDGE_CURVE('',#2925,#2747,#1721,.T.);
#3616=EDGE_CURVE('',#2926,#2747,#1722,.T.);
#3617=EDGE_CURVE('',#2925,#2926,#1723,.T.);
#3618=EDGE_CURVE('',#2926,#2746,#1724,.T.);
#3619=EDGE_CURVE('',#2927,#2746,#1725,.T.);
#3620=EDGE_CURVE('',#2926,#2927,#1726,.T.);
#3621=EDGE_CURVE('',#2927,#2745,#1727,.T.);
#3622=EDGE_CURVE('',#2928,#2745,#1728,.T.);
#3623=EDGE_CURVE('',#2927,#2928,#1729,.T.);
#3624=EDGE_CURVE('',#2928,#2744,#1730,.T.);
#3625=EDGE_CURVE('',#2929,#2744,#1731,.T.);
#3626=EDGE_CURVE('',#2928,#2929,#1732,.T.);
#3627=EDGE_CURVE('',#2929,#2743,#1733,.T.);
#3628=EDGE_CURVE('',#2930,#2743,#1734,.T.);
#3629=EDGE_CURVE('',#2929,#2930,#1735,.T.);
#3630=EDGE_CURVE('',#2930,#2742,#1736,.T.);
#3631=EDGE_CURVE('',#2930,#2907,#1737,.T.);
#3632=EDGE_CURVE('',#2874,#2931,#1738,.T.);
#3633=EDGE_CURVE('',#2874,#2932,#1739,.T.);
#3634=EDGE_CURVE('',#2932,#2931,#1740,.T.);
#3635=EDGE_CURVE('',#2877,#2931,#1741,.T.);
#3636=EDGE_CURVE('',#2875,#2932,#1742,.T.);
#3637=EDGE_CURVE('',#2875,#2933,#1743,.T.);
#3638=EDGE_CURVE('',#2933,#2932,#1744,.T.);
#3639=EDGE_CURVE('',#2934,#2935,#1745,.T.);
#3640=EDGE_CURVE('',#2936,#2935,#1746,.T.);
#3641=EDGE_CURVE('',#2934,#2936,#1747,.T.);
#3642=EDGE_CURVE('',#2937,#2935,#1748,.T.);
#3643=EDGE_CURVE('',#2934,#2937,#1749,.T.);
#3644=EDGE_CURVE('',#2938,#2935,#1750,.T.);
#3645=EDGE_CURVE('',#2936,#2938,#1751,.T.);
#3646=EDGE_CURVE('',#2938,#2703,#1752,.T.);
#3647=EDGE_CURVE('',#2935,#2703,#1753,.T.);
#3648=EDGE_CURVE('',#2934,#2704,#1754,.T.);
#3649=EDGE_CURVE('',#2934,#2939,#1755,.T.);
#3650=EDGE_CURVE('',#2939,#2704,#1756,.T.);
#3651=EDGE_CURVE('',#2937,#2704,#1757,.T.);
#3652=EDGE_CURVE('',#2703,#2922,#1758,.T.);
#3653=EDGE_CURVE('',#2703,#2923,#1759,.T.);
#3654=EDGE_CURVE('',#2703,#2940,#1760,.T.);
#3655=EDGE_CURVE('',#2940,#2922,#1761,.T.);
#3656=EDGE_CURVE('',#2938,#2940,#1762,.T.);
#3657=EDGE_CURVE('',#2938,#2673,#1763,.T.);
#3658=EDGE_CURVE('',#2673,#2940,#1764,.T.);
#3659=EDGE_CURVE('',#2941,#2679,#1765,.T.);
#3660=EDGE_CURVE('',#2940,#2941,#1766,.T.);
#3661=EDGE_CURVE('',#2940,#2679,#1767,.T.);
#3662=EDGE_CURVE('',#2941,#2695,#1768,.T.);
#3663=EDGE_CURVE('',#2674,#2694,#1769,.T.);
#3664=EDGE_CURVE('',#2674,#2941,#1770,.T.);
#3665=EDGE_CURVE('',#2914,#2887,#1771,.T.);
#3666=EDGE_CURVE('',#2913,#2887,#1772,.T.);
#3667=EDGE_CURVE('',#2914,#2886,#1773,.T.);
#3668=EDGE_CURVE('',#2915,#2886,#1774,.T.);
#3669=EDGE_CURVE('',#2915,#2885,#1775,.T.);
#3670=EDGE_CURVE('',#2916,#2885,#1776,.T.);
#3671=EDGE_CURVE('',#2916,#2884,#1777,.T.);
#3672=EDGE_CURVE('',#2917,#2884,#1778,.T.);
#3673=EDGE_CURVE('',#2917,#2883,#1779,.T.);
#3674=EDGE_CURVE('',#2918,#2883,#1780,.T.);
#3675=EDGE_CURVE('',#2918,#2906,#1781,.T.);
#3676=EDGE_CURVE('',#2919,#2906,#1782,.T.);
#3677=EDGE_CURVE('',#2919,#2905,#1783,.T.);
#3678=EDGE_CURVE('',#2920,#2905,#1784,.T.);
#3679=EDGE_CURVE('',#2920,#2904,#1785,.T.);
#3680=EDGE_CURVE('',#2921,#2904,#1786,.T.);
#3681=EDGE_CURVE('',#2921,#2903,#1787,.T.);
#3682=EDGE_CURVE('',#2922,#2903,#1788,.T.);
#3683=EDGE_CURVE('',#2922,#2902,#1789,.T.);
#3684=EDGE_CURVE('',#2940,#2902,#1790,.T.);
#3685=EDGE_CURVE('',#2940,#2901,#1791,.T.);
#3686=EDGE_CURVE('',#2940,#2900,#1792,.T.);
#3687=EDGE_CURVE('',#2679,#2900,#1793,.T.);
#3688=EDGE_CURVE('',#2679,#2899,#1794,.T.);
#3689=EDGE_CURVE('',#2679,#2898,#1795,.T.);
#3690=EDGE_CURVE('',#2679,#2897,#1796,.T.);
#3691=EDGE_CURVE('',#2679,#2896,#1797,.T.);
#3692=EDGE_CURVE('',#2679,#2895,#1798,.T.);
#3693=EDGE_CURVE('',#2679,#2894,#1799,.T.);
#3694=EDGE_CURVE('',#2894,#2882,#1800,.T.);
#3695=EDGE_CURVE('',#2893,#2882,#1801,.T.);
#3696=EDGE_CURVE('',#2892,#2882,#1802,.T.);
#3697=EDGE_CURVE('',#2891,#2882,#1803,.T.);
#3698=EDGE_CURVE('',#2890,#2882,#1804,.T.);
#3699=EDGE_CURVE('',#2889,#2882,#1805,.T.);
#3700=EDGE_CURVE('',#2888,#2882,#1806,.T.);
#3701=EDGE_CURVE('',#2887,#2882,#1807,.T.);
#3702=EDGE_CURVE('',#2913,#2882,#1808,.T.);
#3703=EDGE_CURVE('',#2913,#2881,#1809,.T.);
#3704=EDGE_CURVE('',#2912,#2881,#1810,.T.);
#3705=EDGE_CURVE('',#2911,#2881,#1811,.T.);
#3706=EDGE_CURVE('',#2910,#2881,#1812,.T.);
#3707=EDGE_CURVE('',#2909,#2881,#1813,.T.);
#3708=EDGE_CURVE('',#2908,#2881,#1814,.T.);
#3709=EDGE_CURVE('',#2907,#2881,#1815,.T.);
#3710=EDGE_CURVE('',#2930,#2881,#1816,.T.);
#3711=EDGE_CURVE('',#2880,#2930,#1817,.T.);
#3712=EDGE_CURVE('',#2880,#2929,#1818,.T.);
#3713=EDGE_CURVE('',#2880,#2928,#1819,.T.);
#3714=EDGE_CURVE('',#2880,#2927,#1820,.T.);
#3715=EDGE_CURVE('',#2880,#2926,#1821,.T.);
#3716=EDGE_CURVE('',#2880,#2925,#1822,.T.);
#3717=EDGE_CURVE('',#2880,#2924,#1823,.T.);
#3718=EDGE_CURVE('',#2880,#2923,#1824,.T.);
#3719=EDGE_CURVE('',#2703,#2880,#1825,.T.);
#3720=EDGE_CURVE('',#2939,#2716,#1826,.T.);
#3721=EDGE_CURVE('',#2676,#2939,#1827,.T.);
#3722=EDGE_CURVE('',#2676,#2938,#1828,.T.);
#3723=EDGE_CURVE('',#2939,#2938,#1829,.T.);
#3724=EDGE_CURVE('',#2936,#2939,#1830,.T.);
#3725=EDGE_CURVE('',#2937,#2703,#1831,.T.);
#3726=EDGE_CURVE('',#2933,#2931,#1832,.T.);
#3727=EDGE_CURVE('',#2942,#2931,#1833,.T.);
#3728=EDGE_CURVE('',#2933,#2942,#1834,.T.);
#3729=EDGE_CURVE('',#2876,#2933,#1835,.T.);
#3730=EDGE_CURVE('',#2876,#2942,#1836,.T.);
#3731=EDGE_CURVE('',#2877,#2942,#1837,.T.);
#3732=EDGE_CURVE('',#2943,#2944,#1838,.T.);
#3733=EDGE_CURVE('',#2945,#2944,#1839,.T.);
#3734=EDGE_CURVE('',#2943,#2945,#1840,.T.);
#3735=EDGE_CURVE('',#2946,#2944,#1841,.T.);
#3736=EDGE_CURVE('',#2943,#2946,#1842,.T.);
#3737=EDGE_CURVE('',#2878,#2943,#1843,.T.);
#3738=EDGE_CURVE('',#2878,#2946,#1844,.T.);
#3739=EDGE_CURVE('',#2841,#2943,#1845,.T.);
#3740=EDGE_CURVE('',#2879,#2946,#1846,.T.);
#3741=EDGE_CURVE('',#2879,#2944,#1847,.T.);
#3742=EDGE_CURVE('',#2684,#2944,#1848,.T.);
#3743=EDGE_CURVE('',#2684,#2945,#1849,.T.);
#3744=EDGE_CURVE('',#2841,#2945,#1850,.T.);
#3745=EDGE_CURVE('',#2947,#2948,#1851,.T.);
#3746=EDGE_CURVE('',#2949,#2948,#1852,.T.);
#3747=EDGE_CURVE('',#2947,#2949,#1853,.T.);
#3748=EDGE_CURVE('',#2950,#2948,#1854,.T.);
#3749=EDGE_CURVE('',#2947,#2950,#1855,.T.);
#3750=EDGE_CURVE('',#2947,#2940,#1856,.T.);
#3751=EDGE_CURVE('',#2950,#2940,#1857,.T.);
#3752=EDGE_CURVE('',#2947,#2673,#1858,.T.);
#3753=EDGE_CURVE('',#2950,#2941,#1859,.T.);
#3754=EDGE_CURVE('',#2948,#2941,#1860,.T.);
#3755=EDGE_CURVE('',#2674,#2948,#1861,.T.);
#3756=EDGE_CURVE('',#2949,#2674,#1862,.T.);
#3757=EDGE_CURVE('',#2949,#2673,#1863,.T.);
#3758=ORIENTED_EDGE('',*,*,#2951,.T.);
#3759=ORIENTED_EDGE('',*,*,#2952,.T.);
#3760=ORIENTED_EDGE('',*,*,#2953,.T.);
#3761=ORIENTED_EDGE('',*,*,#2954,.F.);
#3762=ORIENTED_EDGE('',*,*,#2955,.T.);
#3763=ORIENTED_EDGE('',*,*,#2956,.F.);
#3764=ORIENTED_EDGE('',*,*,#2957,.T.);
#3765=ORIENTED_EDGE('',*,*,#2952,.F.);
#3766=ORIENTED_EDGE('',*,*,#2958,.T.);
#3767=ORIENTED_EDGE('',*,*,#2959,.F.);
#3768=ORIENTED_EDGE('',*,*,#2960,.T.);
#3769=ORIENTED_EDGE('',*,*,#2961,.T.);
#3770=ORIENTED_EDGE('',*,*,#2962,.T.);
#3771=ORIENTED_EDGE('',*,*,#2963,.F.);
#3772=ORIENTED_EDGE('',*,*,#2959,.T.);
#3773=ORIENTED_EDGE('',*,*,#2964,.T.);
#3774=ORIENTED_EDGE('',*,*,#2965,.T.);
#3775=ORIENTED_EDGE('',*,*,#2966,.T.);
#3776=ORIENTED_EDGE('',*,*,#2967,.T.);
#3777=ORIENTED_EDGE('',*,*,#2968,.F.);
#3778=ORIENTED_EDGE('',*,*,#2969,.T.);
#3779=ORIENTED_EDGE('',*,*,#2965,.F.);
#3780=ORIENTED_EDGE('',*,*,#2970,.T.);
#3781=ORIENTED_EDGE('',*,*,#2971,.F.);
#3782=ORIENTED_EDGE('',*,*,#2972,.T.);
#3783=ORIENTED_EDGE('',*,*,#2968,.T.);
#3784=ORIENTED_EDGE('',*,*,#2973,.T.);
#3785=ORIENTED_EDGE('',*,*,#2974,.F.);
#3786=ORIENTED_EDGE('',*,*,#2971,.T.);
#3787=ORIENTED_EDGE('',*,*,#2975,.F.);
#3788=ORIENTED_EDGE('',*,*,#2976,.F.);
#3789=ORIENTED_EDGE('',*,*,#2973,.F.);
#3790=ORIENTED_EDGE('',*,*,#2970,.F.);
#3791=ORIENTED_EDGE('',*,*,#2967,.F.);
#3792=ORIENTED_EDGE('',*,*,#2964,.F.);
#3793=ORIENTED_EDGE('',*,*,#2977,.F.);
#3794=ORIENTED_EDGE('',*,*,#2978,.F.);
#3795=ORIENTED_EDGE('',*,*,#2979,.F.);
#3796=ORIENTED_EDGE('',*,*,#2955,.F.);
#3797=ORIENTED_EDGE('',*,*,#2951,.F.);
#3798=ORIENTED_EDGE('',*,*,#2980,.F.);
#3799=ORIENTED_EDGE('',*,*,#2981,.F.);
#3800=ORIENTED_EDGE('',*,*,#2982,.F.);
#3801=ORIENTED_EDGE('',*,*,#2962,.F.);
#3802=ORIENTED_EDGE('',*,*,#2958,.F.);
#3803=ORIENTED_EDGE('',*,*,#2983,.F.);
#3804=ORIENTED_EDGE('',*,*,#2984,.F.);
#3805=ORIENTED_EDGE('',*,*,#2976,.T.);
#3806=ORIENTED_EDGE('',*,*,#2985,.F.);
#3807=ORIENTED_EDGE('',*,*,#2974,.T.);
#3808=ORIENTED_EDGE('',*,*,#2975,.T.);
#3809=ORIENTED_EDGE('',*,*,#2986,.F.);
#3810=ORIENTED_EDGE('',*,*,#2987,.F.);
#3811=ORIENTED_EDGE('',*,*,#2985,.T.);
#3812=ORIENTED_EDGE('',*,*,#2988,.T.);
#3813=ORIENTED_EDGE('',*,*,#2989,.T.);
#3814=ORIENTED_EDGE('',*,*,#2990,.F.);
#3815=ORIENTED_EDGE('',*,*,#2991,.T.);
#3816=ORIENTED_EDGE('',*,*,#2992,.F.);
#3817=ORIENTED_EDGE('',*,*,#2993,.F.);
#3818=ORIENTED_EDGE('',*,*,#2994,.T.);
#3819=ORIENTED_EDGE('',*,*,#2995,.T.);
#3820=ORIENTED_EDGE('',*,*,#2996,.T.);
#3821=ORIENTED_EDGE('',*,*,#2989,.F.);
#3822=ORIENTED_EDGE('',*,*,#2997,.T.);
#3823=ORIENTED_EDGE('',*,*,#2998,.F.);
#3824=ORIENTED_EDGE('',*,*,#2999,.T.);
#3825=ORIENTED_EDGE('',*,*,#3000,.F.);
#3826=ORIENTED_EDGE('',*,*,#3001,.F.);
#3827=ORIENTED_EDGE('',*,*,#3002,.T.);
#3828=ORIENTED_EDGE('',*,*,#3003,.T.);
#3829=ORIENTED_EDGE('',*,*,#3004,.T.);
#3830=ORIENTED_EDGE('',*,*,#3005,.T.);
#3831=ORIENTED_EDGE('',*,*,#2996,.F.);
#3832=ORIENTED_EDGE('',*,*,#3006,.T.);
#3833=ORIENTED_EDGE('',*,*,#3007,.T.);
#3834=ORIENTED_EDGE('',*,*,#3008,.F.);
#3835=ORIENTED_EDGE('',*,*,#3005,.F.);
#3836=ORIENTED_EDGE('',*,*,#3009,.T.);
#3837=ORIENTED_EDGE('',*,*,#3010,.F.);
#3838=ORIENTED_EDGE('',*,*,#3011,.T.);
#3839=ORIENTED_EDGE('',*,*,#3012,.T.);
#3840=ORIENTED_EDGE('',*,*,#3001,.T.);
#3841=ORIENTED_EDGE('',*,*,#3007,.F.);
#3842=ORIENTED_EDGE('',*,*,#2991,.F.);
#3843=ORIENTED_EDGE('',*,*,#3013,.F.);
#3844=ORIENTED_EDGE('',*,*,#3014,.F.);
#3845=ORIENTED_EDGE('',*,*,#3009,.F.);
#3846=ORIENTED_EDGE('',*,*,#3015,.F.);
#3847=ORIENTED_EDGE('',*,*,#2997,.F.);
#3848=ORIENTED_EDGE('',*,*,#3016,.T.);
#3849=ORIENTED_EDGE('',*,*,#3017,.F.);
#3850=ORIENTED_EDGE('',*,*,#3018,.F.);
#3851=ORIENTED_EDGE('',*,*,#3019,.F.);
#3852=ORIENTED_EDGE('',*,*,#3002,.F.);
#3853=ORIENTED_EDGE('',*,*,#3012,.F.);
#3854=ORIENTED_EDGE('',*,*,#3006,.F.);
#3855=ORIENTED_EDGE('',*,*,#3004,.F.);
#3856=ORIENTED_EDGE('',*,*,#2995,.F.);
#3857=ORIENTED_EDGE('',*,*,#2988,.F.);
#3858=ORIENTED_EDGE('',*,*,#3020,.F.);
#3859=ORIENTED_EDGE('',*,*,#3016,.F.);
#3860=ORIENTED_EDGE('',*,*,#3003,.F.);
#3861=ORIENTED_EDGE('',*,*,#3019,.T.);
#3862=ORIENTED_EDGE('',*,*,#3021,.T.);
#3863=ORIENTED_EDGE('',*,*,#3022,.F.);
#3864=ORIENTED_EDGE('',*,*,#3023,.F.);
#3865=ORIENTED_EDGE('',*,*,#3024,.T.);
#3866=ORIENTED_EDGE('',*,*,#3021,.F.);
#3867=ORIENTED_EDGE('',*,*,#3025,.T.);
#3868=ORIENTED_EDGE('',*,*,#3015,.T.);
#3869=ORIENTED_EDGE('',*,*,#3011,.F.);
#3870=ORIENTED_EDGE('',*,*,#3024,.F.);
#3871=ORIENTED_EDGE('',*,*,#2998,.T.);
#3872=ORIENTED_EDGE('',*,*,#2983,.T.);
#3873=ORIENTED_EDGE('',*,*,#2961,.F.);
#3874=ORIENTED_EDGE('',*,*,#3026,.F.);
#3875=ORIENTED_EDGE('',*,*,#2984,.T.);
#3876=ORIENTED_EDGE('',*,*,#3026,.T.);
#3877=ORIENTED_EDGE('',*,*,#3027,.F.);
#3878=ORIENTED_EDGE('',*,*,#2986,.T.);
#3879=ORIENTED_EDGE('',*,*,#3028,.T.);
#3880=ORIENTED_EDGE('',*,*,#3029,.T.);
#3881=ORIENTED_EDGE('',*,*,#3030,.F.);
#3882=ORIENTED_EDGE('',*,*,#3031,.T.);
#3883=ORIENTED_EDGE('',*,*,#3032,.F.);
#3884=ORIENTED_EDGE('',*,*,#3028,.F.);
#3885=ORIENTED_EDGE('',*,*,#3033,.F.);
#3886=ORIENTED_EDGE('',*,*,#3031,.F.);
#3887=ORIENTED_EDGE('',*,*,#3034,.T.);
#3888=ORIENTED_EDGE('',*,*,#3035,.T.);
#3889=ORIENTED_EDGE('',*,*,#3036,.F.);
#3890=ORIENTED_EDGE('',*,*,#3034,.F.);
#3891=ORIENTED_EDGE('',*,*,#3037,.T.);
#3892=ORIENTED_EDGE('',*,*,#3038,.F.);
#3893=ORIENTED_EDGE('',*,*,#3035,.F.);
#3894=ORIENTED_EDGE('',*,*,#3039,.F.);
#3895=ORIENTED_EDGE('',*,*,#3037,.F.);
#3896=ORIENTED_EDGE('',*,*,#3040,.T.);
#3897=ORIENTED_EDGE('',*,*,#3041,.T.);
#3898=ORIENTED_EDGE('',*,*,#3042,.F.);
#3899=ORIENTED_EDGE('',*,*,#3043,.F.);
#3900=ORIENTED_EDGE('',*,*,#3044,.T.);
#3901=ORIENTED_EDGE('',*,*,#3041,.F.);
#3902=ORIENTED_EDGE('',*,*,#3045,.F.);
#3903=ORIENTED_EDGE('',*,*,#3046,.T.);
#3904=ORIENTED_EDGE('',*,*,#3044,.F.);
#3905=ORIENTED_EDGE('',*,*,#3047,.F.);
#3906=ORIENTED_EDGE('',*,*,#3048,.T.);
#3907=ORIENTED_EDGE('',*,*,#3046,.F.);
#3908=ORIENTED_EDGE('',*,*,#3049,.F.);
#3909=ORIENTED_EDGE('',*,*,#3050,.T.);
#3910=ORIENTED_EDGE('',*,*,#3048,.F.);
#3911=ORIENTED_EDGE('',*,*,#3051,.F.);
#3912=ORIENTED_EDGE('',*,*,#3052,.F.);
#3913=ORIENTED_EDGE('',*,*,#3053,.T.);
#3914=ORIENTED_EDGE('',*,*,#3050,.F.);
#3915=ORIENTED_EDGE('',*,*,#3040,.F.);
#3916=ORIENTED_EDGE('',*,*,#3052,.T.);
#3917=ORIENTED_EDGE('',*,*,#3054,.F.);
#3918=ORIENTED_EDGE('',*,*,#3055,.F.);
#3919=ORIENTED_EDGE('',*,*,#3056,.F.);
#3920=ORIENTED_EDGE('',*,*,#3057,.T.);
#3921=ORIENTED_EDGE('',*,*,#3058,.T.);
#3922=ORIENTED_EDGE('',*,*,#3055,.T.);
#3923=ORIENTED_EDGE('',*,*,#3059,.F.);
#3924=ORIENTED_EDGE('',*,*,#3060,.F.);
#3925=ORIENTED_EDGE('',*,*,#3061,.T.);
#3926=ORIENTED_EDGE('',*,*,#3059,.T.);
#3927=ORIENTED_EDGE('',*,*,#3062,.F.);
#3928=ORIENTED_EDGE('',*,*,#3063,.T.);
#3929=ORIENTED_EDGE('',*,*,#3060,.T.);
#3930=ORIENTED_EDGE('',*,*,#3064,.T.);
#3931=ORIENTED_EDGE('',*,*,#3062,.T.);
#3932=ORIENTED_EDGE('',*,*,#3065,.F.);
#3933=ORIENTED_EDGE('',*,*,#3066,.F.);
#3934=ORIENTED_EDGE('',*,*,#3067,.T.);
#3935=ORIENTED_EDGE('',*,*,#3065,.T.);
#3936=ORIENTED_EDGE('',*,*,#3068,.F.);
#3937=ORIENTED_EDGE('',*,*,#3069,.T.);
#3938=ORIENTED_EDGE('',*,*,#3066,.T.);
#3939=ORIENTED_EDGE('',*,*,#3070,.T.);
#3940=ORIENTED_EDGE('',*,*,#3068,.T.);
#3941=ORIENTED_EDGE('',*,*,#3071,.F.);
#3942=ORIENTED_EDGE('',*,*,#3072,.T.);
#3943=ORIENTED_EDGE('',*,*,#3070,.F.);
#3944=ORIENTED_EDGE('',*,*,#3073,.T.);
#3945=ORIENTED_EDGE('',*,*,#3074,.T.);
#3946=ORIENTED_EDGE('',*,*,#3075,.T.);
#3947=ORIENTED_EDGE('',*,*,#3073,.F.);
#3948=ORIENTED_EDGE('',*,*,#3076,.T.);
#3949=ORIENTED_EDGE('',*,*,#3077,.T.);
#3950=ORIENTED_EDGE('',*,*,#3074,.F.);
#3951=ORIENTED_EDGE('',*,*,#3078,.T.);
#3952=ORIENTED_EDGE('',*,*,#3076,.F.);
#3953=ORIENTED_EDGE('',*,*,#3079,.T.);
#3954=ORIENTED_EDGE('',*,*,#3080,.T.);
#3955=ORIENTED_EDGE('',*,*,#3081,.T.);
#3956=ORIENTED_EDGE('',*,*,#3079,.F.);
#3957=ORIENTED_EDGE('',*,*,#3082,.T.);
#3958=ORIENTED_EDGE('',*,*,#3083,.T.);
#3959=ORIENTED_EDGE('',*,*,#3080,.F.);
#3960=ORIENTED_EDGE('',*,*,#3084,.F.);
#3961=ORIENTED_EDGE('',*,*,#3082,.F.);
#3962=ORIENTED_EDGE('',*,*,#3085,.T.);
#3963=ORIENTED_EDGE('',*,*,#3086,.F.);
#3964=ORIENTED_EDGE('',*,*,#2999,.F.);
#3965=ORIENTED_EDGE('',*,*,#3027,.T.);
#3966=ORIENTED_EDGE('',*,*,#3087,.T.);
#3967=ORIENTED_EDGE('',*,*,#3085,.F.);
#3968=ORIENTED_EDGE('',*,*,#3086,.T.);
#3969=ORIENTED_EDGE('',*,*,#3088,.F.);
#3970=ORIENTED_EDGE('',*,*,#3087,.F.);
#3971=ORIENTED_EDGE('',*,*,#3030,.T.);
#3972=ORIENTED_EDGE('',*,*,#3089,.T.);
#3973=ORIENTED_EDGE('',*,*,#3090,.F.);
#3974=ORIENTED_EDGE('',*,*,#3088,.T.);
#3975=ORIENTED_EDGE('',*,*,#3091,.F.);
#3976=ORIENTED_EDGE('',*,*,#3089,.F.);
#3977=ORIENTED_EDGE('',*,*,#3092,.T.);
#3978=ORIENTED_EDGE('',*,*,#3093,.T.);
#3979=ORIENTED_EDGE('',*,*,#3094,.F.);
#3980=ORIENTED_EDGE('',*,*,#3091,.T.);
#3981=ORIENTED_EDGE('',*,*,#3095,.F.);
#3982=ORIENTED_EDGE('',*,*,#3093,.F.);
#3983=ORIENTED_EDGE('',*,*,#3096,.T.);
#3984=ORIENTED_EDGE('',*,*,#3097,.T.);
#3985=ORIENTED_EDGE('',*,*,#3098,.F.);
#3986=ORIENTED_EDGE('',*,*,#3095,.T.);
#3987=ORIENTED_EDGE('',*,*,#3099,.F.);
#3988=ORIENTED_EDGE('',*,*,#3097,.F.);
#3989=ORIENTED_EDGE('',*,*,#3100,.T.);
#3990=ORIENTED_EDGE('',*,*,#3101,.T.);
#3991=ORIENTED_EDGE('',*,*,#3102,.F.);
#3992=ORIENTED_EDGE('',*,*,#3099,.T.);
#3993=ORIENTED_EDGE('',*,*,#3103,.F.);
#3994=ORIENTED_EDGE('',*,*,#3101,.F.);
#3995=ORIENTED_EDGE('',*,*,#3104,.T.);
#3996=ORIENTED_EDGE('',*,*,#3105,.F.);
#3997=ORIENTED_EDGE('',*,*,#3106,.F.);
#3998=ORIENTED_EDGE('',*,*,#3042,.T.);
#3999=ORIENTED_EDGE('',*,*,#3107,.F.);
#4000=ORIENTED_EDGE('',*,*,#3108,.T.);
#4001=ORIENTED_EDGE('',*,*,#3105,.T.);
#4002=ORIENTED_EDGE('',*,*,#3109,.F.);
#4003=ORIENTED_EDGE('',*,*,#3107,.T.);
#4004=ORIENTED_EDGE('',*,*,#3110,.F.);
#4005=ORIENTED_EDGE('',*,*,#3111,.T.);
#4006=ORIENTED_EDGE('',*,*,#3109,.T.);
#4007=ORIENTED_EDGE('',*,*,#3057,.F.);
#4008=ORIENTED_EDGE('',*,*,#3112,.F.);
#4009=ORIENTED_EDGE('',*,*,#3113,.T.);
#4010=ORIENTED_EDGE('',*,*,#3111,.F.);
#4011=ORIENTED_EDGE('',*,*,#3114,.T.);
#4012=ORIENTED_EDGE('',*,*,#3112,.T.);
#4013=ORIENTED_EDGE('',*,*,#3115,.F.);
#4014=ORIENTED_EDGE('',*,*,#3116,.F.);
#4015=ORIENTED_EDGE('',*,*,#3117,.T.);
#4016=ORIENTED_EDGE('',*,*,#3114,.F.);
#4017=ORIENTED_EDGE('',*,*,#3118,.T.);
#4018=ORIENTED_EDGE('',*,*,#3116,.T.);
#4019=ORIENTED_EDGE('',*,*,#3119,.F.);
#4020=ORIENTED_EDGE('',*,*,#3120,.F.);
#4021=ORIENTED_EDGE('',*,*,#3121,.T.);
#4022=ORIENTED_EDGE('',*,*,#3118,.F.);
#4023=ORIENTED_EDGE('',*,*,#3122,.T.);
#4024=ORIENTED_EDGE('',*,*,#3120,.T.);
#4025=ORIENTED_EDGE('',*,*,#3123,.F.);
#4026=ORIENTED_EDGE('',*,*,#3124,.F.);
#4027=ORIENTED_EDGE('',*,*,#3125,.T.);
#4028=ORIENTED_EDGE('',*,*,#3122,.F.);
#4029=ORIENTED_EDGE('',*,*,#3126,.T.);
#4030=ORIENTED_EDGE('',*,*,#3124,.T.);
#4031=ORIENTED_EDGE('',*,*,#3127,.F.);
#4032=ORIENTED_EDGE('',*,*,#3128,.F.);
#4033=ORIENTED_EDGE('',*,*,#3129,.T.);
#4034=ORIENTED_EDGE('',*,*,#3126,.F.);
#4035=ORIENTED_EDGE('',*,*,#3130,.T.);
#4036=ORIENTED_EDGE('',*,*,#3128,.T.);
#4037=ORIENTED_EDGE('',*,*,#3131,.F.);
#4038=ORIENTED_EDGE('',*,*,#3132,.F.);
#4039=ORIENTED_EDGE('',*,*,#3133,.T.);
#4040=ORIENTED_EDGE('',*,*,#3130,.F.);
#4041=ORIENTED_EDGE('',*,*,#3103,.T.);
#4042=ORIENTED_EDGE('',*,*,#3132,.T.);
#4043=ORIENTED_EDGE('',*,*,#3134,.F.);
#4044=ORIENTED_EDGE('',*,*,#3025,.F.);
#4045=ORIENTED_EDGE('',*,*,#3135,.T.);
#4046=ORIENTED_EDGE('',*,*,#3136,.T.);
#4047=ORIENTED_EDGE('',*,*,#3137,.T.);
#4048=ORIENTED_EDGE('',*,*,#3138,.F.);
#4049=ORIENTED_EDGE('',*,*,#3139,.F.);
#4050=ORIENTED_EDGE('',*,*,#3140,.T.);
#4051=ORIENTED_EDGE('',*,*,#3141,.F.);
#4052=ORIENTED_EDGE('',*,*,#3137,.F.);
#4053=ORIENTED_EDGE('',*,*,#3142,.F.);
#4054=ORIENTED_EDGE('',*,*,#3140,.F.);
#4055=ORIENTED_EDGE('',*,*,#3143,.T.);
#4056=ORIENTED_EDGE('',*,*,#3144,.T.);
#4057=ORIENTED_EDGE('',*,*,#3145,.F.);
#4058=ORIENTED_EDGE('',*,*,#3143,.F.);
#4059=ORIENTED_EDGE('',*,*,#3146,.T.);
#4060=ORIENTED_EDGE('',*,*,#3147,.F.);
#4061=ORIENTED_EDGE('',*,*,#3144,.F.);
#4062=ORIENTED_EDGE('',*,*,#3148,.F.);
#4063=ORIENTED_EDGE('',*,*,#3146,.F.);
#4064=ORIENTED_EDGE('',*,*,#3149,.T.);
#4065=ORIENTED_EDGE('',*,*,#3150,.F.);
#4066=ORIENTED_EDGE('',*,*,#3151,.F.);
#4067=ORIENTED_EDGE('',*,*,#3148,.T.);
#4068=ORIENTED_EDGE('',*,*,#3152,.F.);
#4069=ORIENTED_EDGE('',*,*,#3150,.T.);
#4070=ORIENTED_EDGE('',*,*,#3153,.F.);
#4071=ORIENTED_EDGE('',*,*,#3154,.F.);
#4072=ORIENTED_EDGE('',*,*,#3155,.F.);
#4073=ORIENTED_EDGE('',*,*,#3153,.T.);
#4074=ORIENTED_EDGE('',*,*,#3156,.F.);
#4075=ORIENTED_EDGE('',*,*,#3157,.F.);
#4076=ORIENTED_EDGE('',*,*,#3154,.T.);
#4077=ORIENTED_EDGE('',*,*,#3158,.F.);
#4078=ORIENTED_EDGE('',*,*,#3156,.T.);
#4079=ORIENTED_EDGE('',*,*,#3159,.F.);
#4080=ORIENTED_EDGE('',*,*,#3160,.T.);
#4081=ORIENTED_EDGE('',*,*,#3161,.T.);
#4082=ORIENTED_EDGE('',*,*,#3162,.F.);
#4083=ORIENTED_EDGE('',*,*,#3163,.F.);
#4084=ORIENTED_EDGE('',*,*,#3160,.F.);
#4085=ORIENTED_EDGE('',*,*,#3139,.T.);
#4086=ORIENTED_EDGE('',*,*,#3164,.T.);
#4087=ORIENTED_EDGE('',*,*,#3165,.F.);
#4088=ORIENTED_EDGE('',*,*,#3166,.T.);
#4089=ORIENTED_EDGE('',*,*,#3167,.F.);
#4090=ORIENTED_EDGE('',*,*,#3164,.F.);
#4091=ORIENTED_EDGE('',*,*,#3162,.T.);
#4092=ORIENTED_EDGE('',*,*,#3168,.T.);
#4093=ORIENTED_EDGE('',*,*,#3169,.F.);
#4094=ORIENTED_EDGE('',*,*,#3167,.T.);
#4095=ORIENTED_EDGE('',*,*,#3170,.F.);
#4096=ORIENTED_EDGE('',*,*,#3168,.F.);
#4097=ORIENTED_EDGE('',*,*,#3171,.T.);
#4098=ORIENTED_EDGE('',*,*,#3172,.T.);
#4099=ORIENTED_EDGE('',*,*,#3173,.F.);
#4100=ORIENTED_EDGE('',*,*,#3170,.T.);
#4101=ORIENTED_EDGE('',*,*,#3174,.F.);
#4102=ORIENTED_EDGE('',*,*,#3172,.F.);
#4103=ORIENTED_EDGE('',*,*,#3175,.T.);
#4104=ORIENTED_EDGE('',*,*,#3176,.T.);
#4105=ORIENTED_EDGE('',*,*,#3177,.F.);
#4106=ORIENTED_EDGE('',*,*,#3174,.T.);
#4107=ORIENTED_EDGE('',*,*,#3178,.F.);
#4108=ORIENTED_EDGE('',*,*,#3176,.F.);
#4109=ORIENTED_EDGE('',*,*,#3179,.T.);
#4110=ORIENTED_EDGE('',*,*,#3180,.T.);
#4111=ORIENTED_EDGE('',*,*,#3181,.F.);
#4112=ORIENTED_EDGE('',*,*,#3178,.T.);
#4113=ORIENTED_EDGE('',*,*,#3182,.F.);
#4114=ORIENTED_EDGE('',*,*,#3180,.F.);
#4115=ORIENTED_EDGE('',*,*,#3183,.T.);
#4116=ORIENTED_EDGE('',*,*,#3184,.T.);
#4117=ORIENTED_EDGE('',*,*,#3185,.F.);
#4118=ORIENTED_EDGE('',*,*,#3182,.T.);
#4119=ORIENTED_EDGE('',*,*,#3186,.F.);
#4120=ORIENTED_EDGE('',*,*,#3184,.F.);
#4121=ORIENTED_EDGE('',*,*,#3187,.T.);
#4122=ORIENTED_EDGE('',*,*,#3188,.T.);
#4123=ORIENTED_EDGE('',*,*,#3189,.F.);
#4124=ORIENTED_EDGE('',*,*,#3186,.T.);
#4125=ORIENTED_EDGE('',*,*,#3190,.F.);
#4126=ORIENTED_EDGE('',*,*,#3188,.F.);
#4127=ORIENTED_EDGE('',*,*,#3191,.T.);
#4128=ORIENTED_EDGE('',*,*,#3192,.T.);
#4129=ORIENTED_EDGE('',*,*,#3193,.F.);
#4130=ORIENTED_EDGE('',*,*,#3190,.T.);
#4131=ORIENTED_EDGE('',*,*,#3194,.F.);
#4132=ORIENTED_EDGE('',*,*,#3192,.F.);
#4133=ORIENTED_EDGE('',*,*,#3195,.T.);
#4134=ORIENTED_EDGE('',*,*,#3196,.T.);
#4135=ORIENTED_EDGE('',*,*,#3197,.F.);
#4136=ORIENTED_EDGE('',*,*,#3194,.T.);
#4137=ORIENTED_EDGE('',*,*,#3198,.F.);
#4138=ORIENTED_EDGE('',*,*,#3196,.F.);
#4139=ORIENTED_EDGE('',*,*,#3199,.T.);
#4140=ORIENTED_EDGE('',*,*,#3200,.T.);
#4141=ORIENTED_EDGE('',*,*,#3201,.F.);
#4142=ORIENTED_EDGE('',*,*,#3198,.T.);
#4143=ORIENTED_EDGE('',*,*,#3202,.F.);
#4144=ORIENTED_EDGE('',*,*,#3200,.F.);
#4145=ORIENTED_EDGE('',*,*,#3203,.T.);
#4146=ORIENTED_EDGE('',*,*,#3204,.T.);
#4147=ORIENTED_EDGE('',*,*,#3205,.F.);
#4148=ORIENTED_EDGE('',*,*,#3202,.T.);
#4149=ORIENTED_EDGE('',*,*,#3206,.F.);
#4150=ORIENTED_EDGE('',*,*,#3204,.F.);
#4151=ORIENTED_EDGE('',*,*,#3207,.T.);
#4152=ORIENTED_EDGE('',*,*,#3208,.F.);
#4153=ORIENTED_EDGE('',*,*,#3209,.F.);
#4154=ORIENTED_EDGE('',*,*,#3159,.T.);
#4155=ORIENTED_EDGE('',*,*,#3210,.F.);
#4156=ORIENTED_EDGE('',*,*,#3211,.T.);
#4157=ORIENTED_EDGE('',*,*,#3208,.T.);
#4158=ORIENTED_EDGE('',*,*,#3212,.F.);
#4159=ORIENTED_EDGE('',*,*,#3210,.T.);
#4160=ORIENTED_EDGE('',*,*,#2987,.T.);
#4161=ORIENTED_EDGE('',*,*,#3213,.F.);
#4162=ORIENTED_EDGE('',*,*,#3206,.T.);
#4163=ORIENTED_EDGE('',*,*,#3212,.T.);
#4164=ORIENTED_EDGE('',*,*,#3214,.F.);
#4165=ORIENTED_EDGE('',*,*,#3213,.T.);
#4166=ORIENTED_EDGE('',*,*,#3136,.F.);
#4167=ORIENTED_EDGE('',*,*,#3215,.F.);
#4168=ORIENTED_EDGE('',*,*,#3216,.F.);
#4169=ORIENTED_EDGE('',*,*,#3214,.T.);
#4170=ORIENTED_EDGE('',*,*,#3217,.T.);
#4171=ORIENTED_EDGE('',*,*,#3215,.T.);
#4172=ORIENTED_EDGE('',*,*,#3218,.F.);
#4173=ORIENTED_EDGE('',*,*,#3219,.F.);
#4174=ORIENTED_EDGE('',*,*,#3220,.T.);
#4175=ORIENTED_EDGE('',*,*,#3218,.T.);
#4176=ORIENTED_EDGE('',*,*,#3221,.F.);
#4177=ORIENTED_EDGE('',*,*,#3222,.T.);
#4178=ORIENTED_EDGE('',*,*,#3219,.T.);
#4179=ORIENTED_EDGE('',*,*,#3223,.T.);
#4180=ORIENTED_EDGE('',*,*,#3221,.T.);
#4181=ORIENTED_EDGE('',*,*,#3224,.F.);
#4182=ORIENTED_EDGE('',*,*,#3225,.F.);
#4183=ORIENTED_EDGE('',*,*,#3226,.T.);
#4184=ORIENTED_EDGE('',*,*,#3224,.T.);
#4185=ORIENTED_EDGE('',*,*,#3227,.F.);
#4186=ORIENTED_EDGE('',*,*,#3228,.T.);
#4187=ORIENTED_EDGE('',*,*,#3225,.T.);
#4188=ORIENTED_EDGE('',*,*,#3229,.T.);
#4189=ORIENTED_EDGE('',*,*,#3227,.T.);
#4190=ORIENTED_EDGE('',*,*,#3230,.F.);
#4191=ORIENTED_EDGE('',*,*,#3231,.T.);
#4192=ORIENTED_EDGE('',*,*,#3229,.F.);
#4193=ORIENTED_EDGE('',*,*,#3232,.T.);
#4194=ORIENTED_EDGE('',*,*,#3233,.T.);
#4195=ORIENTED_EDGE('',*,*,#3234,.T.);
#4196=ORIENTED_EDGE('',*,*,#3232,.F.);
#4197=ORIENTED_EDGE('',*,*,#3235,.T.);
#4198=ORIENTED_EDGE('',*,*,#3236,.T.);
#4199=ORIENTED_EDGE('',*,*,#3233,.F.);
#4200=ORIENTED_EDGE('',*,*,#3237,.T.);
#4201=ORIENTED_EDGE('',*,*,#3235,.F.);
#4202=ORIENTED_EDGE('',*,*,#3238,.T.);
#4203=ORIENTED_EDGE('',*,*,#3239,.T.);
#4204=ORIENTED_EDGE('',*,*,#3240,.T.);
#4205=ORIENTED_EDGE('',*,*,#3238,.F.);
#4206=ORIENTED_EDGE('',*,*,#3241,.T.);
#4207=ORIENTED_EDGE('',*,*,#3242,.T.);
#4208=ORIENTED_EDGE('',*,*,#3239,.F.);
#4209=ORIENTED_EDGE('',*,*,#3243,.F.);
#4210=ORIENTED_EDGE('',*,*,#3241,.F.);
#4211=ORIENTED_EDGE('',*,*,#3165,.T.);
#4212=ORIENTED_EDGE('',*,*,#3244,.F.);
#4213=ORIENTED_EDGE('',*,*,#3245,.T.);
#4214=ORIENTED_EDGE('',*,*,#3246,.T.);
#4215=ORIENTED_EDGE('',*,*,#3247,.F.);
#4216=ORIENTED_EDGE('',*,*,#3248,.T.);
#4217=ORIENTED_EDGE('',*,*,#3244,.T.);
#4218=ORIENTED_EDGE('',*,*,#3249,.T.);
#4219=ORIENTED_EDGE('',*,*,#3247,.T.);
#4220=ORIENTED_EDGE('',*,*,#3250,.F.);
#4221=ORIENTED_EDGE('',*,*,#3251,.F.);
#4222=ORIENTED_EDGE('',*,*,#3252,.T.);
#4223=ORIENTED_EDGE('',*,*,#3250,.T.);
#4224=ORIENTED_EDGE('',*,*,#3253,.F.);
#4225=ORIENTED_EDGE('',*,*,#3254,.T.);
#4226=ORIENTED_EDGE('',*,*,#3251,.T.);
#4227=ORIENTED_EDGE('',*,*,#3255,.T.);
#4228=ORIENTED_EDGE('',*,*,#3253,.T.);
#4229=ORIENTED_EDGE('',*,*,#3256,.F.);
#4230=ORIENTED_EDGE('',*,*,#3257,.T.);
#4231=ORIENTED_EDGE('',*,*,#3258,.T.);
#4232=ORIENTED_EDGE('',*,*,#3255,.F.);
#4233=ORIENTED_EDGE('',*,*,#3259,.T.);
#4234=ORIENTED_EDGE('',*,*,#3257,.F.);
#4235=ORIENTED_EDGE('',*,*,#3260,.T.);
#4236=ORIENTED_EDGE('',*,*,#3261,.T.);
#4237=ORIENTED_EDGE('',*,*,#3262,.T.);
#4238=ORIENTED_EDGE('',*,*,#3260,.F.);
#4239=ORIENTED_EDGE('',*,*,#3263,.T.);
#4240=ORIENTED_EDGE('',*,*,#3264,.T.);
#4241=ORIENTED_EDGE('',*,*,#3261,.F.);
#4242=ORIENTED_EDGE('',*,*,#3265,.T.);
#4243=ORIENTED_EDGE('',*,*,#3263,.F.);
#4244=ORIENTED_EDGE('',*,*,#3266,.T.);
#4245=ORIENTED_EDGE('',*,*,#3267,.T.);
#4246=ORIENTED_EDGE('',*,*,#3268,.T.);
#4247=ORIENTED_EDGE('',*,*,#3266,.F.);
#4248=ORIENTED_EDGE('',*,*,#3269,.T.);
#4249=ORIENTED_EDGE('',*,*,#3270,.F.);
#4250=ORIENTED_EDGE('',*,*,#3267,.F.);
#4251=ORIENTED_EDGE('',*,*,#3271,.T.);
#4252=ORIENTED_EDGE('',*,*,#3269,.F.);
#4253=ORIENTED_EDGE('',*,*,#3272,.F.);
#4254=ORIENTED_EDGE('',*,*,#3273,.F.);
#4255=ORIENTED_EDGE('',*,*,#3274,.F.);
#4256=ORIENTED_EDGE('',*,*,#3275,.T.);
#4257=ORIENTED_EDGE('',*,*,#3276,.T.);
#4258=ORIENTED_EDGE('',*,*,#3273,.T.);
#4259=ORIENTED_EDGE('',*,*,#3246,.F.);
#4260=ORIENTED_EDGE('',*,*,#3277,.F.);
#4261=ORIENTED_EDGE('',*,*,#3278,.T.);
#4262=ORIENTED_EDGE('',*,*,#3279,.F.);
#4263=ORIENTED_EDGE('',*,*,#3280,.F.);
#4264=ORIENTED_EDGE('',*,*,#3281,.T.);
#4265=ORIENTED_EDGE('',*,*,#3277,.T.);
#4266=ORIENTED_EDGE('',*,*,#3282,.F.);
#4267=ORIENTED_EDGE('',*,*,#3280,.T.);
#4268=ORIENTED_EDGE('',*,*,#3283,.F.);
#4269=ORIENTED_EDGE('',*,*,#3284,.F.);
#4270=ORIENTED_EDGE('',*,*,#3285,.T.);
#4271=ORIENTED_EDGE('',*,*,#3282,.T.);
#4272=ORIENTED_EDGE('',*,*,#3286,.F.);
#4273=ORIENTED_EDGE('',*,*,#3284,.T.);
#4274=ORIENTED_EDGE('',*,*,#3287,.F.);
#4275=ORIENTED_EDGE('',*,*,#3288,.F.);
#4276=ORIENTED_EDGE('',*,*,#3289,.T.);
#4277=ORIENTED_EDGE('',*,*,#3286,.T.);
#4278=ORIENTED_EDGE('',*,*,#3290,.F.);
#4279=ORIENTED_EDGE('',*,*,#3288,.T.);
#4280=ORIENTED_EDGE('',*,*,#3291,.F.);
#4281=ORIENTED_EDGE('',*,*,#3292,.F.);
#4282=ORIENTED_EDGE('',*,*,#3293,.T.);
#4283=ORIENTED_EDGE('',*,*,#3290,.T.);
#4284=ORIENTED_EDGE('',*,*,#3294,.F.);
#4285=ORIENTED_EDGE('',*,*,#3292,.T.);
#4286=ORIENTED_EDGE('',*,*,#3295,.F.);
#4287=ORIENTED_EDGE('',*,*,#3296,.F.);
#4288=ORIENTED_EDGE('',*,*,#3297,.T.);
#4289=ORIENTED_EDGE('',*,*,#3294,.T.);
#4290=ORIENTED_EDGE('',*,*,#3298,.F.);
#4291=ORIENTED_EDGE('',*,*,#3296,.T.);
#4292=ORIENTED_EDGE('',*,*,#3299,.F.);
#4293=ORIENTED_EDGE('',*,*,#3300,.F.);
#4294=ORIENTED_EDGE('',*,*,#3301,.T.);
#4295=ORIENTED_EDGE('',*,*,#3298,.T.);
#4296=ORIENTED_EDGE('',*,*,#3302,.F.);
#4297=ORIENTED_EDGE('',*,*,#3300,.T.);
#4298=ORIENTED_EDGE('',*,*,#3303,.F.);
#4299=ORIENTED_EDGE('',*,*,#3304,.F.);
#4300=ORIENTED_EDGE('',*,*,#3305,.T.);
#4301=ORIENTED_EDGE('',*,*,#3302,.T.);
#4302=ORIENTED_EDGE('',*,*,#3306,.F.);
#4303=ORIENTED_EDGE('',*,*,#3304,.T.);
#4304=ORIENTED_EDGE('',*,*,#3307,.F.);
#4305=ORIENTED_EDGE('',*,*,#3308,.F.);
#4306=ORIENTED_EDGE('',*,*,#3309,.T.);
#4307=ORIENTED_EDGE('',*,*,#3306,.T.);
#4308=ORIENTED_EDGE('',*,*,#3310,.F.);
#4309=ORIENTED_EDGE('',*,*,#3308,.T.);
#4310=ORIENTED_EDGE('',*,*,#3311,.F.);
#4311=ORIENTED_EDGE('',*,*,#3312,.T.);
#4312=ORIENTED_EDGE('',*,*,#3310,.T.);
#4313=ORIENTED_EDGE('',*,*,#3313,.F.);
#4314=ORIENTED_EDGE('',*,*,#3314,.F.);
#4315=ORIENTED_EDGE('',*,*,#3315,.T.);
#4316=ORIENTED_EDGE('',*,*,#3312,.F.);
#4317=ORIENTED_EDGE('',*,*,#3316,.T.);
#4318=ORIENTED_EDGE('',*,*,#3314,.T.);
#4319=ORIENTED_EDGE('',*,*,#3271,.F.);
#4320=ORIENTED_EDGE('',*,*,#3317,.T.);
#4321=ORIENTED_EDGE('',*,*,#3318,.T.);
#4322=ORIENTED_EDGE('',*,*,#3316,.F.);
#4323=ORIENTED_EDGE('',*,*,#3319,.F.);
#4324=ORIENTED_EDGE('',*,*,#3317,.F.);
#4325=ORIENTED_EDGE('',*,*,#3320,.T.);
#4326=ORIENTED_EDGE('',*,*,#3321,.T.);
#4327=ORIENTED_EDGE('',*,*,#3322,.F.);
#4328=ORIENTED_EDGE('',*,*,#3320,.F.);
#4329=ORIENTED_EDGE('',*,*,#3323,.T.);
#4330=ORIENTED_EDGE('',*,*,#3324,.F.);
#4331=ORIENTED_EDGE('',*,*,#3321,.F.);
#4332=ORIENTED_EDGE('',*,*,#3325,.F.);
#4333=ORIENTED_EDGE('',*,*,#3323,.F.);
#4334=ORIENTED_EDGE('',*,*,#3326,.T.);
#4335=ORIENTED_EDGE('',*,*,#3327,.T.);
#4336=ORIENTED_EDGE('',*,*,#3328,.F.);
#4337=ORIENTED_EDGE('',*,*,#3326,.F.);
#4338=ORIENTED_EDGE('',*,*,#3329,.T.);
#4339=ORIENTED_EDGE('',*,*,#3330,.F.);
#4340=ORIENTED_EDGE('',*,*,#3327,.F.);
#4341=ORIENTED_EDGE('',*,*,#3331,.F.);
#4342=ORIENTED_EDGE('',*,*,#3329,.F.);
#4343=ORIENTED_EDGE('',*,*,#3332,.T.);
#4344=ORIENTED_EDGE('',*,*,#3333,.F.);
#4345=ORIENTED_EDGE('',*,*,#3334,.F.);
#4346=ORIENTED_EDGE('',*,*,#3331,.T.);
#4347=ORIENTED_EDGE('',*,*,#3335,.F.);
#4348=ORIENTED_EDGE('',*,*,#3336,.F.);
#4349=ORIENTED_EDGE('',*,*,#3333,.T.);
#4350=ORIENTED_EDGE('',*,*,#3337,.F.);
#4351=ORIENTED_EDGE('',*,*,#3335,.T.);
#4352=ORIENTED_EDGE('',*,*,#3338,.F.);
#4353=ORIENTED_EDGE('',*,*,#3339,.F.);
#4354=ORIENTED_EDGE('',*,*,#3340,.F.);
#4355=ORIENTED_EDGE('',*,*,#3338,.T.);
#4356=ORIENTED_EDGE('',*,*,#3341,.F.);
#4357=ORIENTED_EDGE('',*,*,#3342,.F.);
#4358=ORIENTED_EDGE('',*,*,#3339,.T.);
#4359=ORIENTED_EDGE('',*,*,#3343,.F.);
#4360=ORIENTED_EDGE('',*,*,#3341,.T.);
#4361=ORIENTED_EDGE('',*,*,#3344,.F.);
#4362=ORIENTED_EDGE('',*,*,#3345,.F.);
#4363=ORIENTED_EDGE('',*,*,#3346,.T.);
#4364=ORIENTED_EDGE('',*,*,#3344,.T.);
#4365=ORIENTED_EDGE('',*,*,#3347,.T.);
#4366=ORIENTED_EDGE('',*,*,#3348,.F.);
#4367=ORIENTED_EDGE('',*,*,#3345,.T.);
#4368=ORIENTED_EDGE('',*,*,#3349,.T.);
#4369=ORIENTED_EDGE('',*,*,#3347,.F.);
#4370=ORIENTED_EDGE('',*,*,#3350,.F.);
#4371=ORIENTED_EDGE('',*,*,#3351,.T.);
#4372=ORIENTED_EDGE('',*,*,#3352,.T.);
#4373=ORIENTED_EDGE('',*,*,#3349,.F.);
#4374=ORIENTED_EDGE('',*,*,#3353,.F.);
#4375=ORIENTED_EDGE('',*,*,#3351,.F.);
#4376=ORIENTED_EDGE('',*,*,#3022,.T.);
#4377=ORIENTED_EDGE('',*,*,#3354,.F.);
#4378=ORIENTED_EDGE('',*,*,#3353,.T.);
#4379=ORIENTED_EDGE('',*,*,#3355,.F.);
#4380=ORIENTED_EDGE('',*,*,#3356,.F.);
#4381=ORIENTED_EDGE('',*,*,#3357,.T.);
#4382=ORIENTED_EDGE('',*,*,#3348,.T.);
#4383=ORIENTED_EDGE('',*,*,#3358,.T.);
#4384=ORIENTED_EDGE('',*,*,#3278,.F.);
#4385=ORIENTED_EDGE('',*,*,#3356,.T.);
#4386=ORIENTED_EDGE('',*,*,#3359,.F.);
#4387=ORIENTED_EDGE('',*,*,#3358,.F.);
#4388=ORIENTED_EDGE('',*,*,#3360,.T.);
#4389=ORIENTED_EDGE('',*,*,#3361,.F.);
#4390=ORIENTED_EDGE('',*,*,#3359,.T.);
#4391=ORIENTED_EDGE('',*,*,#3362,.T.);
#4392=ORIENTED_EDGE('',*,*,#3363,.F.);
#4393=ORIENTED_EDGE('',*,*,#3364,.F.);
#4394=ORIENTED_EDGE('',*,*,#3355,.T.);
#4395=ORIENTED_EDGE('',*,*,#3365,.F.);
#4396=ORIENTED_EDGE('',*,*,#3362,.F.);
#4397=ORIENTED_EDGE('',*,*,#3363,.T.);
#4398=ORIENTED_EDGE('',*,*,#2979,.T.);
#4399=ORIENTED_EDGE('',*,*,#3366,.F.);
#4400=ORIENTED_EDGE('',*,*,#3365,.T.);
#4401=ORIENTED_EDGE('',*,*,#2956,.T.);
#4402=ORIENTED_EDGE('',*,*,#2978,.T.);
#4403=ORIENTED_EDGE('',*,*,#3367,.F.);
#4404=ORIENTED_EDGE('',*,*,#3368,.F.);
#4405=ORIENTED_EDGE('',*,*,#3366,.T.);
#4406=ORIENTED_EDGE('',*,*,#2977,.T.);
#4407=ORIENTED_EDGE('',*,*,#2966,.F.);
#4408=ORIENTED_EDGE('',*,*,#3369,.T.);
#4409=ORIENTED_EDGE('',*,*,#3367,.T.);
#4410=ORIENTED_EDGE('',*,*,#3370,.F.);
#4411=ORIENTED_EDGE('',*,*,#3371,.F.);
#4412=ORIENTED_EDGE('',*,*,#3279,.T.);
#4413=ORIENTED_EDGE('',*,*,#3372,.F.);
#4414=ORIENTED_EDGE('',*,*,#3275,.F.);
#4415=ORIENTED_EDGE('',*,*,#3370,.T.);
#4416=ORIENTED_EDGE('',*,*,#2969,.F.);
#4417=ORIENTED_EDGE('',*,*,#3372,.T.);
#4418=ORIENTED_EDGE('',*,*,#3373,.T.);
#4419=ORIENTED_EDGE('',*,*,#3374,.F.);
#4420=ORIENTED_EDGE('',*,*,#3023,.T.);
#4421=ORIENTED_EDGE('',*,*,#3350,.T.);
#4422=ORIENTED_EDGE('',*,*,#3135,.F.);
#4423=ORIENTED_EDGE('',*,*,#3374,.T.);
#4424=ORIENTED_EDGE('',*,*,#3375,.F.);
#4425=ORIENTED_EDGE('',*,*,#3376,.T.);
#4426=ORIENTED_EDGE('',*,*,#3377,.F.);
#4427=ORIENTED_EDGE('',*,*,#3166,.F.);
#4428=ORIENTED_EDGE('',*,*,#3272,.T.);
#4429=ORIENTED_EDGE('',*,*,#3376,.F.);
#4430=ORIENTED_EDGE('',*,*,#3378,.T.);
#4431=ORIENTED_EDGE('',*,*,#3379,.T.);
#4432=ORIENTED_EDGE('',*,*,#3332,.F.);
#4433=ORIENTED_EDGE('',*,*,#3378,.F.);
#4434=ORIENTED_EDGE('',*,*,#3375,.T.);
#4435=ORIENTED_EDGE('',*,*,#3379,.F.);
#4436=ORIENTED_EDGE('',*,*,#3230,.T.);
#4437=ORIENTED_EDGE('',*,*,#3380,.F.);
#4438=ORIENTED_EDGE('',*,*,#3149,.F.);
#4439=ORIENTED_EDGE('',*,*,#3377,.T.);
#4440=ORIENTED_EDGE('',*,*,#2972,.F.);
#4441=ORIENTED_EDGE('',*,*,#3380,.T.);
#4442=ORIENTED_EDGE('',*,*,#3256,.T.);
#4443=ORIENTED_EDGE('',*,*,#3381,.F.);
#4444=ORIENTED_EDGE('',*,*,#3158,.T.);
#4445=ORIENTED_EDGE('',*,*,#3382,.T.);
#4446=ORIENTED_EDGE('',*,*,#3383,.F.);
#4447=ORIENTED_EDGE('',*,*,#3381,.T.);
#4448=ORIENTED_EDGE('',*,*,#3245,.F.);
#4449=ORIENTED_EDGE('',*,*,#3384,.F.);
#4450=ORIENTED_EDGE('',*,*,#3157,.T.);
#4451=ORIENTED_EDGE('',*,*,#3383,.T.);
#4452=ORIENTED_EDGE('',*,*,#3385,.F.);
#4453=ORIENTED_EDGE('',*,*,#3384,.T.);
#4454=ORIENTED_EDGE('',*,*,#3248,.F.);
#4455=ORIENTED_EDGE('',*,*,#3386,.F.);
#4456=ORIENTED_EDGE('',*,*,#3155,.T.);
#4457=ORIENTED_EDGE('',*,*,#3385,.T.);
#4458=ORIENTED_EDGE('',*,*,#3387,.F.);
#4459=ORIENTED_EDGE('',*,*,#3386,.T.);
#4460=ORIENTED_EDGE('',*,*,#3249,.F.);
#4461=ORIENTED_EDGE('',*,*,#3388,.F.);
#4462=ORIENTED_EDGE('',*,*,#3152,.T.);
#4463=ORIENTED_EDGE('',*,*,#3387,.T.);
#4464=ORIENTED_EDGE('',*,*,#3389,.F.);
#4465=ORIENTED_EDGE('',*,*,#3388,.T.);
#4466=ORIENTED_EDGE('',*,*,#3252,.F.);
#4467=ORIENTED_EDGE('',*,*,#3390,.F.);
#4468=ORIENTED_EDGE('',*,*,#3151,.T.);
#4469=ORIENTED_EDGE('',*,*,#3389,.T.);
#4470=ORIENTED_EDGE('',*,*,#3391,.F.);
#4471=ORIENTED_EDGE('',*,*,#3390,.T.);
#4472=ORIENTED_EDGE('',*,*,#3254,.F.);
#4473=ORIENTED_EDGE('',*,*,#3392,.F.);
#4474=ORIENTED_EDGE('',*,*,#3147,.T.);
#4475=ORIENTED_EDGE('',*,*,#3391,.T.);
#4476=ORIENTED_EDGE('',*,*,#3393,.F.);
#4477=ORIENTED_EDGE('',*,*,#3392,.T.);
#4478=ORIENTED_EDGE('',*,*,#3258,.F.);
#4479=ORIENTED_EDGE('',*,*,#3394,.F.);
#4480=ORIENTED_EDGE('',*,*,#3145,.T.);
#4481=ORIENTED_EDGE('',*,*,#3393,.T.);
#4482=ORIENTED_EDGE('',*,*,#3395,.F.);
#4483=ORIENTED_EDGE('',*,*,#3394,.T.);
#4484=ORIENTED_EDGE('',*,*,#3259,.F.);
#4485=ORIENTED_EDGE('',*,*,#3396,.F.);
#4486=ORIENTED_EDGE('',*,*,#3142,.T.);
#4487=ORIENTED_EDGE('',*,*,#3395,.T.);
#4488=ORIENTED_EDGE('',*,*,#3397,.F.);
#4489=ORIENTED_EDGE('',*,*,#3396,.T.);
#4490=ORIENTED_EDGE('',*,*,#3262,.F.);
#4491=ORIENTED_EDGE('',*,*,#3398,.F.);
#4492=ORIENTED_EDGE('',*,*,#3141,.T.);
#4493=ORIENTED_EDGE('',*,*,#3397,.T.);
#4494=ORIENTED_EDGE('',*,*,#3399,.F.);
#4495=ORIENTED_EDGE('',*,*,#3398,.T.);
#4496=ORIENTED_EDGE('',*,*,#3264,.F.);
#4497=ORIENTED_EDGE('',*,*,#3400,.F.);
#4498=ORIENTED_EDGE('',*,*,#3138,.T.);
#4499=ORIENTED_EDGE('',*,*,#3399,.T.);
#4500=ORIENTED_EDGE('',*,*,#3401,.F.);
#4501=ORIENTED_EDGE('',*,*,#3400,.T.);
#4502=ORIENTED_EDGE('',*,*,#3265,.F.);
#4503=ORIENTED_EDGE('',*,*,#3402,.F.);
#4504=ORIENTED_EDGE('',*,*,#3163,.T.);
#4505=ORIENTED_EDGE('',*,*,#3401,.T.);
#4506=ORIENTED_EDGE('',*,*,#3403,.F.);
#4507=ORIENTED_EDGE('',*,*,#3402,.T.);
#4508=ORIENTED_EDGE('',*,*,#3268,.F.);
#4509=ORIENTED_EDGE('',*,*,#3404,.F.);
#4510=ORIENTED_EDGE('',*,*,#3161,.F.);
#4511=ORIENTED_EDGE('',*,*,#3403,.T.);
#4512=ORIENTED_EDGE('',*,*,#3405,.F.);
#4513=ORIENTED_EDGE('',*,*,#3404,.T.);
#4514=ORIENTED_EDGE('',*,*,#3270,.T.);
#4515=ORIENTED_EDGE('',*,*,#3406,.F.);
#4516=ORIENTED_EDGE('',*,*,#3171,.F.);
#4517=ORIENTED_EDGE('',*,*,#3405,.T.);
#4518=ORIENTED_EDGE('',*,*,#3407,.F.);
#4519=ORIENTED_EDGE('',*,*,#3406,.T.);
#4520=ORIENTED_EDGE('',*,*,#3313,.T.);
#4521=ORIENTED_EDGE('',*,*,#3408,.F.);
#4522=ORIENTED_EDGE('',*,*,#3175,.F.);
#4523=ORIENTED_EDGE('',*,*,#3407,.T.);
#4524=ORIENTED_EDGE('',*,*,#3409,.F.);
#4525=ORIENTED_EDGE('',*,*,#3408,.T.);
#4526=ORIENTED_EDGE('',*,*,#3311,.T.);
#4527=ORIENTED_EDGE('',*,*,#3410,.F.);
#4528=ORIENTED_EDGE('',*,*,#3179,.F.);
#4529=ORIENTED_EDGE('',*,*,#3409,.T.);
#4530=ORIENTED_EDGE('',*,*,#3411,.F.);
#4531=ORIENTED_EDGE('',*,*,#3410,.T.);
#4532=ORIENTED_EDGE('',*,*,#3307,.T.);
#4533=ORIENTED_EDGE('',*,*,#3412,.F.);
#4534=ORIENTED_EDGE('',*,*,#3183,.F.);
#4535=ORIENTED_EDGE('',*,*,#3411,.T.);
#4536=ORIENTED_EDGE('',*,*,#3413,.F.);
#4537=ORIENTED_EDGE('',*,*,#3412,.T.);
#4538=ORIENTED_EDGE('',*,*,#3303,.T.);
#4539=ORIENTED_EDGE('',*,*,#3414,.F.);
#4540=ORIENTED_EDGE('',*,*,#3187,.F.);
#4541=ORIENTED_EDGE('',*,*,#3413,.T.);
#4542=ORIENTED_EDGE('',*,*,#3415,.F.);
#4543=ORIENTED_EDGE('',*,*,#3414,.T.);
#4544=ORIENTED_EDGE('',*,*,#3299,.T.);
#4545=ORIENTED_EDGE('',*,*,#3416,.F.);
#4546=ORIENTED_EDGE('',*,*,#3191,.F.);
#4547=ORIENTED_EDGE('',*,*,#3415,.T.);
#4548=ORIENTED_EDGE('',*,*,#3417,.F.);
#4549=ORIENTED_EDGE('',*,*,#3416,.T.);
#4550=ORIENTED_EDGE('',*,*,#3295,.T.);
#4551=ORIENTED_EDGE('',*,*,#3418,.F.);
#4552=ORIENTED_EDGE('',*,*,#3195,.F.);
#4553=ORIENTED_EDGE('',*,*,#3417,.T.);
#4554=ORIENTED_EDGE('',*,*,#3419,.F.);
#4555=ORIENTED_EDGE('',*,*,#3418,.T.);
#4556=ORIENTED_EDGE('',*,*,#3291,.T.);
#4557=ORIENTED_EDGE('',*,*,#3420,.F.);
#4558=ORIENTED_EDGE('',*,*,#3199,.F.);
#4559=ORIENTED_EDGE('',*,*,#3419,.T.);
#4560=ORIENTED_EDGE('',*,*,#3421,.F.);
#4561=ORIENTED_EDGE('',*,*,#3420,.T.);
#4562=ORIENTED_EDGE('',*,*,#3287,.T.);
#4563=ORIENTED_EDGE('',*,*,#3422,.F.);
#4564=ORIENTED_EDGE('',*,*,#3203,.F.);
#4565=ORIENTED_EDGE('',*,*,#3421,.T.);
#4566=ORIENTED_EDGE('',*,*,#3423,.F.);
#4567=ORIENTED_EDGE('',*,*,#3422,.T.);
#4568=ORIENTED_EDGE('',*,*,#3283,.T.);
#4569=ORIENTED_EDGE('',*,*,#3424,.F.);
#4570=ORIENTED_EDGE('',*,*,#3207,.F.);
#4571=ORIENTED_EDGE('',*,*,#3423,.T.);
#4572=ORIENTED_EDGE('',*,*,#3425,.F.);
#4573=ORIENTED_EDGE('',*,*,#3424,.T.);
#4574=ORIENTED_EDGE('',*,*,#3371,.T.);
#4575=ORIENTED_EDGE('',*,*,#3426,.F.);
#4576=ORIENTED_EDGE('',*,*,#3211,.F.);
#4577=ORIENTED_EDGE('',*,*,#3425,.T.);
#4578=ORIENTED_EDGE('',*,*,#3427,.F.);
#4579=ORIENTED_EDGE('',*,*,#3426,.T.);
#4580=ORIENTED_EDGE('',*,*,#3274,.T.);
#4581=ORIENTED_EDGE('',*,*,#3428,.F.);
#4582=ORIENTED_EDGE('',*,*,#3209,.T.);
#4583=ORIENTED_EDGE('',*,*,#3427,.T.);
#4584=ORIENTED_EDGE('',*,*,#3382,.F.);
#4585=ORIENTED_EDGE('',*,*,#3428,.T.);
#4586=ORIENTED_EDGE('',*,*,#3276,.F.);
#4587=ORIENTED_EDGE('',*,*,#3429,.F.);
#4588=ORIENTED_EDGE('',*,*,#3205,.T.);
#4589=ORIENTED_EDGE('',*,*,#3430,.T.);
#4590=ORIENTED_EDGE('',*,*,#3431,.F.);
#4591=ORIENTED_EDGE('',*,*,#3429,.T.);
#4592=ORIENTED_EDGE('',*,*,#3357,.F.);
#4593=ORIENTED_EDGE('',*,*,#3432,.F.);
#4594=ORIENTED_EDGE('',*,*,#3201,.T.);
#4595=ORIENTED_EDGE('',*,*,#3431,.T.);
#4596=ORIENTED_EDGE('',*,*,#3433,.F.);
#4597=ORIENTED_EDGE('',*,*,#3432,.T.);
#4598=ORIENTED_EDGE('',*,*,#3281,.F.);
#4599=ORIENTED_EDGE('',*,*,#3434,.F.);
#4600=ORIENTED_EDGE('',*,*,#3197,.T.);
#4601=ORIENTED_EDGE('',*,*,#3433,.T.);
#4602=ORIENTED_EDGE('',*,*,#3435,.F.);
#4603=ORIENTED_EDGE('',*,*,#3434,.T.);
#4604=ORIENTED_EDGE('',*,*,#3285,.F.);
#4605=ORIENTED_EDGE('',*,*,#3436,.F.);
#4606=ORIENTED_EDGE('',*,*,#3193,.T.);
#4607=ORIENTED_EDGE('',*,*,#3435,.T.);
#4608=ORIENTED_EDGE('',*,*,#3437,.F.);
#4609=ORIENTED_EDGE('',*,*,#3436,.T.);
#4610=ORIENTED_EDGE('',*,*,#3289,.F.);
#4611=ORIENTED_EDGE('',*,*,#3438,.F.);
#4612=ORIENTED_EDGE('',*,*,#3189,.T.);
#4613=ORIENTED_EDGE('',*,*,#3437,.T.);
#4614=ORIENTED_EDGE('',*,*,#3439,.F.);
#4615=ORIENTED_EDGE('',*,*,#3438,.T.);
#4616=ORIENTED_EDGE('',*,*,#3293,.F.);
#4617=ORIENTED_EDGE('',*,*,#3440,.F.);
#4618=ORIENTED_EDGE('',*,*,#3185,.T.);
#4619=ORIENTED_EDGE('',*,*,#3439,.T.);
#4620=ORIENTED_EDGE('',*,*,#3441,.F.);
#4621=ORIENTED_EDGE('',*,*,#3440,.T.);
#4622=ORIENTED_EDGE('',*,*,#3297,.F.);
#4623=ORIENTED_EDGE('',*,*,#3442,.F.);
#4624=ORIENTED_EDGE('',*,*,#3181,.T.);
#4625=ORIENTED_EDGE('',*,*,#3441,.T.);
#4626=ORIENTED_EDGE('',*,*,#3443,.F.);
#4627=ORIENTED_EDGE('',*,*,#3442,.T.);
#4628=ORIENTED_EDGE('',*,*,#3301,.F.);
#4629=ORIENTED_EDGE('',*,*,#3444,.F.);
#4630=ORIENTED_EDGE('',*,*,#3177,.T.);
#4631=ORIENTED_EDGE('',*,*,#3443,.T.);
#4632=ORIENTED_EDGE('',*,*,#3445,.F.);
#4633=ORIENTED_EDGE('',*,*,#3444,.T.);
#4634=ORIENTED_EDGE('',*,*,#3305,.F.);
#4635=ORIENTED_EDGE('',*,*,#3446,.F.);
#4636=ORIENTED_EDGE('',*,*,#3173,.T.);
#4637=ORIENTED_EDGE('',*,*,#3445,.T.);
#4638=ORIENTED_EDGE('',*,*,#3447,.F.);
#4639=ORIENTED_EDGE('',*,*,#3446,.T.);
#4640=ORIENTED_EDGE('',*,*,#3309,.F.);
#4641=ORIENTED_EDGE('',*,*,#3448,.F.);
#4642=ORIENTED_EDGE('',*,*,#3169,.T.);
#4643=ORIENTED_EDGE('',*,*,#3447,.T.);
#4644=ORIENTED_EDGE('',*,*,#3449,.F.);
#4645=ORIENTED_EDGE('',*,*,#3448,.T.);
#4646=ORIENTED_EDGE('',*,*,#3315,.F.);
#4647=ORIENTED_EDGE('',*,*,#3450,.F.);
#4648=ORIENTED_EDGE('',*,*,#3243,.T.);
#4649=ORIENTED_EDGE('',*,*,#3449,.T.);
#4650=ORIENTED_EDGE('',*,*,#3451,.F.);
#4651=ORIENTED_EDGE('',*,*,#3450,.T.);
#4652=ORIENTED_EDGE('',*,*,#3318,.F.);
#4653=ORIENTED_EDGE('',*,*,#3452,.F.);
#4654=ORIENTED_EDGE('',*,*,#3242,.F.);
#4655=ORIENTED_EDGE('',*,*,#3451,.T.);
#4656=ORIENTED_EDGE('',*,*,#3453,.F.);
#4657=ORIENTED_EDGE('',*,*,#3452,.T.);
#4658=ORIENTED_EDGE('',*,*,#3319,.T.);
#4659=ORIENTED_EDGE('',*,*,#3454,.F.);
#4660=ORIENTED_EDGE('',*,*,#3240,.F.);
#4661=ORIENTED_EDGE('',*,*,#3453,.T.);
#4662=ORIENTED_EDGE('',*,*,#3455,.F.);
#4663=ORIENTED_EDGE('',*,*,#3454,.T.);
#4664=ORIENTED_EDGE('',*,*,#3322,.T.);
#4665=ORIENTED_EDGE('',*,*,#3456,.F.);
#4666=ORIENTED_EDGE('',*,*,#3237,.F.);
#4667=ORIENTED_EDGE('',*,*,#3455,.T.);
#4668=ORIENTED_EDGE('',*,*,#3457,.F.);
#4669=ORIENTED_EDGE('',*,*,#3456,.T.);
#4670=ORIENTED_EDGE('',*,*,#3324,.T.);
#4671=ORIENTED_EDGE('',*,*,#3458,.F.);
#4672=ORIENTED_EDGE('',*,*,#3236,.F.);
#4673=ORIENTED_EDGE('',*,*,#3457,.T.);
#4674=ORIENTED_EDGE('',*,*,#3459,.F.);
#4675=ORIENTED_EDGE('',*,*,#3458,.T.);
#4676=ORIENTED_EDGE('',*,*,#3325,.T.);
#4677=ORIENTED_EDGE('',*,*,#3460,.F.);
#4678=ORIENTED_EDGE('',*,*,#3234,.F.);
#4679=ORIENTED_EDGE('',*,*,#3459,.T.);
#4680=ORIENTED_EDGE('',*,*,#3461,.F.);
#4681=ORIENTED_EDGE('',*,*,#3460,.T.);
#4682=ORIENTED_EDGE('',*,*,#3328,.T.);
#4683=ORIENTED_EDGE('',*,*,#3462,.F.);
#4684=ORIENTED_EDGE('',*,*,#3231,.F.);
#4685=ORIENTED_EDGE('',*,*,#3461,.T.);
#4686=ORIENTED_EDGE('',*,*,#3463,.F.);
#4687=ORIENTED_EDGE('',*,*,#3462,.T.);
#4688=ORIENTED_EDGE('',*,*,#3330,.T.);
#4689=ORIENTED_EDGE('',*,*,#3464,.F.);
#4690=ORIENTED_EDGE('',*,*,#3228,.F.);
#4691=ORIENTED_EDGE('',*,*,#3463,.T.);
#4692=ORIENTED_EDGE('',*,*,#3465,.F.);
#4693=ORIENTED_EDGE('',*,*,#3464,.T.);
#4694=ORIENTED_EDGE('',*,*,#3334,.T.);
#4695=ORIENTED_EDGE('',*,*,#3466,.F.);
#4696=ORIENTED_EDGE('',*,*,#3226,.F.);
#4697=ORIENTED_EDGE('',*,*,#3465,.T.);
#4698=ORIENTED_EDGE('',*,*,#3467,.F.);
#4699=ORIENTED_EDGE('',*,*,#3466,.T.);
#4700=ORIENTED_EDGE('',*,*,#3336,.T.);
#4701=ORIENTED_EDGE('',*,*,#3468,.F.);
#4702=ORIENTED_EDGE('',*,*,#3223,.F.);
#4703=ORIENTED_EDGE('',*,*,#3467,.T.);
#4704=ORIENTED_EDGE('',*,*,#3469,.F.);
#4705=ORIENTED_EDGE('',*,*,#3468,.T.);
#4706=ORIENTED_EDGE('',*,*,#3337,.T.);
#4707=ORIENTED_EDGE('',*,*,#3470,.F.);
#4708=ORIENTED_EDGE('',*,*,#3222,.F.);
#4709=ORIENTED_EDGE('',*,*,#3469,.T.);
#4710=ORIENTED_EDGE('',*,*,#3471,.F.);
#4711=ORIENTED_EDGE('',*,*,#3470,.T.);
#4712=ORIENTED_EDGE('',*,*,#3340,.T.);
#4713=ORIENTED_EDGE('',*,*,#3472,.F.);
#4714=ORIENTED_EDGE('',*,*,#3220,.F.);
#4715=ORIENTED_EDGE('',*,*,#3471,.T.);
#4716=ORIENTED_EDGE('',*,*,#3473,.F.);
#4717=ORIENTED_EDGE('',*,*,#3472,.T.);
#4718=ORIENTED_EDGE('',*,*,#3342,.T.);
#4719=ORIENTED_EDGE('',*,*,#3474,.F.);
#4720=ORIENTED_EDGE('',*,*,#3217,.F.);
#4721=ORIENTED_EDGE('',*,*,#3473,.T.);
#4722=ORIENTED_EDGE('',*,*,#3475,.F.);
#4723=ORIENTED_EDGE('',*,*,#3474,.T.);
#4724=ORIENTED_EDGE('',*,*,#3343,.T.);
#4725=ORIENTED_EDGE('',*,*,#3476,.F.);
#4726=ORIENTED_EDGE('',*,*,#3216,.T.);
#4727=ORIENTED_EDGE('',*,*,#3475,.T.);
#4728=ORIENTED_EDGE('',*,*,#3430,.F.);
#4729=ORIENTED_EDGE('',*,*,#3476,.T.);
#4730=ORIENTED_EDGE('',*,*,#3346,.F.);
#4731=ORIENTED_EDGE('',*,*,#3477,.F.);
#4732=ORIENTED_EDGE('',*,*,#3008,.T.);
#4733=ORIENTED_EDGE('',*,*,#3000,.T.);
#4734=ORIENTED_EDGE('',*,*,#3478,.F.);
#4735=ORIENTED_EDGE('',*,*,#3477,.T.);
#4736=ORIENTED_EDGE('',*,*,#3479,.F.);
#4737=ORIENTED_EDGE('',*,*,#3480,.F.);
#4738=ORIENTED_EDGE('',*,*,#3071,.T.);
#4739=ORIENTED_EDGE('',*,*,#3481,.F.);
#4740=ORIENTED_EDGE('',*,*,#3479,.T.);
#4741=ORIENTED_EDGE('',*,*,#3480,.T.);
#4742=ORIENTED_EDGE('',*,*,#3482,.F.);
#4743=ORIENTED_EDGE('',*,*,#3483,.F.);
#4744=ORIENTED_EDGE('',*,*,#3484,.T.);
#4745=ORIENTED_EDGE('',*,*,#3485,.T.);
#4746=ORIENTED_EDGE('',*,*,#2960,.F.);
#4747=ORIENTED_EDGE('',*,*,#3483,.T.);
#4748=ORIENTED_EDGE('',*,*,#3053,.F.);
#4749=ORIENTED_EDGE('',*,*,#3486,.T.);
#4750=ORIENTED_EDGE('',*,*,#3485,.F.);
#4751=ORIENTED_EDGE('',*,*,#3487,.F.);
#4752=ORIENTED_EDGE('',*,*,#3110,.T.);
#4753=ORIENTED_EDGE('',*,*,#3486,.F.);
#4754=ORIENTED_EDGE('',*,*,#3481,.T.);
#4755=ORIENTED_EDGE('',*,*,#3488,.T.);
#4756=ORIENTED_EDGE('',*,*,#3125,.F.);
#4757=ORIENTED_EDGE('',*,*,#3489,.F.);
#4758=ORIENTED_EDGE('',*,*,#3490,.T.);
#4759=ORIENTED_EDGE('',*,*,#3488,.F.);
#4760=ORIENTED_EDGE('',*,*,#3491,.T.);
#4761=ORIENTED_EDGE('',*,*,#3492,.T.);
#4762=ORIENTED_EDGE('',*,*,#3121,.F.);
#4763=ORIENTED_EDGE('',*,*,#3490,.F.);
#4764=ORIENTED_EDGE('',*,*,#3493,.T.);
#4765=ORIENTED_EDGE('',*,*,#3492,.F.);
#4766=ORIENTED_EDGE('',*,*,#3494,.T.);
#4767=ORIENTED_EDGE('',*,*,#3495,.T.);
#4768=ORIENTED_EDGE('',*,*,#3117,.F.);
#4769=ORIENTED_EDGE('',*,*,#3493,.F.);
#4770=ORIENTED_EDGE('',*,*,#3496,.T.);
#4771=ORIENTED_EDGE('',*,*,#3495,.F.);
#4772=ORIENTED_EDGE('',*,*,#3497,.T.);
#4773=ORIENTED_EDGE('',*,*,#3498,.T.);
#4774=ORIENTED_EDGE('',*,*,#3113,.F.);
#4775=ORIENTED_EDGE('',*,*,#3496,.F.);
#4776=ORIENTED_EDGE('',*,*,#3499,.T.);
#4777=ORIENTED_EDGE('',*,*,#3498,.F.);
#4778=ORIENTED_EDGE('',*,*,#3500,.T.);
#4779=ORIENTED_EDGE('',*,*,#3501,.T.);
#4780=ORIENTED_EDGE('',*,*,#3108,.F.);
#4781=ORIENTED_EDGE('',*,*,#3499,.F.);
#4782=ORIENTED_EDGE('',*,*,#3502,.T.);
#4783=ORIENTED_EDGE('',*,*,#3501,.F.);
#4784=ORIENTED_EDGE('',*,*,#3503,.T.);
#4785=ORIENTED_EDGE('',*,*,#3504,.F.);
#4786=ORIENTED_EDGE('',*,*,#3106,.T.);
#4787=ORIENTED_EDGE('',*,*,#3502,.F.);
#4788=ORIENTED_EDGE('',*,*,#3505,.T.);
#4789=ORIENTED_EDGE('',*,*,#3504,.T.);
#4790=ORIENTED_EDGE('',*,*,#3506,.F.);
#4791=ORIENTED_EDGE('',*,*,#3507,.F.);
#4792=ORIENTED_EDGE('',*,*,#3043,.T.);
#4793=ORIENTED_EDGE('',*,*,#3505,.F.);
#4794=ORIENTED_EDGE('',*,*,#3508,.T.);
#4795=ORIENTED_EDGE('',*,*,#3507,.T.);
#4796=ORIENTED_EDGE('',*,*,#3509,.F.);
#4797=ORIENTED_EDGE('',*,*,#3510,.F.);
#4798=ORIENTED_EDGE('',*,*,#3045,.T.);
#4799=ORIENTED_EDGE('',*,*,#3508,.F.);
#4800=ORIENTED_EDGE('',*,*,#3511,.T.);
#4801=ORIENTED_EDGE('',*,*,#3510,.T.);
#4802=ORIENTED_EDGE('',*,*,#3512,.F.);
#4803=ORIENTED_EDGE('',*,*,#3513,.F.);
#4804=ORIENTED_EDGE('',*,*,#3047,.T.);
#4805=ORIENTED_EDGE('',*,*,#3511,.F.);
#4806=ORIENTED_EDGE('',*,*,#3514,.T.);
#4807=ORIENTED_EDGE('',*,*,#3513,.T.);
#4808=ORIENTED_EDGE('',*,*,#3515,.F.);
#4809=ORIENTED_EDGE('',*,*,#3516,.F.);
#4810=ORIENTED_EDGE('',*,*,#3049,.T.);
#4811=ORIENTED_EDGE('',*,*,#3514,.F.);
#4812=ORIENTED_EDGE('',*,*,#3517,.T.);
#4813=ORIENTED_EDGE('',*,*,#3516,.T.);
#4814=ORIENTED_EDGE('',*,*,#3518,.F.);
#4815=ORIENTED_EDGE('',*,*,#3519,.F.);
#4816=ORIENTED_EDGE('',*,*,#3051,.T.);
#4817=ORIENTED_EDGE('',*,*,#3517,.F.);
#4818=ORIENTED_EDGE('',*,*,#3520,.T.);
#4819=ORIENTED_EDGE('',*,*,#3519,.T.);
#4820=ORIENTED_EDGE('',*,*,#3521,.F.);
#4821=ORIENTED_EDGE('',*,*,#3522,.F.);
#4822=ORIENTED_EDGE('',*,*,#3054,.T.);
#4823=ORIENTED_EDGE('',*,*,#3520,.F.);
#4824=ORIENTED_EDGE('',*,*,#3523,.T.);
#4825=ORIENTED_EDGE('',*,*,#3522,.T.);
#4826=ORIENTED_EDGE('',*,*,#3524,.F.);
#4827=ORIENTED_EDGE('',*,*,#3525,.F.);
#4828=ORIENTED_EDGE('',*,*,#3039,.T.);
#4829=ORIENTED_EDGE('',*,*,#3523,.F.);
#4830=ORIENTED_EDGE('',*,*,#3526,.T.);
#4831=ORIENTED_EDGE('',*,*,#3525,.T.);
#4832=ORIENTED_EDGE('',*,*,#3527,.F.);
#4833=ORIENTED_EDGE('',*,*,#3528,.F.);
#4834=ORIENTED_EDGE('',*,*,#3038,.T.);
#4835=ORIENTED_EDGE('',*,*,#3526,.F.);
#4836=ORIENTED_EDGE('',*,*,#3529,.T.);
#4837=ORIENTED_EDGE('',*,*,#3528,.T.);
#4838=ORIENTED_EDGE('',*,*,#3530,.F.);
#4839=ORIENTED_EDGE('',*,*,#3531,.F.);
#4840=ORIENTED_EDGE('',*,*,#3036,.T.);
#4841=ORIENTED_EDGE('',*,*,#3529,.F.);
#4842=ORIENTED_EDGE('',*,*,#3532,.T.);
#4843=ORIENTED_EDGE('',*,*,#3531,.T.);
#4844=ORIENTED_EDGE('',*,*,#3533,.F.);
#4845=ORIENTED_EDGE('',*,*,#3534,.F.);
#4846=ORIENTED_EDGE('',*,*,#3033,.T.);
#4847=ORIENTED_EDGE('',*,*,#3532,.F.);
#4848=ORIENTED_EDGE('',*,*,#3535,.T.);
#4849=ORIENTED_EDGE('',*,*,#3534,.T.);
#4850=ORIENTED_EDGE('',*,*,#3536,.F.);
#4851=ORIENTED_EDGE('',*,*,#3537,.F.);
#4852=ORIENTED_EDGE('',*,*,#3032,.T.);
#4853=ORIENTED_EDGE('',*,*,#3535,.F.);
#4854=ORIENTED_EDGE('',*,*,#3538,.T.);
#4855=ORIENTED_EDGE('',*,*,#3537,.T.);
#4856=ORIENTED_EDGE('',*,*,#3539,.F.);
#4857=ORIENTED_EDGE('',*,*,#3540,.T.);
#4858=ORIENTED_EDGE('',*,*,#3029,.F.);
#4859=ORIENTED_EDGE('',*,*,#3538,.F.);
#4860=ORIENTED_EDGE('',*,*,#3541,.T.);
#4861=ORIENTED_EDGE('',*,*,#3540,.F.);
#4862=ORIENTED_EDGE('',*,*,#3542,.T.);
#4863=ORIENTED_EDGE('',*,*,#3543,.T.);
#4864=ORIENTED_EDGE('',*,*,#3092,.F.);
#4865=ORIENTED_EDGE('',*,*,#3541,.F.);
#4866=ORIENTED_EDGE('',*,*,#3544,.T.);
#4867=ORIENTED_EDGE('',*,*,#3543,.F.);
#4868=ORIENTED_EDGE('',*,*,#3545,.T.);
#4869=ORIENTED_EDGE('',*,*,#3546,.T.);
#4870=ORIENTED_EDGE('',*,*,#3096,.F.);
#4871=ORIENTED_EDGE('',*,*,#3544,.F.);
#4872=ORIENTED_EDGE('',*,*,#3547,.T.);
#4873=ORIENTED_EDGE('',*,*,#3546,.F.);
#4874=ORIENTED_EDGE('',*,*,#3548,.T.);
#4875=ORIENTED_EDGE('',*,*,#3549,.T.);
#4876=ORIENTED_EDGE('',*,*,#3100,.F.);
#4877=ORIENTED_EDGE('',*,*,#3547,.F.);
#4878=ORIENTED_EDGE('',*,*,#3550,.T.);
#4879=ORIENTED_EDGE('',*,*,#3549,.F.);
#4880=ORIENTED_EDGE('',*,*,#3551,.T.);
#4881=ORIENTED_EDGE('',*,*,#3552,.T.);
#4882=ORIENTED_EDGE('',*,*,#3104,.F.);
#4883=ORIENTED_EDGE('',*,*,#3550,.F.);
#4884=ORIENTED_EDGE('',*,*,#3553,.T.);
#4885=ORIENTED_EDGE('',*,*,#3552,.F.);
#4886=ORIENTED_EDGE('',*,*,#3554,.T.);
#4887=ORIENTED_EDGE('',*,*,#3555,.T.);
#4888=ORIENTED_EDGE('',*,*,#3133,.F.);
#4889=ORIENTED_EDGE('',*,*,#3553,.F.);
#4890=ORIENTED_EDGE('',*,*,#3556,.T.);
#4891=ORIENTED_EDGE('',*,*,#3555,.F.);
#4892=ORIENTED_EDGE('',*,*,#3557,.T.);
#4893=ORIENTED_EDGE('',*,*,#3558,.T.);
#4894=ORIENTED_EDGE('',*,*,#3129,.F.);
#4895=ORIENTED_EDGE('',*,*,#3556,.F.);
#4896=ORIENTED_EDGE('',*,*,#3489,.T.);
#4897=ORIENTED_EDGE('',*,*,#3558,.F.);
#4898=ORIENTED_EDGE('',*,*,#3559,.T.);
#4899=ORIENTED_EDGE('',*,*,#3560,.T.);
#4900=ORIENTED_EDGE('',*,*,#3067,.F.);
#4901=ORIENTED_EDGE('',*,*,#3561,.F.);
#4902=ORIENTED_EDGE('',*,*,#3562,.T.);
#4903=ORIENTED_EDGE('',*,*,#3560,.F.);
#4904=ORIENTED_EDGE('',*,*,#3563,.T.);
#4905=ORIENTED_EDGE('',*,*,#3564,.T.);
#4906=ORIENTED_EDGE('',*,*,#3064,.F.);
#4907=ORIENTED_EDGE('',*,*,#3562,.F.);
#4908=ORIENTED_EDGE('',*,*,#3565,.T.);
#4909=ORIENTED_EDGE('',*,*,#3564,.F.);
#4910=ORIENTED_EDGE('',*,*,#3566,.T.);
#4911=ORIENTED_EDGE('',*,*,#3567,.T.);
#4912=ORIENTED_EDGE('',*,*,#3063,.F.);
#4913=ORIENTED_EDGE('',*,*,#3565,.F.);
#4914=ORIENTED_EDGE('',*,*,#3568,.T.);
#4915=ORIENTED_EDGE('',*,*,#3567,.F.);
#4916=ORIENTED_EDGE('',*,*,#3569,.T.);
#4917=ORIENTED_EDGE('',*,*,#3570,.T.);
#4918=ORIENTED_EDGE('',*,*,#3061,.F.);
#4919=ORIENTED_EDGE('',*,*,#3568,.F.);
#4920=ORIENTED_EDGE('',*,*,#3571,.T.);
#4921=ORIENTED_EDGE('',*,*,#3570,.F.);
#4922=ORIENTED_EDGE('',*,*,#3572,.T.);
#4923=ORIENTED_EDGE('',*,*,#3573,.T.);
#4924=ORIENTED_EDGE('',*,*,#3058,.F.);
#4925=ORIENTED_EDGE('',*,*,#3571,.F.);
#4926=ORIENTED_EDGE('',*,*,#3574,.T.);
#4927=ORIENTED_EDGE('',*,*,#3573,.F.);
#4928=ORIENTED_EDGE('',*,*,#3575,.T.);
#4929=ORIENTED_EDGE('',*,*,#3576,.F.);
#4930=ORIENTED_EDGE('',*,*,#3056,.T.);
#4931=ORIENTED_EDGE('',*,*,#3574,.F.);
#4932=ORIENTED_EDGE('',*,*,#3577,.T.);
#4933=ORIENTED_EDGE('',*,*,#3576,.T.);
#4934=ORIENTED_EDGE('',*,*,#3578,.F.);
#4935=ORIENTED_EDGE('',*,*,#3579,.F.);
#4936=ORIENTED_EDGE('',*,*,#3115,.T.);
#4937=ORIENTED_EDGE('',*,*,#3577,.F.);
#4938=ORIENTED_EDGE('',*,*,#3580,.T.);
#4939=ORIENTED_EDGE('',*,*,#3579,.T.);
#4940=ORIENTED_EDGE('',*,*,#3581,.F.);
#4941=ORIENTED_EDGE('',*,*,#3582,.F.);
#4942=ORIENTED_EDGE('',*,*,#3119,.T.);
#4943=ORIENTED_EDGE('',*,*,#3580,.F.);
#4944=ORIENTED_EDGE('',*,*,#3583,.T.);
#4945=ORIENTED_EDGE('',*,*,#3582,.T.);
#4946=ORIENTED_EDGE('',*,*,#3584,.F.);
#4947=ORIENTED_EDGE('',*,*,#3585,.F.);
#4948=ORIENTED_EDGE('',*,*,#3123,.T.);
#4949=ORIENTED_EDGE('',*,*,#3583,.F.);
#4950=ORIENTED_EDGE('',*,*,#3586,.T.);
#4951=ORIENTED_EDGE('',*,*,#3585,.T.);
#4952=ORIENTED_EDGE('',*,*,#3587,.F.);
#4953=ORIENTED_EDGE('',*,*,#3588,.F.);
#4954=ORIENTED_EDGE('',*,*,#3127,.T.);
#4955=ORIENTED_EDGE('',*,*,#3586,.F.);
#4956=ORIENTED_EDGE('',*,*,#3589,.T.);
#4957=ORIENTED_EDGE('',*,*,#3588,.T.);
#4958=ORIENTED_EDGE('',*,*,#3590,.F.);
#4959=ORIENTED_EDGE('',*,*,#3591,.F.);
#4960=ORIENTED_EDGE('',*,*,#3131,.T.);
#4961=ORIENTED_EDGE('',*,*,#3589,.F.);
#4962=ORIENTED_EDGE('',*,*,#3592,.T.);
#4963=ORIENTED_EDGE('',*,*,#3591,.T.);
#4964=ORIENTED_EDGE('',*,*,#3593,.F.);
#4965=ORIENTED_EDGE('',*,*,#3594,.F.);
#4966=ORIENTED_EDGE('',*,*,#3134,.T.);
#4967=ORIENTED_EDGE('',*,*,#3592,.F.);
#4968=ORIENTED_EDGE('',*,*,#3595,.T.);
#4969=ORIENTED_EDGE('',*,*,#3594,.T.);
#4970=ORIENTED_EDGE('',*,*,#3596,.F.);
#4971=ORIENTED_EDGE('',*,*,#3597,.F.);
#4972=ORIENTED_EDGE('',*,*,#3102,.T.);
#4973=ORIENTED_EDGE('',*,*,#3595,.F.);
#4974=ORIENTED_EDGE('',*,*,#3598,.T.);
#4975=ORIENTED_EDGE('',*,*,#3597,.T.);
#4976=ORIENTED_EDGE('',*,*,#3599,.F.);
#4977=ORIENTED_EDGE('',*,*,#3600,.F.);
#4978=ORIENTED_EDGE('',*,*,#3098,.T.);
#4979=ORIENTED_EDGE('',*,*,#3598,.F.);
#4980=ORIENTED_EDGE('',*,*,#3601,.T.);
#4981=ORIENTED_EDGE('',*,*,#3600,.T.);
#4982=ORIENTED_EDGE('',*,*,#3602,.F.);
#4983=ORIENTED_EDGE('',*,*,#3603,.F.);
#4984=ORIENTED_EDGE('',*,*,#3094,.T.);
#4985=ORIENTED_EDGE('',*,*,#3601,.F.);
#4986=ORIENTED_EDGE('',*,*,#3604,.T.);
#4987=ORIENTED_EDGE('',*,*,#3603,.T.);
#4988=ORIENTED_EDGE('',*,*,#3605,.F.);
#4989=ORIENTED_EDGE('',*,*,#3606,.F.);
#4990=ORIENTED_EDGE('',*,*,#3090,.T.);
#4991=ORIENTED_EDGE('',*,*,#3604,.F.);
#4992=ORIENTED_EDGE('',*,*,#3607,.T.);
#4993=ORIENTED_EDGE('',*,*,#3606,.T.);
#4994=ORIENTED_EDGE('',*,*,#3608,.F.);
#4995=ORIENTED_EDGE('',*,*,#3609,.F.);
#4996=ORIENTED_EDGE('',*,*,#3084,.T.);
#4997=ORIENTED_EDGE('',*,*,#3607,.F.);
#4998=ORIENTED_EDGE('',*,*,#3610,.T.);
#4999=ORIENTED_EDGE('',*,*,#3609,.T.);
#5000=ORIENTED_EDGE('',*,*,#3611,.F.);
#5001=ORIENTED_EDGE('',*,*,#3612,.T.);
#5002=ORIENTED_EDGE('',*,*,#3083,.F.);
#5003=ORIENTED_EDGE('',*,*,#3610,.F.);
#5004=ORIENTED_EDGE('',*,*,#3613,.T.);
#5005=ORIENTED_EDGE('',*,*,#3612,.F.);
#5006=ORIENTED_EDGE('',*,*,#3614,.T.);
#5007=ORIENTED_EDGE('',*,*,#3615,.T.);
#5008=ORIENTED_EDGE('',*,*,#3081,.F.);
#5009=ORIENTED_EDGE('',*,*,#3613,.F.);
#5010=ORIENTED_EDGE('',*,*,#3616,.T.);
#5011=ORIENTED_EDGE('',*,*,#3615,.F.);
#5012=ORIENTED_EDGE('',*,*,#3617,.T.);
#5013=ORIENTED_EDGE('',*,*,#3618,.T.);
#5014=ORIENTED_EDGE('',*,*,#3078,.F.);
#5015=ORIENTED_EDGE('',*,*,#3616,.F.);
#5016=ORIENTED_EDGE('',*,*,#3619,.T.);
#5017=ORIENTED_EDGE('',*,*,#3618,.F.);
#5018=ORIENTED_EDGE('',*,*,#3620,.T.);
#5019=ORIENTED_EDGE('',*,*,#3621,.T.);
#5020=ORIENTED_EDGE('',*,*,#3077,.F.);
#5021=ORIENTED_EDGE('',*,*,#3619,.F.);
#5022=ORIENTED_EDGE('',*,*,#3622,.T.);
#5023=ORIENTED_EDGE('',*,*,#3621,.F.);
#5024=ORIENTED_EDGE('',*,*,#3623,.T.);
#5025=ORIENTED_EDGE('',*,*,#3624,.T.);
#5026=ORIENTED_EDGE('',*,*,#3075,.F.);
#5027=ORIENTED_EDGE('',*,*,#3622,.F.);
#5028=ORIENTED_EDGE('',*,*,#3625,.T.);
#5029=ORIENTED_EDGE('',*,*,#3624,.F.);
#5030=ORIENTED_EDGE('',*,*,#3626,.T.);
#5031=ORIENTED_EDGE('',*,*,#3627,.T.);
#5032=ORIENTED_EDGE('',*,*,#3072,.F.);
#5033=ORIENTED_EDGE('',*,*,#3625,.F.);
#5034=ORIENTED_EDGE('',*,*,#3628,.T.);
#5035=ORIENTED_EDGE('',*,*,#3627,.F.);
#5036=ORIENTED_EDGE('',*,*,#3629,.T.);
#5037=ORIENTED_EDGE('',*,*,#3630,.T.);
#5038=ORIENTED_EDGE('',*,*,#3069,.F.);
#5039=ORIENTED_EDGE('',*,*,#3628,.F.);
#5040=ORIENTED_EDGE('',*,*,#3561,.T.);
#5041=ORIENTED_EDGE('',*,*,#3630,.F.);
#5042=ORIENTED_EDGE('',*,*,#3631,.T.);
#5043=ORIENTED_EDGE('',*,*,#3632,.F.);
#5044=ORIENTED_EDGE('',*,*,#3633,.T.);
#5045=ORIENTED_EDGE('',*,*,#3634,.T.);
#5046=ORIENTED_EDGE('',*,*,#3360,.F.);
#5047=ORIENTED_EDGE('',*,*,#3632,.T.);
#5048=ORIENTED_EDGE('',*,*,#3635,.F.);
#5049=ORIENTED_EDGE('',*,*,#3636,.F.);
#5050=ORIENTED_EDGE('',*,*,#3637,.T.);
#5051=ORIENTED_EDGE('',*,*,#3638,.T.);
#5052=ORIENTED_EDGE('',*,*,#3352,.F.);
#5053=ORIENTED_EDGE('',*,*,#3636,.T.);
#5054=ORIENTED_EDGE('',*,*,#3633,.F.);
#5055=ORIENTED_EDGE('',*,*,#3639,.T.);
#5056=ORIENTED_EDGE('',*,*,#3640,.F.);
#5057=ORIENTED_EDGE('',*,*,#3641,.F.);
#5058=ORIENTED_EDGE('',*,*,#3642,.T.);
#5059=ORIENTED_EDGE('',*,*,#3639,.F.);
#5060=ORIENTED_EDGE('',*,*,#3643,.T.);
#5061=ORIENTED_EDGE('',*,*,#3644,.F.);
#5062=ORIENTED_EDGE('',*,*,#3645,.F.);
#5063=ORIENTED_EDGE('',*,*,#3640,.T.);
#5064=ORIENTED_EDGE('',*,*,#3646,.F.);
#5065=ORIENTED_EDGE('',*,*,#3644,.T.);
#5066=ORIENTED_EDGE('',*,*,#3647,.T.);
#5067=ORIENTED_EDGE('',*,*,#3648,.F.);
#5068=ORIENTED_EDGE('',*,*,#3649,.T.);
#5069=ORIENTED_EDGE('',*,*,#3650,.T.);
#5070=ORIENTED_EDGE('',*,*,#3643,.F.);
#5071=ORIENTED_EDGE('',*,*,#3648,.T.);
#5072=ORIENTED_EDGE('',*,*,#3651,.F.);
#5073=ORIENTED_EDGE('',*,*,#3652,.F.);
#5074=ORIENTED_EDGE('',*,*,#3653,.T.);
#5075=ORIENTED_EDGE('',*,*,#3608,.T.);
#5076=ORIENTED_EDGE('',*,*,#3654,.F.);
#5077=ORIENTED_EDGE('',*,*,#3652,.T.);
#5078=ORIENTED_EDGE('',*,*,#3655,.F.);
#5079=ORIENTED_EDGE('',*,*,#3656,.F.);
#5080=ORIENTED_EDGE('',*,*,#3646,.T.);
#5081=ORIENTED_EDGE('',*,*,#3654,.T.);
#5082=ORIENTED_EDGE('',*,*,#3657,.F.);
#5083=ORIENTED_EDGE('',*,*,#3656,.T.);
#5084=ORIENTED_EDGE('',*,*,#3658,.F.);
#5085=ORIENTED_EDGE('',*,*,#3659,.F.);
#5086=ORIENTED_EDGE('',*,*,#3660,.F.);
#5087=ORIENTED_EDGE('',*,*,#3661,.T.);
#5088=ORIENTED_EDGE('',*,*,#2982,.T.);
#5089=ORIENTED_EDGE('',*,*,#3662,.F.);
#5090=ORIENTED_EDGE('',*,*,#3659,.T.);
#5091=ORIENTED_EDGE('',*,*,#2963,.T.);
#5092=ORIENTED_EDGE('',*,*,#2981,.T.);
#5093=ORIENTED_EDGE('',*,*,#3663,.F.);
#5094=ORIENTED_EDGE('',*,*,#3664,.T.);
#5095=ORIENTED_EDGE('',*,*,#3662,.T.);
#5096=ORIENTED_EDGE('',*,*,#2980,.T.);
#5097=ORIENTED_EDGE('',*,*,#2954,.T.);
#5098=ORIENTED_EDGE('',*,*,#3663,.T.);
#5099=ORIENTED_EDGE('',*,*,#3665,.F.);
#5100=ORIENTED_EDGE('',*,*,#3581,.T.);
#5101=ORIENTED_EDGE('',*,*,#3666,.T.);
#5102=ORIENTED_EDGE('',*,*,#3667,.F.);
#5103=ORIENTED_EDGE('',*,*,#3665,.T.);
#5104=ORIENTED_EDGE('',*,*,#3500,.F.);
#5105=ORIENTED_EDGE('',*,*,#3668,.F.);
#5106=ORIENTED_EDGE('',*,*,#3584,.T.);
#5107=ORIENTED_EDGE('',*,*,#3667,.T.);
#5108=ORIENTED_EDGE('',*,*,#3669,.F.);
#5109=ORIENTED_EDGE('',*,*,#3668,.T.);
#5110=ORIENTED_EDGE('',*,*,#3497,.F.);
#5111=ORIENTED_EDGE('',*,*,#3670,.F.);
#5112=ORIENTED_EDGE('',*,*,#3587,.T.);
#5113=ORIENTED_EDGE('',*,*,#3669,.T.);
#5114=ORIENTED_EDGE('',*,*,#3671,.F.);
#5115=ORIENTED_EDGE('',*,*,#3670,.T.);
#5116=ORIENTED_EDGE('',*,*,#3494,.F.);
#5117=ORIENTED_EDGE('',*,*,#3672,.F.);
#5118=ORIENTED_EDGE('',*,*,#3590,.T.);
#5119=ORIENTED_EDGE('',*,*,#3671,.T.);
#5120=ORIENTED_EDGE('',*,*,#3673,.F.);
#5121=ORIENTED_EDGE('',*,*,#3672,.T.);
#5122=ORIENTED_EDGE('',*,*,#3491,.F.);
#5123=ORIENTED_EDGE('',*,*,#3674,.F.);
#5124=ORIENTED_EDGE('',*,*,#3593,.T.);
#5125=ORIENTED_EDGE('',*,*,#3673,.T.);
#5126=ORIENTED_EDGE('',*,*,#3675,.F.);
#5127=ORIENTED_EDGE('',*,*,#3674,.T.);
#5128=ORIENTED_EDGE('',*,*,#3559,.F.);
#5129=ORIENTED_EDGE('',*,*,#3676,.F.);
#5130=ORIENTED_EDGE('',*,*,#3596,.T.);
#5131=ORIENTED_EDGE('',*,*,#3675,.T.);
#5132=ORIENTED_EDGE('',*,*,#3677,.F.);
#5133=ORIENTED_EDGE('',*,*,#3676,.T.);
#5134=ORIENTED_EDGE('',*,*,#3557,.F.);
#5135=ORIENTED_EDGE('',*,*,#3678,.F.);
#5136=ORIENTED_EDGE('',*,*,#3599,.T.);
#5137=ORIENTED_EDGE('',*,*,#3677,.T.);
#5138=ORIENTED_EDGE('',*,*,#3679,.F.);
#5139=ORIENTED_EDGE('',*,*,#3678,.T.);
#5140=ORIENTED_EDGE('',*,*,#3554,.F.);
#5141=ORIENTED_EDGE('',*,*,#3680,.F.);
#5142=ORIENTED_EDGE('',*,*,#3602,.T.);
#5143=ORIENTED_EDGE('',*,*,#3679,.T.);
#5144=ORIENTED_EDGE('',*,*,#3681,.F.);
#5145=ORIENTED_EDGE('',*,*,#3680,.T.);
#5146=ORIENTED_EDGE('',*,*,#3551,.F.);
#5147=ORIENTED_EDGE('',*,*,#3682,.F.);
#5148=ORIENTED_EDGE('',*,*,#3605,.T.);
#5149=ORIENTED_EDGE('',*,*,#3681,.T.);
#5150=ORIENTED_EDGE('',*,*,#3683,.F.);
#5151=ORIENTED_EDGE('',*,*,#3682,.T.);
#5152=ORIENTED_EDGE('',*,*,#3548,.F.);
#5153=ORIENTED_EDGE('',*,*,#3684,.F.);
#5154=ORIENTED_EDGE('',*,*,#3655,.T.);
#5155=ORIENTED_EDGE('',*,*,#3683,.T.);
#5156=ORIENTED_EDGE('',*,*,#3685,.F.);
#5157=ORIENTED_EDGE('',*,*,#3684,.T.);
#5158=ORIENTED_EDGE('',*,*,#3545,.F.);
#5159=ORIENTED_EDGE('',*,*,#3686,.F.);
#5160=ORIENTED_EDGE('',*,*,#3685,.T.);
#5161=ORIENTED_EDGE('',*,*,#3542,.F.);
#5162=ORIENTED_EDGE('',*,*,#3687,.F.);
#5163=ORIENTED_EDGE('',*,*,#3661,.F.);
#5164=ORIENTED_EDGE('',*,*,#3686,.T.);
#5165=ORIENTED_EDGE('',*,*,#3688,.F.);
#5166=ORIENTED_EDGE('',*,*,#3687,.T.);
#5167=ORIENTED_EDGE('',*,*,#3539,.T.);
#5168=ORIENTED_EDGE('',*,*,#3689,.F.);
#5169=ORIENTED_EDGE('',*,*,#3688,.T.);
#5170=ORIENTED_EDGE('',*,*,#3536,.T.);
#5171=ORIENTED_EDGE('',*,*,#3690,.F.);
#5172=ORIENTED_EDGE('',*,*,#3689,.T.);
#5173=ORIENTED_EDGE('',*,*,#3533,.T.);
#5174=ORIENTED_EDGE('',*,*,#3691,.F.);
#5175=ORIENTED_EDGE('',*,*,#3690,.T.);
#5176=ORIENTED_EDGE('',*,*,#3530,.T.);
#5177=ORIENTED_EDGE('',*,*,#3692,.F.);
#5178=ORIENTED_EDGE('',*,*,#3691,.T.);
#5179=ORIENTED_EDGE('',*,*,#3527,.T.);
#5180=ORIENTED_EDGE('',*,*,#3693,.F.);
#5181=ORIENTED_EDGE('',*,*,#3692,.T.);
#5182=ORIENTED_EDGE('',*,*,#3524,.T.);
#5183=ORIENTED_EDGE('',*,*,#3694,.T.);
#5184=ORIENTED_EDGE('',*,*,#3484,.F.);
#5185=ORIENTED_EDGE('',*,*,#3693,.T.);
#5186=ORIENTED_EDGE('',*,*,#3695,.T.);
#5187=ORIENTED_EDGE('',*,*,#3694,.F.);
#5188=ORIENTED_EDGE('',*,*,#3521,.T.);
#5189=ORIENTED_EDGE('',*,*,#3696,.T.);
#5190=ORIENTED_EDGE('',*,*,#3695,.F.);
#5191=ORIENTED_EDGE('',*,*,#3518,.T.);
#5192=ORIENTED_EDGE('',*,*,#3697,.T.);
#5193=ORIENTED_EDGE('',*,*,#3696,.F.);
#5194=ORIENTED_EDGE('',*,*,#3515,.T.);
#5195=ORIENTED_EDGE('',*,*,#3698,.T.);
#5196=ORIENTED_EDGE('',*,*,#3697,.F.);
#5197=ORIENTED_EDGE('',*,*,#3512,.T.);
#5198=ORIENTED_EDGE('',*,*,#3699,.T.);
#5199=ORIENTED_EDGE('',*,*,#3698,.F.);
#5200=ORIENTED_EDGE('',*,*,#3509,.T.);
#5201=ORIENTED_EDGE('',*,*,#3700,.T.);
#5202=ORIENTED_EDGE('',*,*,#3699,.F.);
#5203=ORIENTED_EDGE('',*,*,#3506,.T.);
#5204=ORIENTED_EDGE('',*,*,#3701,.T.);
#5205=ORIENTED_EDGE('',*,*,#3700,.F.);
#5206=ORIENTED_EDGE('',*,*,#3503,.F.);
#5207=ORIENTED_EDGE('',*,*,#3702,.T.);
#5208=ORIENTED_EDGE('',*,*,#3701,.F.);
#5209=ORIENTED_EDGE('',*,*,#3666,.F.);
#5210=ORIENTED_EDGE('',*,*,#3703,.T.);
#5211=ORIENTED_EDGE('',*,*,#3487,.T.);
#5212=ORIENTED_EDGE('',*,*,#3702,.F.);
#5213=ORIENTED_EDGE('',*,*,#3704,.T.);
#5214=ORIENTED_EDGE('',*,*,#3703,.F.);
#5215=ORIENTED_EDGE('',*,*,#3578,.T.);
#5216=ORIENTED_EDGE('',*,*,#3705,.T.);
#5217=ORIENTED_EDGE('',*,*,#3704,.F.);
#5218=ORIENTED_EDGE('',*,*,#3575,.F.);
#5219=ORIENTED_EDGE('',*,*,#3706,.T.);
#5220=ORIENTED_EDGE('',*,*,#3705,.F.);
#5221=ORIENTED_EDGE('',*,*,#3572,.F.);
#5222=ORIENTED_EDGE('',*,*,#3707,.T.);
#5223=ORIENTED_EDGE('',*,*,#3706,.F.);
#5224=ORIENTED_EDGE('',*,*,#3569,.F.);
#5225=ORIENTED_EDGE('',*,*,#3708,.T.);
#5226=ORIENTED_EDGE('',*,*,#3707,.F.);
#5227=ORIENTED_EDGE('',*,*,#3566,.F.);
#5228=ORIENTED_EDGE('',*,*,#3709,.T.);
#5229=ORIENTED_EDGE('',*,*,#3708,.F.);
#5230=ORIENTED_EDGE('',*,*,#3563,.F.);
#5231=ORIENTED_EDGE('',*,*,#3710,.T.);
#5232=ORIENTED_EDGE('',*,*,#3709,.F.);
#5233=ORIENTED_EDGE('',*,*,#3631,.F.);
#5234=ORIENTED_EDGE('',*,*,#3711,.F.);
#5235=ORIENTED_EDGE('',*,*,#3482,.T.);
#5236=ORIENTED_EDGE('',*,*,#3710,.F.);
#5237=ORIENTED_EDGE('',*,*,#3712,.F.);
#5238=ORIENTED_EDGE('',*,*,#3711,.T.);
#5239=ORIENTED_EDGE('',*,*,#3629,.F.);
#5240=ORIENTED_EDGE('',*,*,#3713,.F.);
#5241=ORIENTED_EDGE('',*,*,#3712,.T.);
#5242=ORIENTED_EDGE('',*,*,#3626,.F.);
#5243=ORIENTED_EDGE('',*,*,#3714,.F.);
#5244=ORIENTED_EDGE('',*,*,#3713,.T.);
#5245=ORIENTED_EDGE('',*,*,#3623,.F.);
#5246=ORIENTED_EDGE('',*,*,#3715,.F.);
#5247=ORIENTED_EDGE('',*,*,#3714,.T.);
#5248=ORIENTED_EDGE('',*,*,#3620,.F.);
#5249=ORIENTED_EDGE('',*,*,#3716,.F.);
#5250=ORIENTED_EDGE('',*,*,#3715,.T.);
#5251=ORIENTED_EDGE('',*,*,#3617,.F.);
#5252=ORIENTED_EDGE('',*,*,#3717,.F.);
#5253=ORIENTED_EDGE('',*,*,#3716,.T.);
#5254=ORIENTED_EDGE('',*,*,#3614,.F.);
#5255=ORIENTED_EDGE('',*,*,#3718,.F.);
#5256=ORIENTED_EDGE('',*,*,#3717,.T.);
#5257=ORIENTED_EDGE('',*,*,#3611,.T.);
#5258=ORIENTED_EDGE('',*,*,#3719,.T.);
#5259=ORIENTED_EDGE('',*,*,#3718,.T.);
#5260=ORIENTED_EDGE('',*,*,#3653,.F.);
#5261=ORIENTED_EDGE('',*,*,#3018,.T.);
#5262=ORIENTED_EDGE('',*,*,#2990,.T.);
#5263=ORIENTED_EDGE('',*,*,#3478,.T.);
#5264=ORIENTED_EDGE('',*,*,#3719,.F.);
#5265=ORIENTED_EDGE('',*,*,#2992,.T.);
#5266=ORIENTED_EDGE('',*,*,#3017,.T.);
#5267=ORIENTED_EDGE('',*,*,#3020,.T.);
#5268=ORIENTED_EDGE('',*,*,#3013,.T.);
#5269=ORIENTED_EDGE('',*,*,#2994,.F.);
#5270=ORIENTED_EDGE('',*,*,#3650,.F.);
#5271=ORIENTED_EDGE('',*,*,#3720,.T.);
#5272=ORIENTED_EDGE('',*,*,#3014,.T.);
#5273=ORIENTED_EDGE('',*,*,#3720,.F.);
#5274=ORIENTED_EDGE('',*,*,#3721,.F.);
#5275=ORIENTED_EDGE('',*,*,#3010,.T.);
#5276=ORIENTED_EDGE('',*,*,#3722,.F.);
#5277=ORIENTED_EDGE('',*,*,#3721,.T.);
#5278=ORIENTED_EDGE('',*,*,#3723,.T.);
#5279=ORIENTED_EDGE('',*,*,#2957,.F.);
#5280=ORIENTED_EDGE('',*,*,#3722,.T.);
#5281=ORIENTED_EDGE('',*,*,#3657,.T.);
#5282=ORIENTED_EDGE('',*,*,#3724,.T.);
#5283=ORIENTED_EDGE('',*,*,#3649,.F.);
#5284=ORIENTED_EDGE('',*,*,#3641,.T.);
#5285=ORIENTED_EDGE('',*,*,#3723,.F.);
#5286=ORIENTED_EDGE('',*,*,#3724,.F.);
#5287=ORIENTED_EDGE('',*,*,#3645,.T.);
#5288=ORIENTED_EDGE('',*,*,#3725,.T.);
#5289=ORIENTED_EDGE('',*,*,#3647,.F.);
#5290=ORIENTED_EDGE('',*,*,#3642,.F.);
#5291=ORIENTED_EDGE('',*,*,#2993,.T.);
#5292=ORIENTED_EDGE('',*,*,#3725,.F.);
#5293=ORIENTED_EDGE('',*,*,#3651,.T.);
#5294=ORIENTED_EDGE('',*,*,#3726,.T.);
#5295=ORIENTED_EDGE('',*,*,#3634,.F.);
#5296=ORIENTED_EDGE('',*,*,#3638,.F.);
#5297=ORIENTED_EDGE('',*,*,#3727,.T.);
#5298=ORIENTED_EDGE('',*,*,#3726,.F.);
#5299=ORIENTED_EDGE('',*,*,#3728,.T.);
#5300=ORIENTED_EDGE('',*,*,#3729,.T.);
#5301=ORIENTED_EDGE('',*,*,#3637,.F.);
#5302=ORIENTED_EDGE('',*,*,#3354,.T.);
#5303=ORIENTED_EDGE('',*,*,#3728,.F.);
#5304=ORIENTED_EDGE('',*,*,#3729,.F.);
#5305=ORIENTED_EDGE('',*,*,#3730,.T.);
#5306=ORIENTED_EDGE('',*,*,#3731,.F.);
#5307=ORIENTED_EDGE('',*,*,#3635,.T.);
#5308=ORIENTED_EDGE('',*,*,#3727,.F.);
#5309=ORIENTED_EDGE('',*,*,#3364,.T.);
#5310=ORIENTED_EDGE('',*,*,#3731,.T.);
#5311=ORIENTED_EDGE('',*,*,#3730,.F.);
#5312=ORIENTED_EDGE('',*,*,#3732,.T.);
#5313=ORIENTED_EDGE('',*,*,#3733,.F.);
#5314=ORIENTED_EDGE('',*,*,#3734,.F.);
#5315=ORIENTED_EDGE('',*,*,#3735,.T.);
#5316=ORIENTED_EDGE('',*,*,#3732,.F.);
#5317=ORIENTED_EDGE('',*,*,#3736,.T.);
#5318=ORIENTED_EDGE('',*,*,#3737,.F.);
#5319=ORIENTED_EDGE('',*,*,#3738,.T.);
#5320=ORIENTED_EDGE('',*,*,#3736,.F.);
#5321=ORIENTED_EDGE('',*,*,#3361,.T.);
#5322=ORIENTED_EDGE('',*,*,#3737,.T.);
#5323=ORIENTED_EDGE('',*,*,#3739,.F.);
#5324=ORIENTED_EDGE('',*,*,#3740,.F.);
#5325=ORIENTED_EDGE('',*,*,#3741,.T.);
#5326=ORIENTED_EDGE('',*,*,#3735,.F.);
#5327=ORIENTED_EDGE('',*,*,#3368,.T.);
#5328=ORIENTED_EDGE('',*,*,#3740,.T.);
#5329=ORIENTED_EDGE('',*,*,#3738,.F.);
#5330=ORIENTED_EDGE('',*,*,#3742,.F.);
#5331=ORIENTED_EDGE('',*,*,#3743,.T.);
#5332=ORIENTED_EDGE('',*,*,#3733,.T.);
#5333=ORIENTED_EDGE('',*,*,#3369,.F.);
#5334=ORIENTED_EDGE('',*,*,#3742,.T.);
#5335=ORIENTED_EDGE('',*,*,#3741,.F.);
#5336=ORIENTED_EDGE('',*,*,#3744,.F.);
#5337=ORIENTED_EDGE('',*,*,#3739,.T.);
#5338=ORIENTED_EDGE('',*,*,#3734,.T.);
#5339=ORIENTED_EDGE('',*,*,#3373,.F.);
#5340=ORIENTED_EDGE('',*,*,#3744,.T.);
#5341=ORIENTED_EDGE('',*,*,#3743,.F.);
#5342=ORIENTED_EDGE('',*,*,#3745,.T.);
#5343=ORIENTED_EDGE('',*,*,#3746,.F.);
#5344=ORIENTED_EDGE('',*,*,#3747,.F.);
#5345=ORIENTED_EDGE('',*,*,#3748,.T.);
#5346=ORIENTED_EDGE('',*,*,#3745,.F.);
#5347=ORIENTED_EDGE('',*,*,#3749,.T.);
#5348=ORIENTED_EDGE('',*,*,#3750,.T.);
#5349=ORIENTED_EDGE('',*,*,#3751,.F.);
#5350=ORIENTED_EDGE('',*,*,#3749,.F.);
#5351=ORIENTED_EDGE('',*,*,#3658,.T.);
#5352=ORIENTED_EDGE('',*,*,#3750,.F.);
#5353=ORIENTED_EDGE('',*,*,#3752,.T.);
#5354=ORIENTED_EDGE('',*,*,#3753,.T.);
#5355=ORIENTED_EDGE('',*,*,#3754,.F.);
#5356=ORIENTED_EDGE('',*,*,#3748,.F.);
#5357=ORIENTED_EDGE('',*,*,#3660,.T.);
#5358=ORIENTED_EDGE('',*,*,#3753,.F.);
#5359=ORIENTED_EDGE('',*,*,#3751,.T.);
#5360=ORIENTED_EDGE('',*,*,#3755,.F.);
#5361=ORIENTED_EDGE('',*,*,#3756,.F.);
#5362=ORIENTED_EDGE('',*,*,#3746,.T.);
#5363=ORIENTED_EDGE('',*,*,#3664,.F.);
#5364=ORIENTED_EDGE('',*,*,#3755,.T.);
#5365=ORIENTED_EDGE('',*,*,#3754,.T.);
#5366=ORIENTED_EDGE('',*,*,#3757,.T.);
#5367=ORIENTED_EDGE('',*,*,#3752,.F.);
#5368=ORIENTED_EDGE('',*,*,#3747,.T.);
#5369=ORIENTED_EDGE('',*,*,#2953,.F.);
#5370=ORIENTED_EDGE('',*,*,#3757,.F.);
#5371=ORIENTED_EDGE('',*,*,#3756,.T.);
#5372=PLANE('',#6428);
#5373=PLANE('',#6429);
#5374=PLANE('',#6430);
#5375=PLANE('',#6431);
#5376=PLANE('',#6432);
#5377=PLANE('',#6433);
#5378=PLANE('',#6434);
#5379=PLANE('',#6435);
#5380=PLANE('',#6436);
#5381=PLANE('',#6437);
#5382=PLANE('',#6438);
#5383=PLANE('',#6439);
#5384=PLANE('',#6440);
#5385=PLANE('',#6441);
#5386=PLANE('',#6442);
#5387=PLANE('',#6443);
#5388=PLANE('',#6444);
#5389=PLANE('',#6445);
#5390=PLANE('',#6446);
#5391=PLANE('',#6447);
#5392=PLANE('',#6448);
#5393=PLANE('',#6449);
#5394=PLANE('',#6450);
#5395=PLANE('',#6451);
#5396=PLANE('',#6452);
#5397=PLANE('',#6453);
#5398=PLANE('',#6454);
#5399=PLANE('',#6455);
#5400=PLANE('',#6456);
#5401=PLANE('',#6457);
#5402=PLANE('',#6458);
#5403=PLANE('',#6459);
#5404=PLANE('',#6460);
#5405=PLANE('',#6461);
#5406=PLANE('',#6462);
#5407=PLANE('',#6463);
#5408=PLANE('',#6464);
#5409=PLANE('',#6465);
#5410=PLANE('',#6466);
#5411=PLANE('',#6467);
#5412=PLANE('',#6468);
#5413=PLANE('',#6469);
#5414=PLANE('',#6470);
#5415=PLANE('',#6471);
#5416=PLANE('',#6472);
#5417=PLANE('',#6473);
#5418=PLANE('',#6474);
#5419=PLANE('',#6475);
#5420=PLANE('',#6476);
#5421=PLANE('',#6477);
#5422=PLANE('',#6478);
#5423=PLANE('',#6479);
#5424=PLANE('',#6480);
#5425=PLANE('',#6481);
#5426=PLANE('',#6482);
#5427=PLANE('',#6483);
#5428=PLANE('',#6484);
#5429=PLANE('',#6485);
#5430=PLANE('',#6486);
#5431=PLANE('',#6487);
#5432=PLANE('',#6488);
#5433=PLANE('',#6489);
#5434=PLANE('',#6490);
#5435=PLANE('',#6491);
#5436=PLANE('',#6492);
#5437=PLANE('',#6493);
#5438=PLANE('',#6494);
#5439=PLANE('',#6495);
#5440=PLANE('',#6496);
#5441=PLANE('',#6497);
#5442=PLANE('',#6498);
#5443=PLANE('',#6499);
#5444=PLANE('',#6500);
#5445=PLANE('',#6501);
#5446=PLANE('',#6502);
#5447=PLANE('',#6503);
#5448=PLANE('',#6504);
#5449=PLANE('',#6505);
#5450=PLANE('',#6506);
#5451=PLANE('',#6507);
#5452=PLANE('',#6508);
#5453=PLANE('',#6509);
#5454=PLANE('',#6510);
#5455=PLANE('',#6511);
#5456=PLANE('',#6512);
#5457=PLANE('',#6513);
#5458=PLANE('',#6514);
#5459=PLANE('',#6515);
#5460=PLANE('',#6516);
#5461=PLANE('',#6517);
#5462=PLANE('',#6518);
#5463=PLANE('',#6519);
#5464=PLANE('',#6520);
#5465=PLANE('',#6521);
#5466=PLANE('',#6522);
#5467=PLANE('',#6523);
#5468=PLANE('',#6524);
#5469=PLANE('',#6525);
#5470=PLANE('',#6526);
#5471=PLANE('',#6527);
#5472=PLANE('',#6528);
#5473=PLANE('',#6529);
#5474=PLANE('',#6530);
#5475=PLANE('',#6531);
#5476=PLANE('',#6532);
#5477=PLANE('',#6533);
#5478=PLANE('',#6534);
#5479=PLANE('',#6535);
#5480=PLANE('',#6536);
#5481=PLANE('',#6537);
#5482=PLANE('',#6538);
#5483=PLANE('',#6539);
#5484=PLANE('',#6540);
#5485=PLANE('',#6541);
#5486=PLANE('',#6542);
#5487=PLANE('',#6543);
#5488=PLANE('',#6544);
#5489=PLANE('',#6545);
#5490=PLANE('',#6546);
#5491=PLANE('',#6547);
#5492=PLANE('',#6548);
#5493=PLANE('',#6549);
#5494=PLANE('',#6550);
#5495=PLANE('',#6551);
#5496=PLANE('',#6552);
#5497=PLANE('',#6553);
#5498=PLANE('',#6554);
#5499=PLANE('',#6555);
#5500=PLANE('',#6556);
#5501=PLANE('',#6557);
#5502=PLANE('',#6558);
#5503=PLANE('',#6559);
#5504=PLANE('',#6560);
#5505=PLANE('',#6561);
#5506=PLANE('',#6562);
#5507=PLANE('',#6563);
#5508=PLANE('',#6564);
#5509=PLANE('',#6565);
#5510=PLANE('',#6566);
#5511=PLANE('',#6567);
#5512=PLANE('',#6568);
#5513=PLANE('',#6569);
#5514=PLANE('',#6570);
#5515=PLANE('',#6571);
#5516=PLANE('',#6572);
#5517=PLANE('',#6573);
#5518=PLANE('',#6574);
#5519=PLANE('',#6575);
#5520=PLANE('',#6576);
#5521=PLANE('',#6577);
#5522=PLANE('',#6578);
#5523=PLANE('',#6579);
#5524=PLANE('',#6580);
#5525=PLANE('',#6581);
#5526=PLANE('',#6582);
#5527=PLANE('',#6583);
#5528=PLANE('',#6584);
#5529=PLANE('',#6585);
#5530=PLANE('',#6586);
#5531=PLANE('',#6587);
#5532=PLANE('',#6588);
#5533=PLANE('',#6589);
#5534=PLANE('',#6590);
#5535=PLANE('',#6591);
#5536=PLANE('',#6592);
#5537=PLANE('',#6593);
#5538=PLANE('',#6594);
#5539=PLANE('',#6595);
#5540=PLANE('',#6596);
#5541=PLANE('',#6597);
#5542=PLANE('',#6598);
#5543=PLANE('',#6599);
#5544=PLANE('',#6600);
#5545=PLANE('',#6601);
#5546=PLANE('',#6602);
#5547=PLANE('',#6603);
#5548=PLANE('',#6604);
#5549=PLANE('',#6605);
#5550=PLANE('',#6606);
#5551=PLANE('',#6607);
#5552=PLANE('',#6608);
#5553=PLANE('',#6609);
#5554=PLANE('',#6610);
#5555=PLANE('',#6611);
#5556=PLANE('',#6612);
#5557=PLANE('',#6613);
#5558=PLANE('',#6614);
#5559=PLANE('',#6615);
#5560=PLANE('',#6616);
#5561=PLANE('',#6617);
#5562=PLANE('',#6618);
#5563=PLANE('',#6619);
#5564=PLANE('',#6620);
#5565=PLANE('',#6621);
#5566=PLANE('',#6622);
#5567=PLANE('',#6623);
#5568=PLANE('',#6624);
#5569=PLANE('',#6625);
#5570=PLANE('',#6626);
#5571=PLANE('',#6627);
#5572=PLANE('',#6628);
#5573=PLANE('',#6629);
#5574=PLANE('',#6630);
#5575=PLANE('',#6631);
#5576=PLANE('',#6632);
#5577=PLANE('',#6633);
#5578=PLANE('',#6634);
#5579=PLANE('',#6635);
#5580=PLANE('',#6636);
#5581=PLANE('',#6637);
#5582=PLANE('',#6638);
#5583=PLANE('',#6639);
#5584=PLANE('',#6640);
#5585=PLANE('',#6641);
#5586=PLANE('',#6642);
#5587=PLANE('',#6643);
#5588=PLANE('',#6644);
#5589=PLANE('',#6645);
#5590=PLANE('',#6646);
#5591=PLANE('',#6647);
#5592=PLANE('',#6648);
#5593=PLANE('',#6649);
#5594=PLANE('',#6650);
#5595=PLANE('',#6651);
#5596=PLANE('',#6652);
#5597=PLANE('',#6653);
#5598=PLANE('',#6654);
#5599=PLANE('',#6655);
#5600=PLANE('',#6656);
#5601=PLANE('',#6657);
#5602=PLANE('',#6658);
#5603=PLANE('',#6659);
#5604=PLANE('',#6660);
#5605=PLANE('',#6661);
#5606=PLANE('',#6662);
#5607=PLANE('',#6663);
#5608=PLANE('',#6664);
#5609=PLANE('',#6665);
#5610=PLANE('',#6666);
#5611=PLANE('',#6667);
#5612=PLANE('',#6668);
#5613=PLANE('',#6669);
#5614=PLANE('',#6670);
#5615=PLANE('',#6671);
#5616=PLANE('',#6672);
#5617=PLANE('',#6673);
#5618=PLANE('',#6674);
#5619=PLANE('',#6675);
#5620=PLANE('',#6676);
#5621=PLANE('',#6677);
#5622=PLANE('',#6678);
#5623=PLANE('',#6679);
#5624=PLANE('',#6680);
#5625=PLANE('',#6681);
#5626=PLANE('',#6682);
#5627=PLANE('',#6683);
#5628=PLANE('',#6684);
#5629=PLANE('',#6685);
#5630=PLANE('',#6686);
#5631=PLANE('',#6687);
#5632=PLANE('',#6688);
#5633=PLANE('',#6689);
#5634=PLANE('',#6690);
#5635=PLANE('',#6691);
#5636=PLANE('',#6692);
#5637=PLANE('',#6693);
#5638=PLANE('',#6694);
#5639=PLANE('',#6695);
#5640=PLANE('',#6696);
#5641=PLANE('',#6697);
#5642=PLANE('',#6698);
#5643=PLANE('',#6699);
#5644=PLANE('',#6700);
#5645=PLANE('',#6701);
#5646=PLANE('',#6702);
#5647=PLANE('',#6703);
#5648=PLANE('',#6704);
#5649=PLANE('',#6705);
#5650=PLANE('',#6706);
#5651=PLANE('',#6707);
#5652=PLANE('',#6708);
#5653=PLANE('',#6709);
#5654=PLANE('',#6710);
#5655=PLANE('',#6711);
#5656=PLANE('',#6712);
#5657=PLANE('',#6713);
#5658=PLANE('',#6714);
#5659=PLANE('',#6715);
#5660=PLANE('',#6716);
#5661=PLANE('',#6717);
#5662=PLANE('',#6718);
#5663=PLANE('',#6719);
#5664=PLANE('',#6720);
#5665=PLANE('',#6721);
#5666=PLANE('',#6722);
#5667=PLANE('',#6723);
#5668=PLANE('',#6724);
#5669=PLANE('',#6725);
#5670=PLANE('',#6726);
#5671=PLANE('',#6727);
#5672=PLANE('',#6728);
#5673=PLANE('',#6729);
#5674=PLANE('',#6730);
#5675=PLANE('',#6731);
#5676=PLANE('',#6732);
#5677=PLANE('',#6733);
#5678=PLANE('',#6734);
#5679=PLANE('',#6735);
#5680=PLANE('',#6736);
#5681=PLANE('',#6737);
#5682=PLANE('',#6738);
#5683=PLANE('',#6739);
#5684=PLANE('',#6740);
#5685=PLANE('',#6741);
#5686=PLANE('',#6742);
#5687=PLANE('',#6743);
#5688=PLANE('',#6744);
#5689=PLANE('',#6745);
#5690=PLANE('',#6746);
#5691=PLANE('',#6747);
#5692=PLANE('',#6748);
#5693=PLANE('',#6749);
#5694=PLANE('',#6750);
#5695=PLANE('',#6751);
#5696=PLANE('',#6752);
#5697=PLANE('',#6753);
#5698=PLANE('',#6754);
#5699=PLANE('',#6755);
#5700=PLANE('',#6756);
#5701=PLANE('',#6757);
#5702=PLANE('',#6758);
#5703=PLANE('',#6759);
#5704=PLANE('',#6760);
#5705=PLANE('',#6761);
#5706=PLANE('',#6762);
#5707=PLANE('',#6763);
#5708=PLANE('',#6764);
#5709=PLANE('',#6765);
#5710=PLANE('',#6766);
#5711=PLANE('',#6767);
#5712=PLANE('',#6768);
#5713=PLANE('',#6769);
#5714=PLANE('',#6770);
#5715=PLANE('',#6771);
#5716=PLANE('',#6772);
#5717=PLANE('',#6773);
#5718=PLANE('',#6774);
#5719=PLANE('',#6775);
#5720=PLANE('',#6776);
#5721=PLANE('',#6777);
#5722=PLANE('',#6778);
#5723=PLANE('',#6779);
#5724=PLANE('',#6780);
#5725=PLANE('',#6781);
#5726=PLANE('',#6782);
#5727=PLANE('',#6783);
#5728=PLANE('',#6784);
#5729=PLANE('',#6785);
#5730=PLANE('',#6786);
#5731=PLANE('',#6787);
#5732=PLANE('',#6788);
#5733=PLANE('',#6789);
#5734=PLANE('',#6790);
#5735=PLANE('',#6791);
#5736=PLANE('',#6792);
#5737=PLANE('',#6793);
#5738=PLANE('',#6794);
#5739=PLANE('',#6795);
#5740=PLANE('',#6796);
#5741=PLANE('',#6797);
#5742=PLANE('',#6798);
#5743=PLANE('',#6799);
#5744=PLANE('',#6800);
#5745=PLANE('',#6801);
#5746=PLANE('',#6802);
#5747=PLANE('',#6803);
#5748=PLANE('',#6804);
#5749=PLANE('',#6805);
#5750=PLANE('',#6806);
#5751=PLANE('',#6807);
#5752=PLANE('',#6808);
#5753=PLANE('',#6809);
#5754=PLANE('',#6810);
#5755=PLANE('',#6811);
#5756=PLANE('',#6812);
#5757=PLANE('',#6813);
#5758=PLANE('',#6814);
#5759=PLANE('',#6815);
#5760=PLANE('',#6816);
#5761=PLANE('',#6817);
#5762=PLANE('',#6818);
#5763=PLANE('',#6819);
#5764=PLANE('',#6820);
#5765=PLANE('',#6821);
#5766=PLANE('',#6822);
#5767=PLANE('',#6823);
#5768=PLANE('',#6824);
#5769=PLANE('',#6825);
#5770=PLANE('',#6826);
#5771=PLANE('',#6827);
#5772=PLANE('',#6828);
#5773=PLANE('',#6829);
#5774=PLANE('',#6830);
#5775=PLANE('',#6831);
#5776=PLANE('',#6832);
#5777=PLANE('',#6833);
#5778=PLANE('',#6834);
#5779=PLANE('',#6835);
#5780=PLANE('',#6836);
#5781=PLANE('',#6837);
#5782=PLANE('',#6838);
#5783=PLANE('',#6839);
#5784=PLANE('',#6840);
#5785=PLANE('',#6841);
#5786=PLANE('',#6842);
#5787=PLANE('',#6843);
#5788=PLANE('',#6844);
#5789=PLANE('',#6845);
#5790=PLANE('',#6846);
#5791=PLANE('',#6847);
#5792=PLANE('',#6848);
#5793=PLANE('',#6849);
#5794=PLANE('',#6850);
#5795=PLANE('',#6851);
#5796=PLANE('',#6852);
#5797=PLANE('',#6853);
#5798=PLANE('',#6854);
#5799=PLANE('',#6855);
#5800=PLANE('',#6856);
#5801=PLANE('',#6857);
#5802=PLANE('',#6858);
#5803=PLANE('',#6859);
#5804=PLANE('',#6860);
#5805=PLANE('',#6861);
#5806=PLANE('',#6862);
#5807=PLANE('',#6863);
#5808=PLANE('',#6864);
#5809=PLANE('',#6865);
#5810=PLANE('',#6866);
#5811=PLANE('',#6867);
#5812=PLANE('',#6868);
#5813=PLANE('',#6869);
#5814=PLANE('',#6870);
#5815=PLANE('',#6871);
#5816=PLANE('',#6872);
#5817=PLANE('',#6873);
#5818=PLANE('',#6874);
#5819=PLANE('',#6875);
#5820=PLANE('',#6876);
#5821=PLANE('',#6877);
#5822=PLANE('',#6878);
#5823=PLANE('',#6879);
#5824=PLANE('',#6880);
#5825=PLANE('',#6881);
#5826=PLANE('',#6882);
#5827=PLANE('',#6883);
#5828=PLANE('',#6884);
#5829=PLANE('',#6885);
#5830=PLANE('',#6886);
#5831=PLANE('',#6887);
#5832=PLANE('',#6888);
#5833=PLANE('',#6889);
#5834=PLANE('',#6890);
#5835=PLANE('',#6891);
#5836=PLANE('',#6892);
#5837=PLANE('',#6893);
#5838=PLANE('',#6894);
#5839=PLANE('',#6895);
#5840=PLANE('',#6896);
#5841=PLANE('',#6897);
#5842=PLANE('',#6898);
#5843=PLANE('',#6899);
#5844=PLANE('',#6900);
#5845=PLANE('',#6901);
#5846=PLANE('',#6902);
#5847=PLANE('',#6903);
#5848=PLANE('',#6904);
#5849=PLANE('',#6905);
#5850=PLANE('',#6906);
#5851=PLANE('',#6907);
#5852=PLANE('',#6908);
#5853=PLANE('',#6909);
#5854=PLANE('',#6910);
#5855=PLANE('',#6911);
#5856=PLANE('',#6912);
#5857=PLANE('',#6913);
#5858=PLANE('',#6914);
#5859=PLANE('',#6915);
#5860=PLANE('',#6916);
#5861=PLANE('',#6917);
#5862=PLANE('',#6918);
#5863=PLANE('',#6919);
#5864=PLANE('',#6920);
#5865=PLANE('',#6921);
#5866=PLANE('',#6922);
#5867=PLANE('',#6923);
#5868=PLANE('',#6924);
#5869=PLANE('',#6925);
#5870=PLANE('',#6926);
#5871=PLANE('',#6927);
#5872=PLANE('',#6928);
#5873=PLANE('',#6929);
#5874=PLANE('',#6930);
#5875=PLANE('',#6931);
#5876=PLANE('',#6932);
#5877=PLANE('',#6933);
#5878=PLANE('',#6934);
#5879=PLANE('',#6935);
#5880=PLANE('',#6936);
#5881=PLANE('',#6937);
#5882=PLANE('',#6938);
#5883=PLANE('',#6939);
#5884=PLANE('',#6940);
#5885=PLANE('',#6941);
#5886=PLANE('',#6942);
#5887=PLANE('',#6943);
#5888=PLANE('',#6944);
#5889=PLANE('',#6945);
#5890=PLANE('',#6946);
#5891=PLANE('',#6947);
#5892=PLANE('',#6948);
#5893=ADVANCED_FACE('',(#15),#5372,.T.);
#5894=ADVANCED_FACE('',(#16),#5373,.T.);
#5895=ADVANCED_FACE('',(#17),#5374,.T.);
#5896=ADVANCED_FACE('',(#18),#5375,.T.);
#5897=ADVANCED_FACE('',(#19),#5376,.T.);
#5898=ADVANCED_FACE('',(#20),#5377,.T.);
#5899=ADVANCED_FACE('',(#21),#5378,.T.);
#5900=ADVANCED_FACE('',(#22),#5379,.T.);
#5901=ADVANCED_FACE('',(#23),#5380,.F.);
#5902=ADVANCED_FACE('',(#24),#5381,.T.);
#5903=ADVANCED_FACE('',(#25),#5382,.T.);
#5904=ADVANCED_FACE('',(#26),#5383,.T.);
#5905=ADVANCED_FACE('',(#27),#5384,.T.);
#5906=ADVANCED_FACE('',(#28),#5385,.T.);
#5907=ADVANCED_FACE('',(#29),#5386,.T.);
#5908=ADVANCED_FACE('',(#30),#5387,.T.);
#5909=ADVANCED_FACE('',(#31),#5388,.T.);
#5910=ADVANCED_FACE('',(#32),#5389,.T.);
#5911=ADVANCED_FACE('',(#33),#5390,.T.);
#5912=ADVANCED_FACE('',(#34),#5391,.F.);
#5913=ADVANCED_FACE('',(#35),#5392,.F.);
#5914=ADVANCED_FACE('',(#36),#5393,.F.);
#5915=ADVANCED_FACE('',(#37),#5394,.T.);
#5916=ADVANCED_FACE('',(#38),#5395,.T.);
#5917=ADVANCED_FACE('',(#39),#5396,.T.);
#5918=ADVANCED_FACE('',(#40),#5397,.T.);
#5919=ADVANCED_FACE('',(#41),#5398,.T.);
#5920=ADVANCED_FACE('',(#42),#5399,.T.);
#5921=ADVANCED_FACE('',(#43),#5400,.T.);
#5922=ADVANCED_FACE('',(#44),#5401,.T.);
#5923=ADVANCED_FACE('',(#45),#5402,.T.);
#5924=ADVANCED_FACE('',(#46),#5403,.T.);
#5925=ADVANCED_FACE('',(#47),#5404,.T.);
#5926=ADVANCED_FACE('',(#48),#5405,.T.);
#5927=ADVANCED_FACE('',(#49),#5406,.T.);
#5928=ADVANCED_FACE('',(#50),#5407,.T.);
#5929=ADVANCED_FACE('',(#51),#5408,.T.);
#5930=ADVANCED_FACE('',(#52),#5409,.T.);
#5931=ADVANCED_FACE('',(#53),#5410,.T.);
#5932=ADVANCED_FACE('',(#54),#5411,.T.);
#5933=ADVANCED_FACE('',(#55),#5412,.T.);
#5934=ADVANCED_FACE('',(#56),#5413,.T.);
#5935=ADVANCED_FACE('',(#57),#5414,.T.);
#5936=ADVANCED_FACE('',(#58),#5415,.T.);
#5937=ADVANCED_FACE('',(#59),#5416,.T.);
#5938=ADVANCED_FACE('',(#60),#5417,.T.);
#5939=ADVANCED_FACE('',(#61),#5418,.T.);
#5940=ADVANCED_FACE('',(#62),#5419,.T.);
#5941=ADVANCED_FACE('',(#63),#5420,.T.);
#5942=ADVANCED_FACE('',(#64),#5421,.T.);
#5943=ADVANCED_FACE('',(#65),#5422,.T.);
#5944=ADVANCED_FACE('',(#66),#5423,.T.);
#5945=ADVANCED_FACE('',(#67),#5424,.T.);
#5946=ADVANCED_FACE('',(#68),#5425,.T.);
#5947=ADVANCED_FACE('',(#69),#5426,.T.);
#5948=ADVANCED_FACE('',(#70),#5427,.T.);
#5949=ADVANCED_FACE('',(#71),#5428,.T.);
#5950=ADVANCED_FACE('',(#72),#5429,.T.);
#5951=ADVANCED_FACE('',(#73),#5430,.T.);
#5952=ADVANCED_FACE('',(#74),#5431,.T.);
#5953=ADVANCED_FACE('',(#75),#5432,.T.);
#5954=ADVANCED_FACE('',(#76),#5433,.T.);
#5955=ADVANCED_FACE('',(#77),#5434,.T.);
#5956=ADVANCED_FACE('',(#78),#5435,.T.);
#5957=ADVANCED_FACE('',(#79),#5436,.T.);
#5958=ADVANCED_FACE('',(#80),#5437,.T.);
#5959=ADVANCED_FACE('',(#81),#5438,.T.);
#5960=ADVANCED_FACE('',(#82),#5439,.T.);
#5961=ADVANCED_FACE('',(#83),#5440,.T.);
#5962=ADVANCED_FACE('',(#84),#5441,.T.);
#5963=ADVANCED_FACE('',(#85),#5442,.T.);
#5964=ADVANCED_FACE('',(#86),#5443,.T.);
#5965=ADVANCED_FACE('',(#87),#5444,.T.);
#5966=ADVANCED_FACE('',(#88),#5445,.T.);
#5967=ADVANCED_FACE('',(#89),#5446,.T.);
#5968=ADVANCED_FACE('',(#90),#5447,.T.);
#5969=ADVANCED_FACE('',(#91),#5448,.T.);
#5970=ADVANCED_FACE('',(#92),#5449,.T.);
#5971=ADVANCED_FACE('',(#93),#5450,.T.);
#5972=ADVANCED_FACE('',(#94),#5451,.T.);
#5973=ADVANCED_FACE('',(#95),#5452,.T.);
#5974=ADVANCED_FACE('',(#96),#5453,.T.);
#5975=ADVANCED_FACE('',(#97),#5454,.T.);
#5976=ADVANCED_FACE('',(#98),#5455,.T.);
#5977=ADVANCED_FACE('',(#99),#5456,.T.);
#5978=ADVANCED_FACE('',(#100),#5457,.T.);
#5979=ADVANCED_FACE('',(#101),#5458,.T.);
#5980=ADVANCED_FACE('',(#102),#5459,.T.);
#5981=ADVANCED_FACE('',(#103),#5460,.T.);
#5982=ADVANCED_FACE('',(#104),#5461,.T.);
#5983=ADVANCED_FACE('',(#105),#5462,.T.);
#5984=ADVANCED_FACE('',(#106),#5463,.T.);
#5985=ADVANCED_FACE('',(#107),#5464,.T.);
#5986=ADVANCED_FACE('',(#108),#5465,.T.);
#5987=ADVANCED_FACE('',(#109),#5466,.T.);
#5988=ADVANCED_FACE('',(#110),#5467,.T.);
#5989=ADVANCED_FACE('',(#111),#5468,.T.);
#5990=ADVANCED_FACE('',(#112),#5469,.T.);
#5991=ADVANCED_FACE('',(#113),#5470,.T.);
#5992=ADVANCED_FACE('',(#114),#5471,.T.);
#5993=ADVANCED_FACE('',(#115),#5472,.T.);
#5994=ADVANCED_FACE('',(#116),#5473,.T.);
#5995=ADVANCED_FACE('',(#117),#5474,.T.);
#5996=ADVANCED_FACE('',(#118),#5475,.T.);
#5997=ADVANCED_FACE('',(#119),#5476,.T.);
#5998=ADVANCED_FACE('',(#120),#5477,.T.);
#5999=ADVANCED_FACE('',(#121),#5478,.T.);
#6000=ADVANCED_FACE('',(#122),#5479,.T.);
#6001=ADVANCED_FACE('',(#123),#5480,.T.);
#6002=ADVANCED_FACE('',(#124),#5481,.T.);
#6003=ADVANCED_FACE('',(#125),#5482,.T.);
#6004=ADVANCED_FACE('',(#126),#5483,.T.);
#6005=ADVANCED_FACE('',(#127),#5484,.T.);
#6006=ADVANCED_FACE('',(#128),#5485,.T.);
#6007=ADVANCED_FACE('',(#129),#5486,.T.);
#6008=ADVANCED_FACE('',(#130),#5487,.T.);
#6009=ADVANCED_FACE('',(#131),#5488,.T.);
#6010=ADVANCED_FACE('',(#132),#5489,.T.);
#6011=ADVANCED_FACE('',(#133),#5490,.T.);
#6012=ADVANCED_FACE('',(#134),#5491,.T.);
#6013=ADVANCED_FACE('',(#135),#5492,.T.);
#6014=ADVANCED_FACE('',(#136),#5493,.T.);
#6015=ADVANCED_FACE('',(#137),#5494,.T.);
#6016=ADVANCED_FACE('',(#138),#5495,.T.);
#6017=ADVANCED_FACE('',(#139),#5496,.T.);
#6018=ADVANCED_FACE('',(#140),#5497,.T.);
#6019=ADVANCED_FACE('',(#141),#5498,.T.);
#6020=ADVANCED_FACE('',(#142),#5499,.T.);
#6021=ADVANCED_FACE('',(#143),#5500,.T.);
#6022=ADVANCED_FACE('',(#144),#5501,.T.);
#6023=ADVANCED_FACE('',(#145),#5502,.T.);
#6024=ADVANCED_FACE('',(#146),#5503,.T.);
#6025=ADVANCED_FACE('',(#147),#5504,.T.);
#6026=ADVANCED_FACE('',(#148),#5505,.T.);
#6027=ADVANCED_FACE('',(#149),#5506,.T.);
#6028=ADVANCED_FACE('',(#150),#5507,.T.);
#6029=ADVANCED_FACE('',(#151),#5508,.T.);
#6030=ADVANCED_FACE('',(#152),#5509,.T.);
#6031=ADVANCED_FACE('',(#153),#5510,.T.);
#6032=ADVANCED_FACE('',(#154),#5511,.T.);
#6033=ADVANCED_FACE('',(#155),#5512,.T.);
#6034=ADVANCED_FACE('',(#156),#5513,.T.);
#6035=ADVANCED_FACE('',(#157),#5514,.T.);
#6036=ADVANCED_FACE('',(#158),#5515,.T.);
#6037=ADVANCED_FACE('',(#159),#5516,.T.);
#6038=ADVANCED_FACE('',(#160),#5517,.T.);
#6039=ADVANCED_FACE('',(#161),#5518,.T.);
#6040=ADVANCED_FACE('',(#162),#5519,.T.);
#6041=ADVANCED_FACE('',(#163),#5520,.T.);
#6042=ADVANCED_FACE('',(#164),#5521,.T.);
#6043=ADVANCED_FACE('',(#165),#5522,.T.);
#6044=ADVANCED_FACE('',(#166),#5523,.T.);
#6045=ADVANCED_FACE('',(#167),#5524,.T.);
#6046=ADVANCED_FACE('',(#168),#5525,.T.);
#6047=ADVANCED_FACE('',(#169),#5526,.T.);
#6048=ADVANCED_FACE('',(#170),#5527,.T.);
#6049=ADVANCED_FACE('',(#171),#5528,.T.);
#6050=ADVANCED_FACE('',(#172),#5529,.T.);
#6051=ADVANCED_FACE('',(#173),#5530,.T.);
#6052=ADVANCED_FACE('',(#174),#5531,.T.);
#6053=ADVANCED_FACE('',(#175),#5532,.T.);
#6054=ADVANCED_FACE('',(#176),#5533,.T.);
#6055=ADVANCED_FACE('',(#177),#5534,.T.);
#6056=ADVANCED_FACE('',(#178),#5535,.T.);
#6057=ADVANCED_FACE('',(#179),#5536,.T.);
#6058=ADVANCED_FACE('',(#180),#5537,.T.);
#6059=ADVANCED_FACE('',(#181),#5538,.T.);
#6060=ADVANCED_FACE('',(#182),#5539,.T.);
#6061=ADVANCED_FACE('',(#183),#5540,.T.);
#6062=ADVANCED_FACE('',(#184),#5541,.T.);
#6063=ADVANCED_FACE('',(#185),#5542,.T.);
#6064=ADVANCED_FACE('',(#186),#5543,.T.);
#6065=ADVANCED_FACE('',(#187),#5544,.T.);
#6066=ADVANCED_FACE('',(#188),#5545,.T.);
#6067=ADVANCED_FACE('',(#189),#5546,.T.);
#6068=ADVANCED_FACE('',(#190),#5547,.T.);
#6069=ADVANCED_FACE('',(#191),#5548,.T.);
#6070=ADVANCED_FACE('',(#192),#5549,.T.);
#6071=ADVANCED_FACE('',(#193),#5550,.T.);
#6072=ADVANCED_FACE('',(#194),#5551,.T.);
#6073=ADVANCED_FACE('',(#195),#5552,.T.);
#6074=ADVANCED_FACE('',(#196),#5553,.T.);
#6075=ADVANCED_FACE('',(#197),#5554,.T.);
#6076=ADVANCED_FACE('',(#198),#5555,.T.);
#6077=ADVANCED_FACE('',(#199),#5556,.T.);
#6078=ADVANCED_FACE('',(#200),#5557,.T.);
#6079=ADVANCED_FACE('',(#201),#5558,.T.);
#6080=ADVANCED_FACE('',(#202),#5559,.T.);
#6081=ADVANCED_FACE('',(#203),#5560,.T.);
#6082=ADVANCED_FACE('',(#204),#5561,.T.);
#6083=ADVANCED_FACE('',(#205),#5562,.T.);
#6084=ADVANCED_FACE('',(#206),#5563,.T.);
#6085=ADVANCED_FACE('',(#207),#5564,.T.);
#6086=ADVANCED_FACE('',(#208),#5565,.T.);
#6087=ADVANCED_FACE('',(#209),#5566,.T.);
#6088=ADVANCED_FACE('',(#210),#5567,.T.);
#6089=ADVANCED_FACE('',(#211),#5568,.T.);
#6090=ADVANCED_FACE('',(#212),#5569,.T.);
#6091=ADVANCED_FACE('',(#213),#5570,.T.);
#6092=ADVANCED_FACE('',(#214),#5571,.T.);
#6093=ADVANCED_FACE('',(#215),#5572,.T.);
#6094=ADVANCED_FACE('',(#216),#5573,.T.);
#6095=ADVANCED_FACE('',(#217),#5574,.T.);
#6096=ADVANCED_FACE('',(#218),#5575,.T.);
#6097=ADVANCED_FACE('',(#219),#5576,.T.);
#6098=ADVANCED_FACE('',(#220),#5577,.T.);
#6099=ADVANCED_FACE('',(#221),#5578,.T.);
#6100=ADVANCED_FACE('',(#222),#5579,.T.);
#6101=ADVANCED_FACE('',(#223),#5580,.T.);
#6102=ADVANCED_FACE('',(#224),#5581,.T.);
#6103=ADVANCED_FACE('',(#225),#5582,.T.);
#6104=ADVANCED_FACE('',(#226),#5583,.T.);
#6105=ADVANCED_FACE('',(#227),#5584,.T.);
#6106=ADVANCED_FACE('',(#228),#5585,.T.);
#6107=ADVANCED_FACE('',(#229),#5586,.T.);
#6108=ADVANCED_FACE('',(#230),#5587,.T.);
#6109=ADVANCED_FACE('',(#231),#5588,.T.);
#6110=ADVANCED_FACE('',(#232),#5589,.T.);
#6111=ADVANCED_FACE('',(#233),#5590,.T.);
#6112=ADVANCED_FACE('',(#234),#5591,.T.);
#6113=ADVANCED_FACE('',(#235),#5592,.T.);
#6114=ADVANCED_FACE('',(#236),#5593,.T.);
#6115=ADVANCED_FACE('',(#237),#5594,.T.);
#6116=ADVANCED_FACE('',(#238),#5595,.T.);
#6117=ADVANCED_FACE('',(#239),#5596,.T.);
#6118=ADVANCED_FACE('',(#240),#5597,.T.);
#6119=ADVANCED_FACE('',(#241),#5598,.T.);
#6120=ADVANCED_FACE('',(#242),#5599,.T.);
#6121=ADVANCED_FACE('',(#243),#5600,.T.);
#6122=ADVANCED_FACE('',(#244),#5601,.T.);
#6123=ADVANCED_FACE('',(#245),#5602,.T.);
#6124=ADVANCED_FACE('',(#246),#5603,.T.);
#6125=ADVANCED_FACE('',(#247),#5604,.T.);
#6126=ADVANCED_FACE('',(#248),#5605,.T.);
#6127=ADVANCED_FACE('',(#249),#5606,.T.);
#6128=ADVANCED_FACE('',(#250),#5607,.T.);
#6129=ADVANCED_FACE('',(#251),#5608,.T.);
#6130=ADVANCED_FACE('',(#252),#5609,.T.);
#6131=ADVANCED_FACE('',(#253),#5610,.T.);
#6132=ADVANCED_FACE('',(#254),#5611,.T.);
#6133=ADVANCED_FACE('',(#255),#5612,.T.);
#6134=ADVANCED_FACE('',(#256),#5613,.T.);
#6135=ADVANCED_FACE('',(#257),#5614,.T.);
#6136=ADVANCED_FACE('',(#258),#5615,.T.);
#6137=ADVANCED_FACE('',(#259),#5616,.T.);
#6138=ADVANCED_FACE('',(#260),#5617,.T.);
#6139=ADVANCED_FACE('',(#261),#5618,.T.);
#6140=ADVANCED_FACE('',(#262),#5619,.T.);
#6141=ADVANCED_FACE('',(#263),#5620,.T.);
#6142=ADVANCED_FACE('',(#264),#5621,.T.);
#6143=ADVANCED_FACE('',(#265),#5622,.T.);
#6144=ADVANCED_FACE('',(#266),#5623,.T.);
#6145=ADVANCED_FACE('',(#267),#5624,.T.);
#6146=ADVANCED_FACE('',(#268),#5625,.T.);
#6147=ADVANCED_FACE('',(#269),#5626,.T.);
#6148=ADVANCED_FACE('',(#270),#5627,.T.);
#6149=ADVANCED_FACE('',(#271),#5628,.T.);
#6150=ADVANCED_FACE('',(#272),#5629,.T.);
#6151=ADVANCED_FACE('',(#273),#5630,.T.);
#6152=ADVANCED_FACE('',(#274),#5631,.T.);
#6153=ADVANCED_FACE('',(#275),#5632,.T.);
#6154=ADVANCED_FACE('',(#276),#5633,.T.);
#6155=ADVANCED_FACE('',(#277),#5634,.T.);
#6156=ADVANCED_FACE('',(#278),#5635,.T.);
#6157=ADVANCED_FACE('',(#279),#5636,.T.);
#6158=ADVANCED_FACE('',(#280),#5637,.T.);
#6159=ADVANCED_FACE('',(#281),#5638,.T.);
#6160=ADVANCED_FACE('',(#282),#5639,.T.);
#6161=ADVANCED_FACE('',(#283),#5640,.T.);
#6162=ADVANCED_FACE('',(#284),#5641,.T.);
#6163=ADVANCED_FACE('',(#285),#5642,.T.);
#6164=ADVANCED_FACE('',(#286),#5643,.T.);
#6165=ADVANCED_FACE('',(#287),#5644,.T.);
#6166=ADVANCED_FACE('',(#288),#5645,.T.);
#6167=ADVANCED_FACE('',(#289),#5646,.T.);
#6168=ADVANCED_FACE('',(#290),#5647,.T.);
#6169=ADVANCED_FACE('',(#291),#5648,.T.);
#6170=ADVANCED_FACE('',(#292),#5649,.T.);
#6171=ADVANCED_FACE('',(#293),#5650,.T.);
#6172=ADVANCED_FACE('',(#294),#5651,.T.);
#6173=ADVANCED_FACE('',(#295),#5652,.T.);
#6174=ADVANCED_FACE('',(#296),#5653,.T.);
#6175=ADVANCED_FACE('',(#297),#5654,.T.);
#6176=ADVANCED_FACE('',(#298),#5655,.T.);
#6177=ADVANCED_FACE('',(#299),#5656,.T.);
#6178=ADVANCED_FACE('',(#300),#5657,.T.);
#6179=ADVANCED_FACE('',(#301),#5658,.T.);
#6180=ADVANCED_FACE('',(#302),#5659,.T.);
#6181=ADVANCED_FACE('',(#303),#5660,.T.);
#6182=ADVANCED_FACE('',(#304),#5661,.T.);
#6183=ADVANCED_FACE('',(#305),#5662,.T.);
#6184=ADVANCED_FACE('',(#306),#5663,.T.);
#6185=ADVANCED_FACE('',(#307),#5664,.T.);
#6186=ADVANCED_FACE('',(#308),#5665,.T.);
#6187=ADVANCED_FACE('',(#309),#5666,.T.);
#6188=ADVANCED_FACE('',(#310),#5667,.T.);
#6189=ADVANCED_FACE('',(#311),#5668,.T.);
#6190=ADVANCED_FACE('',(#312),#5669,.T.);
#6191=ADVANCED_FACE('',(#313),#5670,.T.);
#6192=ADVANCED_FACE('',(#314),#5671,.T.);
#6193=ADVANCED_FACE('',(#315),#5672,.T.);
#6194=ADVANCED_FACE('',(#316),#5673,.T.);
#6195=ADVANCED_FACE('',(#317),#5674,.T.);
#6196=ADVANCED_FACE('',(#318),#5675,.T.);
#6197=ADVANCED_FACE('',(#319),#5676,.T.);
#6198=ADVANCED_FACE('',(#320),#5677,.T.);
#6199=ADVANCED_FACE('',(#321),#5678,.T.);
#6200=ADVANCED_FACE('',(#322),#5679,.T.);
#6201=ADVANCED_FACE('',(#323),#5680,.T.);
#6202=ADVANCED_FACE('',(#324),#5681,.T.);
#6203=ADVANCED_FACE('',(#325),#5682,.T.);
#6204=ADVANCED_FACE('',(#326),#5683,.T.);
#6205=ADVANCED_FACE('',(#327),#5684,.T.);
#6206=ADVANCED_FACE('',(#328),#5685,.T.);
#6207=ADVANCED_FACE('',(#329),#5686,.T.);
#6208=ADVANCED_FACE('',(#330),#5687,.T.);
#6209=ADVANCED_FACE('',(#331),#5688,.T.);
#6210=ADVANCED_FACE('',(#332),#5689,.T.);
#6211=ADVANCED_FACE('',(#333),#5690,.T.);
#6212=ADVANCED_FACE('',(#334),#5691,.T.);
#6213=ADVANCED_FACE('',(#335),#5692,.T.);
#6214=ADVANCED_FACE('',(#336),#5693,.T.);
#6215=ADVANCED_FACE('',(#337),#5694,.T.);
#6216=ADVANCED_FACE('',(#338),#5695,.T.);
#6217=ADVANCED_FACE('',(#339),#5696,.T.);
#6218=ADVANCED_FACE('',(#340),#5697,.T.);
#6219=ADVANCED_FACE('',(#341),#5698,.T.);
#6220=ADVANCED_FACE('',(#342),#5699,.T.);
#6221=ADVANCED_FACE('',(#343),#5700,.T.);
#6222=ADVANCED_FACE('',(#344),#5701,.T.);
#6223=ADVANCED_FACE('',(#345),#5702,.T.);
#6224=ADVANCED_FACE('',(#346),#5703,.T.);
#6225=ADVANCED_FACE('',(#347),#5704,.T.);
#6226=ADVANCED_FACE('',(#348),#5705,.T.);
#6227=ADVANCED_FACE('',(#349),#5706,.T.);
#6228=ADVANCED_FACE('',(#350),#5707,.T.);
#6229=ADVANCED_FACE('',(#351),#5708,.T.);
#6230=ADVANCED_FACE('',(#352),#5709,.T.);
#6231=ADVANCED_FACE('',(#353),#5710,.T.);
#6232=ADVANCED_FACE('',(#354),#5711,.T.);
#6233=ADVANCED_FACE('',(#355),#5712,.T.);
#6234=ADVANCED_FACE('',(#356),#5713,.T.);
#6235=ADVANCED_FACE('',(#357),#5714,.T.);
#6236=ADVANCED_FACE('',(#358),#5715,.T.);
#6237=ADVANCED_FACE('',(#359),#5716,.T.);
#6238=ADVANCED_FACE('',(#360),#5717,.T.);
#6239=ADVANCED_FACE('',(#361),#5718,.T.);
#6240=ADVANCED_FACE('',(#362),#5719,.T.);
#6241=ADVANCED_FACE('',(#363),#5720,.T.);
#6242=ADVANCED_FACE('',(#364),#5721,.T.);
#6243=ADVANCED_FACE('',(#365),#5722,.T.);
#6244=ADVANCED_FACE('',(#366),#5723,.T.);
#6245=ADVANCED_FACE('',(#367),#5724,.T.);
#6246=ADVANCED_FACE('',(#368),#5725,.T.);
#6247=ADVANCED_FACE('',(#369),#5726,.T.);
#6248=ADVANCED_FACE('',(#370),#5727,.T.);
#6249=ADVANCED_FACE('',(#371),#5728,.T.);
#6250=ADVANCED_FACE('',(#372),#5729,.T.);
#6251=ADVANCED_FACE('',(#373),#5730,.T.);
#6252=ADVANCED_FACE('',(#374),#5731,.T.);
#6253=ADVANCED_FACE('',(#375),#5732,.T.);
#6254=ADVANCED_FACE('',(#376),#5733,.T.);
#6255=ADVANCED_FACE('',(#377),#5734,.T.);
#6256=ADVANCED_FACE('',(#378),#5735,.T.);
#6257=ADVANCED_FACE('',(#379),#5736,.T.);
#6258=ADVANCED_FACE('',(#380),#5737,.T.);
#6259=ADVANCED_FACE('',(#381),#5738,.T.);
#6260=ADVANCED_FACE('',(#382),#5739,.T.);
#6261=ADVANCED_FACE('',(#383),#5740,.T.);
#6262=ADVANCED_FACE('',(#384),#5741,.T.);
#6263=ADVANCED_FACE('',(#385),#5742,.T.);
#6264=ADVANCED_FACE('',(#386),#5743,.T.);
#6265=ADVANCED_FACE('',(#387),#5744,.T.);
#6266=ADVANCED_FACE('',(#388),#5745,.T.);
#6267=ADVANCED_FACE('',(#389),#5746,.T.);
#6268=ADVANCED_FACE('',(#390),#5747,.T.);
#6269=ADVANCED_FACE('',(#391),#5748,.T.);
#6270=ADVANCED_FACE('',(#392),#5749,.T.);
#6271=ADVANCED_FACE('',(#393),#5750,.T.);
#6272=ADVANCED_FACE('',(#394),#5751,.T.);
#6273=ADVANCED_FACE('',(#395),#5752,.T.);
#6274=ADVANCED_FACE('',(#396),#5753,.T.);
#6275=ADVANCED_FACE('',(#397),#5754,.T.);
#6276=ADVANCED_FACE('',(#398),#5755,.T.);
#6277=ADVANCED_FACE('',(#399),#5756,.T.);
#6278=ADVANCED_FACE('',(#400),#5757,.T.);
#6279=ADVANCED_FACE('',(#401),#5758,.T.);
#6280=ADVANCED_FACE('',(#402),#5759,.T.);
#6281=ADVANCED_FACE('',(#403),#5760,.T.);
#6282=ADVANCED_FACE('',(#404),#5761,.T.);
#6283=ADVANCED_FACE('',(#405),#5762,.T.);
#6284=ADVANCED_FACE('',(#406),#5763,.T.);
#6285=ADVANCED_FACE('',(#407),#5764,.T.);
#6286=ADVANCED_FACE('',(#408),#5765,.T.);
#6287=ADVANCED_FACE('',(#409),#5766,.T.);
#6288=ADVANCED_FACE('',(#410),#5767,.T.);
#6289=ADVANCED_FACE('',(#411),#5768,.T.);
#6290=ADVANCED_FACE('',(#412),#5769,.T.);
#6291=ADVANCED_FACE('',(#413),#5770,.T.);
#6292=ADVANCED_FACE('',(#414),#5771,.T.);
#6293=ADVANCED_FACE('',(#415),#5772,.T.);
#6294=ADVANCED_FACE('',(#416),#5773,.T.);
#6295=ADVANCED_FACE('',(#417),#5774,.T.);
#6296=ADVANCED_FACE('',(#418),#5775,.T.);
#6297=ADVANCED_FACE('',(#419),#5776,.T.);
#6298=ADVANCED_FACE('',(#420),#5777,.T.);
#6299=ADVANCED_FACE('',(#421),#5778,.T.);
#6300=ADVANCED_FACE('',(#422),#5779,.T.);
#6301=ADVANCED_FACE('',(#423),#5780,.T.);
#6302=ADVANCED_FACE('',(#424),#5781,.T.);
#6303=ADVANCED_FACE('',(#425),#5782,.T.);
#6304=ADVANCED_FACE('',(#426),#5783,.T.);
#6305=ADVANCED_FACE('',(#427),#5784,.T.);
#6306=ADVANCED_FACE('',(#428),#5785,.T.);
#6307=ADVANCED_FACE('',(#429),#5786,.T.);
#6308=ADVANCED_FACE('',(#430),#5787,.T.);
#6309=ADVANCED_FACE('',(#431),#5788,.T.);
#6310=ADVANCED_FACE('',(#432),#5789,.T.);
#6311=ADVANCED_FACE('',(#433),#5790,.T.);
#6312=ADVANCED_FACE('',(#434),#5791,.T.);
#6313=ADVANCED_FACE('',(#435),#5792,.T.);
#6314=ADVANCED_FACE('',(#436),#5793,.T.);
#6315=ADVANCED_FACE('',(#437),#5794,.T.);
#6316=ADVANCED_FACE('',(#438),#5795,.T.);
#6317=ADVANCED_FACE('',(#439),#5796,.T.);
#6318=ADVANCED_FACE('',(#440),#5797,.T.);
#6319=ADVANCED_FACE('',(#441),#5798,.T.);
#6320=ADVANCED_FACE('',(#442),#5799,.T.);
#6321=ADVANCED_FACE('',(#443),#5800,.T.);
#6322=ADVANCED_FACE('',(#444),#5801,.T.);
#6323=ADVANCED_FACE('',(#445),#5802,.T.);
#6324=ADVANCED_FACE('',(#446),#5803,.T.);
#6325=ADVANCED_FACE('',(#447),#5804,.T.);
#6326=ADVANCED_FACE('',(#448),#5805,.T.);
#6327=ADVANCED_FACE('',(#449),#5806,.T.);
#6328=ADVANCED_FACE('',(#450),#5807,.T.);
#6329=ADVANCED_FACE('',(#451),#5808,.T.);
#6330=ADVANCED_FACE('',(#452),#5809,.T.);
#6331=ADVANCED_FACE('',(#453),#5810,.T.);
#6332=ADVANCED_FACE('',(#454),#5811,.T.);
#6333=ADVANCED_FACE('',(#455),#5812,.T.);
#6334=ADVANCED_FACE('',(#456),#5813,.T.);
#6335=ADVANCED_FACE('',(#457),#5814,.T.);
#6336=ADVANCED_FACE('',(#458),#5815,.T.);
#6337=ADVANCED_FACE('',(#459),#5816,.T.);
#6338=ADVANCED_FACE('',(#460),#5817,.T.);
#6339=ADVANCED_FACE('',(#461),#5818,.T.);
#6340=ADVANCED_FACE('',(#462),#5819,.T.);
#6341=ADVANCED_FACE('',(#463),#5820,.T.);
#6342=ADVANCED_FACE('',(#464),#5821,.T.);
#6343=ADVANCED_FACE('',(#465),#5822,.T.);
#6344=ADVANCED_FACE('',(#466),#5823,.T.);
#6345=ADVANCED_FACE('',(#467),#5824,.T.);
#6346=ADVANCED_FACE('',(#468),#5825,.T.);
#6347=ADVANCED_FACE('',(#469),#5826,.T.);
#6348=ADVANCED_FACE('',(#470),#5827,.T.);
#6349=ADVANCED_FACE('',(#471),#5828,.T.);
#6350=ADVANCED_FACE('',(#472),#5829,.T.);
#6351=ADVANCED_FACE('',(#473),#5830,.T.);
#6352=ADVANCED_FACE('',(#474),#5831,.T.);
#6353=ADVANCED_FACE('',(#475),#5832,.T.);
#6354=ADVANCED_FACE('',(#476),#5833,.T.);
#6355=ADVANCED_FACE('',(#477),#5834,.T.);
#6356=ADVANCED_FACE('',(#478),#5835,.T.);
#6357=ADVANCED_FACE('',(#479),#5836,.T.);
#6358=ADVANCED_FACE('',(#480),#5837,.T.);
#6359=ADVANCED_FACE('',(#481),#5838,.T.);
#6360=ADVANCED_FACE('',(#482),#5839,.T.);
#6361=ADVANCED_FACE('',(#483),#5840,.T.);
#6362=ADVANCED_FACE('',(#484),#5841,.T.);
#6363=ADVANCED_FACE('',(#485),#5842,.T.);
#6364=ADVANCED_FACE('',(#486),#5843,.T.);
#6365=ADVANCED_FACE('',(#487),#5844,.T.);
#6366=ADVANCED_FACE('',(#488),#5845,.T.);
#6367=ADVANCED_FACE('',(#489),#5846,.T.);
#6368=ADVANCED_FACE('',(#490),#5847,.T.);
#6369=ADVANCED_FACE('',(#491),#5848,.T.);
#6370=ADVANCED_FACE('',(#492),#5849,.T.);
#6371=ADVANCED_FACE('',(#493),#5850,.T.);
#6372=ADVANCED_FACE('',(#494),#5851,.T.);
#6373=ADVANCED_FACE('',(#495),#5852,.T.);
#6374=ADVANCED_FACE('',(#496),#5853,.T.);
#6375=ADVANCED_FACE('',(#497),#5854,.T.);
#6376=ADVANCED_FACE('',(#498),#5855,.T.);
#6377=ADVANCED_FACE('',(#499),#5856,.T.);
#6378=ADVANCED_FACE('',(#500),#5857,.T.);
#6379=ADVANCED_FACE('',(#501),#5858,.T.);
#6380=ADVANCED_FACE('',(#502),#5859,.T.);
#6381=ADVANCED_FACE('',(#503),#5860,.T.);
#6382=ADVANCED_FACE('',(#504),#5861,.T.);
#6383=ADVANCED_FACE('',(#505),#5862,.T.);
#6384=ADVANCED_FACE('',(#506),#5863,.T.);
#6385=ADVANCED_FACE('',(#507),#5864,.T.);
#6386=ADVANCED_FACE('',(#508),#5865,.T.);
#6387=ADVANCED_FACE('',(#509),#5866,.T.);
#6388=ADVANCED_FACE('',(#510),#5867,.T.);
#6389=ADVANCED_FACE('',(#511),#5868,.T.);
#6390=ADVANCED_FACE('',(#512),#5869,.T.);
#6391=ADVANCED_FACE('',(#513),#5870,.T.);
#6392=ADVANCED_FACE('',(#514),#5871,.T.);
#6393=ADVANCED_FACE('',(#515),#5872,.T.);
#6394=ADVANCED_FACE('',(#516),#5873,.T.);
#6395=ADVANCED_FACE('',(#517),#5874,.T.);
#6396=ADVANCED_FACE('',(#518),#5875,.T.);
#6397=ADVANCED_FACE('',(#519),#5876,.T.);
#6398=ADVANCED_FACE('',(#520),#5877,.T.);
#6399=ADVANCED_FACE('',(#521),#5878,.T.);
#6400=ADVANCED_FACE('',(#522),#5879,.T.);
#6401=ADVANCED_FACE('',(#523),#5880,.T.);
#6402=ADVANCED_FACE('',(#524),#5881,.T.);
#6403=ADVANCED_FACE('',(#525),#5882,.T.);
#6404=ADVANCED_FACE('',(#526),#5883,.T.);
#6405=ADVANCED_FACE('',(#527),#5884,.T.);
#6406=ADVANCED_FACE('',(#528),#5885,.T.);
#6407=ADVANCED_FACE('',(#529),#5886,.T.);
#6408=ADVANCED_FACE('',(#530),#5887,.T.);
#6409=ADVANCED_FACE('',(#531),#5888,.T.);
#6410=ADVANCED_FACE('',(#532),#5889,.T.);
#6411=ADVANCED_FACE('',(#533),#5890,.T.);
#6412=ADVANCED_FACE('',(#534),#5891,.T.);
#6413=ADVANCED_FACE('',(#535),#5892,.T.);
#6414=CLOSED_SHELL('',(#5893,#5894,#5895,#5896,#5897,#5898,#5899,#5900,
#5901,#5902,#5903,#5904,#5905,#5906,#5907,#5908,#5909,#5910,#5911,#5912,
#5913,#5914,#5915,#5916,#5917,#5918,#5919,#5920,#5921,#5922,#5923,#5924,
#5925,#5926,#5927,#5928,#5929,#5930,#5931,#5932,#5933,#5934,#5935,#5936,
#5937,#5938,#5939,#5940,#5941,#5942,#5943,#5944,#5945,#5946,#5947,#5948,
#5949,#5950,#5951,#5952,#5953,#5954,#5955,#5956,#5957,#5958,#5959,#5960,
#5961,#5962,#5963,#5964,#5965,#5966,#5967,#5968,#5969,#5970,#5971,#5972,
#5973,#5974,#5975,#5976,#5977,#5978,#5979,#5980,#5981,#5982,#5983,#5984,
#5985,#5986,#5987,#5988,#5989,#5990,#5991,#5992,#5993,#5994,#5995,#5996,
#5997,#5998,#5999,#6000,#6001,#6002,#6003,#6004,#6005,#6006,#6007,#6008,
#6009,#6010,#6011,#6012,#6013,#6014,#6015,#6016,#6017,#6018,#6019,#6020,
#6021,#6022,#6023,#6024,#6025,#6026,#6027,#6028,#6029,#6030,#6031,#6032,
#6033,#6034,#6035,#6036,#6037,#6038,#6039,#6040,#6041,#6042,#6043,#6044,
#6045,#6046,#6047,#6048,#6049,#6050,#6051,#6052,#6053,#6054,#6055,#6056,
#6057,#6058,#6059,#6060,#6061,#6062,#6063,#6064,#6065,#6066,#6067,#6068,
#6069,#6070,#6071,#6072,#6073,#6074,#6075,#6076,#6077,#6078,#6079,#6080,
#6081,#6082,#6083,#6084,#6085,#6086,#6087,#6088,#6089,#6090,#6091,#6092,
#6093,#6094,#6095,#6096,#6097,#6098,#6099,#6100,#6101,#6102,#6103,#6104,
#6105,#6106,#6107,#6108,#6109,#6110,#6111,#6112,#6113,#6114,#6115,#6116,
#6117,#6118,#6119,#6120,#6121,#6122,#6123,#6124,#6125,#6126,#6127,#6128,
#6129,#6130,#6131,#6132,#6133,#6134,#6135,#6136,#6137,#6138,#6139,#6140,
#6141,#6142,#6143,#6144,#6145,#6146,#6147,#6148,#6149,#6150,#6151,#6152,
#6153,#6154,#6155,#6156,#6157,#6158,#6159,#6160,#6161,#6162,#6163,#6164,
#6165,#6166,#6167,#6168,#6169,#6170,#6171,#6172,#6173,#6174,#6175,#6176,
#6177,#6178,#6179,#6180,#6181,#6182,#6183,#6184,#6185,#6186,#6187,#6188,
#6189,#6190,#6191,#6192,#6193,#6194,#6195,#6196,#6197,#6198,#6199,#6200,
#6201,#6202,#6203,#6204,#6205,#6206,#6207,#6208,#6209,#6210,#6211,#6212,
#6213,#6214,#6215,#6216,#6217,#6218,#6219,#6220,#6221,#6222,#6223,#6224,
#6225,#6226,#6227,#6228,#6229,#6230,#6231,#6232,#6233,#6234,#6235,#6236,
#6237,#6238,#6239,#6240,#6241,#6242,#6243,#6244,#6245,#6246,#6247,#6248,
#6249,#6250,#6251,#6252,#6253,#6254,#6255,#6256,#6257,#6258,#6259,#6260,
#6261,#6262,#6263,#6264,#6265,#6266,#6267,#6268,#6269,#6270,#6271,#6272,
#6273,#6274,#6275,#6276,#6277,#6278,#6279,#6280,#6281,#6282,#6283,#6284,
#6285,#6286,#6287,#6288,#6289,#6290,#6291,#6292,#6293,#6294,#6295,#6296,
#6297,#6298,#6299,#6300,#6301,#6302,#6303,#6304,#6305,#6306,#6307,#6308,
#6309,#6310,#6311,#6312,#6313,#6314,#6315,#6316,#6317,#6318,#6319,#6320,
#6321,#6322,#6323,#6324,#6325,#6326,#6327,#6328,#6329,#6330,#6331,#6332,
#6333,#6334,#6335,#6336,#6337,#6338,#6339,#6340,#6341,#6342,#6343,#6344,
#6345,#6346,#6347,#6348,#6349,#6350,#6351,#6352,#6353,#6354,#6355,#6356,
#6357,#6358,#6359,#6360,#6361,#6362,#6363,#6364,#6365,#6366,#6367,#6368,
#6369,#6370,#6371,#6372,#6373,#6374,#6375,#6376,#6377,#6378,#6379,#6380,
#6381,#6382,#6383,#6384,#6385,#6386,#6387,#6388,#6389,#6390,#6391,#6392,
#6393,#6394,#6395,#6396,#6397,#6398,#6399,#6400,#6401,#6402,#6403,#6404,
#6405,#6406,#6407,#6408,#6409,#6410,#6411,#6412,#6413));
#6415=DERIVED_UNIT_ELEMENT(#6417,1.);
#6416=DERIVED_UNIT_ELEMENT(#10414,-3.);
#6417=(
MASS_UNIT()
NAMED_UNIT(*)
SI_UNIT(.KILO.,.GRAM.)
);
#6418=DERIVED_UNIT((#6415,#6416));
#6419=MEASURE_REPRESENTATION_ITEM('density measure',
POSITIVE_RATIO_MEASURE(7850.),#6418);
#6420=PROPERTY_DEFINITION_REPRESENTATION(#6425,#6422);
#6421=PROPERTY_DEFINITION_REPRESENTATION(#6426,#6423);
#6422=REPRESENTATION('material name',(#6424),#10411);
#6423=REPRESENTATION('density',(#6419),#10411);
#6424=DESCRIPTIVE_REPRESENTATION_ITEM('\X2\92FC\X0\','\X2\92FC\X0\');
#6425=PROPERTY_DEFINITION('material property','material name',#10421);
#6426=PROPERTY_DEFINITION('material property','density of part',#10421);
#6427=AXIS2_PLACEMENT_3D('',#8800,#6949,#6950);
#6428=AXIS2_PLACEMENT_3D('',#8801,#6951,#6952);
#6429=AXIS2_PLACEMENT_3D('',#8810,#6957,#6958);
#6430=AXIS2_PLACEMENT_3D('',#8816,#6962,#6963);
#6431=AXIS2_PLACEMENT_3D('',#8825,#6968,#6969);
#6432=AXIS2_PLACEMENT_3D('',#8829,#6972,#6973);
#6433=AXIS2_PLACEMENT_3D('',#8836,#6977,#6978);
#6434=AXIS2_PLACEMENT_3D('',#8842,#6982,#6983);
#6435=AXIS2_PLACEMENT_3D('',#8848,#6987,#6988);
#6436=AXIS2_PLACEMENT_3D('',#8852,#6991,#6992);
#6437=AXIS2_PLACEMENT_3D('',#8870,#7003,#7004);
#6438=AXIS2_PLACEMENT_3D('',#8872,#7006,#7007);
#6439=AXIS2_PLACEMENT_3D('',#8876,#7010,#7011);
#6440=AXIS2_PLACEMENT_3D('',#8883,#7015,#7016);
#6441=AXIS2_PLACEMENT_3D('',#8892,#7021,#7022);
#6442=AXIS2_PLACEMENT_3D('',#8896,#7025,#7026);
#6443=AXIS2_PLACEMENT_3D('',#8910,#7034,#7035);
#6444=AXIS2_PLACEMENT_3D('',#8914,#7038,#7039);
#6445=AXIS2_PLACEMENT_3D('',#8919,#7043,#7044);
#6446=AXIS2_PLACEMENT_3D('',#8925,#7048,#7049);
#6447=AXIS2_PLACEMENT_3D('',#8927,#7051,#7052);
#6448=AXIS2_PLACEMENT_3D('',#8935,#7058,#7059);
#6449=AXIS2_PLACEMENT_3D('',#8939,#7062,#7063);
#6450=AXIS2_PLACEMENT_3D('',#8941,#7065,#7066);
#6451=AXIS2_PLACEMENT_3D('',#8947,#7070,#7071);
#6452=AXIS2_PLACEMENT_3D('',#8950,#7074,#7075);
#6453=AXIS2_PLACEMENT_3D('',#8951,#7076,#7077);
#6454=AXIS2_PLACEMENT_3D('',#8953,#7079,#7080);
#6455=AXIS2_PLACEMENT_3D('',#8955,#7082,#7083);
#6456=AXIS2_PLACEMENT_3D('',#8961,#7087,#7088);
#6457=AXIS2_PLACEMENT_3D('',#8965,#7091,#7092);
#6458=AXIS2_PLACEMENT_3D('',#8969,#7095,#7096);
#6459=AXIS2_PLACEMENT_3D('',#8973,#7099,#7100);
#6460=AXIS2_PLACEMENT_3D('',#8977,#7103,#7104);
#6461=AXIS2_PLACEMENT_3D('',#8981,#7107,#7108);
#6462=AXIS2_PLACEMENT_3D('',#8988,#7112,#7113);
#6463=AXIS2_PLACEMENT_3D('',#8992,#7116,#7117);
#6464=AXIS2_PLACEMENT_3D('',#8996,#7120,#7121);
#6465=AXIS2_PLACEMENT_3D('',#9000,#7124,#7125);
#6466=AXIS2_PLACEMENT_3D('',#9004,#7128,#7129);
#6467=AXIS2_PLACEMENT_3D('',#9007,#7132,#7133);
#6468=AXIS2_PLACEMENT_3D('',#9009,#7135,#7136);
#6469=AXIS2_PLACEMENT_3D('',#9016,#7140,#7141);
#6470=AXIS2_PLACEMENT_3D('',#9020,#7144,#7145);
#6471=AXIS2_PLACEMENT_3D('',#9024,#7148,#7149);
#6472=AXIS2_PLACEMENT_3D('',#9028,#7152,#7153);
#6473=AXIS2_PLACEMENT_3D('',#9032,#7156,#7157);
#6474=AXIS2_PLACEMENT_3D('',#9036,#7160,#7161);
#6475=AXIS2_PLACEMENT_3D('',#9040,#7164,#7165);
#6476=AXIS2_PLACEMENT_3D('',#9043,#7168,#7169);
#6477=AXIS2_PLACEMENT_3D('',#9047,#7172,#7173);
#6478=AXIS2_PLACEMENT_3D('',#9051,#7176,#7177);
#6479=AXIS2_PLACEMENT_3D('',#9055,#7180,#7181);
#6480=AXIS2_PLACEMENT_3D('',#9059,#7184,#7185);
#6481=AXIS2_PLACEMENT_3D('',#9063,#7188,#7189);
#6482=AXIS2_PLACEMENT_3D('',#9067,#7192,#7193);
#6483=AXIS2_PLACEMENT_3D('',#9071,#7196,#7197);
#6484=AXIS2_PLACEMENT_3D('',#9073,#7199,#7200);
#6485=AXIS2_PLACEMENT_3D('',#9075,#7202,#7203);
#6486=AXIS2_PLACEMENT_3D('',#9077,#7205,#7206);
#6487=AXIS2_PLACEMENT_3D('',#9081,#7209,#7210);
#6488=AXIS2_PLACEMENT_3D('',#9085,#7213,#7214);
#6489=AXIS2_PLACEMENT_3D('',#9089,#7217,#7218);
#6490=AXIS2_PLACEMENT_3D('',#9093,#7221,#7222);
#6491=AXIS2_PLACEMENT_3D('',#9097,#7225,#7226);
#6492=AXIS2_PLACEMENT_3D('',#9101,#7229,#7230);
#6493=AXIS2_PLACEMENT_3D('',#9105,#7233,#7234);
#6494=AXIS2_PLACEMENT_3D('',#9109,#7237,#7238);
#6495=AXIS2_PLACEMENT_3D('',#9113,#7241,#7242);
#6496=AXIS2_PLACEMENT_3D('',#9117,#7245,#7246);
#6497=AXIS2_PLACEMENT_3D('',#9120,#7249,#7250);
#6498=AXIS2_PLACEMENT_3D('',#9122,#7252,#7253);
#6499=AXIS2_PLACEMENT_3D('',#9126,#7256,#7257);
#6500=AXIS2_PLACEMENT_3D('',#9130,#7260,#7261);
#6501=AXIS2_PLACEMENT_3D('',#9134,#7264,#7265);
#6502=AXIS2_PLACEMENT_3D('',#9138,#7268,#7269);
#6503=AXIS2_PLACEMENT_3D('',#9142,#7272,#7273);
#6504=AXIS2_PLACEMENT_3D('',#9146,#7276,#7277);
#6505=AXIS2_PLACEMENT_3D('',#9150,#7280,#7281);
#6506=AXIS2_PLACEMENT_3D('',#9154,#7284,#7285);
#6507=AXIS2_PLACEMENT_3D('',#9158,#7288,#7289);
#6508=AXIS2_PLACEMENT_3D('',#9162,#7292,#7293);
#6509=AXIS2_PLACEMENT_3D('',#9165,#7296,#7297);
#6510=AXIS2_PLACEMENT_3D('',#9167,#7299,#7300);
#6511=AXIS2_PLACEMENT_3D('',#9171,#7303,#7304);
#6512=AXIS2_PLACEMENT_3D('',#9178,#7308,#7309);
#6513=AXIS2_PLACEMENT_3D('',#9182,#7312,#7313);
#6514=AXIS2_PLACEMENT_3D('',#9186,#7316,#7317);
#6515=AXIS2_PLACEMENT_3D('',#9190,#7320,#7321);
#6516=AXIS2_PLACEMENT_3D('',#9194,#7324,#7325);
#6517=AXIS2_PLACEMENT_3D('',#9197,#7328,#7329);
#6518=AXIS2_PLACEMENT_3D('',#9201,#7332,#7333);
#6519=AXIS2_PLACEMENT_3D('',#9205,#7336,#7337);
#6520=AXIS2_PLACEMENT_3D('',#9209,#7340,#7341);
#6521=AXIS2_PLACEMENT_3D('',#9213,#7344,#7345);
#6522=AXIS2_PLACEMENT_3D('',#9217,#7348,#7349);
#6523=AXIS2_PLACEMENT_3D('',#9223,#7353,#7354);
#6524=AXIS2_PLACEMENT_3D('',#9225,#7356,#7357);
#6525=AXIS2_PLACEMENT_3D('',#9231,#7361,#7362);
#6526=AXIS2_PLACEMENT_3D('',#9233,#7364,#7365);
#6527=AXIS2_PLACEMENT_3D('',#9237,#7368,#7369);
#6528=AXIS2_PLACEMENT_3D('',#9241,#7372,#7373);
#6529=AXIS2_PLACEMENT_3D('',#9245,#7376,#7377);
#6530=AXIS2_PLACEMENT_3D('',#9249,#7380,#7381);
#6531=AXIS2_PLACEMENT_3D('',#9253,#7384,#7385);
#6532=AXIS2_PLACEMENT_3D('',#9257,#7388,#7389);
#6533=AXIS2_PLACEMENT_3D('',#9261,#7392,#7393);
#6534=AXIS2_PLACEMENT_3D('',#9265,#7396,#7397);
#6535=AXIS2_PLACEMENT_3D('',#9269,#7400,#7401);
#6536=AXIS2_PLACEMENT_3D('',#9273,#7404,#7405);
#6537=AXIS2_PLACEMENT_3D('',#9277,#7408,#7409);
#6538=AXIS2_PLACEMENT_3D('',#9281,#7412,#7413);
#6539=AXIS2_PLACEMENT_3D('',#9285,#7416,#7417);
#6540=AXIS2_PLACEMENT_3D('',#9289,#7420,#7421);
#6541=AXIS2_PLACEMENT_3D('',#9293,#7424,#7425);
#6542=AXIS2_PLACEMENT_3D('',#9297,#7428,#7429);
#6543=AXIS2_PLACEMENT_3D('',#9301,#7432,#7433);
#6544=AXIS2_PLACEMENT_3D('',#9305,#7436,#7437);
#6545=AXIS2_PLACEMENT_3D('',#9309,#7440,#7441);
#6546=AXIS2_PLACEMENT_3D('',#9313,#7444,#7445);
#6547=AXIS2_PLACEMENT_3D('',#9317,#7448,#7449);
#6548=AXIS2_PLACEMENT_3D('',#9320,#7452,#7453);
#6549=AXIS2_PLACEMENT_3D('',#9322,#7455,#7456);
#6550=AXIS2_PLACEMENT_3D('',#9324,#7458,#7459);
#6551=AXIS2_PLACEMENT_3D('',#9326,#7461,#7462);
#6552=AXIS2_PLACEMENT_3D('',#9330,#7465,#7466);
#6553=AXIS2_PLACEMENT_3D('',#9334,#7469,#7470);
#6554=AXIS2_PLACEMENT_3D('',#9338,#7473,#7474);
#6555=AXIS2_PLACEMENT_3D('',#9342,#7477,#7478);
#6556=AXIS2_PLACEMENT_3D('',#9346,#7481,#7482);
#6557=AXIS2_PLACEMENT_3D('',#9350,#7485,#7486);
#6558=AXIS2_PLACEMENT_3D('',#9354,#7489,#7490);
#6559=AXIS2_PLACEMENT_3D('',#9357,#7493,#7494);
#6560=AXIS2_PLACEMENT_3D('',#9361,#7497,#7498);
#6561=AXIS2_PLACEMENT_3D('',#9365,#7501,#7502);
#6562=AXIS2_PLACEMENT_3D('',#9369,#7505,#7506);
#6563=AXIS2_PLACEMENT_3D('',#9373,#7509,#7510);
#6564=AXIS2_PLACEMENT_3D('',#9377,#7513,#7514);
#6565=AXIS2_PLACEMENT_3D('',#9381,#7517,#7518);
#6566=AXIS2_PLACEMENT_3D('',#9383,#7520,#7521);
#6567=AXIS2_PLACEMENT_3D('',#9389,#7525,#7526);
#6568=AXIS2_PLACEMENT_3D('',#9393,#7529,#7530);
#6569=AXIS2_PLACEMENT_3D('',#9397,#7533,#7534);
#6570=AXIS2_PLACEMENT_3D('',#9401,#7537,#7538);
#6571=AXIS2_PLACEMENT_3D('',#9405,#7541,#7542);
#6572=AXIS2_PLACEMENT_3D('',#9409,#7545,#7546);
#6573=AXIS2_PLACEMENT_3D('',#9413,#7549,#7550);
#6574=AXIS2_PLACEMENT_3D('',#9417,#7553,#7554);
#6575=AXIS2_PLACEMENT_3D('',#9421,#7557,#7558);
#6576=AXIS2_PLACEMENT_3D('',#9425,#7561,#7562);
#6577=AXIS2_PLACEMENT_3D('',#9429,#7565,#7566);
#6578=AXIS2_PLACEMENT_3D('',#9433,#7569,#7570);
#6579=AXIS2_PLACEMENT_3D('',#9437,#7573,#7574);
#6580=AXIS2_PLACEMENT_3D('',#9441,#7577,#7578);
#6581=AXIS2_PLACEMENT_3D('',#9447,#7582,#7583);
#6582=AXIS2_PLACEMENT_3D('',#9449,#7585,#7586);
#6583=AXIS2_PLACEMENT_3D('',#9456,#7590,#7591);
#6584=AXIS2_PLACEMENT_3D('',#9460,#7594,#7595);
#6585=AXIS2_PLACEMENT_3D('',#9464,#7598,#7599);
#6586=AXIS2_PLACEMENT_3D('',#9468,#7602,#7603);
#6587=AXIS2_PLACEMENT_3D('',#9472,#7606,#7607);
#6588=AXIS2_PLACEMENT_3D('',#9476,#7610,#7611);
#6589=AXIS2_PLACEMENT_3D('',#9480,#7614,#7615);
#6590=AXIS2_PLACEMENT_3D('',#9484,#7618,#7619);
#6591=AXIS2_PLACEMENT_3D('',#9488,#7622,#7623);
#6592=AXIS2_PLACEMENT_3D('',#9492,#7626,#7627);
#6593=AXIS2_PLACEMENT_3D('',#9496,#7630,#7631);
#6594=AXIS2_PLACEMENT_3D('',#9500,#7634,#7635);
#6595=AXIS2_PLACEMENT_3D('',#9504,#7638,#7639);
#6596=AXIS2_PLACEMENT_3D('',#9508,#7642,#7643);
#6597=AXIS2_PLACEMENT_3D('',#9512,#7646,#7647);
#6598=AXIS2_PLACEMENT_3D('',#9516,#7650,#7651);
#6599=AXIS2_PLACEMENT_3D('',#9520,#7654,#7655);
#6600=AXIS2_PLACEMENT_3D('',#9523,#7658,#7659);
#6601=AXIS2_PLACEMENT_3D('',#9527,#7662,#7663);
#6602=AXIS2_PLACEMENT_3D('',#9529,#7665,#7666);
#6603=AXIS2_PLACEMENT_3D('',#9533,#7669,#7670);
#6604=AXIS2_PLACEMENT_3D('',#9537,#7673,#7674);
#6605=AXIS2_PLACEMENT_3D('',#9541,#7677,#7678);
#6606=AXIS2_PLACEMENT_3D('',#9545,#7681,#7682);
#6607=AXIS2_PLACEMENT_3D('',#9549,#7685,#7686);
#6608=AXIS2_PLACEMENT_3D('',#9553,#7689,#7690);
#6609=AXIS2_PLACEMENT_3D('',#9557,#7693,#7694);
#6610=AXIS2_PLACEMENT_3D('',#9561,#7697,#7698);
#6611=AXIS2_PLACEMENT_3D('',#9565,#7701,#7702);
#6612=AXIS2_PLACEMENT_3D('',#9569,#7705,#7706);
#6613=AXIS2_PLACEMENT_3D('',#9573,#7709,#7710);
#6614=AXIS2_PLACEMENT_3D('',#9577,#7713,#7714);
#6615=AXIS2_PLACEMENT_3D('',#9581,#7717,#7718);
#6616=AXIS2_PLACEMENT_3D('',#9585,#7721,#7722);
#6617=AXIS2_PLACEMENT_3D('',#9589,#7725,#7726);
#6618=AXIS2_PLACEMENT_3D('',#9593,#7729,#7730);
#6619=AXIS2_PLACEMENT_3D('',#9596,#7733,#7734);
#6620=AXIS2_PLACEMENT_3D('',#9600,#7737,#7738);
#6621=AXIS2_PLACEMENT_3D('',#9602,#7740,#7741);
#6622=AXIS2_PLACEMENT_3D('',#9606,#7744,#7745);
#6623=AXIS2_PLACEMENT_3D('',#9609,#7748,#7749);
#6624=AXIS2_PLACEMENT_3D('',#9611,#7751,#7752);
#6625=AXIS2_PLACEMENT_3D('',#9615,#7755,#7756);
#6626=AXIS2_PLACEMENT_3D('',#9619,#7759,#7760);
#6627=AXIS2_PLACEMENT_3D('',#9622,#7763,#7764);
#6628=AXIS2_PLACEMENT_3D('',#9624,#7766,#7767);
#6629=AXIS2_PLACEMENT_3D('',#9626,#7769,#7770);
#6630=AXIS2_PLACEMENT_3D('',#9630,#7773,#7774);
#6631=AXIS2_PLACEMENT_3D('',#9632,#7776,#7777);
#6632=AXIS2_PLACEMENT_3D('',#9635,#7780,#7781);
#6633=AXIS2_PLACEMENT_3D('',#9637,#7783,#7784);
#6634=AXIS2_PLACEMENT_3D('',#9639,#7786,#7787);
#6635=AXIS2_PLACEMENT_3D('',#9641,#7789,#7790);
#6636=AXIS2_PLACEMENT_3D('',#9643,#7792,#7793);
#6637=AXIS2_PLACEMENT_3D('',#9646,#7796,#7797);
#6638=AXIS2_PLACEMENT_3D('',#9648,#7799,#7800);
#6639=AXIS2_PLACEMENT_3D('',#9650,#7802,#7803);
#6640=AXIS2_PLACEMENT_3D('',#9651,#7804,#7805);
#6641=AXIS2_PLACEMENT_3D('',#9653,#7807,#7808);
#6642=AXIS2_PLACEMENT_3D('',#9654,#7809,#7810);
#6643=AXIS2_PLACEMENT_3D('',#9657,#7813,#7814);
#6644=AXIS2_PLACEMENT_3D('',#9659,#7816,#7817);
#6645=AXIS2_PLACEMENT_3D('',#9661,#7819,#7820);
#6646=AXIS2_PLACEMENT_3D('',#9663,#7822,#7823);
#6647=AXIS2_PLACEMENT_3D('',#9665,#7825,#7826);
#6648=AXIS2_PLACEMENT_3D('',#9667,#7828,#7829);
#6649=AXIS2_PLACEMENT_3D('',#9669,#7831,#7832);
#6650=AXIS2_PLACEMENT_3D('',#9671,#7834,#7835);
#6651=AXIS2_PLACEMENT_3D('',#9673,#7837,#7838);
#6652=AXIS2_PLACEMENT_3D('',#9675,#7840,#7841);
#6653=AXIS2_PLACEMENT_3D('',#9677,#7843,#7844);
#6654=AXIS2_PLACEMENT_3D('',#9679,#7846,#7847);
#6655=AXIS2_PLACEMENT_3D('',#9681,#7849,#7850);
#6656=AXIS2_PLACEMENT_3D('',#9683,#7852,#7853);
#6657=AXIS2_PLACEMENT_3D('',#9685,#7855,#7856);
#6658=AXIS2_PLACEMENT_3D('',#9687,#7858,#7859);
#6659=AXIS2_PLACEMENT_3D('',#9689,#7861,#7862);
#6660=AXIS2_PLACEMENT_3D('',#9691,#7864,#7865);
#6661=AXIS2_PLACEMENT_3D('',#9693,#7867,#7868);
#6662=AXIS2_PLACEMENT_3D('',#9695,#7870,#7871);
#6663=AXIS2_PLACEMENT_3D('',#9697,#7873,#7874);
#6664=AXIS2_PLACEMENT_3D('',#9699,#7876,#7877);
#6665=AXIS2_PLACEMENT_3D('',#9701,#7879,#7880);
#6666=AXIS2_PLACEMENT_3D('',#9703,#7882,#7883);
#6667=AXIS2_PLACEMENT_3D('',#9705,#7885,#7886);
#6668=AXIS2_PLACEMENT_3D('',#9707,#7888,#7889);
#6669=AXIS2_PLACEMENT_3D('',#9709,#7891,#7892);
#6670=AXIS2_PLACEMENT_3D('',#9711,#7894,#7895);
#6671=AXIS2_PLACEMENT_3D('',#9713,#7897,#7898);
#6672=AXIS2_PLACEMENT_3D('',#9715,#7900,#7901);
#6673=AXIS2_PLACEMENT_3D('',#9717,#7903,#7904);
#6674=AXIS2_PLACEMENT_3D('',#9719,#7906,#7907);
#6675=AXIS2_PLACEMENT_3D('',#9721,#7909,#7910);
#6676=AXIS2_PLACEMENT_3D('',#9723,#7912,#7913);
#6677=AXIS2_PLACEMENT_3D('',#9725,#7915,#7916);
#6678=AXIS2_PLACEMENT_3D('',#9727,#7918,#7919);
#6679=AXIS2_PLACEMENT_3D('',#9729,#7921,#7922);
#6680=AXIS2_PLACEMENT_3D('',#9731,#7924,#7925);
#6681=AXIS2_PLACEMENT_3D('',#9733,#7927,#7928);
#6682=AXIS2_PLACEMENT_3D('',#9735,#7930,#7931);
#6683=AXIS2_PLACEMENT_3D('',#9737,#7933,#7934);
#6684=AXIS2_PLACEMENT_3D('',#9739,#7936,#7937);
#6685=AXIS2_PLACEMENT_3D('',#9741,#7939,#7940);
#6686=AXIS2_PLACEMENT_3D('',#9743,#7942,#7943);
#6687=AXIS2_PLACEMENT_3D('',#9745,#7945,#7946);
#6688=AXIS2_PLACEMENT_3D('',#9747,#7948,#7949);
#6689=AXIS2_PLACEMENT_3D('',#9749,#7951,#7952);
#6690=AXIS2_PLACEMENT_3D('',#9750,#7953,#7954);
#6691=AXIS2_PLACEMENT_3D('',#9753,#7957,#7958);
#6692=AXIS2_PLACEMENT_3D('',#9755,#7960,#7961);
#6693=AXIS2_PLACEMENT_3D('',#9757,#7963,#7964);
#6694=AXIS2_PLACEMENT_3D('',#9759,#7966,#7967);
#6695=AXIS2_PLACEMENT_3D('',#9761,#7969,#7970);
#6696=AXIS2_PLACEMENT_3D('',#9763,#7972,#7973);
#6697=AXIS2_PLACEMENT_3D('',#9765,#7975,#7976);
#6698=AXIS2_PLACEMENT_3D('',#9767,#7978,#7979);
#6699=AXIS2_PLACEMENT_3D('',#9769,#7981,#7982);
#6700=AXIS2_PLACEMENT_3D('',#9771,#7984,#7985);
#6701=AXIS2_PLACEMENT_3D('',#9773,#7987,#7988);
#6702=AXIS2_PLACEMENT_3D('',#9775,#7990,#7991);
#6703=AXIS2_PLACEMENT_3D('',#9777,#7993,#7994);
#6704=AXIS2_PLACEMENT_3D('',#9779,#7996,#7997);
#6705=AXIS2_PLACEMENT_3D('',#9781,#7999,#8000);
#6706=AXIS2_PLACEMENT_3D('',#9783,#8002,#8003);
#6707=AXIS2_PLACEMENT_3D('',#9785,#8005,#8006);
#6708=AXIS2_PLACEMENT_3D('',#9787,#8008,#8009);
#6709=AXIS2_PLACEMENT_3D('',#9789,#8011,#8012);
#6710=AXIS2_PLACEMENT_3D('',#9791,#8014,#8015);
#6711=AXIS2_PLACEMENT_3D('',#9793,#8017,#8018);
#6712=AXIS2_PLACEMENT_3D('',#9795,#8020,#8021);
#6713=AXIS2_PLACEMENT_3D('',#9797,#8023,#8024);
#6714=AXIS2_PLACEMENT_3D('',#9799,#8026,#8027);
#6715=AXIS2_PLACEMENT_3D('',#9801,#8029,#8030);
#6716=AXIS2_PLACEMENT_3D('',#9803,#8032,#8033);
#6717=AXIS2_PLACEMENT_3D('',#9805,#8035,#8036);
#6718=AXIS2_PLACEMENT_3D('',#9807,#8038,#8039);
#6719=AXIS2_PLACEMENT_3D('',#9809,#8041,#8042);
#6720=AXIS2_PLACEMENT_3D('',#9811,#8044,#8045);
#6721=AXIS2_PLACEMENT_3D('',#9813,#8047,#8048);
#6722=AXIS2_PLACEMENT_3D('',#9815,#8050,#8051);
#6723=AXIS2_PLACEMENT_3D('',#9817,#8053,#8054);
#6724=AXIS2_PLACEMENT_3D('',#9819,#8056,#8057);
#6725=AXIS2_PLACEMENT_3D('',#9821,#8059,#8060);
#6726=AXIS2_PLACEMENT_3D('',#9823,#8062,#8063);
#6727=AXIS2_PLACEMENT_3D('',#9825,#8065,#8066);
#6728=AXIS2_PLACEMENT_3D('',#9827,#8068,#8069);
#6729=AXIS2_PLACEMENT_3D('',#9829,#8071,#8072);
#6730=AXIS2_PLACEMENT_3D('',#9831,#8074,#8075);
#6731=AXIS2_PLACEMENT_3D('',#9833,#8077,#8078);
#6732=AXIS2_PLACEMENT_3D('',#9835,#8080,#8081);
#6733=AXIS2_PLACEMENT_3D('',#9837,#8083,#8084);
#6734=AXIS2_PLACEMENT_3D('',#9839,#8086,#8087);
#6735=AXIS2_PLACEMENT_3D('',#9841,#8089,#8090);
#6736=AXIS2_PLACEMENT_3D('',#9843,#8092,#8093);
#6737=AXIS2_PLACEMENT_3D('',#9845,#8095,#8096);
#6738=AXIS2_PLACEMENT_3D('',#9846,#8097,#8098);
#6739=AXIS2_PLACEMENT_3D('',#9848,#8100,#8101);
#6740=AXIS2_PLACEMENT_3D('',#9852,#8104,#8105);
#6741=AXIS2_PLACEMENT_3D('',#9856,#8108,#8109);
#6742=AXIS2_PLACEMENT_3D('',#9858,#8111,#8112);
#6743=AXIS2_PLACEMENT_3D('',#9863,#8116,#8117);
#6744=AXIS2_PLACEMENT_3D('',#9864,#8118,#8119);
#6745=AXIS2_PLACEMENT_3D('',#9867,#8122,#8123);
#6746=AXIS2_PLACEMENT_3D('',#9868,#8124,#8125);
#6747=AXIS2_PLACEMENT_3D('',#9872,#8128,#8129);
#6748=AXIS2_PLACEMENT_3D('',#9876,#8132,#8133);
#6749=AXIS2_PLACEMENT_3D('',#9878,#8135,#8136);
#6750=AXIS2_PLACEMENT_3D('',#9882,#8139,#8140);
#6751=AXIS2_PLACEMENT_3D('',#9884,#8142,#8143);
#6752=AXIS2_PLACEMENT_3D('',#9888,#8146,#8147);
#6753=AXIS2_PLACEMENT_3D('',#9890,#8149,#8150);
#6754=AXIS2_PLACEMENT_3D('',#9894,#8153,#8154);
#6755=AXIS2_PLACEMENT_3D('',#9896,#8156,#8157);
#6756=AXIS2_PLACEMENT_3D('',#9900,#8160,#8161);
#6757=AXIS2_PLACEMENT_3D('',#9902,#8163,#8164);
#6758=AXIS2_PLACEMENT_3D('',#9906,#8167,#8168);
#6759=AXIS2_PLACEMENT_3D('',#9908,#8170,#8171);
#6760=AXIS2_PLACEMENT_3D('',#9912,#8174,#8175);
#6761=AXIS2_PLACEMENT_3D('',#9914,#8177,#8178);
#6762=AXIS2_PLACEMENT_3D('',#9918,#8181,#8182);
#6763=AXIS2_PLACEMENT_3D('',#9920,#8184,#8185);
#6764=AXIS2_PLACEMENT_3D('',#9924,#8188,#8189);
#6765=AXIS2_PLACEMENT_3D('',#9926,#8191,#8192);
#6766=AXIS2_PLACEMENT_3D('',#9930,#8195,#8196);
#6767=AXIS2_PLACEMENT_3D('',#9932,#8198,#8199);
#6768=AXIS2_PLACEMENT_3D('',#9936,#8202,#8203);
#6769=AXIS2_PLACEMENT_3D('',#9938,#8205,#8206);
#6770=AXIS2_PLACEMENT_3D('',#9942,#8209,#8210);
#6771=AXIS2_PLACEMENT_3D('',#9944,#8212,#8213);
#6772=AXIS2_PLACEMENT_3D('',#9948,#8216,#8217);
#6773=AXIS2_PLACEMENT_3D('',#9950,#8219,#8220);
#6774=AXIS2_PLACEMENT_3D('',#9954,#8223,#8224);
#6775=AXIS2_PLACEMENT_3D('',#9956,#8226,#8227);
#6776=AXIS2_PLACEMENT_3D('',#9960,#8230,#8231);
#6777=AXIS2_PLACEMENT_3D('',#9962,#8233,#8234);
#6778=AXIS2_PLACEMENT_3D('',#9966,#8237,#8238);
#6779=AXIS2_PLACEMENT_3D('',#9968,#8240,#8241);
#6780=AXIS2_PLACEMENT_3D('',#9972,#8244,#8245);
#6781=AXIS2_PLACEMENT_3D('',#9974,#8247,#8248);
#6782=AXIS2_PLACEMENT_3D('',#9978,#8251,#8252);
#6783=AXIS2_PLACEMENT_3D('',#9980,#8254,#8255);
#6784=AXIS2_PLACEMENT_3D('',#9984,#8258,#8259);
#6785=AXIS2_PLACEMENT_3D('',#9986,#8261,#8262);
#6786=AXIS2_PLACEMENT_3D('',#9990,#8265,#8266);
#6787=AXIS2_PLACEMENT_3D('',#9992,#8268,#8269);
#6788=AXIS2_PLACEMENT_3D('',#9996,#8272,#8273);
#6789=AXIS2_PLACEMENT_3D('',#9998,#8275,#8276);
#6790=AXIS2_PLACEMENT_3D('',#10002,#8279,#8280);
#6791=AXIS2_PLACEMENT_3D('',#10004,#8282,#8283);
#6792=AXIS2_PLACEMENT_3D('',#10008,#8286,#8287);
#6793=AXIS2_PLACEMENT_3D('',#10010,#8289,#8290);
#6794=AXIS2_PLACEMENT_3D('',#10012,#8292,#8293);
#6795=AXIS2_PLACEMENT_3D('',#10016,#8296,#8297);
#6796=AXIS2_PLACEMENT_3D('',#10020,#8300,#8301);
#6797=AXIS2_PLACEMENT_3D('',#10022,#8303,#8304);
#6798=AXIS2_PLACEMENT_3D('',#10026,#8307,#8308);
#6799=AXIS2_PLACEMENT_3D('',#10028,#8310,#8311);
#6800=AXIS2_PLACEMENT_3D('',#10032,#8314,#8315);
#6801=AXIS2_PLACEMENT_3D('',#10034,#8317,#8318);
#6802=AXIS2_PLACEMENT_3D('',#10038,#8321,#8322);
#6803=AXIS2_PLACEMENT_3D('',#10040,#8324,#8325);
#6804=AXIS2_PLACEMENT_3D('',#10044,#8328,#8329);
#6805=AXIS2_PLACEMENT_3D('',#10046,#8331,#8332);
#6806=AXIS2_PLACEMENT_3D('',#10050,#8335,#8336);
#6807=AXIS2_PLACEMENT_3D('',#10052,#8338,#8339);
#6808=AXIS2_PLACEMENT_3D('',#10056,#8342,#8343);
#6809=AXIS2_PLACEMENT_3D('',#10058,#8345,#8346);
#6810=AXIS2_PLACEMENT_3D('',#10062,#8349,#8350);
#6811=AXIS2_PLACEMENT_3D('',#10064,#8352,#8353);
#6812=AXIS2_PLACEMENT_3D('',#10068,#8356,#8357);
#6813=AXIS2_PLACEMENT_3D('',#10070,#8359,#8360);
#6814=AXIS2_PLACEMENT_3D('',#10074,#8363,#8364);
#6815=AXIS2_PLACEMENT_3D('',#10076,#8366,#8367);
#6816=AXIS2_PLACEMENT_3D('',#10080,#8370,#8371);
#6817=AXIS2_PLACEMENT_3D('',#10082,#8373,#8374);
#6818=AXIS2_PLACEMENT_3D('',#10086,#8377,#8378);
#6819=AXIS2_PLACEMENT_3D('',#10088,#8380,#8381);
#6820=AXIS2_PLACEMENT_3D('',#10092,#8384,#8385);
#6821=AXIS2_PLACEMENT_3D('',#10094,#8387,#8388);
#6822=AXIS2_PLACEMENT_3D('',#10098,#8391,#8392);
#6823=AXIS2_PLACEMENT_3D('',#10100,#8394,#8395);
#6824=AXIS2_PLACEMENT_3D('',#10104,#8398,#8399);
#6825=AXIS2_PLACEMENT_3D('',#10106,#8401,#8402);
#6826=AXIS2_PLACEMENT_3D('',#10110,#8405,#8406);
#6827=AXIS2_PLACEMENT_3D('',#10112,#8408,#8409);
#6828=AXIS2_PLACEMENT_3D('',#10116,#8412,#8413);
#6829=AXIS2_PLACEMENT_3D('',#10118,#8415,#8416);
#6830=AXIS2_PLACEMENT_3D('',#10122,#8419,#8420);
#6831=AXIS2_PLACEMENT_3D('',#10124,#8422,#8423);
#6832=AXIS2_PLACEMENT_3D('',#10128,#8426,#8427);
#6833=AXIS2_PLACEMENT_3D('',#10130,#8429,#8430);
#6834=AXIS2_PLACEMENT_3D('',#10134,#8433,#8434);
#6835=AXIS2_PLACEMENT_3D('',#10136,#8436,#8437);
#6836=AXIS2_PLACEMENT_3D('',#10140,#8440,#8441);
#6837=AXIS2_PLACEMENT_3D('',#10142,#8443,#8444);
#6838=AXIS2_PLACEMENT_3D('',#10146,#8447,#8448);
#6839=AXIS2_PLACEMENT_3D('',#10148,#8450,#8451);
#6840=AXIS2_PLACEMENT_3D('',#10152,#8454,#8455);
#6841=AXIS2_PLACEMENT_3D('',#10154,#8457,#8458);
#6842=AXIS2_PLACEMENT_3D('',#10156,#8460,#8461);
#6843=AXIS2_PLACEMENT_3D('',#10162,#8465,#8466);
#6844=AXIS2_PLACEMENT_3D('',#10164,#8468,#8469);
#6845=AXIS2_PLACEMENT_3D('',#10169,#8473,#8474);
#6846=AXIS2_PLACEMENT_3D('',#10170,#8475,#8476);
#6847=AXIS2_PLACEMENT_3D('',#10177,#8480,#8481);
#6848=AXIS2_PLACEMENT_3D('',#10181,#8484,#8485);
#6849=AXIS2_PLACEMENT_3D('',#10185,#8488,#8489);
#6850=AXIS2_PLACEMENT_3D('',#10188,#8492,#8493);
#6851=AXIS2_PLACEMENT_3D('',#10193,#8497,#8498);
#6852=AXIS2_PLACEMENT_3D('',#10195,#8500,#8501);
#6853=AXIS2_PLACEMENT_3D('',#10198,#8504,#8505);
#6854=AXIS2_PLACEMENT_3D('',#10202,#8508,#8509);
#6855=AXIS2_PLACEMENT_3D('',#10204,#8511,#8512);
#6856=AXIS2_PLACEMENT_3D('',#10207,#8515,#8516);
#6857=AXIS2_PLACEMENT_3D('',#10212,#8520,#8521);
#6858=AXIS2_PLACEMENT_3D('',#10214,#8523,#8524);
#6859=AXIS2_PLACEMENT_3D('',#10217,#8527,#8528);
#6860=AXIS2_PLACEMENT_3D('',#10218,#8529,#8530);
#6861=AXIS2_PLACEMENT_3D('',#10221,#8533,#8534);
#6862=AXIS2_PLACEMENT_3D('',#10223,#8536,#8537);
#6863=AXIS2_PLACEMENT_3D('',#10225,#8539,#8540);
#6864=AXIS2_PLACEMENT_3D('',#10227,#8542,#8543);
#6865=AXIS2_PLACEMENT_3D('',#10229,#8545,#8546);
#6866=AXIS2_PLACEMENT_3D('',#10231,#8548,#8549);
#6867=AXIS2_PLACEMENT_3D('',#10233,#8551,#8552);
#6868=AXIS2_PLACEMENT_3D('',#10235,#8554,#8555);
#6869=AXIS2_PLACEMENT_3D('',#10237,#8557,#8558);
#6870=AXIS2_PLACEMENT_3D('',#10239,#8560,#8561);
#6871=AXIS2_PLACEMENT_3D('',#10241,#8563,#8564);
#6872=AXIS2_PLACEMENT_3D('',#10243,#8566,#8567);
#6873=AXIS2_PLACEMENT_3D('',#10245,#8569,#8570);
#6874=AXIS2_PLACEMENT_3D('',#10247,#8572,#8573);
#6875=AXIS2_PLACEMENT_3D('',#10249,#8575,#8576);
#6876=AXIS2_PLACEMENT_3D('',#10251,#8578,#8579);
#6877=AXIS2_PLACEMENT_3D('',#10253,#8581,#8582);
#6878=AXIS2_PLACEMENT_3D('',#10255,#8584,#8585);
#6879=AXIS2_PLACEMENT_3D('',#10257,#8587,#8588);
#6880=AXIS2_PLACEMENT_3D('',#10259,#8590,#8591);
#6881=AXIS2_PLACEMENT_3D('',#10261,#8593,#8594);
#6882=AXIS2_PLACEMENT_3D('',#10263,#8596,#8597);
#6883=AXIS2_PLACEMENT_3D('',#10265,#8599,#8600);
#6884=AXIS2_PLACEMENT_3D('',#10267,#8602,#8603);
#6885=AXIS2_PLACEMENT_3D('',#10269,#8605,#8606);
#6886=AXIS2_PLACEMENT_3D('',#10271,#8608,#8609);
#6887=AXIS2_PLACEMENT_3D('',#10273,#8611,#8612);
#6888=AXIS2_PLACEMENT_3D('',#10275,#8614,#8615);
#6889=AXIS2_PLACEMENT_3D('',#10277,#8617,#8618);
#6890=AXIS2_PLACEMENT_3D('',#10279,#8620,#8621);
#6891=AXIS2_PLACEMENT_3D('',#10281,#8623,#8624);
#6892=AXIS2_PLACEMENT_3D('',#10283,#8626,#8627);
#6893=AXIS2_PLACEMENT_3D('',#10285,#8629,#8630);
#6894=AXIS2_PLACEMENT_3D('',#10287,#8632,#8633);
#6895=AXIS2_PLACEMENT_3D('',#10289,#8635,#8636);
#6896=AXIS2_PLACEMENT_3D('',#10291,#8638,#8639);
#6897=AXIS2_PLACEMENT_3D('',#10293,#8641,#8642);
#6898=AXIS2_PLACEMENT_3D('',#10295,#8644,#8645);
#6899=AXIS2_PLACEMENT_3D('',#10297,#8647,#8648);
#6900=AXIS2_PLACEMENT_3D('',#10299,#8650,#8651);
#6901=AXIS2_PLACEMENT_3D('',#10301,#8653,#8654);
#6902=AXIS2_PLACEMENT_3D('',#10303,#8656,#8657);
#6903=AXIS2_PLACEMENT_3D('',#10305,#8659,#8660);
#6904=AXIS2_PLACEMENT_3D('',#10307,#8662,#8663);
#6905=AXIS2_PLACEMENT_3D('',#10309,#8665,#8666);
#6906=AXIS2_PLACEMENT_3D('',#10311,#8668,#8669);
#6907=AXIS2_PLACEMENT_3D('',#10313,#8671,#8672);
#6908=AXIS2_PLACEMENT_3D('',#10315,#8674,#8675);
#6909=AXIS2_PLACEMENT_3D('',#10317,#8677,#8678);
#6910=AXIS2_PLACEMENT_3D('',#10319,#8680,#8681);
#6911=AXIS2_PLACEMENT_3D('',#10321,#8683,#8684);
#6912=AXIS2_PLACEMENT_3D('',#10323,#8686,#8687);
#6913=AXIS2_PLACEMENT_3D('',#10325,#8689,#8690);
#6914=AXIS2_PLACEMENT_3D('',#10327,#8692,#8693);
#6915=AXIS2_PLACEMENT_3D('',#10328,#8694,#8695);
#6916=AXIS2_PLACEMENT_3D('',#10330,#8697,#8698);
#6917=AXIS2_PLACEMENT_3D('',#10332,#8700,#8701);
#6918=AXIS2_PLACEMENT_3D('',#10335,#8704,#8705);
#6919=AXIS2_PLACEMENT_3D('',#10336,#8706,#8707);
#6920=AXIS2_PLACEMENT_3D('',#10338,#8709,#8710);
#6921=AXIS2_PLACEMENT_3D('',#10339,#8711,#8712);
#6922=AXIS2_PLACEMENT_3D('',#10341,#8714,#8715);
#6923=AXIS2_PLACEMENT_3D('',#10342,#8716,#8717);
#6924=AXIS2_PLACEMENT_3D('',#10344,#8719,#8720);
#6925=AXIS2_PLACEMENT_3D('',#10348,#8723,#8724);
#6926=AXIS2_PLACEMENT_3D('',#10350,#8726,#8727);
#6927=AXIS2_PLACEMENT_3D('',#10352,#8729,#8730);
#6928=AXIS2_PLACEMENT_3D('',#10354,#8732,#8733);
#6929=AXIS2_PLACEMENT_3D('',#10355,#8734,#8735);
#6930=AXIS2_PLACEMENT_3D('',#10362,#8739,#8740);
#6931=AXIS2_PLACEMENT_3D('',#10366,#8743,#8744);
#6932=AXIS2_PLACEMENT_3D('',#10369,#8747,#8748);
#6933=AXIS2_PLACEMENT_3D('',#10371,#8750,#8751);
#6934=AXIS2_PLACEMENT_3D('',#10374,#8754,#8755);
#6935=AXIS2_PLACEMENT_3D('',#10375,#8756,#8757);
#6936=AXIS2_PLACEMENT_3D('',#10378,#8760,#8761);
#6937=AXIS2_PLACEMENT_3D('',#10379,#8762,#8763);
#6938=AXIS2_PLACEMENT_3D('',#10381,#8765,#8766);
#6939=AXIS2_PLACEMENT_3D('',#10382,#8767,#8768);
#6940=AXIS2_PLACEMENT_3D('',#10389,#8772,#8773);
#6941=AXIS2_PLACEMENT_3D('',#10393,#8776,#8777);
#6942=AXIS2_PLACEMENT_3D('',#10396,#8780,#8781);
#6943=AXIS2_PLACEMENT_3D('',#10398,#8783,#8784);
#6944=AXIS2_PLACEMENT_3D('',#10401,#8787,#8788);
#6945=AXIS2_PLACEMENT_3D('',#10402,#8789,#8790);
#6946=AXIS2_PLACEMENT_3D('',#10405,#8793,#8794);
#6947=AXIS2_PLACEMENT_3D('',#10406,#8795,#8796);
#6948=AXIS2_PLACEMENT_3D('',#10408,#8798,#8799);
#6949=DIRECTION('axis',(0.,0.,1.));
#6950=DIRECTION('refdir',(1.,0.,0.));
#6951=DIRECTION('center_axis',(0.,-1.,0.));
#6952=DIRECTION('ref_axis',(0.,0.,-1.));
#6953=DIRECTION('',(-1.,0.,0.));
#6954=DIRECTION('',(0.864613267974686,0.,-0.502437953226201));
#6955=DIRECTION('',(0.,0.,1.));
#6956=DIRECTION('',(0.898917104376223,0.,-0.438118750408913));
#6957=DIRECTION('center_axis',(0.,-1.,0.));
#6958=DIRECTION('ref_axis',(0.,0.,-1.));
#6959=DIRECTION('',(-1.,0.,0.));
#6960=DIRECTION('',(0.,0.,1.));
#6961=DIRECTION('',(0.729617681035715,0.,0.683855276736289));
#6962=DIRECTION('center_axis',(1.,0.,0.));
#6963=DIRECTION('ref_axis',(0.,0.,-1.));
#6964=DIRECTION('',(0.,-1.,0.));
#6965=DIRECTION('',(0.,0.107481842980092,0.994207047565849));
#6966=DIRECTION('',(0.,1.,0.));
#6967=DIRECTION('',(0.,0.,1.));
#6968=DIRECTION('center_axis',(1.,0.,0.));
#6969=DIRECTION('ref_axis',(0.,0.,-1.));
#6970=DIRECTION('',(0.,-1.,0.));
#6971=DIRECTION('',(0.,0.,1.));
#6972=DIRECTION('center_axis',(1.,0.,0.));
#6973=DIRECTION('ref_axis',(0.,0.,-1.));
#6974=DIRECTION('',(0.,-1.,0.));
#6975=DIRECTION('',(0.,0.97803643588717,-0.208433994533331));
#6976=DIRECTION('',(0.,0.97172394365911,0.23611983677698));
#6977=DIRECTION('center_axis',(1.,0.,0.));
#6978=DIRECTION('ref_axis',(0.,0.,-1.));
#6979=DIRECTION('',(0.,-1.,0.));
#6980=DIRECTION('',(0.,0.,1.));
#6981=DIRECTION('',(0.,0.99597248163164,0.0896594436326313));
#6982=DIRECTION('center_axis',(0.,-1.,0.));
#6983=DIRECTION('ref_axis',(0.,0.,-1.));
#6984=DIRECTION('',(-1.,0.,0.));
#6985=DIRECTION('',(0.107531583128498,0.,0.99420166899371));
#6986=DIRECTION('',(1.,0.,0.));
#6987=DIRECTION('center_axis',(0.,-1.,0.));
#6988=DIRECTION('ref_axis',(0.,0.,-1.));
#6989=DIRECTION('',(-1.,0.,0.));
#6990=DIRECTION('',(0.,0.,1.));
#6991=DIRECTION('center_axis',(0.,0.,-1.));
#6992=DIRECTION('ref_axis',(-1.,0.,0.));
#6993=DIRECTION('',(0.,1.,0.));
#6994=DIRECTION('',(0.,1.,0.));
#6995=DIRECTION('',(0.,-1.,0.));
#6996=DIRECTION('',(0.,-1.,0.));
#6997=DIRECTION('',(0.,-1.,0.));
#6998=DIRECTION('',(-1.,0.,0.));
#6999=DIRECTION('',(-1.,0.,0.));
#7000=DIRECTION('',(-1.,0.,0.));
#7001=DIRECTION('',(1.,0.,0.));
#7002=DIRECTION('',(1.,0.,0.));
#7003=DIRECTION('center_axis',(-1.,0.,0.));
#7004=DIRECTION('ref_axis',(0.,0.,1.));
#7005=DIRECTION('',(0.,0.987636474743985,0.156761582523506));
#7006=DIRECTION('center_axis',(-1.,0.,0.));
#7007=DIRECTION('ref_axis',(0.,0.,1.));
#7008=DIRECTION('',(0.,0.,1.));
#7009=DIRECTION('',(0.,0.98261932968776,-0.185632036362199));
#7010=DIRECTION('center_axis',(0.,-1.,0.));
#7011=DIRECTION('ref_axis',(0.,0.,-1.));
#7012=DIRECTION('',(0.,0.,-1.));
#7013=DIRECTION('',(0.9923909275612,0.,-0.123126954377265));
#7014=DIRECTION('',(0.970565314876066,0.,-0.240838056709323));
#7015=DIRECTION('center_axis',(0.,-1.,0.));
#7016=DIRECTION('ref_axis',(0.,0.,-1.));
#7017=DIRECTION('',(0.,0.,1.));
#7018=DIRECTION('',(0.970565314876066,0.,-0.240838056709323));
#7019=DIRECTION('',(0.,0.,1.));
#7020=DIRECTION('',(0.9923909275612,0.,-0.123126954377265));
#7021=DIRECTION('center_axis',(0.,-1.,0.));
#7022=DIRECTION('ref_axis',(0.,0.,-1.));
#7023=DIRECTION('',(0.,0.,-1.));
#7024=DIRECTION('',(0.998902916044198,0.,-0.0468290969205879));
#7025=DIRECTION('center_axis',(0.,1.,0.));
#7026=DIRECTION('ref_axis',(0.,0.,1.));
#7027=DIRECTION('',(0.,0.,-1.));
#7028=DIRECTION('',(1.,0.,0.));
#7029=DIRECTION('',(0.993355775029556,0.,0.115083900765619));
#7030=DIRECTION('',(0.,0.,1.));
#7031=DIRECTION('',(1.,0.,0.));
#7032=DIRECTION('',(-3.08148791101958E-33,0.,1.));
#7033=DIRECTION('',(-1.,0.,0.));
#7034=DIRECTION('center_axis',(0.,-1.,0.));
#7035=DIRECTION('ref_axis',(0.,0.,-1.));
#7036=DIRECTION('',(0.,0.,-1.));
#7037=DIRECTION('',(1.,0.,0.));
#7038=DIRECTION('center_axis',(0.,0.,-1.));
#7039=DIRECTION('ref_axis',(-1.,0.,0.));
#7040=DIRECTION('',(0.,1.,0.));
#7041=DIRECTION('',(0.999687646408123,0.0249921911602031,0.));
#7042=DIRECTION('',(0.,1.,0.));
#7043=DIRECTION('center_axis',(0.,0.,-1.));
#7044=DIRECTION('ref_axis',(-1.,0.,0.));
#7045=DIRECTION('',(0.,-1.,0.));
#7046=DIRECTION('',(1.,0.,0.));
#7047=DIRECTION('',(0.999687646408123,0.0249921911602031,0.));
#7048=DIRECTION('center_axis',(0.,0.,-1.));
#7049=DIRECTION('ref_axis',(-1.,0.,0.));
#7050=DIRECTION('',(0.,1.,0.));
#7051=DIRECTION('center_axis',(-1.,0.,-3.08148791101958E-33));
#7052=DIRECTION('ref_axis',(3.08148791101958E-33,2.77555756156289E-17,-1.));
#7053=DIRECTION('',(0.,0.,1.));
#7054=DIRECTION('',(0.,0.,1.));
#7055=DIRECTION('',(0.,-1.,0.));
#7056=DIRECTION('',(0.,-1.,0.));
#7057=DIRECTION('',(-3.08148791101958E-33,0.,1.));
#7058=DIRECTION('center_axis',(1.,0.,3.08148791101958E-33));
#7059=DIRECTION('ref_axis',(-3.08148791101958E-33,-2.77555756156289E-17,
1.));
#7060=DIRECTION('',(3.08148791101958E-33,0.,-1.));
#7061=DIRECTION('',(0.,-1.,0.));
#7062=DIRECTION('center_axis',(0.,0.,1.));
#7063=DIRECTION('ref_axis',(-1.,1.11022302462516E-16,0.));
#7064=DIRECTION('',(1.,0.,0.));
#7065=DIRECTION('center_axis',(0.,0.,-1.));
#7066=DIRECTION('ref_axis',(-1.,0.,0.));
#7067=DIRECTION('',(0.0174645848472884,0.999847482507263,0.));
#7068=DIRECTION('',(0.,1.,0.));
#7069=DIRECTION('',(1.,0.,0.));
#7070=DIRECTION('center_axis',(0.,0.,-1.));
#7071=DIRECTION('ref_axis',(-1.,0.,0.));
#7072=DIRECTION('',(0.707106781186547,-0.707106781186547,0.));
#7073=DIRECTION('',(0.,1.,0.));
#7074=DIRECTION('center_axis',(0.,0.,-1.));
#7075=DIRECTION('ref_axis',(-1.,0.,0.));
#7076=DIRECTION('center_axis',(0.,1.,0.));
#7077=DIRECTION('ref_axis',(0.,0.,1.));
#7078=DIRECTION('',(0.97548220917709,0.,-0.220078303289953));
#7079=DIRECTION('center_axis',(0.,1.,0.));
#7080=DIRECTION('ref_axis',(0.,0.,1.));
#7081=DIRECTION('',(0.965842837234668,0.,0.25912856608735));
#7082=DIRECTION('center_axis',(0.,1.,0.));
#7083=DIRECTION('ref_axis',(0.,0.,1.));
#7084=DIRECTION('',(0.503871025524086,0.,-0.863778900898433));
#7085=DIRECTION('',(0.130540192224243,0.,-0.991443018137733));
#7086=DIRECTION('',(0.485862538163977,0.,-0.874035236136884));
#7087=DIRECTION('center_axis',(0.,1.,0.));
#7088=DIRECTION('ref_axis',(0.,0.,1.));
#7089=DIRECTION('',(0.534729146530573,0.,-0.845023514377372));
#7090=DIRECTION('',(0.130540192224243,0.,0.991443018137733));
#7091=DIRECTION('center_axis',(0.,1.,0.));
#7092=DIRECTION('ref_axis',(0.,0.,1.));
#7093=DIRECTION('',(0.382663829839119,0.,0.923887651899763));
#7094=DIRECTION('',(0.576171432789038,0.,-0.817328868961465));
#7095=DIRECTION('center_axis',(0.,1.,0.));
#7096=DIRECTION('ref_axis',(0.,0.,1.));
#7097=DIRECTION('',(0.623524162782611,0.,-0.781804079310311));
#7098=DIRECTION('',(0.608776296270778,0.,0.793341932018492));
#7099=DIRECTION('center_axis',(0.,1.,0.));
#7100=DIRECTION('ref_axis',(0.,0.,1.));
#7101=DIRECTION('',(0.670631158860734,0.,-0.741790973768965));
#7102=DIRECTION('',(0.793348826239951,0.,0.608767311789728));
#7103=DIRECTION('center_axis',(0.,1.,0.));
#7104=DIRECTION('ref_axis',(0.,0.,1.));
#7105=DIRECTION('',(0.923880763494247,0.,0.382680460495814));
#7106=DIRECTION('',(0.711772171252696,0.,-0.702410404414843));
#7107=DIRECTION('center_axis',(0.,1.,0.));
#7108=DIRECTION('ref_axis',(0.,0.,1.));
#7109=DIRECTION('',(0.576171432789038,0.,0.817328868961465));
#7110=DIRECTION('',(0.534729146530573,0.,0.845023514377372));
#7111=DIRECTION('',(0.382663829839119,0.,-0.923887651899763));
#7112=DIRECTION('center_axis',(0.,1.,0.));
#7113=DIRECTION('ref_axis',(0.,0.,1.));
#7114=DIRECTION('',(0.623524162782611,0.,0.781804079310311));
#7115=DIRECTION('',(0.608776296270778,0.,-0.793341932018492));
#7116=DIRECTION('center_axis',(0.,1.,0.));
#7117=DIRECTION('ref_axis',(0.,0.,1.));
#7118=DIRECTION('',(0.670631158860734,0.,0.741790973768965));
#7119=DIRECTION('',(0.793348826239951,0.,-0.608767311789728));
#7120=DIRECTION('center_axis',(0.,1.,0.));
#7121=DIRECTION('ref_axis',(0.,0.,1.));
#7122=DIRECTION('',(0.711772171252696,0.,0.702410404414843));
#7123=DIRECTION('',(0.923880763494247,0.,-0.382680460495814));
#7124=DIRECTION('center_axis',(0.,1.,0.));
#7125=DIRECTION('ref_axis',(0.,0.,1.));
#7126=DIRECTION('',(0.743294146247166,0.,0.66896473162245));
#7127=DIRECTION('',(0.991444278908352,0.,-0.130530616408177));
#7128=DIRECTION('center_axis',(0.,1.,0.));
#7129=DIRECTION('ref_axis',(0.,0.,1.));
#7130=DIRECTION('',(0.743294146247166,0.,-0.66896473162245));
#7131=DIRECTION('',(1.,0.,0.));
#7132=DIRECTION('center_axis',(0.,1.,0.));
#7133=DIRECTION('ref_axis',(0.,0.,1.));
#7134=DIRECTION('',(0.991444278908352,0.,0.130530616408177));
#7135=DIRECTION('center_axis',(0.,1.,0.));
#7136=DIRECTION('ref_axis',(0.,0.,1.));
#7137=DIRECTION('',(0.503871025524086,0.,-0.863778900898433));
#7138=DIRECTION('',(0.130540192224243,0.,-0.991443018137733));
#7139=DIRECTION('',(0.485862538163977,0.,-0.874035236136884));
#7140=DIRECTION('center_axis',(0.,1.,0.));
#7141=DIRECTION('ref_axis',(0.,0.,1.));
#7142=DIRECTION('',(0.130540192224243,0.,0.991443018137733));
#7143=DIRECTION('',(0.534729146530573,0.,-0.845023514377372));
#7144=DIRECTION('center_axis',(0.,1.,0.));
#7145=DIRECTION('ref_axis',(0.,0.,1.));
#7146=DIRECTION('',(0.576171432789038,0.,-0.817328868961465));
#7147=DIRECTION('',(0.382663829839119,0.,0.923887651899763));
#7148=DIRECTION('center_axis',(0.,1.,0.));
#7149=DIRECTION('ref_axis',(0.,0.,1.));
#7150=DIRECTION('',(0.623524015615638,0.,-0.781804196682615));
#7151=DIRECTION('',(0.608778648732915,0.,0.793340126835222));
#7152=DIRECTION('center_axis',(0.,1.,0.));
#7153=DIRECTION('ref_axis',(0.,0.,1.));
#7154=DIRECTION('',(0.793346473721339,0.,0.608770377592338));
#7155=DIRECTION('',(0.670631158860734,0.,-0.741790973768965));
#7156=DIRECTION('center_axis',(0.,1.,0.));
#7157=DIRECTION('ref_axis',(0.,0.,1.));
#7158=DIRECTION('',(0.711772318428146,0.,-0.702410255277799));
#7159=DIRECTION('',(0.923879041362142,0.,0.382684618101864));
#7160=DIRECTION('center_axis',(0.,1.,0.));
#7161=DIRECTION('ref_axis',(0.,0.,1.));
#7162=DIRECTION('',(0.743294146247166,0.,-0.66896473162245));
#7163=DIRECTION('',(0.99144490926018,0.,0.130525828486445));
#7164=DIRECTION('center_axis',(0.,1.,0.));
#7165=DIRECTION('ref_axis',(0.,0.,1.));
#7166=DIRECTION('',(0.743294146247166,0.,0.66896473162245));
#7167=DIRECTION('',(1.,0.,0.));
#7168=DIRECTION('center_axis',(0.,1.,0.));
#7169=DIRECTION('ref_axis',(0.,0.,1.));
#7170=DIRECTION('',(0.99144490926018,0.,-0.130525828486445));
#7171=DIRECTION('',(0.711772318428146,0.,0.702410255277799));
#7172=DIRECTION('center_axis',(0.,1.,0.));
#7173=DIRECTION('ref_axis',(0.,0.,1.));
#7174=DIRECTION('',(0.670631158860734,0.,0.741790973768965));
#7175=DIRECTION('',(0.923879041362142,0.,-0.382684618101864));
#7176=DIRECTION('center_axis',(0.,1.,0.));
#7177=DIRECTION('ref_axis',(0.,0.,1.));
#7178=DIRECTION('',(0.623524015615638,0.,0.781804196682615));
#7179=DIRECTION('',(0.793346473721339,0.,-0.608770377592338));
#7180=DIRECTION('center_axis',(0.,1.,0.));
#7181=DIRECTION('ref_axis',(0.,0.,1.));
#7182=DIRECTION('',(0.608778648732915,0.,-0.793340126835222));
#7183=DIRECTION('',(0.576171432789038,0.,0.817328868961465));
#7184=DIRECTION('center_axis',(0.,1.,0.));
#7185=DIRECTION('ref_axis',(0.,0.,1.));
#7186=DIRECTION('',(0.534729146530573,0.,0.845023514377372));
#7187=DIRECTION('',(0.382663829839119,0.,-0.923887651899763));
#7188=DIRECTION('center_axis',(0.,1.,0.));
#7189=DIRECTION('ref_axis',(0.,0.,1.));
#7190=DIRECTION('',(0.503871025524086,0.,0.863778900898433));
#7191=DIRECTION('',(0.130540192224243,0.,-0.991443018137733));
#7192=DIRECTION('center_axis',(0.,1.,0.));
#7193=DIRECTION('ref_axis',(0.,0.,1.));
#7194=DIRECTION('',(0.130540192224243,0.,0.991443018137733));
#7195=DIRECTION('',(0.485862538163977,0.,0.874035236136884));
#7196=DIRECTION('center_axis',(0.,1.,0.));
#7197=DIRECTION('ref_axis',(0.,0.,1.));
#7198=DIRECTION('',(0.,0.,1.));
#7199=DIRECTION('center_axis',(0.,1.,0.));
#7200=DIRECTION('ref_axis',(0.,0.,1.));
#7201=DIRECTION('',(0.18741858155204,0.,-0.982280140941993));
#7202=DIRECTION('center_axis',(0.,1.,0.));
#7203=DIRECTION('ref_axis',(0.,0.,1.));
#7204=DIRECTION('',(0.,0.,1.));
#7205=DIRECTION('center_axis',(0.,1.,0.));
#7206=DIRECTION('ref_axis',(0.,0.,1.));
#7207=DIRECTION('',(0.012631280713275,0.,-0.999920222191522));
#7208=DIRECTION('',(0.382663829839119,0.,0.923887651899763));
#7209=DIRECTION('center_axis',(0.,1.,0.));
#7210=DIRECTION('ref_axis',(0.,0.,1.));
#7211=DIRECTION('',(0.,0.,1.));
#7212=DIRECTION('',(0.382663829839119,0.,-0.923887651899763));
#7213=DIRECTION('center_axis',(0.,1.,0.));
#7214=DIRECTION('ref_axis',(0.,0.,1.));
#7215=DIRECTION('',(0.0213000914429908,0.,-0.999773127316653));
#7216=DIRECTION('',(0.608778648732915,0.,0.793340126835222));
#7217=DIRECTION('center_axis',(0.,1.,0.));
#7218=DIRECTION('ref_axis',(0.,0.,1.));
#7219=DIRECTION('',(0.,0.,1.));
#7220=DIRECTION('',(0.608776296270778,0.,-0.793341932018492));
#7221=DIRECTION('center_axis',(0.,1.,0.));
#7222=DIRECTION('ref_axis',(0.,0.,1.));
#7223=DIRECTION('',(0.0291835143798877,0.,-0.999574070536266));
#7224=DIRECTION('',(0.793346473721339,0.,0.608770377592338));
#7225=DIRECTION('center_axis',(0.,1.,0.));
#7226=DIRECTION('ref_axis',(0.,0.,1.));
#7227=DIRECTION('',(0.,0.,1.));
#7228=DIRECTION('',(0.793348826239951,0.,-0.608767311789728));
#7229=DIRECTION('center_axis',(0.,1.,0.));
#7230=DIRECTION('ref_axis',(0.,0.,1.));
#7231=DIRECTION('',(0.0352656081697098,0.,-0.999377974982649));
#7232=DIRECTION('',(0.923879041362142,0.,0.382684618101864));
#7233=DIRECTION('center_axis',(0.,1.,0.));
#7234=DIRECTION('ref_axis',(0.,0.,1.));
#7235=DIRECTION('',(0.,0.,1.));
#7236=DIRECTION('',(0.923880763494247,0.,-0.382680460495814));
#7237=DIRECTION('center_axis',(0.,1.,0.));
#7238=DIRECTION('ref_axis',(0.,0.,1.));
#7239=DIRECTION('',(0.503871025524086,0.,0.863778900898433));
#7240=DIRECTION('',(0.130540192224243,0.,-0.991443018137733));
#7241=DIRECTION('center_axis',(0.,1.,0.));
#7242=DIRECTION('ref_axis',(0.,0.,1.));
#7243=DIRECTION('',(0.485862538163977,0.,0.874035236136884));
#7244=DIRECTION('',(0.130540192224243,0.,0.991443018137733));
#7245=DIRECTION('center_axis',(0.,1.,0.));
#7246=DIRECTION('ref_axis',(0.,0.,1.));
#7247=DIRECTION('',(0.18741858155204,0.,-0.982280140941993));
#7248=DIRECTION('',(0.,0.,1.));
#7249=DIRECTION('center_axis',(0.,1.,0.));
#7250=DIRECTION('ref_axis',(0.,0.,1.));
#7251=DIRECTION('',(0.,0.,1.));
#7252=DIRECTION('center_axis',(0.,1.,0.));
#7253=DIRECTION('ref_axis',(0.,0.,1.));
#7254=DIRECTION('',(0.012631280713275,0.,-0.999920222191522));
#7255=DIRECTION('',(0.382663829839119,0.,0.923887651899763));
#7256=DIRECTION('center_axis',(0.,1.,0.));
#7257=DIRECTION('ref_axis',(0.,0.,1.));
#7258=DIRECTION('',(0.,0.,1.));
#7259=DIRECTION('',(0.382663829839119,0.,-0.923887651899763));
#7260=DIRECTION('center_axis',(0.,1.,0.));
#7261=DIRECTION('ref_axis',(0.,0.,1.));
#7262=DIRECTION('',(0.0213000950721837,0.,-0.999773127239333));
#7263=DIRECTION('',(0.608776296270778,0.,0.793341932018492));
#7264=DIRECTION('center_axis',(0.,1.,0.));
#7265=DIRECTION('ref_axis',(0.,0.,1.));
#7266=DIRECTION('',(0.,0.,1.));
#7267=DIRECTION('',(0.608778648732915,0.,-0.793340126835222));
#7268=DIRECTION('center_axis',(0.,1.,0.));
#7269=DIRECTION('ref_axis',(0.,0.,1.));
#7270=DIRECTION('',(0.0291835091529942,0.,-0.99957407068887));
#7271=DIRECTION('',(0.793348826239951,0.,0.608767311789728));
#7272=DIRECTION('center_axis',(0.,1.,0.));
#7273=DIRECTION('ref_axis',(0.,0.,1.));
#7274=DIRECTION('',(0.,0.,1.));
#7275=DIRECTION('',(0.793346473721339,0.,-0.608770377592338));
#7276=DIRECTION('center_axis',(0.,1.,0.));
#7277=DIRECTION('ref_axis',(0.,0.,1.));
#7278=DIRECTION('',(0.035265601616875,0.,-0.999377975213883));
#7279=DIRECTION('',(0.923880763494247,0.,0.382680460495814));
#7280=DIRECTION('center_axis',(0.,1.,0.));
#7281=DIRECTION('ref_axis',(0.,0.,1.));
#7282=DIRECTION('',(0.,0.,1.));
#7283=DIRECTION('',(0.923879041362142,0.,-0.382684618101864));
#7284=DIRECTION('center_axis',(0.,1.,0.));
#7285=DIRECTION('ref_axis',(0.,0.,1.));
#7286=DIRECTION('',(0.0385967361807941,0.,-0.99925486836752));
#7287=DIRECTION('',(0.991444278908352,0.,0.130530616408177));
#7288=DIRECTION('center_axis',(0.,1.,0.));
#7289=DIRECTION('ref_axis',(0.,0.,1.));
#7290=DIRECTION('',(0.,0.,1.));
#7291=DIRECTION('',(0.99144490926018,0.,-0.130525828486445));
#7292=DIRECTION('center_axis',(0.,1.,0.));
#7293=DIRECTION('ref_axis',(0.,0.,1.));
#7294=DIRECTION('',(0.0385967288673988,0.,-0.999254868650004));
#7295=DIRECTION('',(0.991444278908352,0.,-0.130530616408177));
#7296=DIRECTION('center_axis',(0.,1.,0.));
#7297=DIRECTION('ref_axis',(0.,0.,1.));
#7298=DIRECTION('',(0.99144490926018,0.,0.130525828486445));
#7299=DIRECTION('center_axis',(-1.,0.,0.));
#7300=DIRECTION('ref_axis',(0.,0.,1.));
#7301=DIRECTION('',(0.,0.,1.));
#7302=DIRECTION('',(0.,0.996685688067884,-0.0813488733827888));
#7303=DIRECTION('center_axis',(-1.,0.,0.));
#7304=DIRECTION('ref_axis',(0.,0.,1.));
#7305=DIRECTION('',(0.,0.576171829515408,-0.817328589291276));
#7306=DIRECTION('',(0.,0.382684618101864,0.923879041362142));
#7307=DIRECTION('',(0.,0.534728531271385,-0.845023903711811));
#7308=DIRECTION('center_axis',(-1.,0.,0.));
#7309=DIRECTION('ref_axis',(0.,0.,1.));
#7310=DIRECTION('',(0.,0.623523516944683,-0.781804594394874));
#7311=DIRECTION('',(0.,0.608759434722626,0.793354870556795));
#7312=DIRECTION('center_axis',(-1.,0.,0.));
#7313=DIRECTION('ref_axis',(0.,0.,1.));
#7314=DIRECTION('',(0.,0.793355144240173,0.608759078049481));
#7315=DIRECTION('',(0.,0.670631158860734,-0.741790973768965));
#7316=DIRECTION('center_axis',(-1.,0.,0.));
#7317=DIRECTION('ref_axis',(0.,0.,1.));
#7318=DIRECTION('',(0.,0.711772538223418,-0.70241003255292));
#7319=DIRECTION('',(0.,0.923877675891434,0.382687914611166));
#7320=DIRECTION('center_axis',(-1.,0.,0.));
#7321=DIRECTION('ref_axis',(0.,0.,1.));
#7322=DIRECTION('',(0.,0.743294146247166,-0.66896473162245));
#7323=DIRECTION('',(0.,0.991445498099712,0.13052135571551));
#7324=DIRECTION('center_axis',(-1.,0.,0.));
#7325=DIRECTION('ref_axis',(0.,0.,1.));
#7326=DIRECTION('',(0.,0.743294146247166,0.66896473162245));
#7327=DIRECTION('',(0.,1.,0.));
#7328=DIRECTION('center_axis',(-1.,0.,0.));
#7329=DIRECTION('ref_axis',(0.,0.,1.));
#7330=DIRECTION('',(0.,0.711772538223418,0.70241003255292));
#7331=DIRECTION('',(0.,0.991445498099712,-0.13052135571551));
#7332=DIRECTION('center_axis',(-1.,0.,0.));
#7333=DIRECTION('ref_axis',(0.,0.,1.));
#7334=DIRECTION('',(0.,0.923877675891434,-0.382687914611166));
#7335=DIRECTION('',(0.,0.670631158860734,0.741790973768965));
#7336=DIRECTION('center_axis',(-1.,0.,0.));
#7337=DIRECTION('ref_axis',(0.,0.,1.));
#7338=DIRECTION('',(0.,0.623523516944683,0.781804594394874));
#7339=DIRECTION('',(0.,0.793355144240173,-0.608759078049481));
#7340=DIRECTION('center_axis',(-1.,0.,0.));
#7341=DIRECTION('ref_axis',(0.,0.,1.));
#7342=DIRECTION('',(0.,0.576171829515408,0.817328589291276));
#7343=DIRECTION('',(0.,0.608759434722626,-0.793354870556795));
#7344=DIRECTION('center_axis',(-1.,0.,0.));
#7345=DIRECTION('ref_axis',(0.,0.,1.));
#7346=DIRECTION('',(0.,0.382684618101864,-0.923879041362142));
#7347=DIRECTION('',(0.,0.534728531271385,0.845023903711811));
#7348=DIRECTION('center_axis',(-1.,0.,0.));
#7349=DIRECTION('ref_axis',(0.,0.,1.));
#7350=DIRECTION('',(0.,0.503871025524086,-0.863778900898433));
#7351=DIRECTION('',(0.,0.130527089179853,-0.9914447432864));
#7352=DIRECTION('',(0.,0.485862161727242,-0.87403544539208));
#7353=DIRECTION('center_axis',(-1.,0.,0.));
#7354=DIRECTION('ref_axis',(0.,0.,1.));
#7355=DIRECTION('',(0.,0.130525828486445,0.99144490926018));
#7356=DIRECTION('center_axis',(-1.,0.,0.));
#7357=DIRECTION('ref_axis',(0.,0.,1.));
#7358=DIRECTION('',(0.,0.187418290165307,-0.982280196538397));
#7359=DIRECTION('',(0.,0.485862050906533,0.87403550699551));
#7360=DIRECTION('',(0.,0.,1.));
#7361=DIRECTION('center_axis',(-1.,0.,0.));
#7362=DIRECTION('ref_axis',(0.,0.,1.));
#7363=DIRECTION('',(0.,0.,1.));
#7364=DIRECTION('center_axis',(-1.,0.,0.));
#7365=DIRECTION('ref_axis',(0.,0.,1.));
#7366=DIRECTION('',(0.,0.0126320824798152,-0.999920212063054));
#7367=DIRECTION('',(0.,0.3826828959707,0.923879754692935));
#7368=DIRECTION('center_axis',(-1.,0.,0.));
#7369=DIRECTION('ref_axis',(0.,0.,1.));
#7370=DIRECTION('',(0.,0.,1.));
#7371=DIRECTION('',(0.,0.382681173853705,-0.923880468014099));
#7372=DIRECTION('center_axis',(-1.,0.,0.));
#7373=DIRECTION('ref_axis',(0.,0.,1.));
#7374=DIRECTION('',(0.,0.0212991581732533,-0.999773147199459));
#7375=DIRECTION('',(0.,0.608761787196336,0.793353065444083));
#7376=DIRECTION('center_axis',(-1.,0.,0.));
#7377=DIRECTION('ref_axis',(0.,0.,1.));
#7378=DIRECTION('',(0.,0.,1.));
#7379=DIRECTION('',(0.,0.608764139682876,-0.793351260310443));
#7380=DIRECTION('center_axis',(-1.,0.,0.));
#7381=DIRECTION('ref_axis',(0.,0.,1.));
#7382=DIRECTION('',(0.,0.0291841357511017,-0.999574052394549));
#7383=DIRECTION('',(0.,0.793352791766462,0.608762143859455));
#7384=DIRECTION('center_axis',(-1.,0.,0.));
#7385=DIRECTION('ref_axis',(0.,0.,1.));
#7386=DIRECTION('',(0.,0.,1.));
#7387=DIRECTION('',(0.,0.793350439294856,-0.608765209642157));
#7388=DIRECTION('center_axis',(-1.,0.,0.));
#7389=DIRECTION('ref_axis',(0.,0.,1.));
#7390=DIRECTION('',(0.,0.0352657075716656,-0.999377971474992));
#7391=DIRECTION('',(0.,0.923879398028743,0.38268375703451));
#7392=DIRECTION('center_axis',(-1.,0.,0.));
#7393=DIRECTION('ref_axis',(0.,0.,1.));
#7394=DIRECTION('',(0.,0.,1.));
#7395=DIRECTION('',(0.,0.923881120153762,-0.382679599434605));
#7396=DIRECTION('center_axis',(-1.,0.,0.));
#7397=DIRECTION('ref_axis',(0.,0.,1.));
#7398=DIRECTION('',(0.,0.0385966415102597,-0.999254872024214));
#7399=DIRECTION('',(0.,0.991444867767186,0.130526143657534));
#7400=DIRECTION('center_axis',(-1.,0.,0.));
#7401=DIRECTION('ref_axis',(0.,0.,1.));
#7402=DIRECTION('',(0.,0.,1.));
#7403=DIRECTION('',(0.,0.99144423741234,-0.130530931590426));
#7404=DIRECTION('center_axis',(-1.,0.,0.));
#7405=DIRECTION('ref_axis',(0.,0.,1.));
#7406=DIRECTION('',(0.,0.0385966488236399,-0.999254871741732));
#7407=DIRECTION('',(0.,0.991444867767186,-0.130526143657534));
#7408=DIRECTION('center_axis',(-1.,0.,0.));
#7409=DIRECTION('ref_axis',(0.,0.,1.));
#7410=DIRECTION('',(0.,0.,1.));
#7411=DIRECTION('',(0.,0.99144423741234,0.130530931590426));
#7412=DIRECTION('center_axis',(-1.,0.,0.));
#7413=DIRECTION('ref_axis',(0.,0.,1.));
#7414=DIRECTION('',(0.,0.0352657010188111,-0.999377971706227));
#7415=DIRECTION('',(0.,0.923879398028743,-0.38268375703451));
#7416=DIRECTION('center_axis',(-1.,0.,0.));
#7417=DIRECTION('ref_axis',(0.,0.,1.));
#7418=DIRECTION('',(0.,0.,1.));
#7419=DIRECTION('',(0.,0.923881120153762,0.382679599434605));
#7420=DIRECTION('center_axis',(-1.,0.,0.));
#7421=DIRECTION('ref_axis',(0.,0.,1.));
#7422=DIRECTION('',(0.,0.0291841409781073,-0.999574052241939));
#7423=DIRECTION('',(0.,0.793352791766462,-0.608762143859455));
#7424=DIRECTION('center_axis',(-1.,0.,0.));
#7425=DIRECTION('ref_axis',(0.,0.,1.));
#7426=DIRECTION('',(0.,0.,1.));
#7427=DIRECTION('',(0.,0.793350439294856,0.608765209642157));
#7428=DIRECTION('center_axis',(-1.,0.,0.));
#7429=DIRECTION('ref_axis',(0.,0.,1.));
#7430=DIRECTION('',(0.,0.0212991545442199,-0.999773147276772));
#7431=DIRECTION('',(0.,0.608761787196336,-0.793353065444083));
#7432=DIRECTION('center_axis',(-1.,0.,0.));
#7433=DIRECTION('ref_axis',(0.,0.,1.));
#7434=DIRECTION('',(0.,0.,1.));
#7435=DIRECTION('',(0.,0.608764139682876,0.793351260310443));
#7436=DIRECTION('center_axis',(-1.,0.,0.));
#7437=DIRECTION('ref_axis',(0.,0.,1.));
#7438=DIRECTION('',(0.,0.0126320845107043,-0.999920212037398));
#7439=DIRECTION('',(0.,0.3826828959707,-0.923879754692935));
#7440=DIRECTION('center_axis',(-1.,0.,0.));
#7441=DIRECTION('ref_axis',(0.,0.,1.));
#7442=DIRECTION('',(0.,0.,1.));
#7443=DIRECTION('',(0.,0.382681173853705,0.923880468014099));
#7444=DIRECTION('center_axis',(-1.,0.,0.));
#7445=DIRECTION('ref_axis',(0.,0.,1.));
#7446=DIRECTION('',(0.,0.503871025524086,0.863778900898433));
#7447=DIRECTION('',(0.,0.130525828486445,-0.99144490926018));
#7448=DIRECTION('center_axis',(-1.,0.,0.));
#7449=DIRECTION('ref_axis',(0.,0.,1.));
#7450=DIRECTION('',(0.,0.485862161727242,0.87403544539208));
#7451=DIRECTION('',(0.,0.130527089179853,0.9914447432864));
#7452=DIRECTION('center_axis',(-1.,0.,0.));
#7453=DIRECTION('ref_axis',(0.,0.,1.));
#7454=DIRECTION('',(0.,0.987582924576489,-0.15709859033406));
#7455=DIRECTION('center_axis',(-1.,0.,0.));
#7456=DIRECTION('ref_axis',(0.,0.,1.));
#7457=DIRECTION('',(0.,0.994282059313968,-0.106785703754643));
#7458=DIRECTION('center_axis',(-1.,0.,0.));
#7459=DIRECTION('ref_axis',(0.,0.,1.));
#7460=DIRECTION('',(0.,0.485862050906533,-0.87403550699551));
#7461=DIRECTION('center_axis',(-1.,0.,0.));
#7462=DIRECTION('ref_axis',(0.,0.,1.));
#7463=DIRECTION('',(0.,0.503871025524086,-0.863778900898433));
#7464=DIRECTION('',(0.,0.130526458830132,-0.991444826273891));
#7465=DIRECTION('center_axis',(-1.,0.,0.));
#7466=DIRECTION('ref_axis',(0.,0.,1.));
#7467=DIRECTION('',(0.,0.130525828486445,0.99144490926018));
#7468=DIRECTION('',(0.,0.534728531271385,-0.845023903711811));
#7469=DIRECTION('center_axis',(-1.,0.,0.));
#7470=DIRECTION('ref_axis',(0.,0.,1.));
#7471=DIRECTION('',(0.,0.576171829515408,-0.817328589291276));
#7472=DIRECTION('',(0.,0.382684618101864,0.923879041362142));
#7473=DIRECTION('center_axis',(-1.,0.,0.));
#7474=DIRECTION('ref_axis',(0.,0.,1.));
#7475=DIRECTION('',(0.,0.623523369777668,-0.781804711767012));
#7476=DIRECTION('',(0.,0.608761787196336,0.793353065444083));
#7477=DIRECTION('center_axis',(-1.,0.,0.));
#7478=DIRECTION('ref_axis',(0.,0.,1.));
#7479=DIRECTION('',(0.,0.793352791766462,0.608762143859455));
#7480=DIRECTION('',(0.,0.670631158860734,-0.741790973768965));
#7481=DIRECTION('center_axis',(-1.,0.,0.));
#7482=DIRECTION('ref_axis',(0.,0.,1.));
#7483=DIRECTION('',(0.,0.711772391047954,-0.702410181690071));
#7484=DIRECTION('',(0.,0.923879398028743,0.38268375703451));
#7485=DIRECTION('center_axis',(-1.,0.,0.));
#7486=DIRECTION('ref_axis',(0.,0.,1.));
#7487=DIRECTION('',(0.,0.743294146247166,-0.66896473162245));
#7488=DIRECTION('',(0.,0.991444867767186,0.130526143657534));
#7489=DIRECTION('center_axis',(-1.,0.,0.));
#7490=DIRECTION('ref_axis',(0.,0.,1.));
#7491=DIRECTION('',(0.,0.743294146247166,0.66896473162245));
#7492=DIRECTION('',(0.,1.,0.));
#7493=DIRECTION('center_axis',(-1.,0.,0.));
#7494=DIRECTION('ref_axis',(0.,0.,1.));
#7495=DIRECTION('',(0.,0.991444867767186,-0.130526143657534));
#7496=DIRECTION('',(0.,0.711772391047954,0.702410181690071));
#7497=DIRECTION('center_axis',(-1.,0.,0.));
#7498=DIRECTION('ref_axis',(0.,0.,1.));
#7499=DIRECTION('',(0.,0.670631158860734,0.741790973768965));
#7500=DIRECTION('',(0.,0.923879398028743,-0.38268375703451));
#7501=DIRECTION('center_axis',(-1.,0.,0.));
#7502=DIRECTION('ref_axis',(0.,0.,1.));
#7503=DIRECTION('',(0.,0.623523369777668,0.781804711767012));
#7504=DIRECTION('',(0.,0.793352791766462,-0.608762143859455));
#7505=DIRECTION('center_axis',(-1.,0.,0.));
#7506=DIRECTION('ref_axis',(0.,0.,1.));
#7507=DIRECTION('',(0.,0.608761787196336,-0.793353065444083));
#7508=DIRECTION('',(0.,0.576171829515408,0.817328589291276));
#7509=DIRECTION('center_axis',(-1.,0.,0.));
#7510=DIRECTION('ref_axis',(0.,0.,1.));
#7511=DIRECTION('',(0.,0.534728531271385,0.845023903711811));
#7512=DIRECTION('',(0.,0.382684618101864,-0.923879041362142));
#7513=DIRECTION('center_axis',(-1.,0.,0.));
#7514=DIRECTION('ref_axis',(0.,0.,1.));
#7515=DIRECTION('',(0.,0.503871025524086,0.863778900898433));
#7516=DIRECTION('',(0.,0.130525828486445,-0.99144490926018));
#7517=DIRECTION('center_axis',(-1.,0.,0.));
#7518=DIRECTION('ref_axis',(0.,0.,1.));
#7519=DIRECTION('',(0.,0.130526458830132,0.991444826273891));
#7520=DIRECTION('center_axis',(1.,0.,0.));
#7521=DIRECTION('ref_axis',(0.,0.,-1.));
#7522=DIRECTION('',(0.,0.576171829515408,0.817328589291276));
#7523=DIRECTION('',(0.,0.382684618101864,-0.923879041362142));
#7524=DIRECTION('',(0.,0.534728531271385,0.845023903711811));
#7525=DIRECTION('center_axis',(1.,0.,0.));
#7526=DIRECTION('ref_axis',(0.,0.,-1.));
#7527=DIRECTION('',(0.,0.623523516944683,0.781804594394874));
#7528=DIRECTION('',(0.,0.608759434722626,-0.793354870556795));
#7529=DIRECTION('center_axis',(1.,0.,0.));
#7530=DIRECTION('ref_axis',(0.,0.,-1.));
#7531=DIRECTION('',(0.,0.793355144240173,-0.608759078049481));
#7532=DIRECTION('',(0.,0.670631158860734,0.741790973768965));
#7533=DIRECTION('center_axis',(1.,0.,0.));
#7534=DIRECTION('ref_axis',(0.,0.,-1.));
#7535=DIRECTION('',(0.,0.711772538223418,0.70241003255292));
#7536=DIRECTION('',(0.,0.923877675891434,-0.382687914611166));
#7537=DIRECTION('center_axis',(1.,0.,0.));
#7538=DIRECTION('ref_axis',(0.,0.,-1.));
#7539=DIRECTION('',(0.,0.743294146247166,0.66896473162245));
#7540=DIRECTION('',(0.,0.991445498099712,-0.13052135571551));
#7541=DIRECTION('center_axis',(1.,0.,0.));
#7542=DIRECTION('ref_axis',(0.,0.,-1.));
#7543=DIRECTION('',(0.,0.743294146247166,-0.66896473162245));
#7544=DIRECTION('',(0.,1.,0.));
#7545=DIRECTION('center_axis',(1.,0.,0.));
#7546=DIRECTION('ref_axis',(0.,0.,-1.));
#7547=DIRECTION('',(0.,0.711772538223418,-0.70241003255292));
#7548=DIRECTION('',(0.,0.991445498099712,0.13052135571551));
#7549=DIRECTION('center_axis',(1.,0.,0.));
#7550=DIRECTION('ref_axis',(0.,0.,-1.));
#7551=DIRECTION('',(0.,0.923877675891434,0.382687914611166));
#7552=DIRECTION('',(0.,0.670631158860734,-0.741790973768965));
#7553=DIRECTION('center_axis',(1.,0.,0.));
#7554=DIRECTION('ref_axis',(0.,0.,-1.));
#7555=DIRECTION('',(0.,0.623523516944683,-0.781804594394874));
#7556=DIRECTION('',(0.,0.793355144240173,0.608759078049481));
#7557=DIRECTION('center_axis',(1.,0.,0.));
#7558=DIRECTION('ref_axis',(0.,0.,-1.));
#7559=DIRECTION('',(0.,0.576171829515408,-0.817328589291276));
#7560=DIRECTION('',(0.,0.608759434722626,0.793354870556795));
#7561=DIRECTION('center_axis',(1.,0.,0.));
#7562=DIRECTION('ref_axis',(0.,0.,-1.));
#7563=DIRECTION('',(0.,0.382684618101864,0.923879041362142));
#7564=DIRECTION('',(0.,0.534728531271385,-0.845023903711811));
#7565=DIRECTION('center_axis',(1.,0.,0.));
#7566=DIRECTION('ref_axis',(0.,0.,-1.));
#7567=DIRECTION('',(0.,0.503871025524086,-0.863778900898433));
#7568=DIRECTION('',(0.,0.130525828486445,0.99144490926018));
#7569=DIRECTION('center_axis',(1.,0.,0.));
#7570=DIRECTION('ref_axis',(0.,0.,-1.));
#7571=DIRECTION('',(0.,0.485862161727242,-0.87403544539208));
#7572=DIRECTION('',(0.,0.130527089179853,-0.9914447432864));
#7573=DIRECTION('center_axis',(1.,0.,0.));
#7574=DIRECTION('ref_axis',(0.,0.,-1.));
#7575=DIRECTION('',(0.,0.187418271633187,0.982280200074311));
#7576=DIRECTION('',(0.,0.,1.));
#7577=DIRECTION('center_axis',(1.,0.,0.));
#7578=DIRECTION('ref_axis',(0.,0.,-1.));
#7579=DIRECTION('',(0.,0.503871025524086,0.863778900898433));
#7580=DIRECTION('',(0.,0.130527089179853,0.9914447432864));
#7581=DIRECTION('',(0.,0.485862161727242,0.87403544539208));
#7582=DIRECTION('center_axis',(1.,0.,0.));
#7583=DIRECTION('ref_axis',(0.,0.,-1.));
#7584=DIRECTION('',(0.,0.130525828486445,-0.99144490926018));
#7585=DIRECTION('center_axis',(1.,0.,0.));
#7586=DIRECTION('ref_axis',(0.,0.,-1.));
#7587=DIRECTION('',(0.,0.,1.));
#7588=DIRECTION('',(0.,0.981920264478097,0.189294992557287));
#7589=DIRECTION('',(0.,0.994908961317447,0.10077776882943));
#7590=DIRECTION('center_axis',(1.,0.,0.));
#7591=DIRECTION('ref_axis',(0.,0.,-1.));
#7592=DIRECTION('',(0.,0.0212991581732533,0.999773147199459));
#7593=DIRECTION('',(0.,0.608761787196336,-0.793353065444083));
#7594=DIRECTION('center_axis',(1.,0.,0.));
#7595=DIRECTION('ref_axis',(0.,0.,-1.));
#7596=DIRECTION('',(0.,0.,1.));
#7597=DIRECTION('',(0.,0.608764139682876,0.793351260310443));
#7598=DIRECTION('center_axis',(1.,0.,0.));
#7599=DIRECTION('ref_axis',(0.,0.,-1.));
#7600=DIRECTION('',(0.,0.0291841357511017,0.999574052394549));
#7601=DIRECTION('',(0.,0.793352791766462,-0.608762143859455));
#7602=DIRECTION('center_axis',(1.,0.,0.));
#7603=DIRECTION('ref_axis',(0.,0.,-1.));
#7604=DIRECTION('',(0.,0.,1.));
#7605=DIRECTION('',(0.,0.793350439294856,0.608765209642157));
#7606=DIRECTION('center_axis',(1.,0.,0.));
#7607=DIRECTION('ref_axis',(0.,0.,-1.));
#7608=DIRECTION('',(0.,0.0352657075716656,0.999377971474992));
#7609=DIRECTION('',(0.,0.923879398028743,-0.38268375703451));
#7610=DIRECTION('center_axis',(1.,0.,0.));
#7611=DIRECTION('ref_axis',(0.,0.,-1.));
#7612=DIRECTION('',(0.,0.,1.));
#7613=DIRECTION('',(0.,0.923881120153762,0.382679599434605));
#7614=DIRECTION('center_axis',(1.,0.,0.));
#7615=DIRECTION('ref_axis',(0.,0.,-1.));
#7616=DIRECTION('',(0.,0.0385966415102597,0.999254872024214));
#7617=DIRECTION('',(0.,0.991444867767186,-0.130526143657534));
#7618=DIRECTION('center_axis',(1.,0.,0.));
#7619=DIRECTION('ref_axis',(0.,0.,-1.));
#7620=DIRECTION('',(0.,0.,1.));
#7621=DIRECTION('',(0.,0.99144423741234,0.130530931590426));
#7622=DIRECTION('center_axis',(1.,0.,0.));
#7623=DIRECTION('ref_axis',(0.,0.,-1.));
#7624=DIRECTION('',(0.,0.0385966488236399,0.999254871741732));
#7625=DIRECTION('',(0.,0.991444867767186,0.130526143657534));
#7626=DIRECTION('center_axis',(1.,0.,0.));
#7627=DIRECTION('ref_axis',(0.,0.,-1.));
#7628=DIRECTION('',(0.,0.,1.));
#7629=DIRECTION('',(0.,0.99144423741234,-0.130530931590426));
#7630=DIRECTION('center_axis',(1.,0.,0.));
#7631=DIRECTION('ref_axis',(0.,0.,-1.));
#7632=DIRECTION('',(0.,0.0352657010188111,0.999377971706227));
#7633=DIRECTION('',(0.,0.923879398028743,0.38268375703451));
#7634=DIRECTION('center_axis',(1.,0.,0.));
#7635=DIRECTION('ref_axis',(0.,0.,-1.));
#7636=DIRECTION('',(0.,0.,1.));
#7637=DIRECTION('',(0.,0.923881120153762,-0.382679599434605));
#7638=DIRECTION('center_axis',(1.,0.,0.));
#7639=DIRECTION('ref_axis',(0.,0.,-1.));
#7640=DIRECTION('',(0.,0.0291841409781073,0.999574052241939));
#7641=DIRECTION('',(0.,0.793352791766462,0.608762143859455));
#7642=DIRECTION('center_axis',(1.,0.,0.));
#7643=DIRECTION('ref_axis',(0.,0.,-1.));
#7644=DIRECTION('',(0.,0.,1.));
#7645=DIRECTION('',(0.,0.793350439294856,-0.608765209642157));
#7646=DIRECTION('center_axis',(1.,0.,0.));
#7647=DIRECTION('ref_axis',(0.,0.,-1.));
#7648=DIRECTION('',(0.,0.0212991545442199,0.999773147276772));
#7649=DIRECTION('',(0.,0.608761787196336,0.793353065444083));
#7650=DIRECTION('center_axis',(1.,0.,0.));
#7651=DIRECTION('ref_axis',(0.,0.,-1.));
#7652=DIRECTION('',(0.,0.,1.));
#7653=DIRECTION('',(0.,0.608764139682876,-0.793351260310443));
#7654=DIRECTION('center_axis',(1.,0.,0.));
#7655=DIRECTION('ref_axis',(0.,0.,-1.));
#7656=DIRECTION('',(0.,0.0126320824798152,-0.999920212063054));
#7657=DIRECTION('',(0.,0.382681173853705,-0.923880468014099));
#7658=DIRECTION('center_axis',(1.,0.,0.));
#7659=DIRECTION('ref_axis',(0.,0.,-1.));
#7660=DIRECTION('',(0.,0.,1.));
#7661=DIRECTION('',(0.,0.3826828959707,0.923879754692935));
#7662=DIRECTION('center_axis',(1.,0.,0.));
#7663=DIRECTION('ref_axis',(0.,0.,-1.));
#7664=DIRECTION('',(0.,0.485862050906533,0.87403550699551));
#7665=DIRECTION('center_axis',(1.,0.,0.));
#7666=DIRECTION('ref_axis',(0.,0.,-1.));
#7667=DIRECTION('',(0.,0.503871025524086,0.863778900898433));
#7668=DIRECTION('',(0.,0.130526458830132,0.991444826273891));
#7669=DIRECTION('center_axis',(1.,0.,0.));
#7670=DIRECTION('ref_axis',(0.,0.,-1.));
#7671=DIRECTION('',(0.,0.130525828486445,-0.99144490926018));
#7672=DIRECTION('',(0.,0.534728531271385,0.845023903711811));
#7673=DIRECTION('center_axis',(1.,0.,0.));
#7674=DIRECTION('ref_axis',(0.,0.,-1.));
#7675=DIRECTION('',(0.,0.576171829515408,0.817328589291276));
#7676=DIRECTION('',(0.,0.382684618101864,-0.923879041362142));
#7677=DIRECTION('center_axis',(1.,0.,0.));
#7678=DIRECTION('ref_axis',(0.,0.,-1.));
#7679=DIRECTION('',(0.,0.623523369777668,0.781804711767012));
#7680=DIRECTION('',(0.,0.608761787196336,-0.793353065444083));
#7681=DIRECTION('center_axis',(1.,0.,0.));
#7682=DIRECTION('ref_axis',(0.,0.,-1.));
#7683=DIRECTION('',(0.,0.793352791766462,-0.608762143859455));
#7684=DIRECTION('',(0.,0.670631158860734,0.741790973768965));
#7685=DIRECTION('center_axis',(1.,0.,0.));
#7686=DIRECTION('ref_axis',(0.,0.,-1.));
#7687=DIRECTION('',(0.,0.711772391047954,0.702410181690071));
#7688=DIRECTION('',(0.,0.923879398028743,-0.38268375703451));
#7689=DIRECTION('center_axis',(1.,0.,0.));
#7690=DIRECTION('ref_axis',(0.,0.,-1.));
#7691=DIRECTION('',(0.,0.743294146247166,0.66896473162245));
#7692=DIRECTION('',(0.,0.991444867767186,-0.130526143657534));
#7693=DIRECTION('center_axis',(1.,0.,0.));
#7694=DIRECTION('ref_axis',(0.,0.,-1.));
#7695=DIRECTION('',(0.,0.743294146247166,-0.66896473162245));
#7696=DIRECTION('',(0.,1.,0.));
#7697=DIRECTION('center_axis',(1.,0.,0.));
#7698=DIRECTION('ref_axis',(0.,0.,-1.));
#7699=DIRECTION('',(0.,0.711772391047954,-0.702410181690071));
#7700=DIRECTION('',(0.,0.991444867767186,0.130526143657534));
#7701=DIRECTION('center_axis',(1.,0.,0.));
#7702=DIRECTION('ref_axis',(0.,0.,-1.));
#7703=DIRECTION('',(0.,0.670631158860734,-0.741790973768965));
#7704=DIRECTION('',(0.,0.923879398028743,0.38268375703451));
#7705=DIRECTION('center_axis',(1.,0.,0.));
#7706=DIRECTION('ref_axis',(0.,0.,-1.));
#7707=DIRECTION('',(0.,0.793352791766462,0.608762143859455));
#7708=DIRECTION('',(0.,0.623523369777668,-0.781804711767012));
#7709=DIRECTION('center_axis',(1.,0.,0.));
#7710=DIRECTION('ref_axis',(0.,0.,-1.));
#7711=DIRECTION('',(0.,0.576171829515408,-0.817328589291276));
#7712=DIRECTION('',(0.,0.608761787196336,0.793353065444083));
#7713=DIRECTION('center_axis',(1.,0.,0.));
#7714=DIRECTION('ref_axis',(0.,0.,-1.));
#7715=DIRECTION('',(0.,0.534728531271385,-0.845023903711811));
#7716=DIRECTION('',(0.,0.382684618101864,0.923879041362142));
#7717=DIRECTION('center_axis',(1.,0.,0.));
#7718=DIRECTION('ref_axis',(0.,0.,-1.));
#7719=DIRECTION('',(0.,0.130525828486445,0.99144490926018));
#7720=DIRECTION('',(0.,0.503871025524086,-0.863778900898433));
#7721=DIRECTION('center_axis',(1.,0.,0.));
#7722=DIRECTION('ref_axis',(0.,0.,-1.));
#7723=DIRECTION('',(0.,0.485862050906533,-0.87403550699551));
#7724=DIRECTION('',(0.,0.130526458830132,-0.991444826273891));
#7725=DIRECTION('center_axis',(1.,0.,0.));
#7726=DIRECTION('ref_axis',(0.,0.,-1.));
#7727=DIRECTION('',(0.,0.997279617253797,-0.0737113628290814));
#7728=DIRECTION('',(0.,0.992555896452275,-0.121789952039654));
#7729=DIRECTION('center_axis',(1.,0.,0.));
#7730=DIRECTION('ref_axis',(0.,0.,-1.));
#7731=DIRECTION('',(0.,0.996657521232313,0.0816932394452715));
#7732=DIRECTION('',(0.,0.,1.));
#7733=DIRECTION('center_axis',(1.,0.,0.));
#7734=DIRECTION('ref_axis',(0.,0.,-1.));
#7735=DIRECTION('',(0.,0.999161228484711,0.0409492306756029));
#7736=DIRECTION('',(0.,0.,1.));
#7737=DIRECTION('center_axis',(1.,0.,0.));
#7738=DIRECTION('ref_axis',(0.,0.,-1.));
#7739=DIRECTION('',(0.,0.998909986377892,-0.0466780367466305));
#7740=DIRECTION('center_axis',(1.,0.,0.));
#7741=DIRECTION('ref_axis',(0.,0.,-1.));
#7742=DIRECTION('',(0.,1.,0.));
#7743=DIRECTION('',(0.,0.992988274194944,-0.118212889785112));
#7744=DIRECTION('center_axis',(1.,0.,0.));
#7745=DIRECTION('ref_axis',(0.,0.,-1.));
#7746=DIRECTION('',(0.,0.992224647304149,-0.124459829994085));
#7747=DIRECTION('',(0.,0.3826828959707,-0.923879754692935));
#7748=DIRECTION('center_axis',(1.,0.,0.));
#7749=DIRECTION('ref_axis',(0.,0.,-1.));
#7750=DIRECTION('',(0.,0.,1.));
#7751=DIRECTION('center_axis',(1.,0.,0.));
#7752=DIRECTION('ref_axis',(0.,0.,-1.));
#7753=DIRECTION('',(0.,0.851658316704544,-0.524097425664335));
#7754=DIRECTION('',(0.,1.,0.));
#7755=DIRECTION('center_axis',(1.,0.,0.));
#7756=DIRECTION('ref_axis',(0.,0.,-1.));
#7757=DIRECTION('',(0.,1.,0.));
#7758=DIRECTION('',(0.,0.,1.));
#7759=DIRECTION('center_axis',(1.,0.,0.));
#7760=DIRECTION('ref_axis',(0.,0.,-1.));
#7761=DIRECTION('',(0.,0.972806214685367,-0.23162052730604));
#7762=DIRECTION('',(0.,0.,1.));
#7763=DIRECTION('center_axis',(1.,0.,0.));
#7764=DIRECTION('ref_axis',(0.,0.,-1.));
#7765=DIRECTION('',(0.,0.643192086423273,-0.765704864789611));
#7766=DIRECTION('center_axis',(1.,0.,0.));
#7767=DIRECTION('ref_axis',(0.,0.,-1.));
#7768=DIRECTION('',(0.,0.804574079585767,0.593852296837114));
#7769=DIRECTION('center_axis',(1.,0.,0.));
#7770=DIRECTION('ref_axis',(0.,0.,-1.));
#7771=DIRECTION('',(0.,0.850265146687862,0.526354614616295));
#7772=DIRECTION('',(0.,0.,1.));
#7773=DIRECTION('center_axis',(1.,0.,0.));
#7774=DIRECTION('ref_axis',(0.,0.,-1.));
#7775=DIRECTION('',(0.,1.,0.));
#7776=DIRECTION('center_axis',(1.,0.,0.));
#7777=DIRECTION('ref_axis',(0.,0.,-1.));
#7778=DIRECTION('',(0.,0.995180700978787,0.0980580052793718));
#7779=DIRECTION('',(0.,0.382681173853705,0.923880468014099));
#7780=DIRECTION('center_axis',(1.,0.,0.));
#7781=DIRECTION('ref_axis',(0.,0.,-1.));
#7782=DIRECTION('',(0.,0.9987997817952,0.0489795455865065));
#7783=DIRECTION('center_axis',(1.,0.,0.));
#7784=DIRECTION('ref_axis',(0.,0.,-1.));
#7785=DIRECTION('',(0.,0.,1.));
#7786=DIRECTION('center_axis',(0.,-1.,0.));
#7787=DIRECTION('ref_axis',(0.,0.,-1.));
#7788=DIRECTION('',(0.205830842643654,0.,0.97858758637978));
#7789=DIRECTION('center_axis',(0.,-1.,0.));
#7790=DIRECTION('ref_axis',(0.,0.,-1.));
#7791=DIRECTION('',(1.,0.,0.));
#7792=DIRECTION('center_axis',(0.,-1.,0.));
#7793=DIRECTION('ref_axis',(0.,0.,-1.));
#7794=DIRECTION('',(0.15799051285952,0.,0.98744063003625));
#7795=DIRECTION('',(1.,0.,0.));
#7796=DIRECTION('center_axis',(0.,-1.,0.));
#7797=DIRECTION('ref_axis',(0.,0.,-1.));
#7798=DIRECTION('',(1.,0.,0.));
#7799=DIRECTION('center_axis',(0.,0.,-1.));
#7800=DIRECTION('ref_axis',(-1.,0.,0.));
#7801=DIRECTION('',(0.371390676354104,0.928476690885259,0.));
#7802=DIRECTION('center_axis',(0.,0.,-1.));
#7803=DIRECTION('ref_axis',(-1.,0.,0.));
#7804=DIRECTION('center_axis',(0.,0.,1.));
#7805=DIRECTION('ref_axis',(1.,0.,0.));
#7806=DIRECTION('',(0.371390676354104,-0.928476690885259,0.));
#7807=DIRECTION('center_axis',(0.,0.,1.));
#7808=DIRECTION('ref_axis',(1.,0.,0.));
#7809=DIRECTION('center_axis',(0.,-0.923879041362142,-0.382684618101864));
#7810=DIRECTION('ref_axis',(0.,0.382684618101864,-0.923879041362142));
#7811=DIRECTION('',(0.9952425028023,0.0372844825900377,-0.0900123767812337));
#7812=DIRECTION('',(1.,0.,0.));
#7813=DIRECTION('center_axis',(0.,-0.923879041362142,-0.382684618101864));
#7814=DIRECTION('ref_axis',(0.,0.382684618101864,-0.923879041362142));
#7815=DIRECTION('',(1.,0.,0.));
#7816=DIRECTION('center_axis',(0.,-0.793354870556795,-0.608759434722626));
#7817=DIRECTION('ref_axis',(-1.,0.,0.));
#7818=DIRECTION('',(0.995242470298158,0.0593108706827919,-0.0772958338700689));
#7819=DIRECTION('center_axis',(0.,-0.793354870556795,-0.608759434722626));
#7820=DIRECTION('ref_axis',(-1.,0.,0.));
#7821=DIRECTION('',(1.,0.,0.));
#7822=DIRECTION('center_axis',(0.,-0.608759078049481,-0.793355144240173));
#7823=DIRECTION('ref_axis',(-1.,0.,0.));
#7824=DIRECTION('',(0.995242502558516,0.0772955990912769,-0.059310635321025));
#7825=DIRECTION('center_axis',(0.,-0.608759078049481,-0.793355144240173));
#7826=DIRECTION('ref_axis',(-1.,0.,0.));
#7827=DIRECTION('',(1.,0.,0.));
#7828=DIRECTION('center_axis',(0.,-0.382687914611166,-0.923877675891434));
#7829=DIRECTION('ref_axis',(-1.,0.,0.));
#7830=DIRECTION('',(0.995242463935386,0.0900126105503008,-0.0372849557025659));
#7831=DIRECTION('center_axis',(0.,-0.382687914611166,-0.923877675891434));
#7832=DIRECTION('ref_axis',(-1.,0.,0.));
#7833=DIRECTION('',(1.,0.,0.));
#7834=DIRECTION('center_axis',(0.,-0.13052135571551,-0.991445498099712));
#7835=DIRECTION('ref_axis',(-1.,0.,0.));
#7836=DIRECTION('',(0.995242496616013,0.096595354609471,-0.0127165403076757));
#7837=DIRECTION('center_axis',(0.,-0.13052135571551,-0.991445498099712));
#7838=DIRECTION('ref_axis',(-1.,0.,0.));
#7839=DIRECTION('',(1.,0.,0.));
#7840=DIRECTION('center_axis',(0.,0.13052135571551,-0.991445498099712));
#7841=DIRECTION('ref_axis',(-1.,0.,0.));
#7842=DIRECTION('',(0.995242496616013,0.096595354609471,0.0127165403076757));
#7843=DIRECTION('center_axis',(0.,0.13052135571551,-0.991445498099712));
#7844=DIRECTION('ref_axis',(-1.,0.,0.));
#7845=DIRECTION('',(1.,0.,0.));
#7846=DIRECTION('center_axis',(0.,0.382687914611166,-0.923877675891434));
#7847=DIRECTION('ref_axis',(-1.,0.,0.));
#7848=DIRECTION('',(0.995242463935386,0.0900126105503008,0.0372849557025659));
#7849=DIRECTION('center_axis',(0.,0.382687914611166,-0.923877675891434));
#7850=DIRECTION('ref_axis',(-1.,0.,0.));
#7851=DIRECTION('',(1.,0.,0.));
#7852=DIRECTION('center_axis',(0.,0.608759078049481,-0.793355144240173));
#7853=DIRECTION('ref_axis',(-1.,0.,0.));
#7854=DIRECTION('',(0.995242502558516,0.0772955990912769,0.059310635321025));
#7855=DIRECTION('center_axis',(0.,0.608759078049481,-0.793355144240173));
#7856=DIRECTION('ref_axis',(-1.,0.,0.));
#7857=DIRECTION('',(1.,0.,0.));
#7858=DIRECTION('center_axis',(0.,0.793354870556795,-0.608759434722626));
#7859=DIRECTION('ref_axis',(-1.,0.,0.));
#7860=DIRECTION('',(0.995242470298158,0.0593108706827919,0.0772958338700689));
#7861=DIRECTION('center_axis',(0.,0.793354870556795,-0.608759434722626));
#7862=DIRECTION('ref_axis',(-1.,0.,0.));
#7863=DIRECTION('',(1.,0.,0.));
#7864=DIRECTION('center_axis',(0.,0.923879041362142,-0.382684618101864));
#7865=DIRECTION('ref_axis',(0.,0.382684618101864,0.923879041362142));
#7866=DIRECTION('',(0.9952425028023,0.0372844825900377,0.0900123767812337));
#7867=DIRECTION('center_axis',(0.,0.923879041362142,-0.382684618101864));
#7868=DIRECTION('ref_axis',(0.,0.382684618101864,0.923879041362142));
#7869=DIRECTION('',(1.,0.,0.));
#7870=DIRECTION('center_axis',(0.,0.99144490926018,-0.130525828486445));
#7871=DIRECTION('ref_axis',(0.,0.130525828486445,0.99144490926018));
#7872=DIRECTION('',(0.995242467798197,0.0127170145080511,0.0965955890967923));
#7873=DIRECTION('center_axis',(0.,0.99144490926018,-0.130525828486445));
#7874=DIRECTION('ref_axis',(0.,0.130525828486445,0.99144490926018));
#7875=DIRECTION('',(1.,0.,0.));
#7876=DIRECTION('center_axis',(0.,0.9914447432864,0.130527089179853));
#7877=DIRECTION('ref_axis',(0.,-0.130527089179853,0.9914447432864));
#7878=DIRECTION('',(0.995242559044044,-0.0127170156739727,0.0965946488156046));
#7879=DIRECTION('center_axis',(0.,0.9914447432864,0.130527089179853));
#7880=DIRECTION('ref_axis',(0.,-0.130527089179853,0.9914447432864));
#7881=DIRECTION('',(1.,0.,0.));
#7882=DIRECTION('center_axis',(0.,0.923880468014099,0.382681173853705));
#7883=DIRECTION('ref_axis',(0.,-0.382681173853705,0.923880468014099));
#7884=DIRECTION('',(0.995242417774219,-0.0372844794046552,0.0900133182282005));
#7885=DIRECTION('center_axis',(0.,0.923880468014099,0.382681173853705));
#7886=DIRECTION('ref_axis',(0.,-0.382681173853705,0.923880468014099));
#7887=DIRECTION('',(1.,0.,0.));
#7888=DIRECTION('center_axis',(0.,0.793351260310443,0.608764139682876));
#7889=DIRECTION('ref_axis',(1.,0.,0.));
#7890=DIRECTION('',(0.995242543313035,-0.0593108750340691,0.0772948904035412));
#7891=DIRECTION('center_axis',(0.,0.793351260310443,0.608764139682876));
#7892=DIRECTION('ref_axis',(1.,0.,0.));
#7893=DIRECTION('',(1.,0.,0.));
#7894=DIRECTION('center_axis',(0.,0.608765209642157,0.793350439294856));
#7895=DIRECTION('ref_axis',(1.,0.,0.));
#7896=DIRECTION('',(0.995242446531959,-0.0772955947399693,0.0593115811193296));
#7897=DIRECTION('center_axis',(0.,0.608765209642157,0.793350439294856));
#7898=DIRECTION('ref_axis',(1.,0.,0.));
#7899=DIRECTION('',(1.,0.,0.));
#7900=DIRECTION('center_axis',(0.,0.382679599434605,0.923881120153762));
#7901=DIRECTION('ref_axis',(1.,0.,0.));
#7902=DIRECTION('',(0.995242499155115,-0.0900126137356751,0.0372840078847992));
#7903=DIRECTION('center_axis',(0.,0.382679599434605,0.923881120153762));
#7904=DIRECTION('ref_axis',(1.,0.,0.));
#7905=DIRECTION('',(1.,0.,0.));
#7906=DIRECTION('center_axis',(0.,0.130530931590426,0.99144423741234));
#7907=DIRECTION('ref_axis',(1.,0.,0.));
#7908=DIRECTION('',(0.995242484603245,-0.0965953534435466,0.0127174892913808));
#7909=DIRECTION('center_axis',(0.,0.130530931590426,0.99144423741234));
#7910=DIRECTION('ref_axis',(1.,0.,0.));
#7911=DIRECTION('',(1.,0.,0.));
#7912=DIRECTION('center_axis',(0.,-0.130530931590426,0.99144423741234));
#7913=DIRECTION('ref_axis',(1.,0.,0.));
#7914=DIRECTION('',(0.995242484603245,-0.0965953534435466,-0.0127174892913808));
#7915=DIRECTION('center_axis',(0.,-0.130530931590426,0.99144423741234));
#7916=DIRECTION('ref_axis',(1.,0.,0.));
#7917=DIRECTION('',(1.,0.,0.));
#7918=DIRECTION('center_axis',(0.,-0.382679599434605,0.923881120153762));
#7919=DIRECTION('ref_axis',(1.,0.,0.));
#7920=DIRECTION('',(0.995242499155115,-0.0900126137356751,-0.0372840078847992));
#7921=DIRECTION('center_axis',(0.,-0.382679599434605,0.923881120153762));
#7922=DIRECTION('ref_axis',(1.,0.,0.));
#7923=DIRECTION('',(1.,0.,0.));
#7924=DIRECTION('center_axis',(0.,-0.608765209642157,0.793350439294856));
#7925=DIRECTION('ref_axis',(1.,0.,0.));
#7926=DIRECTION('',(0.995242446531959,-0.0772955947399693,-0.0593115811193296));
#7927=DIRECTION('center_axis',(0.,-0.608765209642157,0.793350439294856));
#7928=DIRECTION('ref_axis',(1.,0.,0.));
#7929=DIRECTION('',(1.,0.,0.));
#7930=DIRECTION('center_axis',(0.,-0.793351260310443,0.608764139682876));
#7931=DIRECTION('ref_axis',(1.,0.,0.));
#7932=DIRECTION('',(0.995242543313035,-0.0593108750340691,-0.0772948904035412));
#7933=DIRECTION('center_axis',(0.,-0.793351260310443,0.608764139682876));
#7934=DIRECTION('ref_axis',(1.,0.,0.));
#7935=DIRECTION('',(1.,0.,0.));
#7936=DIRECTION('center_axis',(0.,-0.923880468014099,0.382681173853705));
#7937=DIRECTION('ref_axis',(0.,-0.382681173853705,-0.923880468014099));
#7938=DIRECTION('',(0.995242417774219,-0.0372844794046552,-0.0900133182282005));
#7939=DIRECTION('center_axis',(0.,-0.923880468014099,0.382681173853705));
#7940=DIRECTION('ref_axis',(0.,-0.382681173853705,-0.923880468014099));
#7941=DIRECTION('',(1.,0.,0.));
#7942=DIRECTION('center_axis',(0.,-0.9914447432864,0.130527089179853));
#7943=DIRECTION('ref_axis',(0.,-0.130527089179853,-0.9914447432864));
#7944=DIRECTION('',(0.995242559044044,-0.0127170156739727,-0.0965946488156046));
#7945=DIRECTION('center_axis',(0.,-0.9914447432864,0.130527089179853));
#7946=DIRECTION('ref_axis',(0.,-0.130527089179853,-0.9914447432864));
#7947=DIRECTION('',(1.,0.,0.));
#7948=DIRECTION('center_axis',(0.,-0.99144490926018,-0.130525828486445));
#7949=DIRECTION('ref_axis',(0.,0.130525828486445,-0.99144490926018));
#7950=DIRECTION('',(0.995242467798197,0.0127170145080511,-0.0965955890967923));
#7951=DIRECTION('center_axis',(0.,-0.99144490926018,-0.130525828486445));
#7952=DIRECTION('ref_axis',(0.,0.130525828486445,-0.99144490926018));
#7953=DIRECTION('center_axis',(0.,-0.923879754692936,-0.382682895970699));
#7954=DIRECTION('ref_axis',(0.,0.382682895970699,-0.923879754692936));
#7955=DIRECTION('',(0.995242460288369,0.0372844809973506,-0.0900128475047473));
#7956=DIRECTION('',(1.,0.,0.));
#7957=DIRECTION('center_axis',(0.,-0.923879754692936,-0.382682895970699));
#7958=DIRECTION('ref_axis',(0.,0.382682895970699,-0.923879754692936));
#7959=DIRECTION('',(1.,0.,0.));
#7960=DIRECTION('center_axis',(0.,-0.793353065444083,-0.608761787196336));
#7961=DIRECTION('ref_axis',(-1.,0.,0.));
#7962=DIRECTION('',(0.995242506805706,0.0593108728584371,-0.077295362136831));
#7963=DIRECTION('center_axis',(0.,-0.793353065444083,-0.608761787196336));
#7964=DIRECTION('ref_axis',(-1.,0.,0.));
#7965=DIRECTION('',(1.,0.,0.));
#7966=DIRECTION('center_axis',(0.,-0.608762143859455,-0.793352791766462));
#7967=DIRECTION('ref_axis',(-1.,0.,0.));
#7968=DIRECTION('',(0.995242474545348,0.0772955969156317,-0.0593111082201972));
#7969=DIRECTION('center_axis',(0.,-0.608762143859455,-0.793352791766462));
#7970=DIRECTION('ref_axis',(-1.,0.,0.));
#7971=DIRECTION('',(1.,0.,0.));
#7972=DIRECTION('center_axis',(0.,-0.38268375703451,-0.923879398028743));
#7973=DIRECTION('ref_axis',(-1.,0.,0.));
#7974=DIRECTION('',(0.995242481545362,0.090012612142998,-0.0372844817936951));
#7975=DIRECTION('center_axis',(0.,-0.38268375703451,-0.923879398028743));
#7976=DIRECTION('ref_axis',(-1.,0.,0.));
#7977=DIRECTION('',(1.,0.,0.));
#7978=DIRECTION('center_axis',(0.,-0.130526143657534,-0.991444867767186));
#7979=DIRECTION('ref_axis',(-1.,0.,0.));
#7980=DIRECTION('',(0.995242490609741,0.0965953540265197,-0.0127170147995325));
#7981=DIRECTION('center_axis',(0.,-0.130526143657534,-0.991444867767186));
#7982=DIRECTION('ref_axis',(-1.,0.,0.));
#7983=DIRECTION('',(1.,0.,0.));
#7984=DIRECTION('center_axis',(0.,0.130526143657534,-0.991444867767186));
#7985=DIRECTION('ref_axis',(-1.,0.,0.));
#7986=DIRECTION('',(0.995242490609741,0.0965953540265197,0.0127170147995325));
#7987=DIRECTION('center_axis',(0.,0.130526143657534,-0.991444867767186));
#7988=DIRECTION('ref_axis',(-1.,0.,0.));
#7989=DIRECTION('',(1.,0.,0.));
#7990=DIRECTION('center_axis',(0.,0.38268375703451,-0.923879398028743));
#7991=DIRECTION('ref_axis',(-1.,0.,0.));
#7992=DIRECTION('',(0.995242481545362,0.090012612142998,0.0372844817936951));
#7993=DIRECTION('center_axis',(0.,0.38268375703451,-0.923879398028743));
#7994=DIRECTION('ref_axis',(-1.,0.,0.));
#7995=DIRECTION('',(1.,0.,0.));
#7996=DIRECTION('center_axis',(0.,0.608762143859455,-0.793352791766462));
#7997=DIRECTION('ref_axis',(-1.,0.,0.));
#7998=DIRECTION('',(0.995242474545348,0.0772955969156317,0.0593111082201972));
#7999=DIRECTION('center_axis',(0.,0.608762143859455,-0.793352791766462));
#8000=DIRECTION('ref_axis',(-1.,0.,0.));
#8001=DIRECTION('',(1.,0.,0.));
#8002=DIRECTION('center_axis',(0.,0.793353065444083,-0.608761787196336));
#8003=DIRECTION('ref_axis',(-1.,0.,0.));
#8004=DIRECTION('',(0.995242506805706,0.0593108728584371,0.077295362136831));
#8005=DIRECTION('center_axis',(0.,0.793353065444083,-0.608761787196336));
#8006=DIRECTION('ref_axis',(-1.,0.,0.));
#8007=DIRECTION('',(1.,0.,0.));
#8008=DIRECTION('center_axis',(0.,0.923879754692936,-0.382682895970699));
#8009=DIRECTION('ref_axis',(0.,0.382682895970699,0.923879754692936));
#8010=DIRECTION('',(0.995242460288369,0.0372844809973506,0.0900128475047473));
#8011=DIRECTION('center_axis',(0.,0.923879754692936,-0.382682895970699));
#8012=DIRECTION('ref_axis',(0.,0.382682895970699,0.923879754692936));
#8013=DIRECTION('',(1.,0.,0.));
#8014=DIRECTION('center_axis',(0.,0.991444826273891,-0.130526458830132));
#8015=DIRECTION('ref_axis',(0.,0.130526458830132,0.991444826273891));
#8016=DIRECTION('',(0.99524251342123,0.0127170150910133,0.0965951189562308));
#8017=DIRECTION('center_axis',(0.,0.991444826273891,-0.130526458830132));
#8018=DIRECTION('ref_axis',(0.,0.130526458830132,0.991444826273891));
#8019=DIRECTION('',(1.,0.,0.));
#8020=DIRECTION('center_axis',(0.,0.99144490926018,0.130525828486445));
#8021=DIRECTION('ref_axis',(0.,-0.130525828486445,0.99144490926018));
#8022=DIRECTION('',(0.995242467798197,-0.0127170145080511,0.0965955890967923));
#8023=DIRECTION('center_axis',(0.,0.99144490926018,0.130525828486445));
#8024=DIRECTION('ref_axis',(0.,-0.130525828486445,0.99144490926018));
#8025=DIRECTION('',(1.,0.,0.));
#8026=DIRECTION('center_axis',(0.,0.923879041362142,0.382684618101864));
#8027=DIRECTION('ref_axis',(0.,-0.382684618101864,0.923879041362142));
#8028=DIRECTION('',(0.9952425028023,-0.0372844825900377,0.0900123767812337));
#8029=DIRECTION('center_axis',(0.,0.923879041362142,0.382684618101864));
#8030=DIRECTION('ref_axis',(0.,-0.382684618101864,0.923879041362142));
#8031=DIRECTION('',(1.,0.,0.));
#8032=DIRECTION('center_axis',(0.,0.793353065444083,0.608761787196336));
#8033=DIRECTION('ref_axis',(1.,0.,0.));
#8034=DIRECTION('',(0.995242506805706,-0.0593108728584371,0.077295362136831));
#8035=DIRECTION('center_axis',(0.,0.793353065444083,0.608761787196336));
#8036=DIRECTION('ref_axis',(1.,0.,0.));
#8037=DIRECTION('',(1.,0.,0.));
#8038=DIRECTION('center_axis',(0.,0.608762143859455,0.793352791766462));
#8039=DIRECTION('ref_axis',(1.,0.,0.));
#8040=DIRECTION('',(0.995242474545348,-0.0772955969156317,0.0593111082201972));
#8041=DIRECTION('center_axis',(0.,0.608762143859455,0.793352791766462));
#8042=DIRECTION('ref_axis',(1.,0.,0.));
#8043=DIRECTION('',(1.,0.,0.));
#8044=DIRECTION('center_axis',(0.,0.38268375703451,0.923879398028743));
#8045=DIRECTION('ref_axis',(1.,0.,0.));
#8046=DIRECTION('',(0.995242481545362,-0.090012612142998,0.0372844817936951));
#8047=DIRECTION('center_axis',(0.,0.38268375703451,0.923879398028743));
#8048=DIRECTION('ref_axis',(1.,0.,0.));
#8049=DIRECTION('',(1.,0.,0.));
#8050=DIRECTION('center_axis',(0.,0.130526143657534,0.991444867767186));
#8051=DIRECTION('ref_axis',(1.,0.,0.));
#8052=DIRECTION('',(0.995242490609741,-0.0965953540265197,0.0127170147995325));
#8053=DIRECTION('center_axis',(0.,0.130526143657534,0.991444867767186));
#8054=DIRECTION('ref_axis',(1.,0.,0.));
#8055=DIRECTION('',(1.,0.,0.));
#8056=DIRECTION('center_axis',(0.,-0.130526143657534,0.991444867767186));
#8057=DIRECTION('ref_axis',(1.,0.,0.));
#8058=DIRECTION('',(0.995242490609741,-0.0965953540265197,-0.0127170147995325));
#8059=DIRECTION('center_axis',(0.,-0.130526143657534,0.991444867767186));
#8060=DIRECTION('ref_axis',(1.,0.,0.));
#8061=DIRECTION('',(1.,0.,0.));
#8062=DIRECTION('center_axis',(0.,-0.38268375703451,0.923879398028743));
#8063=DIRECTION('ref_axis',(1.,0.,0.));
#8064=DIRECTION('',(0.995242481545362,-0.090012612142998,-0.0372844817936951));
#8065=DIRECTION('center_axis',(0.,-0.38268375703451,0.923879398028743));
#8066=DIRECTION('ref_axis',(1.,0.,0.));
#8067=DIRECTION('',(1.,0.,0.));
#8068=DIRECTION('center_axis',(0.,-0.608762143859455,0.793352791766462));
#8069=DIRECTION('ref_axis',(1.,0.,0.));
#8070=DIRECTION('',(0.995242474545348,-0.0772955969156317,-0.0593111082201972));
#8071=DIRECTION('center_axis',(0.,-0.608762143859455,0.793352791766462));
#8072=DIRECTION('ref_axis',(1.,0.,0.));
#8073=DIRECTION('',(1.,0.,0.));
#8074=DIRECTION('center_axis',(0.,-0.793353065444083,0.608761787196336));
#8075=DIRECTION('ref_axis',(1.,0.,0.));
#8076=DIRECTION('',(0.995242506805706,-0.0593108728584371,-0.077295362136831));
#8077=DIRECTION('center_axis',(0.,-0.793353065444083,0.608761787196336));
#8078=DIRECTION('ref_axis',(1.,0.,0.));
#8079=DIRECTION('',(1.,0.,0.));
#8080=DIRECTION('center_axis',(0.,-0.923879041362142,0.382684618101864));
#8081=DIRECTION('ref_axis',(0.,-0.382684618101864,-0.923879041362142));
#8082=DIRECTION('',(0.9952425028023,-0.0372844825900377,-0.0900123767812337));
#8083=DIRECTION('center_axis',(0.,-0.923879041362142,0.382684618101864));
#8084=DIRECTION('ref_axis',(0.,-0.382684618101864,-0.923879041362142));
#8085=DIRECTION('',(1.,0.,0.));
#8086=DIRECTION('center_axis',(0.,-0.99144490926018,0.130525828486445));
#8087=DIRECTION('ref_axis',(0.,-0.130525828486445,-0.99144490926018));
#8088=DIRECTION('',(0.995242467798197,-0.0127170145080511,-0.0965955890967923));
#8089=DIRECTION('center_axis',(0.,-0.99144490926018,0.130525828486445));
#8090=DIRECTION('ref_axis',(0.,-0.130525828486445,-0.99144490926018));
#8091=DIRECTION('',(1.,0.,0.));
#8092=DIRECTION('center_axis',(0.,-0.991444826273891,-0.130526458830132));
#8093=DIRECTION('ref_axis',(0.,0.130526458830132,-0.991444826273891));
#8094=DIRECTION('',(0.99524251342123,0.0127170150910133,-0.0965951189562308));
#8095=DIRECTION('center_axis',(0.,-0.991444826273891,-0.130526458830132));
#8096=DIRECTION('ref_axis',(0.,0.130526458830132,-0.991444826273891));
#8097=DIRECTION('center_axis',(1.,0.,0.));
#8098=DIRECTION('ref_axis',(0.,0.,-1.));
#8099=DIRECTION('',(0.,0.206010481049842,0.978549784986749));
#8100=DIRECTION('center_axis',(1.,0.,0.));
#8101=DIRECTION('ref_axis',(0.,0.,-1.));
#8102=DIRECTION('',(0.,0.,1.));
#8103=DIRECTION('',(0.,1.,0.));
#8104=DIRECTION('center_axis',(0.,0.,-1.));
#8105=DIRECTION('ref_axis',(-1.,0.,0.));
#8106=DIRECTION('',(0.928476690885259,-0.371390676354104,0.));
#8107=DIRECTION('',(0.,1.,0.));
#8108=DIRECTION('center_axis',(0.,0.,-1.));
#8109=DIRECTION('ref_axis',(-1.,0.,0.));
#8110=DIRECTION('',(1.,0.,0.));
#8111=DIRECTION('center_axis',(0.,0.,1.));
#8112=DIRECTION('ref_axis',(1.,0.,0.));
#8113=DIRECTION('',(0.928476690885259,0.371390676354104,0.));
#8114=DIRECTION('',(1.,0.,0.));
#8115=DIRECTION('',(0.,1.,0.));
#8116=DIRECTION('center_axis',(0.,0.,1.));
#8117=DIRECTION('ref_axis',(1.,0.,0.));
#8118=DIRECTION('center_axis',(1.,0.,0.));
#8119=DIRECTION('ref_axis',(0.,0.,-1.));
#8120=DIRECTION('',(0.,0.157990501106673,0.987440631916705));
#8121=DIRECTION('',(0.,0.,1.));
#8122=DIRECTION('center_axis',(1.,0.,0.));
#8123=DIRECTION('ref_axis',(0.,0.,-1.));
#8124=DIRECTION('center_axis',(-0.382680460495814,0.,0.923880763494247));
#8125=DIRECTION('ref_axis',(0.923880763494247,0.,0.382680460495814));
#8126=DIRECTION('',(0.0900123783739067,0.995242520412054,0.0372840086811317));
#8127=DIRECTION('',(0.,1.,0.));
#8128=DIRECTION('center_axis',(-0.382680460495814,0.,0.923880763494247));
#8129=DIRECTION('ref_axis',(0.923880763494247,0.,0.382680460495814));
#8130=DIRECTION('',(0.,1.,0.));
#8131=DIRECTION('',(0.923880763494247,0.,0.382680460495814));
#8132=DIRECTION('center_axis',(-0.608767311789728,0.,0.793348826239951));
#8133=DIRECTION('ref_axis',(0.793348826239951,0.,0.608767311789728));
#8134=DIRECTION('',(0.0772939480246033,0.995242630333592,0.0593106429356726));
#8135=DIRECTION('center_axis',(-0.608767311789728,0.,0.793348826239951));
#8136=DIRECTION('ref_axis',(0.793348826239951,0.,0.608767311789728));
#8137=DIRECTION('',(0.,1.,0.));
#8138=DIRECTION('',(0.793348826239951,0.,0.608767311789728));
#8139=DIRECTION('center_axis',(-0.793341932018492,0.,0.608776296270778));
#8140=DIRECTION('ref_axis',(0.608776296270778,0.,0.793341932018492));
#8141=DIRECTION('',(0.059313471627588,0.995242316222392,0.0772958219037239));
#8142=DIRECTION('center_axis',(-0.793341932018492,0.,0.608776296270778));
#8143=DIRECTION('ref_axis',(0.608776296270778,0.,0.793341932018492));
#8144=DIRECTION('',(0.,1.,0.));
#8145=DIRECTION('',(0.608776296270778,0.,0.793341932018492));
#8146=DIRECTION('center_axis',(-0.923887651899763,0.,0.382663829839119));
#8147=DIRECTION('ref_axis',(0.382663829839119,0.,0.923887651899763));
#8148=DIRECTION('',(0.037282113045256,0.995242590848838,0.0900123847443966));
#8149=DIRECTION('center_axis',(-0.923887651899763,0.,0.382663829839119));
#8150=DIRECTION('ref_axis',(0.382663829839119,0.,0.923887651899763));
#8151=DIRECTION('',(0.,1.,0.));
#8152=DIRECTION('',(0.382663829839119,0.,0.923887651899763));
#8153=DIRECTION('center_axis',(-0.991443018137733,0.,0.130540192224243));
#8154=DIRECTION('ref_axis',(0.130540192224243,0.,0.991443018137733));
#8155=DIRECTION('',(0.0127184379835374,0.995242449778039,0.0965955873478036));
#8156=DIRECTION('center_axis',(-0.991443018137733,0.,0.130540192224243));
#8157=DIRECTION('ref_axis',(0.130540192224243,0.,0.991443018137733));
#8158=DIRECTION('',(0.,1.,0.));
#8159=DIRECTION('',(0.130540192224243,0.,0.991443018137733));
#8160=DIRECTION('center_axis',(-0.991443018137733,0.,-0.130540192224243));
#8161=DIRECTION('ref_axis',(-0.130540192224243,0.,0.991443018137733));
#8162=DIRECTION('',(0.0127184379835374,-0.995242449778039,-0.0965955873478036));
#8163=DIRECTION('center_axis',(-0.991443018137733,0.,-0.130540192224243));
#8164=DIRECTION('ref_axis',(-0.130540192224243,0.,0.991443018137733));
#8165=DIRECTION('',(0.,1.,0.));
#8166=DIRECTION('',(0.130540192224243,0.,-0.991443018137733));
#8167=DIRECTION('center_axis',(-0.923887651899763,0.,-0.382663829839119));
#8168=DIRECTION('ref_axis',(-0.382663829839119,0.,0.923887651899763));
#8169=DIRECTION('',(0.037282113045256,-0.995242590848838,-0.0900123847443966));
#8170=DIRECTION('center_axis',(-0.923887651899763,0.,-0.382663829839119));
#8171=DIRECTION('ref_axis',(-0.382663829839119,0.,0.923887651899763));
#8172=DIRECTION('',(0.,1.,0.));
#8173=DIRECTION('',(0.382663829839119,0.,-0.923887651899763));
#8174=DIRECTION('center_axis',(-0.793341932018492,0.,-0.608776296270778));
#8175=DIRECTION('ref_axis',(-0.608776296270778,0.,0.793341932018492));
#8176=DIRECTION('',(0.059313471627588,-0.995242316222392,-0.0772958219037239));
#8177=DIRECTION('center_axis',(-0.793341932018492,0.,-0.608776296270778));
#8178=DIRECTION('ref_axis',(-0.608776296270778,0.,0.793341932018492));
#8179=DIRECTION('',(0.,1.,0.));
#8180=DIRECTION('',(0.608776296270778,0.,-0.793341932018492));
#8181=DIRECTION('center_axis',(-0.608767311789728,0.,-0.793348826239951));
#8182=DIRECTION('ref_axis',(-0.793348826239951,0.,0.608767311789728));
#8183=DIRECTION('',(0.0772939480246033,-0.995242630333592,-0.0593106429356726));
#8184=DIRECTION('center_axis',(-0.608767311789728,0.,-0.793348826239951));
#8185=DIRECTION('ref_axis',(-0.793348826239951,0.,0.608767311789728));
#8186=DIRECTION('',(0.,1.,0.));
#8187=DIRECTION('',(0.793348826239951,0.,-0.608767311789728));
#8188=DIRECTION('center_axis',(-0.382680460495814,0.,-0.923880763494247));
#8189=DIRECTION('ref_axis',(-0.923880763494247,0.,0.382680460495814));
#8190=DIRECTION('',(0.0900123783739067,-0.995242520412054,-0.0372840086811317));
#8191=DIRECTION('center_axis',(-0.382680460495814,0.,-0.923880763494247));
#8192=DIRECTION('ref_axis',(-0.923880763494247,0.,0.382680460495814));
#8193=DIRECTION('',(0.,1.,0.));
#8194=DIRECTION('',(0.923880763494247,0.,-0.382680460495814));
#8195=DIRECTION('center_axis',(-0.130530616408177,0.,-0.991444278908352));
#8196=DIRECTION('ref_axis',(-0.991444278908352,0.,0.130530616408177));
#8197=DIRECTION('',(0.0965955885138179,-0.995242461791702,-0.0127174889998884));
#8198=DIRECTION('center_axis',(-0.130530616408177,0.,-0.991444278908352));
#8199=DIRECTION('ref_axis',(-0.991444278908352,0.,0.130530616408177));
#8200=DIRECTION('',(0.,1.,0.));
#8201=DIRECTION('',(0.991444278908352,0.,-0.130530616408177));
#8202=DIRECTION('center_axis',(0.130530616408177,0.,-0.991444278908352));
#8203=DIRECTION('ref_axis',(-0.991444278908352,0.,-0.130530616408177));
#8204=DIRECTION('',(0.0965955885138179,-0.995242461791702,0.0127174889998884));
#8205=DIRECTION('center_axis',(0.130530616408177,0.,-0.991444278908352));
#8206=DIRECTION('ref_axis',(-0.991444278908352,0.,-0.130530616408177));
#8207=DIRECTION('',(0.,1.,0.));
#8208=DIRECTION('',(0.991444278908352,0.,0.130530616408177));
#8209=DIRECTION('center_axis',(0.382680460495814,0.,-0.923880763494247));
#8210=DIRECTION('ref_axis',(-0.923880763494247,0.,-0.382680460495814));
#8211=DIRECTION('',(0.0900123783739067,-0.995242520412054,0.0372840086811317));
#8212=DIRECTION('center_axis',(0.382680460495814,0.,-0.923880763494247));
#8213=DIRECTION('ref_axis',(-0.923880763494247,0.,-0.382680460495814));
#8214=DIRECTION('',(0.,1.,0.));
#8215=DIRECTION('',(0.923880763494247,0.,0.382680460495814));
#8216=DIRECTION('center_axis',(0.608767311789728,0.,-0.793348826239951));
#8217=DIRECTION('ref_axis',(-0.793348826239951,0.,-0.608767311789728));
#8218=DIRECTION('',(0.0772939480246033,-0.995242630333592,0.0593106429356726));
#8219=DIRECTION('center_axis',(0.608767311789728,0.,-0.793348826239951));
#8220=DIRECTION('ref_axis',(-0.793348826239951,0.,-0.608767311789728));
#8221=DIRECTION('',(0.,1.,0.));
#8222=DIRECTION('',(0.793348826239951,0.,0.608767311789728));
#8223=DIRECTION('center_axis',(0.793341932018492,0.,-0.608776296270778));
#8224=DIRECTION('ref_axis',(-0.608776296270778,0.,-0.793341932018492));
#8225=DIRECTION('',(0.059313471627588,-0.995242316222392,0.0772958219037239));
#8226=DIRECTION('center_axis',(0.793341932018492,0.,-0.608776296270778));
#8227=DIRECTION('ref_axis',(-0.608776296270778,0.,-0.793341932018492));
#8228=DIRECTION('',(0.,1.,0.));
#8229=DIRECTION('',(0.608776296270778,0.,0.793341932018492));
#8230=DIRECTION('center_axis',(0.923887651899763,0.,-0.382663829839119));
#8231=DIRECTION('ref_axis',(-0.382663829839119,0.,-0.923887651899763));
#8232=DIRECTION('',(0.037282113045256,-0.995242590848838,0.0900123847443966));
#8233=DIRECTION('center_axis',(0.923887651899763,0.,-0.382663829839119));
#8234=DIRECTION('ref_axis',(-0.382663829839119,0.,-0.923887651899763));
#8235=DIRECTION('',(0.,1.,0.));
#8236=DIRECTION('',(0.382663829839119,0.,0.923887651899763));
#8237=DIRECTION('center_axis',(0.991443018137733,0.,-0.130540192224243));
#8238=DIRECTION('ref_axis',(-0.130540192224243,0.,-0.991443018137733));
#8239=DIRECTION('',(0.0127184379835374,-0.995242449778039,0.0965955873478036));
#8240=DIRECTION('center_axis',(0.991443018137733,0.,-0.130540192224243));
#8241=DIRECTION('ref_axis',(-0.130540192224243,0.,-0.991443018137733));
#8242=DIRECTION('',(0.,1.,0.));
#8243=DIRECTION('',(0.130540192224243,0.,0.991443018137733));
#8244=DIRECTION('center_axis',(0.991443018137733,0.,0.130540192224243));
#8245=DIRECTION('ref_axis',(0.130540192224243,0.,-0.991443018137733));
#8246=DIRECTION('',(0.0127184379835374,0.995242449778039,-0.0965955873478036));
#8247=DIRECTION('center_axis',(0.991443018137733,0.,0.130540192224243));
#8248=DIRECTION('ref_axis',(0.130540192224243,0.,-0.991443018137733));
#8249=DIRECTION('',(0.,1.,0.));
#8250=DIRECTION('',(0.130540192224243,0.,-0.991443018137733));
#8251=DIRECTION('center_axis',(0.923887651899763,0.,0.382663829839119));
#8252=DIRECTION('ref_axis',(0.382663829839119,0.,-0.923887651899763));
#8253=DIRECTION('',(0.037282113045256,0.995242590848838,-0.0900123847443966));
#8254=DIRECTION('center_axis',(0.923887651899763,0.,0.382663829839119));
#8255=DIRECTION('ref_axis',(0.382663829839119,0.,-0.923887651899763));
#8256=DIRECTION('',(0.,1.,0.));
#8257=DIRECTION('',(0.382663829839119,0.,-0.923887651899763));
#8258=DIRECTION('center_axis',(0.793341932018492,0.,0.608776296270778));
#8259=DIRECTION('ref_axis',(0.608776296270778,0.,-0.793341932018492));
#8260=DIRECTION('',(0.059313471627588,0.995242316222392,-0.0772958219037239));
#8261=DIRECTION('center_axis',(0.793341932018492,0.,0.608776296270778));
#8262=DIRECTION('ref_axis',(0.608776296270778,0.,-0.793341932018492));
#8263=DIRECTION('',(0.,1.,0.));
#8264=DIRECTION('',(0.608776296270778,0.,-0.793341932018492));
#8265=DIRECTION('center_axis',(0.608767311789728,0.,0.793348826239951));
#8266=DIRECTION('ref_axis',(0.793348826239951,0.,-0.608767311789728));
#8267=DIRECTION('',(0.0772939480246033,0.995242630333592,-0.0593106429356726));
#8268=DIRECTION('center_axis',(0.608767311789728,0.,0.793348826239951));
#8269=DIRECTION('ref_axis',(0.793348826239951,0.,-0.608767311789728));
#8270=DIRECTION('',(0.,1.,0.));
#8271=DIRECTION('',(0.793348826239951,0.,-0.608767311789728));
#8272=DIRECTION('center_axis',(0.382680460495814,0.,0.923880763494247));
#8273=DIRECTION('ref_axis',(0.923880763494247,0.,-0.382680460495814));
#8274=DIRECTION('',(0.0900123783739067,0.995242520412054,-0.0372840086811317));
#8275=DIRECTION('center_axis',(0.382680460495814,0.,0.923880763494247));
#8276=DIRECTION('ref_axis',(0.923880763494247,0.,-0.382680460495814));
#8277=DIRECTION('',(0.,1.,0.));
#8278=DIRECTION('',(0.923880763494247,0.,-0.382680460495814));
#8279=DIRECTION('center_axis',(0.130530616408177,0.,0.991444278908352));
#8280=DIRECTION('ref_axis',(0.991444278908352,0.,-0.130530616408177));
#8281=DIRECTION('',(0.0965955885138179,0.995242461791702,-0.0127174889998884));
#8282=DIRECTION('center_axis',(0.130530616408177,0.,0.991444278908352));
#8283=DIRECTION('ref_axis',(0.991444278908352,0.,-0.130530616408177));
#8284=DIRECTION('',(0.,1.,0.));
#8285=DIRECTION('',(0.991444278908352,0.,-0.130530616408177));
#8286=DIRECTION('center_axis',(-0.130530616408177,0.,0.991444278908352));
#8287=DIRECTION('ref_axis',(0.991444278908352,0.,0.130530616408177));
#8288=DIRECTION('',(0.0965955885138179,0.995242461791702,0.0127174889998884));
#8289=DIRECTION('center_axis',(-0.130530616408177,0.,0.991444278908352));
#8290=DIRECTION('ref_axis',(0.991444278908352,0.,0.130530616408177));
#8291=DIRECTION('',(0.991444278908352,0.,0.130530616408177));
#8292=DIRECTION('center_axis',(-0.382684618101864,0.,0.923879041362142));
#8293=DIRECTION('ref_axis',(0.923879041362142,0.,0.382684618101864));
#8294=DIRECTION('',(0.0900123767812337,0.9952425028023,0.0372844825900377));
#8295=DIRECTION('',(0.,1.,0.));
#8296=DIRECTION('center_axis',(-0.382684618101864,0.,0.923879041362142));
#8297=DIRECTION('ref_axis',(0.923879041362142,0.,0.382684618101864));
#8298=DIRECTION('',(0.,1.,0.));
#8299=DIRECTION('',(0.923879041362142,0.,0.382684618101864));
#8300=DIRECTION('center_axis',(-0.608770377592338,0.,0.793346473721339));
#8301=DIRECTION('ref_axis',(0.793346473721339,0.,0.608770377592338));
#8302=DIRECTION('',(0.077293945849004,0.995242602320414,0.0593111158349051));
#8303=DIRECTION('center_axis',(-0.608770377592338,0.,0.793346473721339));
#8304=DIRECTION('ref_axis',(0.793346473721339,0.,0.608770377592338));
#8305=DIRECTION('',(0.,1.,0.));
#8306=DIRECTION('',(0.793346473721339,0.,0.608770377592338));
#8307=DIRECTION('center_axis',(-0.793340126835222,0.,0.608778648732914));
#8308=DIRECTION('ref_axis',(0.608778648732914,0.,0.793340126835222));
#8309=DIRECTION('',(0.0593134738033279,0.995242352729923,0.0772953501705581));
#8310=DIRECTION('center_axis',(-0.793340126835222,0.,0.608778648732914));
#8311=DIRECTION('ref_axis',(0.608778648732914,0.,0.793340126835222));
#8312=DIRECTION('',(0.,1.,0.));
#8313=DIRECTION('',(0.608778648732915,0.,0.793340126835222));
#8314=DIRECTION('center_axis',(-0.923887651899763,0.,0.382663829839119));
#8315=DIRECTION('ref_axis',(0.382663829839119,0.,0.923887651899763));
#8316=DIRECTION('',(0.037282113045256,0.995242590848838,0.0900123847443966));
#8317=DIRECTION('center_axis',(-0.923887651899763,0.,0.382663829839119));
#8318=DIRECTION('ref_axis',(0.382663829839119,0.,0.923887651899763));
#8319=DIRECTION('',(0.,1.,0.));
#8320=DIRECTION('',(0.382663829839119,0.,0.923887651899763));
#8321=DIRECTION('center_axis',(-0.991443018137733,0.,0.130540192224243));
#8322=DIRECTION('ref_axis',(0.130540192224243,0.,0.991443018137733));
#8323=DIRECTION('',(0.0127184379835374,0.995242449778039,0.0965955873478036));
#8324=DIRECTION('center_axis',(-0.991443018137733,0.,0.130540192224243));
#8325=DIRECTION('ref_axis',(0.130540192224243,0.,0.991443018137733));
#8326=DIRECTION('',(0.,1.,0.));
#8327=DIRECTION('',(0.130540192224243,0.,0.991443018137733));
#8328=DIRECTION('center_axis',(-0.991443018137733,0.,-0.130540192224243));
#8329=DIRECTION('ref_axis',(-0.130540192224243,0.,0.991443018137733));
#8330=DIRECTION('',(0.0127184379835374,-0.995242449778039,-0.0965955873478036));
#8331=DIRECTION('center_axis',(-0.991443018137733,0.,-0.130540192224243));
#8332=DIRECTION('ref_axis',(-0.130540192224243,0.,0.991443018137733));
#8333=DIRECTION('',(0.,1.,0.));
#8334=DIRECTION('',(0.130540192224243,0.,-0.991443018137733));
#8335=DIRECTION('center_axis',(-0.923887651899763,0.,-0.382663829839119));
#8336=DIRECTION('ref_axis',(-0.382663829839119,0.,0.923887651899763));
#8337=DIRECTION('',(0.037282113045256,-0.995242590848838,-0.0900123847443966));
#8338=DIRECTION('center_axis',(-0.923887651899763,0.,-0.382663829839119));
#8339=DIRECTION('ref_axis',(-0.382663829839119,0.,0.923887651899763));
#8340=DIRECTION('',(0.,1.,0.));
#8341=DIRECTION('',(0.382663829839119,0.,-0.923887651899763));
#8342=DIRECTION('center_axis',(-0.793340126835222,0.,-0.608778648732914));
#8343=DIRECTION('ref_axis',(-0.608778648732914,0.,0.793340126835222));
#8344=DIRECTION('',(0.0593134738033279,-0.995242352729923,-0.0772953501705581));
#8345=DIRECTION('center_axis',(-0.793340126835222,0.,-0.608778648732914));
#8346=DIRECTION('ref_axis',(-0.608778648732914,0.,0.793340126835222));
#8347=DIRECTION('',(0.,1.,0.));
#8348=DIRECTION('',(0.608778648732915,0.,-0.793340126835222));
#8349=DIRECTION('center_axis',(-0.608770377592338,0.,-0.793346473721339));
#8350=DIRECTION('ref_axis',(-0.793346473721339,0.,0.608770377592338));
#8351=DIRECTION('',(0.077293945849004,-0.995242602320414,-0.0593111158349051));
#8352=DIRECTION('center_axis',(-0.608770377592338,0.,-0.793346473721339));
#8353=DIRECTION('ref_axis',(-0.793346473721339,0.,0.608770377592338));
#8354=DIRECTION('',(0.,1.,0.));
#8355=DIRECTION('',(0.793346473721339,0.,-0.608770377592338));
#8356=DIRECTION('center_axis',(-0.382684618101864,0.,-0.923879041362142));
#8357=DIRECTION('ref_axis',(-0.923879041362142,0.,0.382684618101864));
#8358=DIRECTION('',(0.0900123767812337,-0.9952425028023,-0.0372844825900377));
#8359=DIRECTION('center_axis',(-0.382684618101864,0.,-0.923879041362142));
#8360=DIRECTION('ref_axis',(-0.923879041362142,0.,0.382684618101864));
#8361=DIRECTION('',(0.,1.,0.));
#8362=DIRECTION('',(0.923879041362142,0.,-0.382684618101864));
#8363=DIRECTION('center_axis',(-0.130525828486445,0.,-0.99144490926018));
#8364=DIRECTION('ref_axis',(-0.99144490926018,0.,0.130525828486445));
#8365=DIRECTION('',(0.0965955890967923,-0.995242467798197,-0.0127170145080511));
#8366=DIRECTION('center_axis',(-0.130525828486445,0.,-0.99144490926018));
#8367=DIRECTION('ref_axis',(-0.99144490926018,0.,0.130525828486445));
#8368=DIRECTION('',(0.,1.,0.));
#8369=DIRECTION('',(0.99144490926018,0.,-0.130525828486445));
#8370=DIRECTION('center_axis',(0.130525828486445,0.,-0.99144490926018));
#8371=DIRECTION('ref_axis',(-0.99144490926018,0.,-0.130525828486445));
#8372=DIRECTION('',(0.0965955890967923,-0.995242467798197,0.0127170145080511));
#8373=DIRECTION('center_axis',(0.130525828486445,0.,-0.99144490926018));
#8374=DIRECTION('ref_axis',(-0.99144490926018,0.,-0.130525828486445));
#8375=DIRECTION('',(0.,1.,0.));
#8376=DIRECTION('',(0.99144490926018,0.,0.130525828486445));
#8377=DIRECTION('center_axis',(0.382684618101864,0.,-0.923879041362142));
#8378=DIRECTION('ref_axis',(-0.923879041362142,0.,-0.382684618101864));
#8379=DIRECTION('',(0.0900123767812337,-0.9952425028023,0.0372844825900377));
#8380=DIRECTION('center_axis',(0.382684618101864,0.,-0.923879041362142));
#8381=DIRECTION('ref_axis',(-0.923879041362142,0.,-0.382684618101864));
#8382=DIRECTION('',(0.,1.,0.));
#8383=DIRECTION('',(0.923879041362142,0.,0.382684618101864));
#8384=DIRECTION('center_axis',(0.608770377592338,0.,-0.793346473721339));
#8385=DIRECTION('ref_axis',(-0.793346473721339,0.,-0.608770377592338));
#8386=DIRECTION('',(0.077293945849004,-0.995242602320414,0.0593111158349051));
#8387=DIRECTION('center_axis',(0.608770377592338,0.,-0.793346473721339));
#8388=DIRECTION('ref_axis',(-0.793346473721339,0.,-0.608770377592338));
#8389=DIRECTION('',(0.,1.,0.));
#8390=DIRECTION('',(0.793346473721339,0.,0.608770377592338));
#8391=DIRECTION('center_axis',(0.793340126835222,0.,-0.608778648732914));
#8392=DIRECTION('ref_axis',(-0.608778648732914,0.,-0.793340126835222));
#8393=DIRECTION('',(0.0593134738033279,-0.995242352729923,0.0772953501705581));
#8394=DIRECTION('center_axis',(0.793340126835222,0.,-0.608778648732914));
#8395=DIRECTION('ref_axis',(-0.608778648732914,0.,-0.793340126835222));
#8396=DIRECTION('',(0.,1.,0.));
#8397=DIRECTION('',(0.608778648732915,0.,0.793340126835222));
#8398=DIRECTION('center_axis',(0.923887651899763,0.,-0.382663829839119));
#8399=DIRECTION('ref_axis',(-0.382663829839119,0.,-0.923887651899763));
#8400=DIRECTION('',(0.037282113045256,-0.995242590848838,0.0900123847443966));
#8401=DIRECTION('center_axis',(0.923887651899763,0.,-0.382663829839119));
#8402=DIRECTION('ref_axis',(-0.382663829839119,0.,-0.923887651899763));
#8403=DIRECTION('',(0.,1.,0.));
#8404=DIRECTION('',(0.382663829839119,0.,0.923887651899763));
#8405=DIRECTION('center_axis',(0.991443018137733,0.,-0.130540192224243));
#8406=DIRECTION('ref_axis',(-0.130540192224243,0.,-0.991443018137733));
#8407=DIRECTION('',(0.0127184379835374,-0.995242449778039,0.0965955873478036));
#8408=DIRECTION('center_axis',(0.991443018137733,0.,-0.130540192224243));
#8409=DIRECTION('ref_axis',(-0.130540192224243,0.,-0.991443018137733));
#8410=DIRECTION('',(0.,1.,0.));
#8411=DIRECTION('',(0.130540192224243,0.,0.991443018137733));
#8412=DIRECTION('center_axis',(0.991443018137733,0.,0.130540192224243));
#8413=DIRECTION('ref_axis',(0.130540192224243,0.,-0.991443018137733));
#8414=DIRECTION('',(0.0127184379835374,0.995242449778039,-0.0965955873478036));
#8415=DIRECTION('center_axis',(0.991443018137733,0.,0.130540192224243));
#8416=DIRECTION('ref_axis',(0.130540192224243,0.,-0.991443018137733));
#8417=DIRECTION('',(0.,1.,0.));
#8418=DIRECTION('',(0.130540192224243,0.,-0.991443018137733));
#8419=DIRECTION('center_axis',(0.923887651899763,0.,0.382663829839119));
#8420=DIRECTION('ref_axis',(0.382663829839119,0.,-0.923887651899763));
#8421=DIRECTION('',(0.037282113045256,0.995242590848838,-0.0900123847443966));
#8422=DIRECTION('center_axis',(0.923887651899763,0.,0.382663829839119));
#8423=DIRECTION('ref_axis',(0.382663829839119,0.,-0.923887651899763));
#8424=DIRECTION('',(0.,1.,0.));
#8425=DIRECTION('',(0.382663829839119,0.,-0.923887651899763));
#8426=DIRECTION('center_axis',(0.793340126835222,0.,0.608778648732914));
#8427=DIRECTION('ref_axis',(0.608778648732914,0.,-0.793340126835222));
#8428=DIRECTION('',(0.0593134738033279,0.995242352729923,-0.0772953501705581));
#8429=DIRECTION('center_axis',(0.793340126835222,0.,0.608778648732914));
#8430=DIRECTION('ref_axis',(0.608778648732914,0.,-0.793340126835222));
#8431=DIRECTION('',(0.,1.,0.));
#8432=DIRECTION('',(0.608778648732915,0.,-0.793340126835222));
#8433=DIRECTION('center_axis',(0.608770377592338,0.,0.793346473721339));
#8434=DIRECTION('ref_axis',(0.793346473721339,0.,-0.608770377592338));
#8435=DIRECTION('',(0.077293945849004,0.995242602320414,-0.0593111158349051));
#8436=DIRECTION('center_axis',(0.608770377592338,0.,0.793346473721339));
#8437=DIRECTION('ref_axis',(0.793346473721339,0.,-0.608770377592338));
#8438=DIRECTION('',(0.,1.,0.));
#8439=DIRECTION('',(0.793346473721339,0.,-0.608770377592338));
#8440=DIRECTION('center_axis',(0.382684618101864,0.,0.923879041362142));
#8441=DIRECTION('ref_axis',(0.923879041362142,0.,-0.382684618101864));
#8442=DIRECTION('',(0.0900123767812337,0.9952425028023,-0.0372844825900377));
#8443=DIRECTION('center_axis',(0.382684618101864,0.,0.923879041362142));
#8444=DIRECTION('ref_axis',(0.923879041362142,0.,-0.382684618101864));
#8445=DIRECTION('',(0.,1.,0.));
#8446=DIRECTION('',(0.923879041362142,0.,-0.382684618101864));
#8447=DIRECTION('center_axis',(0.130525828486445,0.,0.99144490926018));
#8448=DIRECTION('ref_axis',(0.99144490926018,0.,-0.130525828486445));
#8449=DIRECTION('',(0.0965955890967923,0.995242467798197,-0.0127170145080511));
#8450=DIRECTION('center_axis',(0.130525828486445,0.,0.99144490926018));
#8451=DIRECTION('ref_axis',(0.99144490926018,0.,-0.130525828486445));
#8452=DIRECTION('',(0.,1.,0.));
#8453=DIRECTION('',(0.99144490926018,0.,-0.130525828486445));
#8454=DIRECTION('center_axis',(-0.130525828486445,0.,0.99144490926018));
#8455=DIRECTION('ref_axis',(0.99144490926018,0.,0.130525828486445));
#8456=DIRECTION('',(0.0965955890967923,0.995242467798197,0.0127170145080511));
#8457=DIRECTION('center_axis',(-0.130525828486445,0.,0.99144490926018));
#8458=DIRECTION('ref_axis',(0.99144490926018,0.,0.130525828486445));
#8459=DIRECTION('',(0.99144490926018,0.,0.130525828486445));
#8460=DIRECTION('center_axis',(0.,0.,1.));
#8461=DIRECTION('ref_axis',(1.,0.,0.));
#8462=DIRECTION('',(0.152057184253941,0.988371697650617,0.));
#8463=DIRECTION('',(1.,0.,0.));
#8464=DIRECTION('',(0.,1.,0.));
#8465=DIRECTION('center_axis',(0.,0.,1.));
#8466=DIRECTION('ref_axis',(1.,0.,0.));
#8467=DIRECTION('',(1.,0.,0.));
#8468=DIRECTION('center_axis',(0.,-1.,0.));
#8469=DIRECTION('ref_axis',(0.,0.,-1.));
#8470=DIRECTION('',(0.894427190999916,0.,0.447213595499958));
#8471=DIRECTION('',(1.,0.,0.));
#8472=DIRECTION('',(0.,0.,1.));
#8473=DIRECTION('center_axis',(0.,-1.,0.));
#8474=DIRECTION('ref_axis',(0.,0.,-1.));
#8475=DIRECTION('center_axis',(0.,-1.,0.));
#8476=DIRECTION('ref_axis',(0.,0.,-1.));
#8477=DIRECTION('',(0.997173015377816,0.,0.0751397192057223));
#8478=DIRECTION('',(1.,0.,0.));
#8479=DIRECTION('',(0.,0.,1.));
#8480=DIRECTION('center_axis',(0.,-1.,0.));
#8481=DIRECTION('ref_axis',(0.,0.,-1.));
#8482=DIRECTION('',(0.,0.,1.));
#8483=DIRECTION('',(1.,0.,0.));
#8484=DIRECTION('center_axis',(0.,0.,1.));
#8485=DIRECTION('ref_axis',(1.,0.,0.));
#8486=DIRECTION('',(0.988833779691375,-0.149022669890423,0.));
#8487=DIRECTION('',(0.,1.,0.));
#8488=DIRECTION('center_axis',(0.,0.,1.));
#8489=DIRECTION('ref_axis',(1.,0.,0.));
#8490=DIRECTION('',(1.,0.,0.));
#8491=DIRECTION('',(0.,1.,0.));
#8492=DIRECTION('center_axis',(0.,0.,-1.));
#8493=DIRECTION('ref_axis',(-1.,0.,0.));
#8494=DIRECTION('',(0.988833779691375,0.149022669890423,0.));
#8495=DIRECTION('',(0.,1.,0.));
#8496=DIRECTION('',(1.,0.,0.));
#8497=DIRECTION('center_axis',(0.,0.,-1.));
#8498=DIRECTION('ref_axis',(-1.,0.,0.));
#8499=DIRECTION('',(0.,1.,0.));
#8500=DIRECTION('center_axis',(0.,-1.,0.));
#8501=DIRECTION('ref_axis',(0.,0.,-1.));
#8502=DIRECTION('',(0.941500724568427,0.,0.337010957740438));
#8503=DIRECTION('',(0.943586212383905,0.,0.331126954201852));
#8504=DIRECTION('center_axis',(0.,-1.,0.));
#8505=DIRECTION('ref_axis',(0.,0.,-1.));
#8506=DIRECTION('',(0.,0.,1.));
#8507=DIRECTION('',(0.875797451047312,0.,-0.482678800797208));
#8508=DIRECTION('center_axis',(0.,-1.,0.));
#8509=DIRECTION('ref_axis',(0.,0.,-1.));
#8510=DIRECTION('',(0.85642486492026,0.,0.516271683076182));
#8511=DIRECTION('center_axis',(0.,-1.,0.));
#8512=DIRECTION('ref_axis',(0.,0.,-1.));
#8513=DIRECTION('',(0.,0.,1.));
#8514=DIRECTION('',(1.,0.,0.));
#8515=DIRECTION('center_axis',(0.,-1.,0.));
#8516=DIRECTION('ref_axis',(0.,0.,-1.));
#8517=DIRECTION('',(0.96470772729579,0.,-0.263322997278611));
#8518=DIRECTION('',(0.,0.,1.));
#8519=DIRECTION('',(0.98909751884116,0.,-0.147262005358683));
#8520=DIRECTION('center_axis',(0.,-1.,0.));
#8521=DIRECTION('ref_axis',(0.,0.,-1.));
#8522=DIRECTION('',(0.840293581116187,0.,0.542131623810062));
#8523=DIRECTION('center_axis',(0.,-1.,0.));
#8524=DIRECTION('ref_axis',(0.,0.,-1.));
#8525=DIRECTION('',(0.971547996244447,0.,0.236842755838976));
#8526=DIRECTION('',(1.,0.,0.));
#8527=DIRECTION('center_axis',(0.,-1.,0.));
#8528=DIRECTION('ref_axis',(0.,0.,-1.));
#8529=DIRECTION('center_axis',(0.,-1.,0.));
#8530=DIRECTION('ref_axis',(0.,0.,-1.));
#8531=DIRECTION('',(0.012631280713275,0.,0.999920222191522));
#8532=DIRECTION('',(0.,0.,1.));
#8533=DIRECTION('center_axis',(0.,-1.,0.));
#8534=DIRECTION('ref_axis',(0.,0.,-1.));
#8535=DIRECTION('',(0.,0.,1.));
#8536=DIRECTION('center_axis',(0.,-1.,0.));
#8537=DIRECTION('ref_axis',(0.,0.,-1.));
#8538=DIRECTION('',(0.0213000914429908,0.,0.999773127316653));
#8539=DIRECTION('center_axis',(0.,-1.,0.));
#8540=DIRECTION('ref_axis',(0.,0.,-1.));
#8541=DIRECTION('',(0.,0.,1.));
#8542=DIRECTION('center_axis',(0.,-1.,0.));
#8543=DIRECTION('ref_axis',(0.,0.,-1.));
#8544=DIRECTION('',(0.0291835143798877,0.,0.999574070536266));
#8545=DIRECTION('center_axis',(0.,-1.,0.));
#8546=DIRECTION('ref_axis',(0.,0.,-1.));
#8547=DIRECTION('',(0.,0.,1.));
#8548=DIRECTION('center_axis',(0.,-1.,0.));
#8549=DIRECTION('ref_axis',(0.,0.,-1.));
#8550=DIRECTION('',(0.0352656081697098,0.,0.999377974982649));
#8551=DIRECTION('center_axis',(0.,-1.,0.));
#8552=DIRECTION('ref_axis',(0.,0.,-1.));
#8553=DIRECTION('',(0.,0.,1.));
#8554=DIRECTION('center_axis',(0.,-1.,0.));
#8555=DIRECTION('ref_axis',(0.,0.,-1.));
#8556=DIRECTION('',(0.0385967288673988,0.,0.999254868650004));
#8557=DIRECTION('center_axis',(0.,-1.,0.));
#8558=DIRECTION('ref_axis',(0.,0.,-1.));
#8559=DIRECTION('',(0.,0.,1.));
#8560=DIRECTION('center_axis',(0.,-1.,0.));
#8561=DIRECTION('ref_axis',(0.,0.,-1.));
#8562=DIRECTION('',(0.0385967361807941,0.,0.99925486836752));
#8563=DIRECTION('center_axis',(0.,-1.,0.));
#8564=DIRECTION('ref_axis',(0.,0.,-1.));
#8565=DIRECTION('',(0.,0.,1.));
#8566=DIRECTION('center_axis',(0.,-1.,0.));
#8567=DIRECTION('ref_axis',(0.,0.,-1.));
#8568=DIRECTION('',(0.035265601616875,0.,0.999377975213883));
#8569=DIRECTION('center_axis',(0.,-1.,0.));
#8570=DIRECTION('ref_axis',(0.,0.,-1.));
#8571=DIRECTION('',(0.,0.,1.));
#8572=DIRECTION('center_axis',(0.,-1.,0.));
#8573=DIRECTION('ref_axis',(0.,0.,-1.));
#8574=DIRECTION('',(0.0291835091529942,0.,0.99957407068887));
#8575=DIRECTION('center_axis',(0.,-1.,0.));
#8576=DIRECTION('ref_axis',(0.,0.,-1.));
#8577=DIRECTION('',(0.,0.,1.));
#8578=DIRECTION('center_axis',(0.,-1.,0.));
#8579=DIRECTION('ref_axis',(0.,0.,-1.));
#8580=DIRECTION('',(0.0213000950721837,0.,0.999773127239333));
#8581=DIRECTION('center_axis',(0.,-1.,0.));
#8582=DIRECTION('ref_axis',(0.,0.,-1.));
#8583=DIRECTION('',(0.,0.,1.));
#8584=DIRECTION('center_axis',(0.,-1.,0.));
#8585=DIRECTION('ref_axis',(0.,0.,-1.));
#8586=DIRECTION('',(0.960488285656498,0.,-0.278320414480579));
#8587=DIRECTION('center_axis',(0.,-1.,0.));
#8588=DIRECTION('ref_axis',(0.,0.,-1.));
#8589=DIRECTION('',(0.962334303096042,0.,-0.271868882155819));
#8590=DIRECTION('center_axis',(0.,-1.,0.));
#8591=DIRECTION('ref_axis',(0.,0.,-1.));
#8592=DIRECTION('',(0.964457517367507,0.,-0.264237955625807));
#8593=DIRECTION('center_axis',(0.,-1.,0.));
#8594=DIRECTION('ref_axis',(0.,0.,-1.));
#8595=DIRECTION('',(0.503871025524086,0.,-0.863778900898433));
#8596=DIRECTION('center_axis',(0.,-1.,0.));
#8597=DIRECTION('ref_axis',(0.,0.,-1.));
#8598=DIRECTION('',(0.534729146530573,0.,-0.845023514377372));
#8599=DIRECTION('center_axis',(0.,-1.,0.));
#8600=DIRECTION('ref_axis',(0.,0.,-1.));
#8601=DIRECTION('',(0.576171432789038,0.,-0.817328868961465));
#8602=DIRECTION('center_axis',(0.,-1.,0.));
#8603=DIRECTION('ref_axis',(0.,0.,-1.));
#8604=DIRECTION('',(0.623524162782611,0.,-0.781804079310311));
#8605=DIRECTION('center_axis',(0.,-1.,0.));
#8606=DIRECTION('ref_axis',(0.,0.,-1.));
#8607=DIRECTION('',(0.670631158860734,0.,-0.741790973768965));
#8608=DIRECTION('center_axis',(0.,-1.,0.));
#8609=DIRECTION('ref_axis',(0.,0.,-1.));
#8610=DIRECTION('',(0.711772171252696,0.,-0.702410404414843));
#8611=DIRECTION('center_axis',(0.,-1.,0.));
#8612=DIRECTION('ref_axis',(0.,0.,-1.));
#8613=DIRECTION('',(0.743294146247166,0.,-0.66896473162245));
#8614=DIRECTION('center_axis',(0.,-1.,0.));
#8615=DIRECTION('ref_axis',(0.,0.,-1.));
#8616=DIRECTION('',(0.743294146247166,0.,0.66896473162245));
#8617=DIRECTION('center_axis',(0.,-1.,0.));
#8618=DIRECTION('ref_axis',(0.,0.,-1.));
#8619=DIRECTION('',(0.711772171252696,0.,0.702410404414843));
#8620=DIRECTION('center_axis',(0.,-1.,0.));
#8621=DIRECTION('ref_axis',(0.,0.,-1.));
#8622=DIRECTION('',(0.670631158860734,0.,0.741790973768965));
#8623=DIRECTION('center_axis',(0.,-1.,0.));
#8624=DIRECTION('ref_axis',(0.,0.,-1.));
#8625=DIRECTION('',(0.623524162782611,0.,0.781804079310311));
#8626=DIRECTION('center_axis',(0.,-1.,0.));
#8627=DIRECTION('ref_axis',(0.,0.,-1.));
#8628=DIRECTION('',(0.576171432789038,0.,0.817328868961465));
#8629=DIRECTION('center_axis',(0.,-1.,0.));
#8630=DIRECTION('ref_axis',(0.,0.,-1.));
#8631=DIRECTION('',(0.534729146530573,0.,0.845023514377372));
#8632=DIRECTION('center_axis',(0.,-1.,0.));
#8633=DIRECTION('ref_axis',(0.,0.,-1.));
#8634=DIRECTION('',(0.503871025524086,0.,0.863778900898433));
#8635=DIRECTION('center_axis',(0.,-1.,0.));
#8636=DIRECTION('ref_axis',(0.,0.,-1.));
#8637=DIRECTION('',(0.485862538163977,0.,0.874035236136884));
#8638=DIRECTION('center_axis',(0.,-1.,0.));
#8639=DIRECTION('ref_axis',(0.,0.,-1.));
#8640=DIRECTION('',(0.18741858155204,0.,0.982280140941993));
#8641=DIRECTION('center_axis',(0.,-1.,0.));
#8642=DIRECTION('ref_axis',(0.,0.,-1.));
#8643=DIRECTION('',(0.485862538163977,0.,-0.874035236136884));
#8644=DIRECTION('center_axis',(0.,-1.,0.));
#8645=DIRECTION('ref_axis',(0.,0.,-1.));
#8646=DIRECTION('',(0.503871025524086,0.,-0.863778900898433));
#8647=DIRECTION('center_axis',(0.,-1.,0.));
#8648=DIRECTION('ref_axis',(0.,0.,-1.));
#8649=DIRECTION('',(0.534729146530573,0.,-0.845023514377372));
#8650=DIRECTION('center_axis',(0.,-1.,0.));
#8651=DIRECTION('ref_axis',(0.,0.,-1.));
#8652=DIRECTION('',(0.576171432789038,0.,-0.817328868961465));
#8653=DIRECTION('center_axis',(0.,-1.,0.));
#8654=DIRECTION('ref_axis',(0.,0.,-1.));
#8655=DIRECTION('',(0.623524015615638,0.,-0.781804196682615));
#8656=DIRECTION('center_axis',(0.,-1.,0.));
#8657=DIRECTION('ref_axis',(0.,0.,-1.));
#8658=DIRECTION('',(0.670631158860734,0.,-0.741790973768965));
#8659=DIRECTION('center_axis',(0.,-1.,0.));
#8660=DIRECTION('ref_axis',(0.,0.,-1.));
#8661=DIRECTION('',(0.711772318428146,0.,-0.702410255277799));
#8662=DIRECTION('center_axis',(0.,-1.,0.));
#8663=DIRECTION('ref_axis',(0.,0.,-1.));
#8664=DIRECTION('',(0.743294146247166,0.,-0.66896473162245));
#8665=DIRECTION('center_axis',(0.,-1.,0.));
#8666=DIRECTION('ref_axis',(0.,0.,-1.));
#8667=DIRECTION('',(0.743294146247166,0.,0.66896473162245));
#8668=DIRECTION('center_axis',(0.,-1.,0.));
#8669=DIRECTION('ref_axis',(0.,0.,-1.));
#8670=DIRECTION('',(0.711772318428146,0.,0.702410255277799));
#8671=DIRECTION('center_axis',(0.,-1.,0.));
#8672=DIRECTION('ref_axis',(0.,0.,-1.));
#8673=DIRECTION('',(0.670631158860734,0.,0.741790973768965));
#8674=DIRECTION('center_axis',(0.,-1.,0.));
#8675=DIRECTION('ref_axis',(0.,0.,-1.));
#8676=DIRECTION('',(0.623524015615638,0.,0.781804196682615));
#8677=DIRECTION('center_axis',(0.,-1.,0.));
#8678=DIRECTION('ref_axis',(0.,0.,-1.));
#8679=DIRECTION('',(0.576171432789038,0.,0.817328868961465));
#8680=DIRECTION('center_axis',(0.,-1.,0.));
#8681=DIRECTION('ref_axis',(0.,0.,-1.));
#8682=DIRECTION('',(0.534729146530573,0.,0.845023514377372));
#8683=DIRECTION('center_axis',(0.,-1.,0.));
#8684=DIRECTION('ref_axis',(0.,0.,-1.));
#8685=DIRECTION('',(0.503871025524086,0.,0.863778900898433));
#8686=DIRECTION('center_axis',(0.,-1.,0.));
#8687=DIRECTION('ref_axis',(0.,0.,-1.));
#8688=DIRECTION('',(0.485862538163977,0.,0.874035236136884));
#8689=DIRECTION('center_axis',(0.,-1.,0.));
#8690=DIRECTION('ref_axis',(0.,0.,-1.));
#8691=DIRECTION('',(0.975958017698306,0.,0.217958591687486));
#8692=DIRECTION('center_axis',(0.,-1.,0.));
#8693=DIRECTION('ref_axis',(0.,0.,-1.));
#8694=DIRECTION('center_axis',(0.,-1.,0.));
#8695=DIRECTION('ref_axis',(0.,0.,-1.));
#8696=DIRECTION('',(0.998902916044198,0.,-0.0468290969205879));
#8697=DIRECTION('center_axis',(0.,-1.,0.));
#8698=DIRECTION('ref_axis',(0.,0.,-1.));
#8699=DIRECTION('',(0.995636271363042,0.,0.0933188895470765));
#8700=DIRECTION('center_axis',(0.,-1.,0.));
#8701=DIRECTION('ref_axis',(0.,0.,-1.));
#8702=DIRECTION('',(0.98288005763451,0.,0.184246553032567));
#8703=DIRECTION('',(0.,0.,1.));
#8704=DIRECTION('center_axis',(0.,-1.,0.));
#8705=DIRECTION('ref_axis',(0.,0.,-1.));
#8706=DIRECTION('center_axis',(-1.,0.,0.));
#8707=DIRECTION('ref_axis',(0.,0.,1.));
#8708=DIRECTION('',(0.,0.894427190999916,-0.447213595499958));
#8709=DIRECTION('center_axis',(-1.,0.,0.));
#8710=DIRECTION('ref_axis',(0.,0.,1.));
#8711=DIRECTION('center_axis',(1.,0.,0.));
#8712=DIRECTION('ref_axis',(0.,0.,-1.));
#8713=DIRECTION('',(0.,0.894427190999916,0.447213595499958));
#8714=DIRECTION('center_axis',(1.,0.,0.));
#8715=DIRECTION('ref_axis',(0.,0.,-1.));
#8716=DIRECTION('center_axis',(1.,0.,0.));
#8717=DIRECTION('ref_axis',(0.,0.,-1.));
#8718=DIRECTION('',(0.,0.997054485501582,0.076696498884737));
#8719=DIRECTION('center_axis',(1.,0.,0.));
#8720=DIRECTION('ref_axis',(0.,0.,-1.));
#8721=DIRECTION('',(0.,0.,1.));
#8722=DIRECTION('',(0.,1.,0.));
#8723=DIRECTION('center_axis',(0.,0.,-1.));
#8724=DIRECTION('ref_axis',(-1.,0.,0.));
#8725=DIRECTION('',(0.152057184253941,-0.988371697650617,0.));
#8726=DIRECTION('center_axis',(0.,0.,-1.));
#8727=DIRECTION('ref_axis',(-1.,0.,0.));
#8728=DIRECTION('',(1.,0.,0.));
#8729=DIRECTION('center_axis',(0.,1.,0.));
#8730=DIRECTION('ref_axis',(0.,0.,1.));
#8731=DIRECTION('',(0.894427190999916,0.,-0.447213595499958));
#8732=DIRECTION('center_axis',(0.,1.,0.));
#8733=DIRECTION('ref_axis',(0.,0.,1.));
#8734=DIRECTION('center_axis',(1.,0.,0.));
#8735=DIRECTION('ref_axis',(0.,0.,-1.));
#8736=DIRECTION('',(0.,0.997054485501582,0.076696498884737));
#8737=DIRECTION('',(0.,1.,0.));
#8738=DIRECTION('',(0.,0.,1.));
#8739=DIRECTION('center_axis',(1.,0.,0.));
#8740=DIRECTION('ref_axis',(0.,0.,-1.));
#8741=DIRECTION('',(0.,0.,1.));
#8742=DIRECTION('',(0.,1.,0.));
#8743=DIRECTION('center_axis',(0.,0.,-1.));
#8744=DIRECTION('ref_axis',(-1.,0.,0.));
#8745=DIRECTION('',(0.152057184253941,-0.988371697650617,0.));
#8746=DIRECTION('',(1.,0.,0.));
#8747=DIRECTION('center_axis',(0.,0.,-1.));
#8748=DIRECTION('ref_axis',(-1.,0.,0.));
#8749=DIRECTION('',(1.,0.,0.));
#8750=DIRECTION('center_axis',(0.,1.,0.));
#8751=DIRECTION('ref_axis',(0.,0.,1.));
#8752=DIRECTION('',(0.894427190999916,0.,-0.447213595499958));
#8753=DIRECTION('',(1.,0.,0.));
#8754=DIRECTION('center_axis',(0.,1.,0.));
#8755=DIRECTION('ref_axis',(0.,0.,1.));
#8756=DIRECTION('center_axis',(0.,0.,1.));
#8757=DIRECTION('ref_axis',(1.,0.,0.));
#8758=DIRECTION('',(0.152057184253941,0.988371697650617,0.));
#8759=DIRECTION('',(1.,0.,0.));
#8760=DIRECTION('center_axis',(0.,0.,1.));
#8761=DIRECTION('ref_axis',(1.,0.,0.));
#8762=DIRECTION('center_axis',(0.,-1.,0.));
#8763=DIRECTION('ref_axis',(0.,0.,-1.));
#8764=DIRECTION('',(0.894427190999916,0.,0.447213595499958));
#8765=DIRECTION('center_axis',(0.,-1.,0.));
#8766=DIRECTION('ref_axis',(0.,0.,-1.));
#8767=DIRECTION('center_axis',(0.,-1.,0.));
#8768=DIRECTION('ref_axis',(0.,0.,-1.));
#8769=DIRECTION('',(0.997173015377816,0.,0.0751397192057223));
#8770=DIRECTION('',(1.,0.,0.));
#8771=DIRECTION('',(0.,0.,1.));
#8772=DIRECTION('center_axis',(0.,-1.,0.));
#8773=DIRECTION('ref_axis',(0.,0.,-1.));
#8774=DIRECTION('',(0.,0.,1.));
#8775=DIRECTION('',(1.,0.,0.));
#8776=DIRECTION('center_axis',(0.,0.,-1.));
#8777=DIRECTION('ref_axis',(-1.,0.,0.));
#8778=DIRECTION('',(0.988833779691375,0.149022669890423,0.));
#8779=DIRECTION('',(0.,1.,0.));
#8780=DIRECTION('center_axis',(0.,0.,-1.));
#8781=DIRECTION('ref_axis',(-1.,0.,0.));
#8782=DIRECTION('',(0.,1.,0.));
#8783=DIRECTION('center_axis',(1.,0.,0.));
#8784=DIRECTION('ref_axis',(0.,0.,-1.));
#8785=DIRECTION('',(0.,0.894427190999916,0.447213595499958));
#8786=DIRECTION('',(0.,1.,0.));
#8787=DIRECTION('center_axis',(1.,0.,0.));
#8788=DIRECTION('ref_axis',(0.,0.,-1.));
#8789=DIRECTION('center_axis',(0.,0.,1.));
#8790=DIRECTION('ref_axis',(1.,0.,0.));
#8791=DIRECTION('',(0.988833779691375,-0.149022669890423,0.));
#8792=DIRECTION('',(0.,1.,0.));
#8793=DIRECTION('center_axis',(0.,0.,1.));
#8794=DIRECTION('ref_axis',(1.,0.,0.));
#8795=DIRECTION('center_axis',(-1.,0.,0.));
#8796=DIRECTION('ref_axis',(0.,0.,1.));
#8797=DIRECTION('',(0.,0.894427190999916,-0.447213595499958));
#8798=DIRECTION('center_axis',(-1.,0.,0.));
#8799=DIRECTION('ref_axis',(0.,0.,1.));
#8800=CARTESIAN_POINT('',(0.,0.,0.));
#8801=CARTESIAN_POINT('Origin',(-161.65408706665,227.,46.));
#8802=CARTESIAN_POINT('',(-208.844702353844,227.,74.));
#8803=CARTESIAN_POINT('',(-209.837492296773,227.,74.));
#8804=CARTESIAN_POINT('',(-188.327043533325,227.,74.));
#8805=CARTESIAN_POINT('',(-161.65408706665,227.,46.));
#8806=CARTESIAN_POINT('',(-215.,227.,77.));
#8807=CARTESIAN_POINT('',(-161.65408706665,227.,51.));
#8808=CARTESIAN_POINT('',(-161.65408706665,227.,46.));
#8809=CARTESIAN_POINT('',(-215.,227.,77.));
#8810=CARTESIAN_POINT('Origin',(-215.,227.,-4.));
#8811=CARTESIAN_POINT('',(-215.,227.,74.));
#8812=CARTESIAN_POINT('',(-215.,227.,74.));
#8813=CARTESIAN_POINT('',(-215.,227.,-4.));
#8814=CARTESIAN_POINT('',(-215.,227.,-4.));
#8815=CARTESIAN_POINT('',(-215.,227.,-4.));
#8816=CARTESIAN_POINT('Origin',(-55.,227.,40.));
#8817=CARTESIAN_POINT('',(-55.,231.,74.));
#8818=CARTESIAN_POINT('',(-55.,230.675675675676,74.));
#8819=CARTESIAN_POINT('',(-55.,227.,74.));
#8820=CARTESIAN_POINT('',(-55.,227.,40.));
#8821=CARTESIAN_POINT('',(-55.,227.,40.));
#8822=CARTESIAN_POINT('',(-55.,231.,40.));
#8823=CARTESIAN_POINT('',(-55.,227.,40.));
#8824=CARTESIAN_POINT('',(-55.,231.,40.));
#8825=CARTESIAN_POINT('Origin',(-55.,227.,77.));
#8826=CARTESIAN_POINT('',(-55.,227.,74.));
#8827=CARTESIAN_POINT('',(-55.,227.,74.));
#8828=CARTESIAN_POINT('',(-55.,227.,40.));
#8829=CARTESIAN_POINT('Origin',(-215.,-2.00000000000003,77.));
#8830=CARTESIAN_POINT('',(-215.,214.653846153846,74.));
#8831=CARTESIAN_POINT('',(-215.,12.0769230769231,74.));
#8832=CARTESIAN_POINT('',(-215.,112.5,74.));
#8833=CARTESIAN_POINT('',(-215.,120.,51.));
#8834=CARTESIAN_POINT('',(-215.,-2.00000000000003,77.));
#8835=CARTESIAN_POINT('',(-215.,120.,51.));
#8836=CARTESIAN_POINT('Origin',(-215.,-2.00000000000003,40.0173149108887));
#8837=CARTESIAN_POINT('',(-215.,-2.00000000000003,74.));
#8838=CARTESIAN_POINT('',(-215.,112.5,74.));
#8839=CARTESIAN_POINT('',(-215.,-2.00000000000003,40.0173149108887));
#8840=CARTESIAN_POINT('',(-215.,-2.00000000000003,40.0173149108887));
#8841=CARTESIAN_POINT('',(-215.,-2.00000000000003,40.0173149108887));
#8842=CARTESIAN_POINT('Origin',(-219.,-2.00000000000003,40.0173149108887));
#8843=CARTESIAN_POINT('',(-215.324476169621,-2.00000000000003,74.));
#8844=CARTESIAN_POINT('',(-217.,-2.00000000000003,74.));
#8845=CARTESIAN_POINT('',(-219.,-2.00000000000003,40.0173149108887));
#8846=CARTESIAN_POINT('',(-219.,-2.00000000000003,40.0173149108887));
#8847=CARTESIAN_POINT('',(-219.,-2.00000000000003,40.0173149108887));
#8848=CARTESIAN_POINT('Origin',(-219.,-2.00000000000003,77.));
#8849=CARTESIAN_POINT('',(-219.,-2.00000000000003,74.));
#8850=CARTESIAN_POINT('',(-217.,-2.00000000000003,74.));
#8851=CARTESIAN_POINT('',(-219.,-2.00000000000003,40.0173149108887));
#8852=CARTESIAN_POINT('Origin',(-219.,-2.00000000000003,74.));
#8853=CARTESIAN_POINT('',(-219.,212.099263119599,74.));
#8854=CARTESIAN_POINT('',(-219.,231.,74.));
#8855=CARTESIAN_POINT('',(-219.,114.5,74.));
#8856=CARTESIAN_POINT('',(-219.,-2.00000000000003,74.));
#8857=CARTESIAN_POINT('',(-215.,222.153846153846,74.));
#8858=CARTESIAN_POINT('',(-215.,173.5,74.));
#8859=CARTESIAN_POINT('',(-215.,222.935483870968,74.));
#8860=CARTESIAN_POINT('',(-215.,227.,74.));
#8861=CARTESIAN_POINT('',(-215.,227.,74.));
#8862=CARTESIAN_POINT('',(-67.3062408153822,227.,74.));
#8863=CARTESIAN_POINT('',(-135.,227.,74.));
#8864=CARTESIAN_POINT('',(-59.6499422513522,227.,74.));
#8865=CARTESIAN_POINT('',(-155.149749755859,227.,74.));
#8866=CARTESIAN_POINT('',(-135.,227.,74.));
#8867=CARTESIAN_POINT('',(-205.702702702703,231.,74.));
#8868=CARTESIAN_POINT('',(-96.,231.,74.));
#8869=CARTESIAN_POINT('',(-96.,231.,74.));
#8870=CARTESIAN_POINT('Origin',(-219.,-2.00000000000003,40.0173149108887));
#8871=CARTESIAN_POINT('',(-219.,-2.00000000000003,40.0173149108887));
#8872=CARTESIAN_POINT('Origin',(-219.,231.,-4.));
#8873=CARTESIAN_POINT('',(-219.,231.,-4.));
#8874=CARTESIAN_POINT('',(-219.,231.,-4.));
#8875=CARTESIAN_POINT('',(-219.,-2.00000000000003,40.0173149108887));
#8876=CARTESIAN_POINT('Origin',(-95.2994995117187,227.,6.));
#8877=CARTESIAN_POINT('',(-71.,227.,-0.0297273678678456));
#8878=CARTESIAN_POINT('',(-71.,227.,-2.01486368393393));
#8879=CARTESIAN_POINT('',(-71.,227.,3.00000000000001));
#8880=CARTESIAN_POINT('',(-55.,227.,-4.));
#8881=CARTESIAN_POINT('',(-95.2994995117187,227.,1.));
#8882=CARTESIAN_POINT('',(-95.2994995117187,227.,6.));
#8883=CARTESIAN_POINT('Origin',(-95.2994995117187,227.,6.));
#8884=CARTESIAN_POINT('',(-76.,227.,-1.39450858516328));
#8885=CARTESIAN_POINT('',(-76.,227.,1.21098282967345));
#8886=CARTESIAN_POINT('',(-76.,227.,3.00000000000001));
#8887=CARTESIAN_POINT('',(-95.2994995117187,227.,6.));
#8888=CARTESIAN_POINT('',(-95.2994995117187,227.,6.));
#8889=CARTESIAN_POINT('',(-95.2994995117187,227.,1.));
#8890=CARTESIAN_POINT('',(-95.2994995117187,227.,1.));
#8891=CARTESIAN_POINT('',(-95.2994995117187,227.,1.));
#8892=CARTESIAN_POINT('Origin',(-95.2994995117187,227.,1.));
#8893=CARTESIAN_POINT('',(-71.,227.,-3.24991153925488));
#8894=CARTESIAN_POINT('',(-71.,227.,0.500000000000013));
#8895=CARTESIAN_POINT('',(-161.65408706665,227.,1.));
#8896=CARTESIAN_POINT('Origin',(-55.,231.,-4.));
#8897=CARTESIAN_POINT('',(-76.,231.,5.00000000000002));
#8898=CARTESIAN_POINT('',(-76.,231.,-4.));
#8899=CARTESIAN_POINT('',(-76.,231.,-1.99999999999999));
#8900=CARTESIAN_POINT('',(-219.,231.,-4.));
#8901=CARTESIAN_POINT('',(-55.,231.,15.));
#8902=CARTESIAN_POINT('',(-219.,231.,-4.));
#8903=CARTESIAN_POINT('',(-55.,231.,-4.));
#8904=CARTESIAN_POINT('',(-55.,231.,-4.));
#8905=CARTESIAN_POINT('',(-71.,231.,-4.));
#8906=CARTESIAN_POINT('',(-219.,231.,-4.));
#8907=CARTESIAN_POINT('',(-71.,231.,5.00000000000002));
#8908=CARTESIAN_POINT('',(-71.,231.,-1.99999999999999));
#8909=CARTESIAN_POINT('',(-63.,231.,5.00000000000002));
#8910=CARTESIAN_POINT('Origin',(-55.,227.,-4.));
#8911=CARTESIAN_POINT('',(-71.,227.,-4.));
#8912=CARTESIAN_POINT('',(-71.,227.,-1.99999999999999));
#8913=CARTESIAN_POINT('',(-215.,227.,-4.));
#8914=CARTESIAN_POINT('Origin',(-55.,231.,-4.));
#8915=CARTESIAN_POINT('',(-71.,230.6,-4.));
#8916=CARTESIAN_POINT('',(-71.,231.,-4.));
#8917=CARTESIAN_POINT('',(-215.,227.,-4.));
#8918=CARTESIAN_POINT('',(-55.,227.,-4.));
#8919=CARTESIAN_POINT('Origin',(-55.,231.,-4.));
#8920=CARTESIAN_POINT('',(-76.,230.475,-4.));
#8921=CARTESIAN_POINT('',(-76.,227.,-4.));
#8922=CARTESIAN_POINT('',(-76.,229.,-4.));
#8923=CARTESIAN_POINT('',(-215.,227.,-4.));
#8924=CARTESIAN_POINT('',(-215.,227.,-4.));
#8925=CARTESIAN_POINT('Origin',(-219.,231.,-4.));
#8926=CARTESIAN_POINT('',(-71.,231.,-4.));
#8927=CARTESIAN_POINT('Origin',(-76.,231.,5.00000000000002));
#8928=CARTESIAN_POINT('',(-76.,227.,-3.01550889527202));
#8929=CARTESIAN_POINT('',(-76.,227.,0.500000000000013));
#8930=CARTESIAN_POINT('',(-76.,227.,-1.99999999999999));
#8931=CARTESIAN_POINT('',(-76.,229.,-4.));
#8932=CARTESIAN_POINT('',(-76.,227.,5.00000000000002));
#8933=CARTESIAN_POINT('',(-76.,231.,5.00000000000002));
#8934=CARTESIAN_POINT('',(-76.,227.,10.));
#8935=CARTESIAN_POINT('Origin',(-71.,231.,2.33146835171283E-14));
#8936=CARTESIAN_POINT('',(-71.,227.,5.00000000000002));
#8937=CARTESIAN_POINT('',(-71.,227.,7.50000000000001));
#8938=CARTESIAN_POINT('',(-71.,231.,5.00000000000002));
#8939=CARTESIAN_POINT('Origin',(-71.,231.,5.00000000000002));
#8940=CARTESIAN_POINT('',(-63.,227.,5.00000000000002));
#8941=CARTESIAN_POINT('Origin',(-215.,-2.00000000000003,-4.));
#8942=CARTESIAN_POINT('',(-219.,-2.00000000000003,-4.));
#8943=CARTESIAN_POINT('',(-219.,-2.00000000000003,-4.));
#8944=CARTESIAN_POINT('',(-215.,-2.00000000000003,-4.));
#8945=CARTESIAN_POINT('',(-215.,-2.00000000000003,-4.));
#8946=CARTESIAN_POINT('',(-219.,-2.00000000000003,-4.));
#8947=CARTESIAN_POINT('Origin',(-219.,-2.00000000000003,-4.));
#8948=CARTESIAN_POINT('',(-219.,231.,-4.));
#8949=CARTESIAN_POINT('',(-219.,-2.00000000000003,-4.));
#8950=CARTESIAN_POINT('Origin',(-219.,231.,-4.));
#8951=CARTESIAN_POINT('Origin',(-55.,231.,77.));
#8952=CARTESIAN_POINT('',(-219.,231.,77.));
#8953=CARTESIAN_POINT('Origin',(-55.,231.,40.));
#8954=CARTESIAN_POINT('',(-219.,231.,-4.));
#8955=CARTESIAN_POINT('Origin',(-51.4488830566406,231.,33.6117706298828));
#8956=CARTESIAN_POINT('',(-51.5,231.,34.));
#8957=CARTESIAN_POINT('',(-55.,231.,40.));
#8958=CARTESIAN_POINT('',(-51.4488830566406,231.,33.6117706298828));
#8959=CARTESIAN_POINT('',(-51.5,231.,34.));
#8960=CARTESIAN_POINT('',(-55.,231.,40.));
#8961=CARTESIAN_POINT('Origin',(-51.5,231.,34.));
#8962=CARTESIAN_POINT('',(-51.4488830566406,231.,34.3882293701172));
#8963=CARTESIAN_POINT('',(-55.,231.,40.));
#8964=CARTESIAN_POINT('',(-51.5,231.,34.));
#8965=CARTESIAN_POINT('Origin',(-55.,231.,40.));
#8966=CARTESIAN_POINT('',(-51.2990417480468,231.,34.75));
#8967=CARTESIAN_POINT('',(-51.4488830566406,231.,34.3882293701172));
#8968=CARTESIAN_POINT('',(-55.,231.,40.));
#8969=CARTESIAN_POINT('Origin',(-51.2990417480468,231.,34.75));
#8970=CARTESIAN_POINT('',(-51.0606536865234,231.,35.060661315918));
#8971=CARTESIAN_POINT('',(-55.,231.,40.));
#8972=CARTESIAN_POINT('',(-51.2990417480468,231.,34.75));
#8973=CARTESIAN_POINT('Origin',(-51.0606536865234,231.,35.060661315918));
#8974=CARTESIAN_POINT('',(-50.75,231.,35.2990379333496));
#8975=CARTESIAN_POINT('',(-55.,231.,40.));
#8976=CARTESIAN_POINT('',(-51.0606536865234,231.,35.060661315918));
#8977=CARTESIAN_POINT('Origin',(-55.,231.,40.));
#8978=CARTESIAN_POINT('',(-50.3882293701172,231.,35.4488868713379));
#8979=CARTESIAN_POINT('',(-50.75,231.,35.2990379333496));
#8980=CARTESIAN_POINT('',(-55.,231.,40.));
#8981=CARTESIAN_POINT('Origin',(-48.5511169433594,231.,34.3882293701172));
#8982=CARTESIAN_POINT('',(-48.7009582519531,231.,34.75));
#8983=CARTESIAN_POINT('',(-45.,231.,40.));
#8984=CARTESIAN_POINT('',(-48.7009582519531,231.,34.75));
#8985=CARTESIAN_POINT('',(-48.5511169433594,231.,34.3882293701172));
#8986=CARTESIAN_POINT('',(-48.5511169433594,231.,34.3882293701172));
#8987=CARTESIAN_POINT('',(-48.7009582519531,231.,34.75));
#8988=CARTESIAN_POINT('Origin',(-48.7009582519531,231.,34.75));
#8989=CARTESIAN_POINT('',(-48.9393463134765,231.,35.060661315918));
#8990=CARTESIAN_POINT('',(-48.9393463134765,231.,35.060661315918));
#8991=CARTESIAN_POINT('',(-48.9393463134765,231.,35.060661315918));
#8992=CARTESIAN_POINT('Origin',(-48.9393463134765,231.,35.060661315918));
#8993=CARTESIAN_POINT('',(-49.25,231.,35.2990379333496));
#8994=CARTESIAN_POINT('',(-49.25,231.,35.2990379333496));
#8995=CARTESIAN_POINT('',(-49.25,231.,35.2990379333496));
#8996=CARTESIAN_POINT('Origin',(-49.25,231.,35.2990379333496));
#8997=CARTESIAN_POINT('',(-49.6117706298828,231.,35.4488868713379));
#8998=CARTESIAN_POINT('',(-49.6117706298828,231.,35.4488868713379));
#8999=CARTESIAN_POINT('',(-49.6117706298828,231.,35.4488868713379));
#9000=CARTESIAN_POINT('Origin',(-49.6117706298828,231.,35.4488868713379));
#9001=CARTESIAN_POINT('',(-50.,231.,35.5));
#9002=CARTESIAN_POINT('',(-50.,231.,35.5));
#9003=CARTESIAN_POINT('',(-50.,231.,35.5));
#9004=CARTESIAN_POINT('Origin',(-45.,231.,40.));
#9005=CARTESIAN_POINT('',(-55.,231.,40.));
#9006=CARTESIAN_POINT('',(-55.,231.,40.));
#9007=CARTESIAN_POINT('Origin',(-50.,231.,35.5));
#9008=CARTESIAN_POINT('',(-50.3882293701172,231.,35.4488868713379));
#9009=CARTESIAN_POINT('Origin',(-48.5511169433594,231.,21.3882293701172));
#9010=CARTESIAN_POINT('',(-48.5,231.,21.));
#9011=CARTESIAN_POINT('',(-45.,231.,15.));
#9012=CARTESIAN_POINT('',(-48.5,231.,21.));
#9013=CARTESIAN_POINT('',(-48.5511169433594,231.,21.3882293701172));
#9014=CARTESIAN_POINT('',(-48.5511169433594,231.,21.3882293701172));
#9015=CARTESIAN_POINT('',(-48.5511169433594,231.,21.3882293701172));
#9016=CARTESIAN_POINT('Origin',(-45.,231.,15.));
#9017=CARTESIAN_POINT('',(-48.5511169433594,231.,20.6117706298828));
#9018=CARTESIAN_POINT('',(-48.5511169433594,231.,20.6117706298828));
#9019=CARTESIAN_POINT('',(-48.5511169433594,231.,20.6117706298828));
#9020=CARTESIAN_POINT('Origin',(-48.5511169433594,231.,20.6117706298828));
#9021=CARTESIAN_POINT('',(-48.7009582519531,231.,20.25));
#9022=CARTESIAN_POINT('',(-48.7009582519531,231.,20.25));
#9023=CARTESIAN_POINT('',(-48.7009582519531,231.,20.25));
#9024=CARTESIAN_POINT('Origin',(-48.7009582519531,231.,20.25));
#9025=CARTESIAN_POINT('',(-48.9393463134765,231.,19.9393405914306));
#9026=CARTESIAN_POINT('',(-48.9393463134765,231.,19.9393405914306));
#9027=CARTESIAN_POINT('',(-48.9393463134765,231.,19.9393405914306));
#9028=CARTESIAN_POINT('Origin',(-45.,231.,15.));
#9029=CARTESIAN_POINT('',(-49.25,231.,19.7009620666504));
#9030=CARTESIAN_POINT('',(-49.25,231.,19.7009620666504));
#9031=CARTESIAN_POINT('',(-49.25,231.,19.7009620666504));
#9032=CARTESIAN_POINT('Origin',(-49.25,231.,19.7009620666504));
#9033=CARTESIAN_POINT('',(-49.6117706298828,231.,19.5511112213135));
#9034=CARTESIAN_POINT('',(-49.6117706298828,231.,19.5511112213135));
#9035=CARTESIAN_POINT('',(-49.6117706298828,231.,19.5511112213135));
#9036=CARTESIAN_POINT('Origin',(-49.6117706298828,231.,19.5511112213135));
#9037=CARTESIAN_POINT('',(-50.,231.,19.5));
#9038=CARTESIAN_POINT('',(-50.,231.,19.5));
#9039=CARTESIAN_POINT('',(-50.,231.,19.5));
#9040=CARTESIAN_POINT('Origin',(-45.,231.,15.));
#9041=CARTESIAN_POINT('',(-55.,231.,15.));
#9042=CARTESIAN_POINT('',(-55.,231.,15.));
#9043=CARTESIAN_POINT('Origin',(-55.,231.,15.));
#9044=CARTESIAN_POINT('',(-50.3882293701172,231.,19.5511112213135));
#9045=CARTESIAN_POINT('',(-50.3882293701172,231.,19.5511112213135));
#9046=CARTESIAN_POINT('',(-55.,231.,15.));
#9047=CARTESIAN_POINT('Origin',(-50.3882293701172,231.,19.5511112213135));
#9048=CARTESIAN_POINT('',(-50.75,231.,19.7009620666504));
#9049=CARTESIAN_POINT('',(-55.,231.,15.));
#9050=CARTESIAN_POINT('',(-50.75,231.,19.7009620666504));
#9051=CARTESIAN_POINT('Origin',(-50.75,231.,19.7009620666504));
#9052=CARTESIAN_POINT('',(-51.0606536865234,231.,19.9393405914306));
#9053=CARTESIAN_POINT('',(-55.,231.,15.));
#9054=CARTESIAN_POINT('',(-51.0606536865234,231.,19.9393405914306));
#9055=CARTESIAN_POINT('Origin',(-55.,231.,15.));
#9056=CARTESIAN_POINT('',(-51.2990417480468,231.,20.25));
#9057=CARTESIAN_POINT('',(-51.2990417480468,231.,20.25));
#9058=CARTESIAN_POINT('',(-55.,231.,15.));
#9059=CARTESIAN_POINT('Origin',(-51.2990417480468,231.,20.25));
#9060=CARTESIAN_POINT('',(-51.4488830566406,231.,20.6117706298828));
#9061=CARTESIAN_POINT('',(-55.,231.,15.));
#9062=CARTESIAN_POINT('',(-51.4488830566406,231.,20.6117706298828));
#9063=CARTESIAN_POINT('Origin',(-51.4488830566406,231.,20.6117706298828));
#9064=CARTESIAN_POINT('',(-51.5,231.,21.));
#9065=CARTESIAN_POINT('',(-55.,231.,15.));
#9066=CARTESIAN_POINT('',(-51.5,231.,21.));
#9067=CARTESIAN_POINT('Origin',(-55.,231.,15.));
#9068=CARTESIAN_POINT('',(-51.4488830566406,231.,21.3882293701172));
#9069=CARTESIAN_POINT('',(-51.5,231.,21.));
#9070=CARTESIAN_POINT('',(-55.,231.,15.));
#9071=CARTESIAN_POINT('Origin',(-219.,231.,-4.));
#9072=CARTESIAN_POINT('',(-55.,231.,15.));
#9073=CARTESIAN_POINT('Origin',(-55.,231.,15.));
#9074=CARTESIAN_POINT('',(-55.,231.,40.));
#9075=CARTESIAN_POINT('Origin',(-55.,231.,40.));
#9076=CARTESIAN_POINT('',(-51.4488830566406,231.,21.3882293701172));
#9077=CARTESIAN_POINT('Origin',(-51.4488830566406,231.,21.3882293701172));
#9078=CARTESIAN_POINT('',(-51.2990417480468,231.,21.75));
#9079=CARTESIAN_POINT('',(-51.4488830566406,231.,33.6117706298828));
#9080=CARTESIAN_POINT('',(-51.4488830566406,231.,21.3882293701172));
#9081=CARTESIAN_POINT('Origin',(-51.4488830566406,231.,33.6117706298828));
#9082=CARTESIAN_POINT('',(-51.2990417480468,231.,33.25));
#9083=CARTESIAN_POINT('',(-51.2990417480468,231.,21.75));
#9084=CARTESIAN_POINT('',(-51.4488830566406,231.,33.6117706298828));
#9085=CARTESIAN_POINT('Origin',(-51.2990417480468,231.,21.75));
#9086=CARTESIAN_POINT('',(-51.0606536865234,231.,22.0606594085694));
#9087=CARTESIAN_POINT('',(-51.2990417480468,231.,33.25));
#9088=CARTESIAN_POINT('',(-51.2990417480468,231.,21.75));
#9089=CARTESIAN_POINT('Origin',(-51.2990417480468,231.,33.25));
#9090=CARTESIAN_POINT('',(-51.0606536865234,231.,32.939338684082));
#9091=CARTESIAN_POINT('',(-51.0606536865234,231.,22.0606594085694));
#9092=CARTESIAN_POINT('',(-51.2990417480468,231.,33.25));
#9093=CARTESIAN_POINT('Origin',(-51.0606536865234,231.,22.0606594085694));
#9094=CARTESIAN_POINT('',(-50.75,231.,22.2990379333496));
#9095=CARTESIAN_POINT('',(-51.0606536865234,231.,32.939338684082));
#9096=CARTESIAN_POINT('',(-51.0606536865234,231.,22.0606594085694));
#9097=CARTESIAN_POINT('Origin',(-51.0606536865234,231.,32.939338684082));
#9098=CARTESIAN_POINT('',(-50.75,231.,32.7009620666504));
#9099=CARTESIAN_POINT('',(-50.75,231.,22.2990379333496));
#9100=CARTESIAN_POINT('',(-51.0606536865234,231.,32.939338684082));
#9101=CARTESIAN_POINT('Origin',(-50.75,231.,22.2990379333496));
#9102=CARTESIAN_POINT('',(-50.3882293701172,231.,22.4488887786865));
#9103=CARTESIAN_POINT('',(-50.75,231.,32.7009620666504));
#9104=CARTESIAN_POINT('',(-50.75,231.,22.2990379333496));
#9105=CARTESIAN_POINT('Origin',(-50.75,231.,32.7009620666504));
#9106=CARTESIAN_POINT('',(-50.3882293701172,231.,32.5511131286621));
#9107=CARTESIAN_POINT('',(-50.3882293701172,231.,22.4488887786865));
#9108=CARTESIAN_POINT('',(-50.75,231.,32.7009620666504));
#9109=CARTESIAN_POINT('Origin',(-48.5511169433594,231.,34.3882293701172));
#9110=CARTESIAN_POINT('',(-48.5,231.,34.));
#9111=CARTESIAN_POINT('',(-48.5,231.,34.));
#9112=CARTESIAN_POINT('',(-48.5511169433594,231.,34.3882293701172));
#9113=CARTESIAN_POINT('Origin',(-48.5,231.,34.));
#9114=CARTESIAN_POINT('',(-48.5511169433594,231.,33.6117706298828));
#9115=CARTESIAN_POINT('',(-48.5511169433594,231.,33.6117706298828));
#9116=CARTESIAN_POINT('',(-48.5511169433594,231.,33.6117706298828));
#9117=CARTESIAN_POINT('Origin',(-45.,231.,40.));
#9118=CARTESIAN_POINT('',(-48.5511169433594,231.,33.6117706298828));
#9119=CARTESIAN_POINT('',(-45.,231.,15.));
#9120=CARTESIAN_POINT('Origin',(-45.,231.,15.));
#9121=CARTESIAN_POINT('',(-48.5511169433594,231.,21.3882293701172));
#9122=CARTESIAN_POINT('Origin',(-48.5511169433594,231.,33.6117706298828));
#9123=CARTESIAN_POINT('',(-48.7009582519531,231.,33.25));
#9124=CARTESIAN_POINT('',(-48.7009582519531,231.,33.25));
#9125=CARTESIAN_POINT('',(-48.7009582519531,231.,33.25));
#9126=CARTESIAN_POINT('Origin',(-48.5511169433594,231.,21.3882293701172));
#9127=CARTESIAN_POINT('',(-48.7009582519531,231.,21.75));
#9128=CARTESIAN_POINT('',(-48.7009582519531,231.,21.75));
#9129=CARTESIAN_POINT('',(-48.7009582519531,231.,21.75));
#9130=CARTESIAN_POINT('Origin',(-48.7009582519531,231.,33.25));
#9131=CARTESIAN_POINT('',(-48.9393463134765,231.,32.939338684082));
#9132=CARTESIAN_POINT('',(-48.9393463134765,231.,32.939338684082));
#9133=CARTESIAN_POINT('',(-48.9393463134765,231.,32.939338684082));
#9134=CARTESIAN_POINT('Origin',(-48.7009582519531,231.,21.75));
#9135=CARTESIAN_POINT('',(-48.9393463134765,231.,22.0606594085694));
#9136=CARTESIAN_POINT('',(-48.9393463134765,231.,22.0606594085694));
#9137=CARTESIAN_POINT('',(-48.9393463134765,231.,22.0606594085694));
#9138=CARTESIAN_POINT('Origin',(-48.9393463134765,231.,32.939338684082));
#9139=CARTESIAN_POINT('',(-49.25,231.,32.7009620666504));
#9140=CARTESIAN_POINT('',(-49.25,231.,32.7009620666504));
#9141=CARTESIAN_POINT('',(-49.25,231.,32.7009620666504));
#9142=CARTESIAN_POINT('Origin',(-48.9393463134765,231.,22.0606594085694));
#9143=CARTESIAN_POINT('',(-49.25,231.,22.2990379333496));
#9144=CARTESIAN_POINT('',(-49.25,231.,22.2990379333496));
#9145=CARTESIAN_POINT('',(-49.25,231.,22.2990379333496));
#9146=CARTESIAN_POINT('Origin',(-49.25,231.,32.7009620666504));
#9147=CARTESIAN_POINT('',(-49.6117706298828,231.,32.5511131286621));
#9148=CARTESIAN_POINT('',(-49.6117706298828,231.,32.5511131286621));
#9149=CARTESIAN_POINT('',(-49.6117706298828,231.,32.5511131286621));
#9150=CARTESIAN_POINT('Origin',(-49.25,231.,22.2990379333496));
#9151=CARTESIAN_POINT('',(-49.6117706298828,231.,22.4488887786865));
#9152=CARTESIAN_POINT('',(-49.6117706298828,231.,22.4488887786865));
#9153=CARTESIAN_POINT('',(-49.6117706298828,231.,22.4488887786865));
#9154=CARTESIAN_POINT('Origin',(-49.6117706298828,231.,32.5511131286621));
#9155=CARTESIAN_POINT('',(-50.,231.,32.5));
#9156=CARTESIAN_POINT('',(-50.,231.,32.5));
#9157=CARTESIAN_POINT('',(-50.,231.,32.5));
#9158=CARTESIAN_POINT('Origin',(-49.6117706298828,231.,22.4488887786865));
#9159=CARTESIAN_POINT('',(-50.,231.,22.5));
#9160=CARTESIAN_POINT('',(-50.,231.,22.5));
#9161=CARTESIAN_POINT('',(-50.,231.,22.5));
#9162=CARTESIAN_POINT('Origin',(-50.,231.,32.5));
#9163=CARTESIAN_POINT('',(-50.3882293701172,231.,32.5511131286621));
#9164=CARTESIAN_POINT('',(-50.3882293701172,231.,32.5511131286621));
#9165=CARTESIAN_POINT('Origin',(-50.,231.,22.5));
#9166=CARTESIAN_POINT('',(-50.3882293701172,231.,22.4488887786865));
#9167=CARTESIAN_POINT('Origin',(-219.,-2.00000000000003,15.0173168182373));
#9168=CARTESIAN_POINT('',(-219.,-2.00000000000003,15.0173168182373));
#9169=CARTESIAN_POINT('',(-219.,-2.00000000000003,-4.));
#9170=CARTESIAN_POINT('',(-219.,-2.00000000000003,15.0173168182373));
#9171=CARTESIAN_POINT('Origin',(-219.,-8.44888877868655,34.4055442810059));
#9172=CARTESIAN_POINT('',(-219.,-12.,40.0173149108887));
#9173=CARTESIAN_POINT('',(-219.,-8.29903793334964,34.7673149108887));
#9174=CARTESIAN_POINT('',(-219.,-12.,40.0173149108887));
#9175=CARTESIAN_POINT('',(-219.,-8.44888877868655,34.4055442810059));
#9176=CARTESIAN_POINT('',(-219.,-8.44888877868655,34.4055442810059));
#9177=CARTESIAN_POINT('',(-219.,-12.,40.0173149108887));
#9178=CARTESIAN_POINT('Origin',(-219.,-8.29903793334964,34.7673149108887));
#9179=CARTESIAN_POINT('',(-219.,-8.06066036224365,35.0779762268066));
#9180=CARTESIAN_POINT('',(-219.,-12.,40.0173149108887));
#9181=CARTESIAN_POINT('',(-219.,-8.29903793334964,34.7673149108887));
#9182=CARTESIAN_POINT('Origin',(-219.,-12.,40.0173149108887));
#9183=CARTESIAN_POINT('',(-219.,-7.74999999999991,35.3163528442383));
#9184=CARTESIAN_POINT('',(-219.,-8.06066036224365,35.0779762268066));
#9185=CARTESIAN_POINT('',(-219.,-12.,40.0173149108887));
#9186=CARTESIAN_POINT('Origin',(-219.,-7.74999999999991,35.3163528442383));
#9187=CARTESIAN_POINT('',(-219.,-7.38822841644279,35.4662055969238));
#9188=CARTESIAN_POINT('',(-219.,-12.,40.0173149108887));
#9189=CARTESIAN_POINT('',(-219.,-7.74999999999991,35.3163528442383));
#9190=CARTESIAN_POINT('Origin',(-219.,-7.38822841644279,35.4662055969238));
#9191=CARTESIAN_POINT('',(-219.,-7.00000000000003,35.5173149108886));
#9192=CARTESIAN_POINT('',(-219.,-12.,40.0173149108887));
#9193=CARTESIAN_POINT('',(-219.,-7.38822841644279,35.4662055969238));
#9194=CARTESIAN_POINT('Origin',(-219.,-12.,40.0173149108887));
#9195=CARTESIAN_POINT('',(-219.,-7.00000000000003,35.5173149108886));
#9196=CARTESIAN_POINT('',(-219.,-12.,40.0173149108887));
#9197=CARTESIAN_POINT('Origin',(-219.,-7.00000000000003,35.5173149108886));
#9198=CARTESIAN_POINT('',(-219.,-6.61177158355713,35.4662055969238));
#9199=CARTESIAN_POINT('',(-219.,-6.61177158355713,35.4662055969238));
#9200=CARTESIAN_POINT('',(-219.,-7.00000000000003,35.5173149108886));
#9201=CARTESIAN_POINT('Origin',(-219.,-2.00000000000003,40.0173149108887));
#9202=CARTESIAN_POINT('',(-219.,-6.25,35.3163528442383));
#9203=CARTESIAN_POINT('',(-219.,-6.61177158355713,35.4662055969238));
#9204=CARTESIAN_POINT('',(-219.,-6.25,35.3163528442383));
#9205=CARTESIAN_POINT('Origin',(-219.,-6.25,35.3163528442383));
#9206=CARTESIAN_POINT('',(-219.,-5.93933963775626,35.0779762268066));
#9207=CARTESIAN_POINT('',(-219.,-5.93933963775626,35.0779762268066));
#9208=CARTESIAN_POINT('',(-219.,-6.25,35.3163528442383));
#9209=CARTESIAN_POINT('Origin',(-219.,-5.93933963775626,35.0779762268066));
#9210=CARTESIAN_POINT('',(-219.,-5.70096206665042,34.7673149108887));
#9211=CARTESIAN_POINT('',(-219.,-5.70096206665042,34.7673149108887));
#9212=CARTESIAN_POINT('',(-219.,-5.93933963775626,35.0779762268066));
#9213=CARTESIAN_POINT('Origin',(-219.,-2.00000000000003,40.0173149108887));
#9214=CARTESIAN_POINT('',(-219.,-5.5511112213135,34.4055442810059));
#9215=CARTESIAN_POINT('',(-219.,-5.70096206665042,34.7673149108887));
#9216=CARTESIAN_POINT('',(-219.,-5.5511112213135,34.4055442810059));
#9217=CARTESIAN_POINT('Origin',(-219.,-8.44888877868655,33.6290893554688));
#9218=CARTESIAN_POINT('',(-219.,-8.49999999999994,34.0173149108887));
#9219=CARTESIAN_POINT('',(-219.,-12.,40.0173149108887));
#9220=CARTESIAN_POINT('',(-219.,-8.44888877868655,33.6290893554688));
#9221=CARTESIAN_POINT('',(-219.,-8.49999999999994,34.0173149108887));
#9222=CARTESIAN_POINT('',(-219.,-12.,40.0173149108887));
#9223=CARTESIAN_POINT('Origin',(-219.,-12.,40.0173149108887));
#9224=CARTESIAN_POINT('',(-219.,-8.49999999999994,34.0173149108887));
#9225=CARTESIAN_POINT('Origin',(-219.,-12.,15.0173168182373));
#9226=CARTESIAN_POINT('',(-219.,-8.44888877868655,21.4055442810058));
#9227=CARTESIAN_POINT('',(-219.,-12.,40.0173149108887));
#9228=CARTESIAN_POINT('',(-219.,-12.,15.0173168182373));
#9229=CARTESIAN_POINT('',(-219.,-12.,15.0173168182373));
#9230=CARTESIAN_POINT('',(-219.,-12.,15.0173168182373));
#9231=CARTESIAN_POINT('Origin',(-219.,-12.,40.0173149108887));
#9232=CARTESIAN_POINT('',(-219.,-8.44888877868655,21.4055442810058));
#9233=CARTESIAN_POINT('Origin',(-219.,-8.44888877868655,21.4055442810058));
#9234=CARTESIAN_POINT('',(-219.,-8.29903793334964,21.7673168182373));
#9235=CARTESIAN_POINT('',(-219.,-8.44888877868655,33.6290893554688));
#9236=CARTESIAN_POINT('',(-219.,-8.44888877868655,21.4055442810058));
#9237=CARTESIAN_POINT('Origin',(-219.,-8.44888877868655,33.6290893554688));
#9238=CARTESIAN_POINT('',(-219.,-8.29903793334964,33.2673149108887));
#9239=CARTESIAN_POINT('',(-219.,-8.29903793334964,21.7673168182373));
#9240=CARTESIAN_POINT('',(-219.,-8.44888877868655,33.6290893554688));
#9241=CARTESIAN_POINT('Origin',(-219.,-8.29903793334964,21.7673168182373));
#9242=CARTESIAN_POINT('',(-219.,-8.06066036224365,22.0779762268066));
#9243=CARTESIAN_POINT('',(-219.,-8.29903793334964,33.2673149108887));
#9244=CARTESIAN_POINT('',(-219.,-8.29903793334964,21.7673168182373));
#9245=CARTESIAN_POINT('Origin',(-219.,-8.29903793334964,33.2673149108887));
#9246=CARTESIAN_POINT('',(-219.,-8.06066036224365,32.956657409668));
#9247=CARTESIAN_POINT('',(-219.,-8.06066036224365,22.0779762268066));
#9248=CARTESIAN_POINT('',(-219.,-8.29903793334964,33.2673149108887));
#9249=CARTESIAN_POINT('Origin',(-219.,-8.06066036224365,22.0779762268066));
#9250=CARTESIAN_POINT('',(-219.,-7.74999999999991,22.3163547515869));
#9251=CARTESIAN_POINT('',(-219.,-8.06066036224365,32.956657409668));
#9252=CARTESIAN_POINT('',(-219.,-8.06066036224365,22.0779762268066));
#9253=CARTESIAN_POINT('Origin',(-219.,-8.06066036224365,32.956657409668));
#9254=CARTESIAN_POINT('',(-219.,-7.74999999999991,32.718276977539));
#9255=CARTESIAN_POINT('',(-219.,-7.74999999999991,22.3163547515869));
#9256=CARTESIAN_POINT('',(-219.,-8.06066036224365,32.956657409668));
#9257=CARTESIAN_POINT('Origin',(-219.,-7.74999999999991,22.3163547515869));
#9258=CARTESIAN_POINT('',(-219.,-7.38822841644279,22.4662055969238));
#9259=CARTESIAN_POINT('',(-219.,-7.74999999999991,32.718276977539));
#9260=CARTESIAN_POINT('',(-219.,-7.74999999999991,22.3163547515869));
#9261=CARTESIAN_POINT('Origin',(-219.,-7.74999999999991,32.718276977539));
#9262=CARTESIAN_POINT('',(-219.,-7.38822841644279,32.5684280395508));
#9263=CARTESIAN_POINT('',(-219.,-7.38822841644279,22.4662055969238));
#9264=CARTESIAN_POINT('',(-219.,-7.74999999999991,32.718276977539));
#9265=CARTESIAN_POINT('Origin',(-219.,-7.38822841644279,22.4662055969238));
#9266=CARTESIAN_POINT('',(-219.,-7.00000000000003,22.5173168182373));
#9267=CARTESIAN_POINT('',(-219.,-7.38822841644279,32.5684280395508));
#9268=CARTESIAN_POINT('',(-219.,-7.38822841644279,22.4662055969238));
#9269=CARTESIAN_POINT('Origin',(-219.,-7.38822841644279,32.5684280395508));
#9270=CARTESIAN_POINT('',(-219.,-7.00000000000003,32.5173149108887));
#9271=CARTESIAN_POINT('',(-219.,-7.00000000000003,22.5173168182373));
#9272=CARTESIAN_POINT('',(-219.,-7.38822841644279,32.5684280395508));
#9273=CARTESIAN_POINT('Origin',(-219.,-7.00000000000003,22.5173168182373));
#9274=CARTESIAN_POINT('',(-219.,-6.61177158355713,22.4662055969238));
#9275=CARTESIAN_POINT('',(-219.,-7.00000000000003,32.5173149108887));
#9276=CARTESIAN_POINT('',(-219.,-7.00000000000003,22.5173168182373));
#9277=CARTESIAN_POINT('Origin',(-219.,-7.00000000000003,32.5173149108887));
#9278=CARTESIAN_POINT('',(-219.,-6.61177158355713,32.5684280395508));
#9279=CARTESIAN_POINT('',(-219.,-6.61177158355713,22.4662055969238));
#9280=CARTESIAN_POINT('',(-219.,-7.00000000000003,32.5173149108887));
#9281=CARTESIAN_POINT('Origin',(-219.,-6.61177158355713,22.4662055969238));
#9282=CARTESIAN_POINT('',(-219.,-6.25,22.3163547515869));
#9283=CARTESIAN_POINT('',(-219.,-6.61177158355713,32.5684280395508));
#9284=CARTESIAN_POINT('',(-219.,-6.61177158355713,22.4662055969238));
#9285=CARTESIAN_POINT('Origin',(-219.,-6.61177158355713,32.5684280395508));
#9286=CARTESIAN_POINT('',(-219.,-6.25,32.718276977539));
#9287=CARTESIAN_POINT('',(-219.,-6.25,22.3163547515869));
#9288=CARTESIAN_POINT('',(-219.,-6.61177158355713,32.5684280395508));
#9289=CARTESIAN_POINT('Origin',(-219.,-6.25,22.3163547515869));
#9290=CARTESIAN_POINT('',(-219.,-5.93933963775626,22.0779762268066));
#9291=CARTESIAN_POINT('',(-219.,-6.25,32.718276977539));
#9292=CARTESIAN_POINT('',(-219.,-6.25,22.3163547515869));
#9293=CARTESIAN_POINT('Origin',(-219.,-6.25,32.718276977539));
#9294=CARTESIAN_POINT('',(-219.,-5.93933963775626,32.956657409668));
#9295=CARTESIAN_POINT('',(-219.,-5.93933963775626,22.0779762268066));
#9296=CARTESIAN_POINT('',(-219.,-6.25,32.718276977539));
#9297=CARTESIAN_POINT('Origin',(-219.,-5.93933963775626,22.0779762268066));
#9298=CARTESIAN_POINT('',(-219.,-5.70096206665042,21.7673168182373));
#9299=CARTESIAN_POINT('',(-219.,-5.93933963775626,32.956657409668));
#9300=CARTESIAN_POINT('',(-219.,-5.93933963775626,22.0779762268066));
#9301=CARTESIAN_POINT('Origin',(-219.,-5.93933963775626,32.956657409668));
#9302=CARTESIAN_POINT('',(-219.,-5.70096206665042,33.2673149108887));
#9303=CARTESIAN_POINT('',(-219.,-5.70096206665042,21.7673168182373));
#9304=CARTESIAN_POINT('',(-219.,-5.93933963775626,32.956657409668));
#9305=CARTESIAN_POINT('Origin',(-219.,-5.70096206665042,21.7673168182373));
#9306=CARTESIAN_POINT('',(-219.,-5.5511112213135,21.4055442810058));
#9307=CARTESIAN_POINT('',(-219.,-5.70096206665042,33.2673149108887));
#9308=CARTESIAN_POINT('',(-219.,-5.70096206665042,21.7673168182373));
#9309=CARTESIAN_POINT('Origin',(-219.,-5.70096206665042,33.2673149108887));
#9310=CARTESIAN_POINT('',(-219.,-5.5511112213135,33.6290893554688));
#9311=CARTESIAN_POINT('',(-219.,-5.5511112213135,21.4055442810058));
#9312=CARTESIAN_POINT('',(-219.,-5.70096206665042,33.2673149108887));
#9313=CARTESIAN_POINT('Origin',(-219.,-5.5511112213135,34.4055442810059));
#9314=CARTESIAN_POINT('',(-219.,-5.49999999999997,34.0173149108887));
#9315=CARTESIAN_POINT('',(-219.,-5.49999999999997,34.0173149108887));
#9316=CARTESIAN_POINT('',(-219.,-5.5511112213135,34.4055442810059));
#9317=CARTESIAN_POINT('Origin',(-219.,-5.49999999999997,34.0173149108887));
#9318=CARTESIAN_POINT('',(-219.,-5.5511112213135,33.6290893554688));
#9319=CARTESIAN_POINT('',(-219.,-5.5511112213135,33.6290893554688));
#9320=CARTESIAN_POINT('Origin',(-219.,-2.00000000000003,40.0173149108887));
#9321=CARTESIAN_POINT('',(-219.,-5.5511112213135,33.6290893554688));
#9322=CARTESIAN_POINT('Origin',(-219.,-5.5511112213135,33.6290893554688));
#9323=CARTESIAN_POINT('',(-219.,-5.5511112213135,21.4055442810058));
#9324=CARTESIAN_POINT('Origin',(-219.,231.,-4.));
#9325=CARTESIAN_POINT('',(-219.,-5.5511112213135,21.4055442810058));
#9326=CARTESIAN_POINT('Origin',(-219.,-5.5511112213135,21.4055442810058));
#9327=CARTESIAN_POINT('',(-219.,-5.49999999999997,21.0173168182373));
#9328=CARTESIAN_POINT('',(-219.,-5.49999999999997,21.0173168182373));
#9329=CARTESIAN_POINT('',(-219.,-5.5511112213135,21.4055442810058));
#9330=CARTESIAN_POINT('Origin',(-219.,-2.00000000000003,15.0173168182373));
#9331=CARTESIAN_POINT('',(-219.,-5.5511112213135,20.6290874481201));
#9332=CARTESIAN_POINT('',(-219.,-5.5511112213135,20.6290874481201));
#9333=CARTESIAN_POINT('',(-219.,-5.5511112213135,20.6290874481201));
#9334=CARTESIAN_POINT('Origin',(-219.,-5.5511112213135,20.6290874481201));
#9335=CARTESIAN_POINT('',(-219.,-5.70096206665042,20.2673168182373));
#9336=CARTESIAN_POINT('',(-219.,-5.70096206665042,20.2673168182373));
#9337=CARTESIAN_POINT('',(-219.,-5.70096206665042,20.2673168182373));
#9338=CARTESIAN_POINT('Origin',(-219.,-5.70096206665042,20.2673168182373));
#9339=CARTESIAN_POINT('',(-219.,-5.93933963775626,19.956657409668));
#9340=CARTESIAN_POINT('',(-219.,-5.93933963775626,19.956657409668));
#9341=CARTESIAN_POINT('',(-219.,-5.93933963775626,19.956657409668));
#9342=CARTESIAN_POINT('Origin',(-219.,-2.00000000000003,15.0173168182373));
#9343=CARTESIAN_POINT('',(-219.,-6.25,19.7182788848877));
#9344=CARTESIAN_POINT('',(-219.,-6.25,19.7182788848877));
#9345=CARTESIAN_POINT('',(-219.,-6.25,19.7182788848877));
#9346=CARTESIAN_POINT('Origin',(-219.,-6.25,19.7182788848877));
#9347=CARTESIAN_POINT('',(-219.,-6.61177158355713,19.5684280395508));
#9348=CARTESIAN_POINT('',(-219.,-6.61177158355713,19.5684280395508));
#9349=CARTESIAN_POINT('',(-219.,-6.61177158355713,19.5684280395508));
#9350=CARTESIAN_POINT('Origin',(-219.,-6.61177158355713,19.5684280395508));
#9351=CARTESIAN_POINT('',(-219.,-7.00000000000003,19.5173168182373));
#9352=CARTESIAN_POINT('',(-219.,-7.00000000000003,19.5173168182373));
#9353=CARTESIAN_POINT('',(-219.,-7.00000000000003,19.5173168182373));
#9354=CARTESIAN_POINT('Origin',(-219.,-2.00000000000003,15.0173168182373));
#9355=CARTESIAN_POINT('',(-219.,-12.,15.0173168182373));
#9356=CARTESIAN_POINT('',(-219.,-12.,15.0173168182373));
#9357=CARTESIAN_POINT('Origin',(-219.,-12.,15.0173168182373));
#9358=CARTESIAN_POINT('',(-219.,-7.38822841644279,19.5684280395508));
#9359=CARTESIAN_POINT('',(-219.,-7.38822841644279,19.5684280395508));
#9360=CARTESIAN_POINT('',(-219.,-12.,15.0173168182373));
#9361=CARTESIAN_POINT('Origin',(-219.,-7.38822841644279,19.5684280395508));
#9362=CARTESIAN_POINT('',(-219.,-7.74999999999991,19.7182788848877));
#9363=CARTESIAN_POINT('',(-219.,-12.,15.0173168182373));
#9364=CARTESIAN_POINT('',(-219.,-7.74999999999991,19.7182788848877));
#9365=CARTESIAN_POINT('Origin',(-219.,-7.74999999999991,19.7182788848877));
#9366=CARTESIAN_POINT('',(-219.,-8.06066036224365,19.956657409668));
#9367=CARTESIAN_POINT('',(-219.,-12.,15.0173168182373));
#9368=CARTESIAN_POINT('',(-219.,-8.06066036224365,19.956657409668));
#9369=CARTESIAN_POINT('Origin',(-219.,-12.,15.0173168182373));
#9370=CARTESIAN_POINT('',(-219.,-8.29903793334964,20.2673168182373));
#9371=CARTESIAN_POINT('',(-219.,-8.29903793334964,20.2673168182373));
#9372=CARTESIAN_POINT('',(-219.,-12.,15.0173168182373));
#9373=CARTESIAN_POINT('Origin',(-219.,-8.29903793334964,20.2673168182373));
#9374=CARTESIAN_POINT('',(-219.,-8.44888877868655,20.6290874481201));
#9375=CARTESIAN_POINT('',(-219.,-12.,15.0173168182373));
#9376=CARTESIAN_POINT('',(-219.,-8.44888877868655,20.6290874481201));
#9377=CARTESIAN_POINT('Origin',(-219.,-8.44888877868655,20.6290874481201));
#9378=CARTESIAN_POINT('',(-219.,-8.49999999999994,21.0173168182373));
#9379=CARTESIAN_POINT('',(-219.,-12.,15.0173168182373));
#9380=CARTESIAN_POINT('',(-219.,-8.49999999999994,21.0173168182373));
#9381=CARTESIAN_POINT('Origin',(-219.,-12.,15.0173168182373));
#9382=CARTESIAN_POINT('',(-219.,-8.49999999999994,21.0173168182373));
#9383=CARTESIAN_POINT('Origin',(-215.,-5.5511112213135,34.4055442810059));
#9384=CARTESIAN_POINT('',(-215.,-5.70096206665042,34.7673149108887));
#9385=CARTESIAN_POINT('',(-215.,-5.70096206665042,34.7673149108887));
#9386=CARTESIAN_POINT('',(-215.,-5.5511112213135,34.4055442810059));
#9387=CARTESIAN_POINT('',(-215.,-5.70096206665042,34.7673149108887));
#9388=CARTESIAN_POINT('',(-215.,-5.5511112213135,34.4055442810059));
#9389=CARTESIAN_POINT('Origin',(-215.,-5.70096206665042,34.7673149108887));
#9390=CARTESIAN_POINT('',(-215.,-5.93933963775626,35.0779762268066));
#9391=CARTESIAN_POINT('',(-215.,-5.93933963775626,35.0779762268066));
#9392=CARTESIAN_POINT('',(-215.,-5.93933963775626,35.0779762268066));
#9393=CARTESIAN_POINT('Origin',(-215.,-2.00000000000003,40.0173149108887));
#9394=CARTESIAN_POINT('',(-215.,-6.25,35.3163528442383));
#9395=CARTESIAN_POINT('',(-215.,-6.25,35.3163528442383));
#9396=CARTESIAN_POINT('',(-215.,-6.25,35.3163528442383));
#9397=CARTESIAN_POINT('Origin',(-215.,-6.25,35.3163528442383));
#9398=CARTESIAN_POINT('',(-215.,-6.61177158355713,35.4662055969238));
#9399=CARTESIAN_POINT('',(-215.,-6.61177158355713,35.4662055969238));
#9400=CARTESIAN_POINT('',(-215.,-6.61177158355713,35.4662055969238));
#9401=CARTESIAN_POINT('Origin',(-215.,-6.61177158355713,35.4662055969238));
#9402=CARTESIAN_POINT('',(-215.,-7.00000000000003,35.5173149108886));
#9403=CARTESIAN_POINT('',(-215.,-7.00000000000003,35.5173149108886));
#9404=CARTESIAN_POINT('',(-215.,-7.00000000000003,35.5173149108886));
#9405=CARTESIAN_POINT('Origin',(-215.,-2.00000000000003,40.0173149108887));
#9406=CARTESIAN_POINT('',(-215.,-12.,40.0173149108887));
#9407=CARTESIAN_POINT('',(-215.,-12.,40.0173149108887));
#9408=CARTESIAN_POINT('',(-215.,-12.,40.0173149108887));
#9409=CARTESIAN_POINT('Origin',(-215.,-7.00000000000003,35.5173149108886));
#9410=CARTESIAN_POINT('',(-215.,-7.38822841644279,35.4662055969238));
#9411=CARTESIAN_POINT('',(-215.,-12.,40.0173149108887));
#9412=CARTESIAN_POINT('',(-215.,-7.38822841644279,35.4662055969238));
#9413=CARTESIAN_POINT('Origin',(-215.,-12.,40.0173149108887));
#9414=CARTESIAN_POINT('',(-215.,-7.74999999999991,35.3163528442383));
#9415=CARTESIAN_POINT('',(-215.,-7.74999999999991,35.3163528442383));
#9416=CARTESIAN_POINT('',(-215.,-12.,40.0173149108887));
#9417=CARTESIAN_POINT('Origin',(-215.,-7.74999999999991,35.3163528442383));
#9418=CARTESIAN_POINT('',(-215.,-8.06066036224365,35.0779762268066));
#9419=CARTESIAN_POINT('',(-215.,-12.,40.0173149108887));
#9420=CARTESIAN_POINT('',(-215.,-8.06066036224365,35.0779762268066));
#9421=CARTESIAN_POINT('Origin',(-215.,-8.06066036224365,35.0779762268066));
#9422=CARTESIAN_POINT('',(-215.,-8.29903793334964,34.7673149108887));
#9423=CARTESIAN_POINT('',(-215.,-12.,40.0173149108887));
#9424=CARTESIAN_POINT('',(-215.,-8.29903793334964,34.7673149108887));
#9425=CARTESIAN_POINT('Origin',(-215.,-12.,40.0173149108887));
#9426=CARTESIAN_POINT('',(-215.,-8.44888877868655,34.4055442810059));
#9427=CARTESIAN_POINT('',(-215.,-8.44888877868655,34.4055442810059));
#9428=CARTESIAN_POINT('',(-215.,-12.,40.0173149108887));
#9429=CARTESIAN_POINT('Origin',(-215.,-8.44888877868655,34.4055442810059));
#9430=CARTESIAN_POINT('',(-215.,-8.49999999999994,34.0173149108887));
#9431=CARTESIAN_POINT('',(-215.,-12.,40.0173149108887));
#9432=CARTESIAN_POINT('',(-215.,-8.49999999999994,34.0173149108887));
#9433=CARTESIAN_POINT('Origin',(-215.,-8.49999999999994,34.0173149108887));
#9434=CARTESIAN_POINT('',(-215.,-8.44888877868655,33.6290893554688));
#9435=CARTESIAN_POINT('',(-215.,-12.,40.0173149108887));
#9436=CARTESIAN_POINT('',(-215.,-8.49999999999994,34.0173149108887));
#9437=CARTESIAN_POINT('Origin',(-215.,-12.,40.0173149108887));
#9438=CARTESIAN_POINT('',(-215.,-12.,15.0173168182373));
#9439=CARTESIAN_POINT('',(-215.,-12.,15.0173168182373));
#9440=CARTESIAN_POINT('',(-215.,-12.,15.0173168182373));
#9441=CARTESIAN_POINT('Origin',(-215.,-5.5511112213135,33.6290893554688));
#9442=CARTESIAN_POINT('',(-215.,-5.49999999999997,34.0173149108887));
#9443=CARTESIAN_POINT('',(-215.,-5.49999999999997,34.0173149108887));
#9444=CARTESIAN_POINT('',(-215.,-5.5511112213135,33.6290893554688));
#9445=CARTESIAN_POINT('',(-215.,-5.5511112213135,33.6290893554688));
#9446=CARTESIAN_POINT('',(-215.,-5.5511112213135,33.6290893554688));
#9447=CARTESIAN_POINT('Origin',(-215.,-2.00000000000003,40.0173149108887));
#9448=CARTESIAN_POINT('',(-215.,-5.5511112213135,34.4055442810059));
#9449=CARTESIAN_POINT('Origin',(-215.,120.,46.));
#9450=CARTESIAN_POINT('',(-215.,-5.70096206665042,21.7673168182373));
#9451=CARTESIAN_POINT('',(-215.,-5.70096206665042,33.2673149108887));
#9452=CARTESIAN_POINT('',(-215.,-5.70096206665042,21.7673168182373));
#9453=CARTESIAN_POINT('',(-215.,120.,46.));
#9454=CARTESIAN_POINT('',(-215.,-5.70096206665042,21.7673168182373));
#9455=CARTESIAN_POINT('',(-215.,-5.70096206665042,33.2673149108887));
#9456=CARTESIAN_POINT('Origin',(-215.,-5.70096206665042,21.7673168182373));
#9457=CARTESIAN_POINT('',(-215.,-5.93933963775626,22.0779762268066));
#9458=CARTESIAN_POINT('',(-215.,-5.93933963775626,22.0779762268066));
#9459=CARTESIAN_POINT('',(-215.,-5.93933963775626,22.0779762268066));
#9460=CARTESIAN_POINT('Origin',(-215.,-5.70096206665042,33.2673149108887));
#9461=CARTESIAN_POINT('',(-215.,-5.93933963775626,32.956657409668));
#9462=CARTESIAN_POINT('',(-215.,-5.93933963775626,22.0779762268066));
#9463=CARTESIAN_POINT('',(-215.,-5.93933963775626,32.956657409668));
#9464=CARTESIAN_POINT('Origin',(-215.,-5.93933963775626,22.0779762268066));
#9465=CARTESIAN_POINT('',(-215.,-6.25,22.3163547515869));
#9466=CARTESIAN_POINT('',(-215.,-6.25,22.3163547515869));
#9467=CARTESIAN_POINT('',(-215.,-6.25,22.3163547515869));
#9468=CARTESIAN_POINT('Origin',(-215.,-5.93933963775626,32.956657409668));
#9469=CARTESIAN_POINT('',(-215.,-6.25,32.718276977539));
#9470=CARTESIAN_POINT('',(-215.,-6.25,22.3163547515869));
#9471=CARTESIAN_POINT('',(-215.,-6.25,32.718276977539));
#9472=CARTESIAN_POINT('Origin',(-215.,-6.25,22.3163547515869));
#9473=CARTESIAN_POINT('',(-215.,-6.61177158355713,22.4662055969238));
#9474=CARTESIAN_POINT('',(-215.,-6.61177158355713,22.4662055969238));
#9475=CARTESIAN_POINT('',(-215.,-6.61177158355713,22.4662055969238));
#9476=CARTESIAN_POINT('Origin',(-215.,-6.25,32.718276977539));
#9477=CARTESIAN_POINT('',(-215.,-6.61177158355713,32.5684280395508));
#9478=CARTESIAN_POINT('',(-215.,-6.61177158355713,22.4662055969238));
#9479=CARTESIAN_POINT('',(-215.,-6.61177158355713,32.5684280395508));
#9480=CARTESIAN_POINT('Origin',(-215.,-6.61177158355713,22.4662055969238));
#9481=CARTESIAN_POINT('',(-215.,-7.00000000000003,22.5173168182373));
#9482=CARTESIAN_POINT('',(-215.,-7.00000000000003,22.5173168182373));
#9483=CARTESIAN_POINT('',(-215.,-7.00000000000003,22.5173168182373));
#9484=CARTESIAN_POINT('Origin',(-215.,-6.61177158355713,32.5684280395508));
#9485=CARTESIAN_POINT('',(-215.,-7.00000000000003,32.5173149108887));
#9486=CARTESIAN_POINT('',(-215.,-7.00000000000003,22.5173168182373));
#9487=CARTESIAN_POINT('',(-215.,-7.00000000000003,32.5173149108887));
#9488=CARTESIAN_POINT('Origin',(-215.,-7.00000000000003,22.5173168182373));
#9489=CARTESIAN_POINT('',(-215.,-7.38822841644279,22.4662055969238));
#9490=CARTESIAN_POINT('',(-215.,-7.38822841644279,22.4662055969238));
#9491=CARTESIAN_POINT('',(-215.,-7.38822841644279,22.4662055969238));
#9492=CARTESIAN_POINT('Origin',(-215.,-7.00000000000003,32.5173149108887));
#9493=CARTESIAN_POINT('',(-215.,-7.38822841644279,32.5684280395508));
#9494=CARTESIAN_POINT('',(-215.,-7.38822841644279,22.4662055969238));
#9495=CARTESIAN_POINT('',(-215.,-7.38822841644279,32.5684280395508));
#9496=CARTESIAN_POINT('Origin',(-215.,-7.38822841644279,22.4662055969238));
#9497=CARTESIAN_POINT('',(-215.,-7.74999999999991,22.3163547515869));
#9498=CARTESIAN_POINT('',(-215.,-7.74999999999991,22.3163547515869));
#9499=CARTESIAN_POINT('',(-215.,-7.74999999999991,22.3163547515869));
#9500=CARTESIAN_POINT('Origin',(-215.,-7.38822841644279,32.5684280395508));
#9501=CARTESIAN_POINT('',(-215.,-7.74999999999991,32.718276977539));
#9502=CARTESIAN_POINT('',(-215.,-7.74999999999991,22.3163547515869));
#9503=CARTESIAN_POINT('',(-215.,-7.74999999999991,32.718276977539));
#9504=CARTESIAN_POINT('Origin',(-215.,-7.74999999999991,22.3163547515869));
#9505=CARTESIAN_POINT('',(-215.,-8.06066036224365,22.0779762268066));
#9506=CARTESIAN_POINT('',(-215.,-8.06066036224365,22.0779762268066));
#9507=CARTESIAN_POINT('',(-215.,-8.06066036224365,22.0779762268066));
#9508=CARTESIAN_POINT('Origin',(-215.,-7.74999999999991,32.718276977539));
#9509=CARTESIAN_POINT('',(-215.,-8.06066036224365,32.956657409668));
#9510=CARTESIAN_POINT('',(-215.,-8.06066036224365,22.0779762268066));
#9511=CARTESIAN_POINT('',(-215.,-8.06066036224365,32.956657409668));
#9512=CARTESIAN_POINT('Origin',(-215.,-8.06066036224365,22.0779762268066));
#9513=CARTESIAN_POINT('',(-215.,-8.29903793334964,21.7673168182373));
#9514=CARTESIAN_POINT('',(-215.,-8.29903793334964,21.7673168182373));
#9515=CARTESIAN_POINT('',(-215.,-8.29903793334964,21.7673168182373));
#9516=CARTESIAN_POINT('Origin',(-215.,-8.06066036224365,32.956657409668));
#9517=CARTESIAN_POINT('',(-215.,-8.29903793334964,33.2673149108887));
#9518=CARTESIAN_POINT('',(-215.,-8.29903793334964,21.7673168182373));
#9519=CARTESIAN_POINT('',(-215.,-8.29903793334964,33.2673149108887));
#9520=CARTESIAN_POINT('Origin',(-215.,-8.29903793334964,33.2673149108887));
#9521=CARTESIAN_POINT('',(-215.,-8.44888877868655,33.6290893554688));
#9522=CARTESIAN_POINT('',(-215.,-8.44888877868655,33.6290893554688));
#9523=CARTESIAN_POINT('Origin',(-215.,-8.29903793334964,21.7673168182373));
#9524=CARTESIAN_POINT('',(-215.,-8.44888877868655,21.4055442810058));
#9525=CARTESIAN_POINT('',(-215.,-8.44888877868655,21.4055442810058));
#9526=CARTESIAN_POINT('',(-215.,-8.44888877868655,21.4055442810058));
#9527=CARTESIAN_POINT('Origin',(-215.,-8.44888877868655,33.6290893554688));
#9528=CARTESIAN_POINT('',(-215.,-12.,15.0173168182373));
#9529=CARTESIAN_POINT('Origin',(-215.,-8.44888877868655,21.4055442810058));
#9530=CARTESIAN_POINT('',(-215.,-8.49999999999994,21.0173168182373));
#9531=CARTESIAN_POINT('',(-215.,-12.,15.0173168182373));
#9532=CARTESIAN_POINT('',(-215.,-8.49999999999994,21.0173168182373));
#9533=CARTESIAN_POINT('Origin',(-215.,-12.,15.0173168182373));
#9534=CARTESIAN_POINT('',(-215.,-8.44888877868655,20.6290874481201));
#9535=CARTESIAN_POINT('',(-215.,-8.49999999999994,21.0173168182373));
#9536=CARTESIAN_POINT('',(-215.,-12.,15.0173168182373));
#9537=CARTESIAN_POINT('Origin',(-215.,-8.44888877868655,20.6290874481201));
#9538=CARTESIAN_POINT('',(-215.,-8.29903793334964,20.2673168182373));
#9539=CARTESIAN_POINT('',(-215.,-12.,15.0173168182373));
#9540=CARTESIAN_POINT('',(-215.,-8.44888877868655,20.6290874481201));
#9541=CARTESIAN_POINT('Origin',(-215.,-8.29903793334964,20.2673168182373));
#9542=CARTESIAN_POINT('',(-215.,-8.06066036224365,19.956657409668));
#9543=CARTESIAN_POINT('',(-215.,-12.,15.0173168182373));
#9544=CARTESIAN_POINT('',(-215.,-8.29903793334964,20.2673168182373));
#9545=CARTESIAN_POINT('Origin',(-215.,-12.,15.0173168182373));
#9546=CARTESIAN_POINT('',(-215.,-7.74999999999991,19.7182788848877));
#9547=CARTESIAN_POINT('',(-215.,-8.06066036224365,19.956657409668));
#9548=CARTESIAN_POINT('',(-215.,-12.,15.0173168182373));
#9549=CARTESIAN_POINT('Origin',(-215.,-7.74999999999991,19.7182788848877));
#9550=CARTESIAN_POINT('',(-215.,-7.38822841644279,19.5684280395508));
#9551=CARTESIAN_POINT('',(-215.,-12.,15.0173168182373));
#9552=CARTESIAN_POINT('',(-215.,-7.74999999999991,19.7182788848877));
#9553=CARTESIAN_POINT('Origin',(-215.,-7.38822841644279,19.5684280395508));
#9554=CARTESIAN_POINT('',(-215.,-7.00000000000003,19.5173168182373));
#9555=CARTESIAN_POINT('',(-215.,-12.,15.0173168182373));
#9556=CARTESIAN_POINT('',(-215.,-7.38822841644279,19.5684280395508));
#9557=CARTESIAN_POINT('Origin',(-215.,-12.,15.0173168182373));
#9558=CARTESIAN_POINT('',(-215.,-2.00000000000003,15.0173168182373));
#9559=CARTESIAN_POINT('',(-215.,-7.00000000000003,19.5173168182373));
#9560=CARTESIAN_POINT('',(-215.,-12.,15.0173168182373));
#9561=CARTESIAN_POINT('Origin',(-215.,-7.00000000000003,19.5173168182373));
#9562=CARTESIAN_POINT('',(-215.,-6.61177158355713,19.5684280395508));
#9563=CARTESIAN_POINT('',(-215.,-6.61177158355713,19.5684280395508));
#9564=CARTESIAN_POINT('',(-215.,-7.00000000000003,19.5173168182373));
#9565=CARTESIAN_POINT('Origin',(-215.,-6.61177158355713,19.5684280395508));
#9566=CARTESIAN_POINT('',(-215.,-6.25,19.7182788848877));
#9567=CARTESIAN_POINT('',(-215.,-6.25,19.7182788848877));
#9568=CARTESIAN_POINT('',(-215.,-6.61177158355713,19.5684280395508));
#9569=CARTESIAN_POINT('Origin',(-215.,-2.00000000000003,15.0173168182373));
#9570=CARTESIAN_POINT('',(-215.,-5.93933963775626,19.956657409668));
#9571=CARTESIAN_POINT('',(-215.,-6.25,19.7182788848877));
#9572=CARTESIAN_POINT('',(-215.,-5.93933963775626,19.956657409668));
#9573=CARTESIAN_POINT('Origin',(-215.,-5.93933963775626,19.956657409668));
#9574=CARTESIAN_POINT('',(-215.,-5.70096206665042,20.2673168182373));
#9575=CARTESIAN_POINT('',(-215.,-5.70096206665042,20.2673168182373));
#9576=CARTESIAN_POINT('',(-215.,-5.93933963775626,19.956657409668));
#9577=CARTESIAN_POINT('Origin',(-215.,-5.70096206665042,20.2673168182373));
#9578=CARTESIAN_POINT('',(-215.,-5.5511112213135,20.6290874481201));
#9579=CARTESIAN_POINT('',(-215.,-5.5511112213135,20.6290874481201));
#9580=CARTESIAN_POINT('',(-215.,-5.70096206665042,20.2673168182373));
#9581=CARTESIAN_POINT('Origin',(-215.,-2.00000000000003,15.0173168182373));
#9582=CARTESIAN_POINT('',(-215.,-5.49999999999997,21.0173168182373));
#9583=CARTESIAN_POINT('',(-215.,-5.5511112213135,20.6290874481201));
#9584=CARTESIAN_POINT('',(-215.,-5.49999999999997,21.0173168182373));
#9585=CARTESIAN_POINT('Origin',(-215.,-5.49999999999997,21.0173168182373));
#9586=CARTESIAN_POINT('',(-215.,-5.5511112213135,21.4055442810058));
#9587=CARTESIAN_POINT('',(-215.,-5.5511112213135,21.4055442810058));
#9588=CARTESIAN_POINT('',(-215.,-5.5511112213135,21.4055442810058));
#9589=CARTESIAN_POINT('Origin',(-215.,-5.5511112213135,21.4055442810058));
#9590=CARTESIAN_POINT('',(-215.,120.,6.));
#9591=CARTESIAN_POINT('',(-215.,-2.00000000000003,15.0173168182373));
#9592=CARTESIAN_POINT('',(-215.,-5.5511112213135,21.4055442810058));
#9593=CARTESIAN_POINT('Origin',(-215.,-2.00000000000003,15.0173168182373));
#9594=CARTESIAN_POINT('',(-215.,-2.00000000000003,-4.));
#9595=CARTESIAN_POINT('',(-215.,-2.00000000000003,-4.));
#9596=CARTESIAN_POINT('Origin',(-215.,120.,6.));
#9597=CARTESIAN_POINT('',(-215.,120.,1.));
#9598=CARTESIAN_POINT('',(-215.,-2.00000000000003,-4.));
#9599=CARTESIAN_POINT('',(-215.,120.,1.));
#9600=CARTESIAN_POINT('Origin',(-215.,-2.00000000000003,-4.));
#9601=CARTESIAN_POINT('',(-215.,120.,1.));
#9602=CARTESIAN_POINT('Origin',(-215.,227.,-4.));
#9603=CARTESIAN_POINT('',(-215.,185.,1.));
#9604=CARTESIAN_POINT('',(-215.,120.,1.));
#9605=CARTESIAN_POINT('',(-215.,185.,1.));
#9606=CARTESIAN_POINT('Origin',(-215.,-5.5511112213135,21.4055442810058));
#9607=CARTESIAN_POINT('',(-215.,-5.70096206665042,21.7673168182373));
#9608=CARTESIAN_POINT('',(-215.,-5.70096206665042,21.7673168182373));
#9609=CARTESIAN_POINT('Origin',(-215.,-5.70096206665042,21.7673168182373));
#9610=CARTESIAN_POINT('',(-215.,120.,6.));
#9611=CARTESIAN_POINT('Origin',(-215.,120.,6.));
#9612=CARTESIAN_POINT('',(-215.,185.,6.));
#9613=CARTESIAN_POINT('',(-215.,120.,46.));
#9614=CARTESIAN_POINT('',(-215.,120.,6.));
#9615=CARTESIAN_POINT('Origin',(-215.,185.,6.));
#9616=CARTESIAN_POINT('',(-215.,185.,46.));
#9617=CARTESIAN_POINT('',(-215.,120.,46.));
#9618=CARTESIAN_POINT('',(-215.,185.,6.));
#9619=CARTESIAN_POINT('Origin',(-215.,185.,1.));
#9620=CARTESIAN_POINT('',(-215.,185.,6.));
#9621=CARTESIAN_POINT('',(-215.,185.,1.));
#9622=CARTESIAN_POINT('Origin',(-215.,185.,6.));
#9623=CARTESIAN_POINT('',(-215.,185.,46.));
#9624=CARTESIAN_POINT('Origin',(-215.,227.,-4.));
#9625=CARTESIAN_POINT('',(-215.,185.,46.));
#9626=CARTESIAN_POINT('Origin',(-215.,227.,77.));
#9627=CARTESIAN_POINT('',(-215.,185.,51.));
#9628=CARTESIAN_POINT('',(-215.,185.,51.));
#9629=CARTESIAN_POINT('',(-215.,185.,46.));
#9630=CARTESIAN_POINT('Origin',(-215.,120.,51.));
#9631=CARTESIAN_POINT('',(-215.,120.,51.));
#9632=CARTESIAN_POINT('Origin',(-215.,-5.70096206665042,33.2673149108887));
#9633=CARTESIAN_POINT('',(-215.,-5.5511112213135,33.6290893554688));
#9634=CARTESIAN_POINT('',(-215.,-5.70096206665042,33.2673149108887));
#9635=CARTESIAN_POINT('Origin',(-215.,-5.5511112213135,33.6290893554688));
#9636=CARTESIAN_POINT('',(-215.,-2.00000000000003,40.0173149108887));
#9637=CARTESIAN_POINT('Origin',(-215.,120.,46.));
#9638=CARTESIAN_POINT('',(-215.,120.,46.));
#9639=CARTESIAN_POINT('Origin',(-215.,-2.00000000000003,-4.));
#9640=CARTESIAN_POINT('',(-219.,-2.00000000000003,-4.));
#9641=CARTESIAN_POINT('Origin',(-215.,-2.00000000000003,15.0173168182373));
#9642=CARTESIAN_POINT('',(-219.,-2.00000000000003,15.0173168182373));
#9643=CARTESIAN_POINT('Origin',(-219.,-12.,40.0173149108887));
#9644=CARTESIAN_POINT('',(-219.,-12.,15.0173168182373));
#9645=CARTESIAN_POINT('',(-219.,-12.,40.0173149108887));
#9646=CARTESIAN_POINT('Origin',(-219.,-12.,15.0173168182373));
#9647=CARTESIAN_POINT('',(-219.,-12.,15.0173168182373));
#9648=CARTESIAN_POINT('Origin',(-215.,-12.,15.0173168182373));
#9649=CARTESIAN_POINT('',(-219.,-12.,15.0173168182373));
#9650=CARTESIAN_POINT('Origin',(-219.,-12.,15.0173168182373));
#9651=CARTESIAN_POINT('Origin',(-219.,-12.,40.0173149108887));
#9652=CARTESIAN_POINT('',(-219.,-2.00000000000003,40.0173149108887));
#9653=CARTESIAN_POINT('Origin',(-215.,-12.,40.0173149108887));
#9654=CARTESIAN_POINT('Origin',(-219.,-5.5511112213135,34.4055442810059));
#9655=CARTESIAN_POINT('',(-219.,-5.70096206665042,34.7673149108887));
#9656=CARTESIAN_POINT('',(-219.,-5.5511112213135,34.4055442810059));
#9657=CARTESIAN_POINT('Origin',(-215.,-5.5511112213135,34.4055442810059));
#9658=CARTESIAN_POINT('',(-219.,-5.70096206665042,34.7673149108887));
#9659=CARTESIAN_POINT('Origin',(-219.,-5.70096206665042,34.7673149108887));
#9660=CARTESIAN_POINT('',(-219.,-5.93933963775626,35.0779762268066));
#9661=CARTESIAN_POINT('Origin',(-215.,-5.70096206665042,34.7673149108887));
#9662=CARTESIAN_POINT('',(-219.,-5.93933963775626,35.0779762268066));
#9663=CARTESIAN_POINT('Origin',(-219.,-5.93933963775626,35.0779762268066));
#9664=CARTESIAN_POINT('',(-219.,-6.25,35.3163528442383));
#9665=CARTESIAN_POINT('Origin',(-215.,-5.93933963775626,35.0779762268066));
#9666=CARTESIAN_POINT('',(-219.,-6.25,35.3163528442383));
#9667=CARTESIAN_POINT('Origin',(-219.,-6.25,35.3163528442383));
#9668=CARTESIAN_POINT('',(-219.,-6.61177158355713,35.4662055969238));
#9669=CARTESIAN_POINT('Origin',(-215.,-6.25,35.3163528442383));
#9670=CARTESIAN_POINT('',(-219.,-6.61177158355713,35.4662055969238));
#9671=CARTESIAN_POINT('Origin',(-219.,-6.61177158355713,35.4662055969238));
#9672=CARTESIAN_POINT('',(-219.,-7.00000000000003,35.5173149108886));
#9673=CARTESIAN_POINT('Origin',(-215.,-6.61177158355713,35.4662055969238));
#9674=CARTESIAN_POINT('',(-219.,-7.00000000000003,35.5173149108886));
#9675=CARTESIAN_POINT('Origin',(-219.,-7.00000000000003,35.5173149108886));
#9676=CARTESIAN_POINT('',(-219.,-7.38822841644279,35.4662055969238));
#9677=CARTESIAN_POINT('Origin',(-215.,-7.00000000000003,35.5173149108886));
#9678=CARTESIAN_POINT('',(-219.,-7.38822841644279,35.4662055969238));
#9679=CARTESIAN_POINT('Origin',(-219.,-7.38822841644279,35.4662055969238));
#9680=CARTESIAN_POINT('',(-219.,-7.74999999999991,35.3163528442383));
#9681=CARTESIAN_POINT('Origin',(-215.,-7.38822841644279,35.4662055969238));
#9682=CARTESIAN_POINT('',(-219.,-7.74999999999991,35.3163528442383));
#9683=CARTESIAN_POINT('Origin',(-219.,-7.74999999999991,35.3163528442383));
#9684=CARTESIAN_POINT('',(-219.,-8.06066036224365,35.0779762268066));
#9685=CARTESIAN_POINT('Origin',(-215.,-7.74999999999991,35.3163528442383));
#9686=CARTESIAN_POINT('',(-219.,-8.06066036224365,35.0779762268066));
#9687=CARTESIAN_POINT('Origin',(-219.,-8.06066036224365,35.0779762268066));
#9688=CARTESIAN_POINT('',(-219.,-8.29903793334964,34.7673149108887));
#9689=CARTESIAN_POINT('Origin',(-215.,-8.06066036224365,35.0779762268066));
#9690=CARTESIAN_POINT('',(-219.,-8.29903793334964,34.7673149108887));
#9691=CARTESIAN_POINT('Origin',(-219.,-8.29903793334964,34.7673149108887));
#9692=CARTESIAN_POINT('',(-219.,-8.44888877868655,34.4055442810059));
#9693=CARTESIAN_POINT('Origin',(-215.,-8.29903793334964,34.7673149108887));
#9694=CARTESIAN_POINT('',(-219.,-8.44888877868655,34.4055442810059));
#9695=CARTESIAN_POINT('Origin',(-219.,-8.44888877868655,34.4055442810059));
#9696=CARTESIAN_POINT('',(-219.,-8.49999999999994,34.0173149108887));
#9697=CARTESIAN_POINT('Origin',(-215.,-8.44888877868655,34.4055442810059));
#9698=CARTESIAN_POINT('',(-219.,-8.49999999999994,34.0173149108887));
#9699=CARTESIAN_POINT('Origin',(-219.,-8.49999999999994,34.0173149108887));
#9700=CARTESIAN_POINT('',(-219.,-8.44888877868655,33.6290893554688));
#9701=CARTESIAN_POINT('Origin',(-215.,-8.49999999999994,34.0173149108887));
#9702=CARTESIAN_POINT('',(-219.,-8.44888877868655,33.6290893554688));
#9703=CARTESIAN_POINT('Origin',(-219.,-8.44888877868655,33.6290893554688));
#9704=CARTESIAN_POINT('',(-219.,-8.29903793334964,33.2673149108887));
#9705=CARTESIAN_POINT('Origin',(-215.,-8.44888877868655,33.6290893554688));
#9706=CARTESIAN_POINT('',(-219.,-8.29903793334964,33.2673149108887));
#9707=CARTESIAN_POINT('Origin',(-219.,-8.29903793334964,33.2673149108887));
#9708=CARTESIAN_POINT('',(-219.,-8.06066036224365,32.956657409668));
#9709=CARTESIAN_POINT('Origin',(-215.,-8.29903793334964,33.2673149108887));
#9710=CARTESIAN_POINT('',(-219.,-8.06066036224365,32.956657409668));
#9711=CARTESIAN_POINT('Origin',(-219.,-8.06066036224365,32.956657409668));
#9712=CARTESIAN_POINT('',(-219.,-7.74999999999991,32.718276977539));
#9713=CARTESIAN_POINT('Origin',(-215.,-8.06066036224365,32.956657409668));
#9714=CARTESIAN_POINT('',(-219.,-7.74999999999991,32.718276977539));
#9715=CARTESIAN_POINT('Origin',(-219.,-7.74999999999991,32.718276977539));
#9716=CARTESIAN_POINT('',(-219.,-7.38822841644279,32.5684280395508));
#9717=CARTESIAN_POINT('Origin',(-215.,-7.74999999999991,32.718276977539));
#9718=CARTESIAN_POINT('',(-219.,-7.38822841644279,32.5684280395508));
#9719=CARTESIAN_POINT('Origin',(-219.,-7.38822841644279,32.5684280395508));
#9720=CARTESIAN_POINT('',(-219.,-7.00000000000003,32.5173149108887));
#9721=CARTESIAN_POINT('Origin',(-215.,-7.38822841644279,32.5684280395508));
#9722=CARTESIAN_POINT('',(-219.,-7.00000000000003,32.5173149108887));
#9723=CARTESIAN_POINT('Origin',(-219.,-7.00000000000003,32.5173149108887));
#9724=CARTESIAN_POINT('',(-219.,-6.61177158355713,32.5684280395508));
#9725=CARTESIAN_POINT('Origin',(-215.,-7.00000000000003,32.5173149108887));
#9726=CARTESIAN_POINT('',(-219.,-6.61177158355713,32.5684280395508));
#9727=CARTESIAN_POINT('Origin',(-219.,-6.61177158355713,32.5684280395508));
#9728=CARTESIAN_POINT('',(-219.,-6.25,32.718276977539));
#9729=CARTESIAN_POINT('Origin',(-215.,-6.61177158355713,32.5684280395508));
#9730=CARTESIAN_POINT('',(-219.,-6.25,32.718276977539));
#9731=CARTESIAN_POINT('Origin',(-219.,-6.25,32.718276977539));
#9732=CARTESIAN_POINT('',(-219.,-5.93933963775626,32.956657409668));
#9733=CARTESIAN_POINT('Origin',(-215.,-6.25,32.718276977539));
#9734=CARTESIAN_POINT('',(-219.,-5.93933963775626,32.956657409668));
#9735=CARTESIAN_POINT('Origin',(-219.,-5.93933963775626,32.956657409668));
#9736=CARTESIAN_POINT('',(-219.,-5.70096206665042,33.2673149108887));
#9737=CARTESIAN_POINT('Origin',(-215.,-5.93933963775626,32.956657409668));
#9738=CARTESIAN_POINT('',(-219.,-5.70096206665042,33.2673149108887));
#9739=CARTESIAN_POINT('Origin',(-219.,-5.70096206665042,33.2673149108887));
#9740=CARTESIAN_POINT('',(-219.,-5.5511112213135,33.6290893554688));
#9741=CARTESIAN_POINT('Origin',(-215.,-5.70096206665042,33.2673149108887));
#9742=CARTESIAN_POINT('',(-219.,-5.5511112213135,33.6290893554688));
#9743=CARTESIAN_POINT('Origin',(-219.,-5.5511112213135,33.6290893554688));
#9744=CARTESIAN_POINT('',(-219.,-5.49999999999997,34.0173149108887));
#9745=CARTESIAN_POINT('Origin',(-215.,-5.5511112213135,33.6290893554688));
#9746=CARTESIAN_POINT('',(-219.,-5.49999999999997,34.0173149108887));
#9747=CARTESIAN_POINT('Origin',(-219.,-5.49999999999997,34.0173149108887));
#9748=CARTESIAN_POINT('',(-219.,-5.5511112213135,34.4055442810059));
#9749=CARTESIAN_POINT('Origin',(-215.,-5.49999999999997,34.0173149108887));
#9750=CARTESIAN_POINT('Origin',(-219.,-5.5511112213135,21.4055442810058));
#9751=CARTESIAN_POINT('',(-219.,-5.70096206665042,21.7673168182373));
#9752=CARTESIAN_POINT('',(-219.,-5.5511112213135,21.4055442810058));
#9753=CARTESIAN_POINT('Origin',(-215.,-5.5511112213135,21.4055442810058));
#9754=CARTESIAN_POINT('',(-219.,-5.70096206665042,21.7673168182373));
#9755=CARTESIAN_POINT('Origin',(-219.,-5.70096206665042,21.7673168182373));
#9756=CARTESIAN_POINT('',(-219.,-5.93933963775626,22.0779762268066));
#9757=CARTESIAN_POINT('Origin',(-215.,-5.70096206665042,21.7673168182373));
#9758=CARTESIAN_POINT('',(-219.,-5.93933963775626,22.0779762268066));
#9759=CARTESIAN_POINT('Origin',(-219.,-5.93933963775626,22.0779762268066));
#9760=CARTESIAN_POINT('',(-219.,-6.25,22.3163547515869));
#9761=CARTESIAN_POINT('Origin',(-215.,-5.93933963775626,22.0779762268066));
#9762=CARTESIAN_POINT('',(-219.,-6.25,22.3163547515869));
#9763=CARTESIAN_POINT('Origin',(-219.,-6.25,22.3163547515869));
#9764=CARTESIAN_POINT('',(-219.,-6.61177158355713,22.4662055969238));
#9765=CARTESIAN_POINT('Origin',(-215.,-6.25,22.3163547515869));
#9766=CARTESIAN_POINT('',(-219.,-6.61177158355713,22.4662055969238));
#9767=CARTESIAN_POINT('Origin',(-219.,-6.61177158355713,22.4662055969238));
#9768=CARTESIAN_POINT('',(-219.,-7.00000000000003,22.5173168182373));
#9769=CARTESIAN_POINT('Origin',(-215.,-6.61177158355713,22.4662055969238));
#9770=CARTESIAN_POINT('',(-219.,-7.00000000000003,22.5173168182373));
#9771=CARTESIAN_POINT('Origin',(-219.,-7.00000000000003,22.5173168182373));
#9772=CARTESIAN_POINT('',(-219.,-7.38822841644279,22.4662055969238));
#9773=CARTESIAN_POINT('Origin',(-215.,-7.00000000000003,22.5173168182373));
#9774=CARTESIAN_POINT('',(-219.,-7.38822841644279,22.4662055969238));
#9775=CARTESIAN_POINT('Origin',(-219.,-7.38822841644279,22.4662055969238));
#9776=CARTESIAN_POINT('',(-219.,-7.74999999999991,22.3163547515869));
#9777=CARTESIAN_POINT('Origin',(-215.,-7.38822841644279,22.4662055969238));
#9778=CARTESIAN_POINT('',(-219.,-7.74999999999991,22.3163547515869));
#9779=CARTESIAN_POINT('Origin',(-219.,-7.74999999999991,22.3163547515869));
#9780=CARTESIAN_POINT('',(-219.,-8.06066036224365,22.0779762268066));
#9781=CARTESIAN_POINT('Origin',(-215.,-7.74999999999991,22.3163547515869));
#9782=CARTESIAN_POINT('',(-219.,-8.06066036224365,22.0779762268066));
#9783=CARTESIAN_POINT('Origin',(-219.,-8.06066036224365,22.0779762268066));
#9784=CARTESIAN_POINT('',(-219.,-8.29903793334964,21.7673168182373));
#9785=CARTESIAN_POINT('Origin',(-215.,-8.06066036224365,22.0779762268066));
#9786=CARTESIAN_POINT('',(-219.,-8.29903793334964,21.7673168182373));
#9787=CARTESIAN_POINT('Origin',(-219.,-8.29903793334964,21.7673168182373));
#9788=CARTESIAN_POINT('',(-219.,-8.44888877868655,21.4055442810058));
#9789=CARTESIAN_POINT('Origin',(-215.,-8.29903793334964,21.7673168182373));
#9790=CARTESIAN_POINT('',(-219.,-8.44888877868655,21.4055442810058));
#9791=CARTESIAN_POINT('Origin',(-219.,-8.44888877868655,21.4055442810058));
#9792=CARTESIAN_POINT('',(-219.,-8.49999999999994,21.0173168182373));
#9793=CARTESIAN_POINT('Origin',(-215.,-8.44888877868655,21.4055442810058));
#9794=CARTESIAN_POINT('',(-219.,-8.49999999999994,21.0173168182373));
#9795=CARTESIAN_POINT('Origin',(-219.,-8.49999999999994,21.0173168182373));
#9796=CARTESIAN_POINT('',(-219.,-8.44888877868655,20.6290874481201));
#9797=CARTESIAN_POINT('Origin',(-215.,-8.49999999999994,21.0173168182373));
#9798=CARTESIAN_POINT('',(-219.,-8.44888877868655,20.6290874481201));
#9799=CARTESIAN_POINT('Origin',(-219.,-8.44888877868655,20.6290874481201));
#9800=CARTESIAN_POINT('',(-219.,-8.29903793334964,20.2673168182373));
#9801=CARTESIAN_POINT('Origin',(-215.,-8.44888877868655,20.6290874481201));
#9802=CARTESIAN_POINT('',(-219.,-8.29903793334964,20.2673168182373));
#9803=CARTESIAN_POINT('Origin',(-219.,-8.29903793334964,20.2673168182373));
#9804=CARTESIAN_POINT('',(-219.,-8.06066036224365,19.956657409668));
#9805=CARTESIAN_POINT('Origin',(-215.,-8.29903793334964,20.2673168182373));
#9806=CARTESIAN_POINT('',(-219.,-8.06066036224365,19.956657409668));
#9807=CARTESIAN_POINT('Origin',(-219.,-8.06066036224365,19.956657409668));
#9808=CARTESIAN_POINT('',(-219.,-7.74999999999991,19.7182788848877));
#9809=CARTESIAN_POINT('Origin',(-215.,-8.06066036224365,19.956657409668));
#9810=CARTESIAN_POINT('',(-219.,-7.74999999999991,19.7182788848877));
#9811=CARTESIAN_POINT('Origin',(-219.,-7.74999999999991,19.7182788848877));
#9812=CARTESIAN_POINT('',(-219.,-7.38822841644279,19.5684280395508));
#9813=CARTESIAN_POINT('Origin',(-215.,-7.74999999999991,19.7182788848877));
#9814=CARTESIAN_POINT('',(-219.,-7.38822841644279,19.5684280395508));
#9815=CARTESIAN_POINT('Origin',(-219.,-7.38822841644279,19.5684280395508));
#9816=CARTESIAN_POINT('',(-219.,-7.00000000000003,19.5173168182373));
#9817=CARTESIAN_POINT('Origin',(-215.,-7.38822841644279,19.5684280395508));
#9818=CARTESIAN_POINT('',(-219.,-7.00000000000003,19.5173168182373));
#9819=CARTESIAN_POINT('Origin',(-219.,-7.00000000000003,19.5173168182373));
#9820=CARTESIAN_POINT('',(-219.,-6.61177158355713,19.5684280395508));
#9821=CARTESIAN_POINT('Origin',(-215.,-7.00000000000003,19.5173168182373));
#9822=CARTESIAN_POINT('',(-219.,-6.61177158355713,19.5684280395508));
#9823=CARTESIAN_POINT('Origin',(-219.,-6.61177158355713,19.5684280395508));
#9824=CARTESIAN_POINT('',(-219.,-6.25,19.7182788848877));
#9825=CARTESIAN_POINT('Origin',(-215.,-6.61177158355713,19.5684280395508));
#9826=CARTESIAN_POINT('',(-219.,-6.25,19.7182788848877));
#9827=CARTESIAN_POINT('Origin',(-219.,-6.25,19.7182788848877));
#9828=CARTESIAN_POINT('',(-219.,-5.93933963775626,19.956657409668));
#9829=CARTESIAN_POINT('Origin',(-215.,-6.25,19.7182788848877));
#9830=CARTESIAN_POINT('',(-219.,-5.93933963775626,19.956657409668));
#9831=CARTESIAN_POINT('Origin',(-219.,-5.93933963775626,19.956657409668));
#9832=CARTESIAN_POINT('',(-219.,-5.70096206665042,20.2673168182373));
#9833=CARTESIAN_POINT('Origin',(-215.,-5.93933963775626,19.956657409668));
#9834=CARTESIAN_POINT('',(-219.,-5.70096206665042,20.2673168182373));
#9835=CARTESIAN_POINT('Origin',(-219.,-5.70096206665042,20.2673168182373));
#9836=CARTESIAN_POINT('',(-219.,-5.5511112213135,20.6290874481201));
#9837=CARTESIAN_POINT('Origin',(-215.,-5.70096206665042,20.2673168182373));
#9838=CARTESIAN_POINT('',(-219.,-5.5511112213135,20.6290874481201));
#9839=CARTESIAN_POINT('Origin',(-219.,-5.5511112213135,20.6290874481201));
#9840=CARTESIAN_POINT('',(-219.,-5.49999999999997,21.0173168182373));
#9841=CARTESIAN_POINT('Origin',(-215.,-5.5511112213135,20.6290874481201));
#9842=CARTESIAN_POINT('',(-219.,-5.49999999999997,21.0173168182373));
#9843=CARTESIAN_POINT('Origin',(-219.,-5.49999999999997,21.0173168182373));
#9844=CARTESIAN_POINT('',(-219.,-5.5511112213135,21.4055442810058));
#9845=CARTESIAN_POINT('Origin',(-215.,-5.49999999999997,21.0173168182373));
#9846=CARTESIAN_POINT('Origin',(-55.,231.,-4.));
#9847=CARTESIAN_POINT('',(-55.,227.,-4.));
#9848=CARTESIAN_POINT('Origin',(-55.,231.,15.));
#9849=CARTESIAN_POINT('',(-55.,227.,15.));
#9850=CARTESIAN_POINT('',(-55.,227.,-4.));
#9851=CARTESIAN_POINT('',(-55.,227.,15.));
#9852=CARTESIAN_POINT('Origin',(-45.,231.,15.));
#9853=CARTESIAN_POINT('',(-45.,227.,15.));
#9854=CARTESIAN_POINT('',(-55.,231.,15.));
#9855=CARTESIAN_POINT('',(-45.,227.,15.));
#9856=CARTESIAN_POINT('Origin',(-45.,227.,15.));
#9857=CARTESIAN_POINT('',(-55.,227.,15.));
#9858=CARTESIAN_POINT('Origin',(-45.,227.,40.));
#9859=CARTESIAN_POINT('',(-55.,227.,40.));
#9860=CARTESIAN_POINT('',(-45.,227.,40.));
#9861=CARTESIAN_POINT('',(-55.,227.,40.));
#9862=CARTESIAN_POINT('',(-45.,227.,40.));
#9863=CARTESIAN_POINT('Origin',(-45.,231.,40.));
#9864=CARTESIAN_POINT('Origin',(-45.,227.,40.));
#9865=CARTESIAN_POINT('',(-45.,227.,15.));
#9866=CARTESIAN_POINT('',(-45.,227.,15.));
#9867=CARTESIAN_POINT('Origin',(-45.,227.,15.));
#9868=CARTESIAN_POINT('Origin',(-49.6117706298828,231.,32.5511131286621));
#9869=CARTESIAN_POINT('',(-49.6117706298828,227.,32.5511131286621));
#9870=CARTESIAN_POINT('',(-49.6117706298828,227.,32.5511131286621));
#9871=CARTESIAN_POINT('',(-49.6117706298828,227.,32.5511131286621));
#9872=CARTESIAN_POINT('Origin',(-49.6117706298828,227.,32.5511131286621));
#9873=CARTESIAN_POINT('',(-49.25,227.,32.7009620666504));
#9874=CARTESIAN_POINT('',(-49.25,227.,32.7009620666504));
#9875=CARTESIAN_POINT('',(-49.6117706298828,227.,32.5511131286621));
#9876=CARTESIAN_POINT('Origin',(-49.25,231.,32.7009620666504));
#9877=CARTESIAN_POINT('',(-49.25,227.,32.7009620666504));
#9878=CARTESIAN_POINT('Origin',(-49.25,227.,32.7009620666504));
#9879=CARTESIAN_POINT('',(-48.9393463134765,227.,32.939338684082));
#9880=CARTESIAN_POINT('',(-48.9393463134765,227.,32.939338684082));
#9881=CARTESIAN_POINT('',(-49.25,227.,32.7009620666504));
#9882=CARTESIAN_POINT('Origin',(-48.9393463134765,231.,32.939338684082));
#9883=CARTESIAN_POINT('',(-48.9393463134765,227.,32.939338684082));
#9884=CARTESIAN_POINT('Origin',(-48.9393463134765,227.,32.939338684082));
#9885=CARTESIAN_POINT('',(-48.7009582519531,227.,33.25));
#9886=CARTESIAN_POINT('',(-48.7009582519531,227.,33.25));
#9887=CARTESIAN_POINT('',(-48.9393463134765,227.,32.939338684082));
#9888=CARTESIAN_POINT('Origin',(-48.7009582519531,231.,33.25));
#9889=CARTESIAN_POINT('',(-48.7009582519531,227.,33.25));
#9890=CARTESIAN_POINT('Origin',(-48.7009582519531,227.,33.25));
#9891=CARTESIAN_POINT('',(-48.5511169433594,227.,33.6117706298828));
#9892=CARTESIAN_POINT('',(-48.5511169433594,227.,33.6117706298828));
#9893=CARTESIAN_POINT('',(-48.7009582519531,227.,33.25));
#9894=CARTESIAN_POINT('Origin',(-48.5511169433594,231.,33.6117706298828));
#9895=CARTESIAN_POINT('',(-48.5511169433594,227.,33.6117706298828));
#9896=CARTESIAN_POINT('Origin',(-48.5511169433594,227.,33.6117706298828));
#9897=CARTESIAN_POINT('',(-48.5,227.,34.));
#9898=CARTESIAN_POINT('',(-48.5,227.,34.));
#9899=CARTESIAN_POINT('',(-48.5511169433594,227.,33.6117706298828));
#9900=CARTESIAN_POINT('Origin',(-48.5,231.,34.));
#9901=CARTESIAN_POINT('',(-48.5511169433594,231.,34.3882293701172));
#9902=CARTESIAN_POINT('Origin',(-48.5,227.,34.));
#9903=CARTESIAN_POINT('',(-48.5511169433594,227.,34.3882293701172));
#9904=CARTESIAN_POINT('',(-48.5511169433594,227.,34.3882293701172));
#9905=CARTESIAN_POINT('',(-48.5511169433594,227.,34.3882293701172));
#9906=CARTESIAN_POINT('Origin',(-48.5511169433594,231.,34.3882293701172));
#9907=CARTESIAN_POINT('',(-48.7009582519531,231.,34.75));
#9908=CARTESIAN_POINT('Origin',(-48.5511169433594,227.,34.3882293701172));
#9909=CARTESIAN_POINT('',(-48.7009582519531,227.,34.75));
#9910=CARTESIAN_POINT('',(-48.7009582519531,227.,34.75));
#9911=CARTESIAN_POINT('',(-48.7009582519531,227.,34.75));
#9912=CARTESIAN_POINT('Origin',(-48.7009582519531,231.,34.75));
#9913=CARTESIAN_POINT('',(-48.9393463134765,231.,35.060661315918));
#9914=CARTESIAN_POINT('Origin',(-48.7009582519531,227.,34.75));
#9915=CARTESIAN_POINT('',(-48.9393463134765,227.,35.060661315918));
#9916=CARTESIAN_POINT('',(-48.9393463134765,227.,35.060661315918));
#9917=CARTESIAN_POINT('',(-48.9393463134765,227.,35.060661315918));
#9918=CARTESIAN_POINT('Origin',(-48.9393463134765,231.,35.060661315918));
#9919=CARTESIAN_POINT('',(-49.25,231.,35.2990379333496));
#9920=CARTESIAN_POINT('Origin',(-48.9393463134765,227.,35.060661315918));
#9921=CARTESIAN_POINT('',(-49.25,227.,35.2990379333496));
#9922=CARTESIAN_POINT('',(-49.25,227.,35.2990379333496));
#9923=CARTESIAN_POINT('',(-49.25,227.,35.2990379333496));
#9924=CARTESIAN_POINT('Origin',(-49.25,231.,35.2990379333496));
#9925=CARTESIAN_POINT('',(-49.6117706298828,231.,35.4488868713379));
#9926=CARTESIAN_POINT('Origin',(-49.25,227.,35.2990379333496));
#9927=CARTESIAN_POINT('',(-49.6117706298828,227.,35.4488868713379));
#9928=CARTESIAN_POINT('',(-49.6117706298828,227.,35.4488868713379));
#9929=CARTESIAN_POINT('',(-49.6117706298828,227.,35.4488868713379));
#9930=CARTESIAN_POINT('Origin',(-49.6117706298828,231.,35.4488868713379));
#9931=CARTESIAN_POINT('',(-50.,231.,35.5));
#9932=CARTESIAN_POINT('Origin',(-49.6117706298828,227.,35.4488868713379));
#9933=CARTESIAN_POINT('',(-50.,227.,35.5));
#9934=CARTESIAN_POINT('',(-50.,227.,35.5));
#9935=CARTESIAN_POINT('',(-50.,227.,35.5));
#9936=CARTESIAN_POINT('Origin',(-50.,231.,35.5));
#9937=CARTESIAN_POINT('',(-50.3882293701172,231.,35.4488868713379));
#9938=CARTESIAN_POINT('Origin',(-50.,227.,35.5));
#9939=CARTESIAN_POINT('',(-50.3882293701172,227.,35.4488868713379));
#9940=CARTESIAN_POINT('',(-50.3882293701172,227.,35.4488868713379));
#9941=CARTESIAN_POINT('',(-50.3882293701172,227.,35.4488868713379));
#9942=CARTESIAN_POINT('Origin',(-50.3882293701172,231.,35.4488868713379));
#9943=CARTESIAN_POINT('',(-50.75,231.,35.2990379333496));
#9944=CARTESIAN_POINT('Origin',(-50.3882293701172,227.,35.4488868713379));
#9945=CARTESIAN_POINT('',(-50.75,227.,35.2990379333496));
#9946=CARTESIAN_POINT('',(-50.75,227.,35.2990379333496));
#9947=CARTESIAN_POINT('',(-50.75,227.,35.2990379333496));
#9948=CARTESIAN_POINT('Origin',(-50.75,231.,35.2990379333496));
#9949=CARTESIAN_POINT('',(-51.0606536865234,231.,35.060661315918));
#9950=CARTESIAN_POINT('Origin',(-50.75,227.,35.2990379333496));
#9951=CARTESIAN_POINT('',(-51.0606536865234,227.,35.060661315918));
#9952=CARTESIAN_POINT('',(-51.0606536865234,227.,35.060661315918));
#9953=CARTESIAN_POINT('',(-51.0606536865234,227.,35.060661315918));
#9954=CARTESIAN_POINT('Origin',(-51.0606536865234,231.,35.060661315918));
#9955=CARTESIAN_POINT('',(-51.2990417480468,231.,34.75));
#9956=CARTESIAN_POINT('Origin',(-51.0606536865234,227.,35.060661315918));
#9957=CARTESIAN_POINT('',(-51.2990417480468,227.,34.75));
#9958=CARTESIAN_POINT('',(-51.2990417480468,227.,34.75));
#9959=CARTESIAN_POINT('',(-51.2990417480468,227.,34.75));
#9960=CARTESIAN_POINT('Origin',(-51.2990417480468,231.,34.75));
#9961=CARTESIAN_POINT('',(-51.4488830566406,231.,34.3882293701172));
#9962=CARTESIAN_POINT('Origin',(-51.2990417480468,227.,34.75));
#9963=CARTESIAN_POINT('',(-51.4488830566406,227.,34.3882293701172));
#9964=CARTESIAN_POINT('',(-51.4488830566406,227.,34.3882293701172));
#9965=CARTESIAN_POINT('',(-51.4488830566406,227.,34.3882293701172));
#9966=CARTESIAN_POINT('Origin',(-51.4488830566406,231.,34.3882293701172));
#9967=CARTESIAN_POINT('',(-51.5,231.,34.));
#9968=CARTESIAN_POINT('Origin',(-51.4488830566406,227.,34.3882293701172));
#9969=CARTESIAN_POINT('',(-51.5,227.,34.));
#9970=CARTESIAN_POINT('',(-51.5,227.,34.));
#9971=CARTESIAN_POINT('',(-51.5,227.,34.));
#9972=CARTESIAN_POINT('Origin',(-51.5,231.,34.));
#9973=CARTESIAN_POINT('',(-51.5,227.,34.));
#9974=CARTESIAN_POINT('Origin',(-51.5,227.,34.));
#9975=CARTESIAN_POINT('',(-51.4488830566406,227.,33.6117706298828));
#9976=CARTESIAN_POINT('',(-51.4488830566406,227.,33.6117706298828));
#9977=CARTESIAN_POINT('',(-51.5,227.,34.));
#9978=CARTESIAN_POINT('Origin',(-51.4488830566406,231.,33.6117706298828));
#9979=CARTESIAN_POINT('',(-51.4488830566406,227.,33.6117706298828));
#9980=CARTESIAN_POINT('Origin',(-51.4488830566406,227.,33.6117706298828));
#9981=CARTESIAN_POINT('',(-51.2990417480468,227.,33.25));
#9982=CARTESIAN_POINT('',(-51.2990417480468,227.,33.25));
#9983=CARTESIAN_POINT('',(-51.4488830566406,227.,33.6117706298828));
#9984=CARTESIAN_POINT('Origin',(-51.2990417480468,231.,33.25));
#9985=CARTESIAN_POINT('',(-51.2990417480468,227.,33.25));
#9986=CARTESIAN_POINT('Origin',(-51.2990417480468,227.,33.25));
#9987=CARTESIAN_POINT('',(-51.0606536865234,227.,32.939338684082));
#9988=CARTESIAN_POINT('',(-51.0606536865234,227.,32.939338684082));
#9989=CARTESIAN_POINT('',(-51.2990417480468,227.,33.25));
#9990=CARTESIAN_POINT('Origin',(-51.0606536865234,231.,32.939338684082));
#9991=CARTESIAN_POINT('',(-51.0606536865234,227.,32.939338684082));
#9992=CARTESIAN_POINT('Origin',(-51.0606536865234,227.,32.939338684082));
#9993=CARTESIAN_POINT('',(-50.75,227.,32.7009620666504));
#9994=CARTESIAN_POINT('',(-50.75,227.,32.7009620666504));
#9995=CARTESIAN_POINT('',(-51.0606536865234,227.,32.939338684082));
#9996=CARTESIAN_POINT('Origin',(-50.75,231.,32.7009620666504));
#9997=CARTESIAN_POINT('',(-50.75,227.,32.7009620666504));
#9998=CARTESIAN_POINT('Origin',(-50.75,227.,32.7009620666504));
#9999=CARTESIAN_POINT('',(-50.3882293701172,227.,32.5511131286621));
#10000=CARTESIAN_POINT('',(-50.3882293701172,227.,32.5511131286621));
#10001=CARTESIAN_POINT('',(-50.75,227.,32.7009620666504));
#10002=CARTESIAN_POINT('Origin',(-50.3882293701172,231.,32.5511131286621));
#10003=CARTESIAN_POINT('',(-50.3882293701172,227.,32.5511131286621));
#10004=CARTESIAN_POINT('Origin',(-50.3882293701172,227.,32.5511131286621));
#10005=CARTESIAN_POINT('',(-50.,227.,32.5));
#10006=CARTESIAN_POINT('',(-50.,227.,32.5));
#10007=CARTESIAN_POINT('',(-50.3882293701172,227.,32.5511131286621));
#10008=CARTESIAN_POINT('Origin',(-50.,231.,32.5));
#10009=CARTESIAN_POINT('',(-50.,227.,32.5));
#10010=CARTESIAN_POINT('Origin',(-50.,227.,32.5));
#10011=CARTESIAN_POINT('',(-50.,227.,32.5));
#10012=CARTESIAN_POINT('Origin',(-49.6117706298828,231.,19.5511112213135));
#10013=CARTESIAN_POINT('',(-49.6117706298828,227.,19.5511112213135));
#10014=CARTESIAN_POINT('',(-49.6117706298828,227.,19.5511112213135));
#10015=CARTESIAN_POINT('',(-49.6117706298828,227.,19.5511112213135));
#10016=CARTESIAN_POINT('Origin',(-49.6117706298828,227.,19.5511112213135));
#10017=CARTESIAN_POINT('',(-49.25,227.,19.7009620666504));
#10018=CARTESIAN_POINT('',(-49.25,227.,19.7009620666504));
#10019=CARTESIAN_POINT('',(-49.6117706298828,227.,19.5511112213135));
#10020=CARTESIAN_POINT('Origin',(-49.25,231.,19.7009620666504));
#10021=CARTESIAN_POINT('',(-49.25,227.,19.7009620666504));
#10022=CARTESIAN_POINT('Origin',(-49.25,227.,19.7009620666504));
#10023=CARTESIAN_POINT('',(-48.9393463134765,227.,19.9393405914306));
#10024=CARTESIAN_POINT('',(-48.9393463134765,227.,19.9393405914306));
#10025=CARTESIAN_POINT('',(-49.25,227.,19.7009620666504));
#10026=CARTESIAN_POINT('Origin',(-48.9393463134765,231.,19.9393405914306));
#10027=CARTESIAN_POINT('',(-48.9393463134765,227.,19.9393405914306));
#10028=CARTESIAN_POINT('Origin',(-48.9393463134765,227.,19.9393405914306));
#10029=CARTESIAN_POINT('',(-48.7009582519531,227.,20.25));
#10030=CARTESIAN_POINT('',(-48.7009582519531,227.,20.25));
#10031=CARTESIAN_POINT('',(-48.9393463134765,227.,19.9393405914306));
#10032=CARTESIAN_POINT('Origin',(-48.7009582519531,231.,20.25));
#10033=CARTESIAN_POINT('',(-48.7009582519531,227.,20.25));
#10034=CARTESIAN_POINT('Origin',(-48.7009582519531,227.,20.25));
#10035=CARTESIAN_POINT('',(-48.5511169433594,227.,20.6117706298828));
#10036=CARTESIAN_POINT('',(-48.5511169433594,227.,20.6117706298828));
#10037=CARTESIAN_POINT('',(-48.7009582519531,227.,20.25));
#10038=CARTESIAN_POINT('Origin',(-48.5511169433594,231.,20.6117706298828));
#10039=CARTESIAN_POINT('',(-48.5511169433594,227.,20.6117706298828));
#10040=CARTESIAN_POINT('Origin',(-48.5511169433594,227.,20.6117706298828));
#10041=CARTESIAN_POINT('',(-48.5,227.,21.));
#10042=CARTESIAN_POINT('',(-48.5,227.,21.));
#10043=CARTESIAN_POINT('',(-48.5511169433594,227.,20.6117706298828));
#10044=CARTESIAN_POINT('Origin',(-48.5,231.,21.));
#10045=CARTESIAN_POINT('',(-48.5511169433594,231.,21.3882293701172));
#10046=CARTESIAN_POINT('Origin',(-48.5,227.,21.));
#10047=CARTESIAN_POINT('',(-48.5511169433594,227.,21.3882293701172));
#10048=CARTESIAN_POINT('',(-48.5511169433594,227.,21.3882293701172));
#10049=CARTESIAN_POINT('',(-48.5511169433594,227.,21.3882293701172));
#10050=CARTESIAN_POINT('Origin',(-48.5511169433594,231.,21.3882293701172));
#10051=CARTESIAN_POINT('',(-48.7009582519531,231.,21.75));
#10052=CARTESIAN_POINT('Origin',(-48.5511169433594,227.,21.3882293701172));
#10053=CARTESIAN_POINT('',(-48.7009582519531,227.,21.75));
#10054=CARTESIAN_POINT('',(-48.7009582519531,227.,21.75));
#10055=CARTESIAN_POINT('',(-48.7009582519531,227.,21.75));
#10056=CARTESIAN_POINT('Origin',(-48.7009582519531,231.,21.75));
#10057=CARTESIAN_POINT('',(-48.9393463134765,231.,22.0606594085694));
#10058=CARTESIAN_POINT('Origin',(-48.7009582519531,227.,21.75));
#10059=CARTESIAN_POINT('',(-48.9393463134765,227.,22.0606594085694));
#10060=CARTESIAN_POINT('',(-48.9393463134765,227.,22.0606594085694));
#10061=CARTESIAN_POINT('',(-48.9393463134765,227.,22.0606594085694));
#10062=CARTESIAN_POINT('Origin',(-48.9393463134765,231.,22.0606594085694));
#10063=CARTESIAN_POINT('',(-49.25,231.,22.2990379333496));
#10064=CARTESIAN_POINT('Origin',(-48.9393463134765,227.,22.0606594085694));
#10065=CARTESIAN_POINT('',(-49.25,227.,22.2990379333496));
#10066=CARTESIAN_POINT('',(-49.25,227.,22.2990379333496));
#10067=CARTESIAN_POINT('',(-49.25,227.,22.2990379333496));
#10068=CARTESIAN_POINT('Origin',(-49.25,231.,22.2990379333496));
#10069=CARTESIAN_POINT('',(-49.6117706298828,231.,22.4488887786865));
#10070=CARTESIAN_POINT('Origin',(-49.25,227.,22.2990379333496));
#10071=CARTESIAN_POINT('',(-49.6117706298828,227.,22.4488887786865));
#10072=CARTESIAN_POINT('',(-49.6117706298828,227.,22.4488887786865));
#10073=CARTESIAN_POINT('',(-49.6117706298828,227.,22.4488887786865));
#10074=CARTESIAN_POINT('Origin',(-49.6117706298828,231.,22.4488887786865));
#10075=CARTESIAN_POINT('',(-50.,231.,22.5));
#10076=CARTESIAN_POINT('Origin',(-49.6117706298828,227.,22.4488887786865));
#10077=CARTESIAN_POINT('',(-50.,227.,22.5));
#10078=CARTESIAN_POINT('',(-50.,227.,22.5));
#10079=CARTESIAN_POINT('',(-50.,227.,22.5));
#10080=CARTESIAN_POINT('Origin',(-50.,231.,22.5));
#10081=CARTESIAN_POINT('',(-50.3882293701172,231.,22.4488887786865));
#10082=CARTESIAN_POINT('Origin',(-50.,227.,22.5));
#10083=CARTESIAN_POINT('',(-50.3882293701172,227.,22.4488887786865));
#10084=CARTESIAN_POINT('',(-50.3882293701172,227.,22.4488887786865));
#10085=CARTESIAN_POINT('',(-50.3882293701172,227.,22.4488887786865));
#10086=CARTESIAN_POINT('Origin',(-50.3882293701172,231.,22.4488887786865));
#10087=CARTESIAN_POINT('',(-50.75,231.,22.2990379333496));
#10088=CARTESIAN_POINT('Origin',(-50.3882293701172,227.,22.4488887786865));
#10089=CARTESIAN_POINT('',(-50.75,227.,22.2990379333496));
#10090=CARTESIAN_POINT('',(-50.75,227.,22.2990379333496));
#10091=CARTESIAN_POINT('',(-50.75,227.,22.2990379333496));
#10092=CARTESIAN_POINT('Origin',(-50.75,231.,22.2990379333496));
#10093=CARTESIAN_POINT('',(-51.0606536865234,231.,22.0606594085694));
#10094=CARTESIAN_POINT('Origin',(-50.75,227.,22.2990379333496));
#10095=CARTESIAN_POINT('',(-51.0606536865234,227.,22.0606594085694));
#10096=CARTESIAN_POINT('',(-51.0606536865234,227.,22.0606594085694));
#10097=CARTESIAN_POINT('',(-51.0606536865234,227.,22.0606594085694));
#10098=CARTESIAN_POINT('Origin',(-51.0606536865234,231.,22.0606594085694));
#10099=CARTESIAN_POINT('',(-51.2990417480468,231.,21.75));
#10100=CARTESIAN_POINT('Origin',(-51.0606536865234,227.,22.0606594085694));
#10101=CARTESIAN_POINT('',(-51.2990417480468,227.,21.75));
#10102=CARTESIAN_POINT('',(-51.2990417480468,227.,21.75));
#10103=CARTESIAN_POINT('',(-51.2990417480468,227.,21.75));
#10104=CARTESIAN_POINT('Origin',(-51.2990417480468,231.,21.75));
#10105=CARTESIAN_POINT('',(-51.4488830566406,231.,21.3882293701172));
#10106=CARTESIAN_POINT('Origin',(-51.2990417480468,227.,21.75));
#10107=CARTESIAN_POINT('',(-51.4488830566406,227.,21.3882293701172));
#10108=CARTESIAN_POINT('',(-51.4488830566406,227.,21.3882293701172));
#10109=CARTESIAN_POINT('',(-51.4488830566406,227.,21.3882293701172));
#10110=CARTESIAN_POINT('Origin',(-51.4488830566406,231.,21.3882293701172));
#10111=CARTESIAN_POINT('',(-51.5,231.,21.));
#10112=CARTESIAN_POINT('Origin',(-51.4488830566406,227.,21.3882293701172));
#10113=CARTESIAN_POINT('',(-51.5,227.,21.));
#10114=CARTESIAN_POINT('',(-51.5,227.,21.));
#10115=CARTESIAN_POINT('',(-51.5,227.,21.));
#10116=CARTESIAN_POINT('Origin',(-51.5,231.,21.));
#10117=CARTESIAN_POINT('',(-51.5,227.,21.));
#10118=CARTESIAN_POINT('Origin',(-51.5,227.,21.));
#10119=CARTESIAN_POINT('',(-51.4488830566406,227.,20.6117706298828));
#10120=CARTESIAN_POINT('',(-51.4488830566406,227.,20.6117706298828));
#10121=CARTESIAN_POINT('',(-51.5,227.,21.));
#10122=CARTESIAN_POINT('Origin',(-51.4488830566406,231.,20.6117706298828));
#10123=CARTESIAN_POINT('',(-51.4488830566406,227.,20.6117706298828));
#10124=CARTESIAN_POINT('Origin',(-51.4488830566406,227.,20.6117706298828));
#10125=CARTESIAN_POINT('',(-51.2990417480468,227.,20.25));
#10126=CARTESIAN_POINT('',(-51.2990417480468,227.,20.25));
#10127=CARTESIAN_POINT('',(-51.4488830566406,227.,20.6117706298828));
#10128=CARTESIAN_POINT('Origin',(-51.2990417480468,231.,20.25));
#10129=CARTESIAN_POINT('',(-51.2990417480468,227.,20.25));
#10130=CARTESIAN_POINT('Origin',(-51.2990417480468,227.,20.25));
#10131=CARTESIAN_POINT('',(-51.0606536865234,227.,19.9393405914306));
#10132=CARTESIAN_POINT('',(-51.0606536865234,227.,19.9393405914306));
#10133=CARTESIAN_POINT('',(-51.2990417480468,227.,20.25));
#10134=CARTESIAN_POINT('Origin',(-51.0606536865234,231.,19.9393405914306));
#10135=CARTESIAN_POINT('',(-51.0606536865234,227.,19.9393405914306));
#10136=CARTESIAN_POINT('Origin',(-51.0606536865234,227.,19.9393405914306));
#10137=CARTESIAN_POINT('',(-50.75,227.,19.7009620666504));
#10138=CARTESIAN_POINT('',(-50.75,227.,19.7009620666504));
#10139=CARTESIAN_POINT('',(-51.0606536865234,227.,19.9393405914306));
#10140=CARTESIAN_POINT('Origin',(-50.75,231.,19.7009620666504));
#10141=CARTESIAN_POINT('',(-50.75,227.,19.7009620666504));
#10142=CARTESIAN_POINT('Origin',(-50.75,227.,19.7009620666504));
#10143=CARTESIAN_POINT('',(-50.3882293701172,227.,19.5511112213135));
#10144=CARTESIAN_POINT('',(-50.3882293701172,227.,19.5511112213135));
#10145=CARTESIAN_POINT('',(-50.75,227.,19.7009620666504));
#10146=CARTESIAN_POINT('Origin',(-50.3882293701172,231.,19.5511112213135));
#10147=CARTESIAN_POINT('',(-50.3882293701172,227.,19.5511112213135));
#10148=CARTESIAN_POINT('Origin',(-50.3882293701172,227.,19.5511112213135));
#10149=CARTESIAN_POINT('',(-50.,227.,19.5));
#10150=CARTESIAN_POINT('',(-50.,227.,19.5));
#10151=CARTESIAN_POINT('',(-50.3882293701172,227.,19.5511112213135));
#10152=CARTESIAN_POINT('Origin',(-50.,231.,19.5));
#10153=CARTESIAN_POINT('',(-50.,227.,19.5));
#10154=CARTESIAN_POINT('Origin',(-50.,227.,19.5));
#10155=CARTESIAN_POINT('',(-50.,227.,19.5));
#10156=CARTESIAN_POINT('Origin',(-205.,120.,6.));
#10157=CARTESIAN_POINT('',(-205.,185.,6.));
#10158=CARTESIAN_POINT('',(-215.,120.,6.));
#10159=CARTESIAN_POINT('',(-205.,120.,6.));
#10160=CARTESIAN_POINT('',(-215.,120.,6.));
#10161=CARTESIAN_POINT('',(-205.,120.,6.));
#10162=CARTESIAN_POINT('Origin',(-205.,185.,6.));
#10163=CARTESIAN_POINT('',(-215.,185.,6.));
#10164=CARTESIAN_POINT('Origin',(-205.,120.,1.));
#10165=CARTESIAN_POINT('',(-215.,120.,1.));
#10166=CARTESIAN_POINT('',(-205.,120.,1.));
#10167=CARTESIAN_POINT('',(-215.,120.,1.));
#10168=CARTESIAN_POINT('',(-205.,120.,1.));
#10169=CARTESIAN_POINT('Origin',(-205.,120.,6.));
#10170=CARTESIAN_POINT('Origin',(-161.65408706665,217.,6.));
#10171=CARTESIAN_POINT('',(-161.65408706665,217.,1.));
#10172=CARTESIAN_POINT('',(-95.2994995117187,217.,6.));
#10173=CARTESIAN_POINT('',(-161.65408706665,217.,1.));
#10174=CARTESIAN_POINT('',(-161.65408706665,217.,6.));
#10175=CARTESIAN_POINT('',(-161.65408706665,217.,6.));
#10176=CARTESIAN_POINT('',(-161.65408706665,217.,1.));
#10177=CARTESIAN_POINT('Origin',(-161.65408706665,217.,1.));
#10178=CARTESIAN_POINT('',(-95.2994995117187,217.,1.));
#10179=CARTESIAN_POINT('',(-95.2994995117187,217.,1.));
#10180=CARTESIAN_POINT('',(-161.65408706665,217.,1.));
#10181=CARTESIAN_POINT('Origin',(-161.65408706665,217.,6.));
#10182=CARTESIAN_POINT('',(-161.65408706665,227.,6.));
#10183=CARTESIAN_POINT('',(-161.65408706665,227.,6.));
#10184=CARTESIAN_POINT('',(-161.65408706665,217.,6.));
#10185=CARTESIAN_POINT('Origin',(-95.2994995117187,217.,6.));
#10186=CARTESIAN_POINT('',(-161.65408706665,227.,6.));
#10187=CARTESIAN_POINT('',(-95.2994995117187,217.,6.));
#10188=CARTESIAN_POINT('Origin',(-161.65408706665,227.,1.));
#10189=CARTESIAN_POINT('',(-161.65408706665,217.,1.));
#10190=CARTESIAN_POINT('',(-161.65408706665,227.,1.));
#10191=CARTESIAN_POINT('',(-161.65408706665,217.,1.));
#10192=CARTESIAN_POINT('',(-161.65408706665,227.,1.));
#10193=CARTESIAN_POINT('Origin',(-95.2994995117187,227.,1.));
#10194=CARTESIAN_POINT('',(-95.2994995117187,217.,1.));
#10195=CARTESIAN_POINT('Origin',(-51.4488830566406,227.,21.3882293701172));
#10196=CARTESIAN_POINT('',(-95.2994995117187,227.,6.));
#10197=CARTESIAN_POINT('',(-95.2994995117187,227.,6.));
#10198=CARTESIAN_POINT('Origin',(-51.2990417480468,227.,21.75));
#10199=CARTESIAN_POINT('',(-95.2994995117187,227.,46.));
#10200=CARTESIAN_POINT('',(-95.2994995117187,227.,6.));
#10201=CARTESIAN_POINT('',(-95.2994995117187,227.,46.));
#10202=CARTESIAN_POINT('Origin',(-95.2994995117187,227.,6.));
#10203=CARTESIAN_POINT('',(-161.65408706665,227.,6.));
#10204=CARTESIAN_POINT('Origin',(-95.2994995117187,227.,46.));
#10205=CARTESIAN_POINT('',(-161.65408706665,227.,6.));
#10206=CARTESIAN_POINT('',(-161.65408706665,227.,46.));
#10207=CARTESIAN_POINT('Origin',(-95.2994995117187,227.,46.));
#10208=CARTESIAN_POINT('',(-95.2994995117187,227.,51.));
#10209=CARTESIAN_POINT('',(-95.2994995117187,227.,51.));
#10210=CARTESIAN_POINT('',(-95.2994995117187,227.,46.));
#10211=CARTESIAN_POINT('',(-95.2994995117187,227.,46.));
#10212=CARTESIAN_POINT('Origin',(-55.,227.,40.));
#10213=CARTESIAN_POINT('',(-95.2994995117187,227.,51.));
#10214=CARTESIAN_POINT('Origin',(-95.2994995117187,227.,51.));
#10215=CARTESIAN_POINT('',(-161.65408706665,227.,51.));
#10216=CARTESIAN_POINT('',(-161.65408706665,227.,51.));
#10217=CARTESIAN_POINT('Origin',(-55.,227.,77.));
#10218=CARTESIAN_POINT('Origin',(-48.5511169433594,227.,21.3882293701172));
#10219=CARTESIAN_POINT('',(-48.7009582519531,227.,21.75));
#10220=CARTESIAN_POINT('',(-48.5511169433594,227.,21.3882293701172));
#10221=CARTESIAN_POINT('Origin',(-48.5511169433594,227.,33.6117706298828));
#10222=CARTESIAN_POINT('',(-48.7009582519531,227.,21.75));
#10223=CARTESIAN_POINT('Origin',(-48.7009582519531,227.,21.75));
#10224=CARTESIAN_POINT('',(-48.9393463134765,227.,22.0606594085694));
#10225=CARTESIAN_POINT('Origin',(-48.7009582519531,227.,33.25));
#10226=CARTESIAN_POINT('',(-48.9393463134765,227.,22.0606594085694));
#10227=CARTESIAN_POINT('Origin',(-48.9393463134765,227.,22.0606594085694));
#10228=CARTESIAN_POINT('',(-49.25,227.,22.2990379333496));
#10229=CARTESIAN_POINT('Origin',(-48.9393463134765,227.,32.939338684082));
#10230=CARTESIAN_POINT('',(-49.25,227.,22.2990379333496));
#10231=CARTESIAN_POINT('Origin',(-49.25,227.,22.2990379333496));
#10232=CARTESIAN_POINT('',(-49.6117706298828,227.,22.4488887786865));
#10233=CARTESIAN_POINT('Origin',(-49.25,227.,32.7009620666504));
#10234=CARTESIAN_POINT('',(-49.6117706298828,227.,22.4488887786865));
#10235=CARTESIAN_POINT('Origin',(-49.6117706298828,227.,22.4488887786865));
#10236=CARTESIAN_POINT('',(-50.,227.,22.5));
#10237=CARTESIAN_POINT('Origin',(-49.6117706298828,227.,32.5511131286621));
#10238=CARTESIAN_POINT('',(-50.,227.,22.5));
#10239=CARTESIAN_POINT('Origin',(-50.,227.,22.5));
#10240=CARTESIAN_POINT('',(-50.3882293701172,227.,22.4488887786865));
#10241=CARTESIAN_POINT('Origin',(-50.,227.,32.5));
#10242=CARTESIAN_POINT('',(-50.3882293701172,227.,22.4488887786865));
#10243=CARTESIAN_POINT('Origin',(-50.3882293701172,227.,22.4488887786865));
#10244=CARTESIAN_POINT('',(-50.75,227.,22.2990379333496));
#10245=CARTESIAN_POINT('Origin',(-50.3882293701172,227.,32.5511131286621));
#10246=CARTESIAN_POINT('',(-50.75,227.,22.2990379333496));
#10247=CARTESIAN_POINT('Origin',(-50.75,227.,22.2990379333496));
#10248=CARTESIAN_POINT('',(-51.0606536865234,227.,22.0606594085694));
#10249=CARTESIAN_POINT('Origin',(-50.75,227.,32.7009620666504));
#10250=CARTESIAN_POINT('',(-51.0606536865234,227.,22.0606594085694));
#10251=CARTESIAN_POINT('Origin',(-51.0606536865234,227.,22.0606594085694));
#10252=CARTESIAN_POINT('',(-51.2990417480468,227.,21.75));
#10253=CARTESIAN_POINT('Origin',(-51.0606536865234,227.,32.939338684082));
#10254=CARTESIAN_POINT('',(-51.2990417480468,227.,21.75));
#10255=CARTESIAN_POINT('Origin',(-51.2990417480468,227.,21.75));
#10256=CARTESIAN_POINT('',(-95.2994995117187,227.,46.));
#10257=CARTESIAN_POINT('Origin',(-51.2990417480468,227.,33.25));
#10258=CARTESIAN_POINT('',(-95.2994995117187,227.,46.));
#10259=CARTESIAN_POINT('Origin',(-51.4488830566406,227.,33.6117706298828));
#10260=CARTESIAN_POINT('',(-95.2994995117187,227.,46.));
#10261=CARTESIAN_POINT('Origin',(-95.2994995117187,227.,46.));
#10262=CARTESIAN_POINT('',(-55.,227.,40.));
#10263=CARTESIAN_POINT('Origin',(-51.5,227.,34.));
#10264=CARTESIAN_POINT('',(-55.,227.,40.));
#10265=CARTESIAN_POINT('Origin',(-51.4488830566406,227.,34.3882293701172));
#10266=CARTESIAN_POINT('',(-55.,227.,40.));
#10267=CARTESIAN_POINT('Origin',(-51.2990417480468,227.,34.75));
#10268=CARTESIAN_POINT('',(-55.,227.,40.));
#10269=CARTESIAN_POINT('Origin',(-51.0606536865234,227.,35.060661315918));
#10270=CARTESIAN_POINT('',(-55.,227.,40.));
#10271=CARTESIAN_POINT('Origin',(-50.75,227.,35.2990379333496));
#10272=CARTESIAN_POINT('',(-55.,227.,40.));
#10273=CARTESIAN_POINT('Origin',(-50.3882293701172,227.,35.4488868713379));
#10274=CARTESIAN_POINT('',(-55.,227.,40.));
#10275=CARTESIAN_POINT('Origin',(-55.,227.,40.));
#10276=CARTESIAN_POINT('',(-50.,227.,35.5));
#10277=CARTESIAN_POINT('Origin',(-50.,227.,35.5));
#10278=CARTESIAN_POINT('',(-49.6117706298828,227.,35.4488868713379));
#10279=CARTESIAN_POINT('Origin',(-49.6117706298828,227.,35.4488868713379));
#10280=CARTESIAN_POINT('',(-49.25,227.,35.2990379333496));
#10281=CARTESIAN_POINT('Origin',(-49.25,227.,35.2990379333496));
#10282=CARTESIAN_POINT('',(-48.9393463134765,227.,35.060661315918));
#10283=CARTESIAN_POINT('Origin',(-48.9393463134765,227.,35.060661315918));
#10284=CARTESIAN_POINT('',(-48.7009582519531,227.,34.75));
#10285=CARTESIAN_POINT('Origin',(-48.7009582519531,227.,34.75));
#10286=CARTESIAN_POINT('',(-48.5511169433594,227.,34.3882293701172));
#10287=CARTESIAN_POINT('Origin',(-48.5511169433594,227.,34.3882293701172));
#10288=CARTESIAN_POINT('',(-48.5,227.,34.));
#10289=CARTESIAN_POINT('Origin',(-48.5,227.,34.));
#10290=CARTESIAN_POINT('',(-48.5511169433594,227.,33.6117706298828));
#10291=CARTESIAN_POINT('Origin',(-48.5511169433594,227.,33.6117706298828));
#10292=CARTESIAN_POINT('',(-48.5511169433594,227.,21.3882293701172));
#10293=CARTESIAN_POINT('Origin',(-45.,227.,40.));
#10294=CARTESIAN_POINT('',(-48.5511169433594,227.,21.3882293701172));
#10295=CARTESIAN_POINT('Origin',(-48.5511169433594,227.,21.3882293701172));
#10296=CARTESIAN_POINT('',(-48.5,227.,21.));
#10297=CARTESIAN_POINT('Origin',(-48.5,227.,21.));
#10298=CARTESIAN_POINT('',(-48.5511169433594,227.,20.6117706298828));
#10299=CARTESIAN_POINT('Origin',(-48.5511169433594,227.,20.6117706298828));
#10300=CARTESIAN_POINT('',(-48.7009582519531,227.,20.25));
#10301=CARTESIAN_POINT('Origin',(-48.7009582519531,227.,20.25));
#10302=CARTESIAN_POINT('',(-48.9393463134765,227.,19.9393405914306));
#10303=CARTESIAN_POINT('Origin',(-48.9393463134765,227.,19.9393405914306));
#10304=CARTESIAN_POINT('',(-49.25,227.,19.7009620666504));
#10305=CARTESIAN_POINT('Origin',(-49.25,227.,19.7009620666504));
#10306=CARTESIAN_POINT('',(-49.6117706298828,227.,19.5511112213135));
#10307=CARTESIAN_POINT('Origin',(-49.6117706298828,227.,19.5511112213135));
#10308=CARTESIAN_POINT('',(-50.,227.,19.5));
#10309=CARTESIAN_POINT('Origin',(-45.,227.,15.));
#10310=CARTESIAN_POINT('',(-55.,227.,15.));
#10311=CARTESIAN_POINT('Origin',(-50.,227.,19.5));
#10312=CARTESIAN_POINT('',(-55.,227.,15.));
#10313=CARTESIAN_POINT('Origin',(-50.3882293701172,227.,19.5511112213135));
#10314=CARTESIAN_POINT('',(-55.,227.,15.));
#10315=CARTESIAN_POINT('Origin',(-50.75,227.,19.7009620666504));
#10316=CARTESIAN_POINT('',(-55.,227.,15.));
#10317=CARTESIAN_POINT('Origin',(-51.0606536865234,227.,19.9393405914306));
#10318=CARTESIAN_POINT('',(-55.,227.,15.));
#10319=CARTESIAN_POINT('Origin',(-51.2990417480468,227.,20.25));
#10320=CARTESIAN_POINT('',(-55.,227.,15.));
#10321=CARTESIAN_POINT('Origin',(-51.4488830566406,227.,20.6117706298828));
#10322=CARTESIAN_POINT('',(-55.,227.,15.));
#10323=CARTESIAN_POINT('Origin',(-51.5,227.,21.));
#10324=CARTESIAN_POINT('',(-55.,227.,15.));
#10325=CARTESIAN_POINT('Origin',(-51.4488830566406,227.,21.3882293701172));
#10326=CARTESIAN_POINT('',(-95.2994995117187,227.,6.));
#10327=CARTESIAN_POINT('Origin',(-55.,227.,15.));
#10328=CARTESIAN_POINT('Origin',(-95.2994995117187,227.,1.));
#10329=CARTESIAN_POINT('',(-161.65408706665,227.,1.));
#10330=CARTESIAN_POINT('Origin',(-55.,227.,-4.));
#10331=CARTESIAN_POINT('',(-215.,227.,-4.));
#10332=CARTESIAN_POINT('Origin',(-161.65408706665,227.,1.));
#10333=CARTESIAN_POINT('',(-215.,227.,-4.));
#10334=CARTESIAN_POINT('',(-161.65408706665,227.,1.));
#10335=CARTESIAN_POINT('Origin',(-161.65408706665,227.,6.));
#10336=CARTESIAN_POINT('Origin',(-161.65408706665,217.,1.));
#10337=CARTESIAN_POINT('',(-161.65408706665,217.,6.));
#10338=CARTESIAN_POINT('Origin',(-161.65408706665,217.,6.));
#10339=CARTESIAN_POINT('Origin',(-95.2994995117187,217.,6.));
#10340=CARTESIAN_POINT('',(-95.2994995117187,217.,1.));
#10341=CARTESIAN_POINT('Origin',(-95.2994995117187,217.,1.));
#10342=CARTESIAN_POINT('Origin',(-205.,120.,6.));
#10343=CARTESIAN_POINT('',(-205.,120.,1.));
#10344=CARTESIAN_POINT('Origin',(-205.,120.,1.));
#10345=CARTESIAN_POINT('',(-205.,185.,1.));
#10346=CARTESIAN_POINT('',(-205.,185.,1.));
#10347=CARTESIAN_POINT('',(-205.,120.,1.));
#10348=CARTESIAN_POINT('Origin',(-215.,120.,1.));
#10349=CARTESIAN_POINT('',(-215.,185.,1.));
#10350=CARTESIAN_POINT('Origin',(-215.,185.,1.));
#10351=CARTESIAN_POINT('',(-215.,185.,1.));
#10352=CARTESIAN_POINT('Origin',(-205.,185.,6.));
#10353=CARTESIAN_POINT('',(-215.,185.,6.));
#10354=CARTESIAN_POINT('Origin',(-205.,185.,1.));
#10355=CARTESIAN_POINT('Origin',(-205.,120.,51.));
#10356=CARTESIAN_POINT('',(-205.,120.,46.));
#10357=CARTESIAN_POINT('',(-205.,185.,51.));
#10358=CARTESIAN_POINT('',(-205.,120.,46.));
#10359=CARTESIAN_POINT('',(-205.,120.,51.));
#10360=CARTESIAN_POINT('',(-205.,120.,51.));
#10361=CARTESIAN_POINT('',(-205.,120.,46.));
#10362=CARTESIAN_POINT('Origin',(-205.,120.,46.));
#10363=CARTESIAN_POINT('',(-205.,185.,46.));
#10364=CARTESIAN_POINT('',(-205.,185.,46.));
#10365=CARTESIAN_POINT('',(-205.,120.,46.));
#10366=CARTESIAN_POINT('Origin',(-205.,185.,46.));
#10367=CARTESIAN_POINT('',(-215.,185.,46.));
#10368=CARTESIAN_POINT('',(-215.,185.,46.));
#10369=CARTESIAN_POINT('Origin',(-205.,120.,46.));
#10370=CARTESIAN_POINT('',(-215.,120.,46.));
#10371=CARTESIAN_POINT('Origin',(-205.,185.,51.));
#10372=CARTESIAN_POINT('',(-215.,185.,51.));
#10373=CARTESIAN_POINT('',(-215.,185.,51.));
#10374=CARTESIAN_POINT('Origin',(-205.,185.,46.));
#10375=CARTESIAN_POINT('Origin',(-205.,120.,51.));
#10376=CARTESIAN_POINT('',(-215.,120.,51.));
#10377=CARTESIAN_POINT('',(-215.,120.,51.));
#10378=CARTESIAN_POINT('Origin',(-205.,185.,51.));
#10379=CARTESIAN_POINT('Origin',(-205.,120.,46.));
#10380=CARTESIAN_POINT('',(-215.,120.,46.));
#10381=CARTESIAN_POINT('Origin',(-205.,120.,51.));
#10382=CARTESIAN_POINT('Origin',(-161.65408706665,217.,51.));
#10383=CARTESIAN_POINT('',(-161.65408706665,217.,46.));
#10384=CARTESIAN_POINT('',(-95.2994995117187,217.,51.));
#10385=CARTESIAN_POINT('',(-161.65408706665,217.,46.));
#10386=CARTESIAN_POINT('',(-161.65408706665,217.,51.));
#10387=CARTESIAN_POINT('',(-161.65408706665,217.,51.));
#10388=CARTESIAN_POINT('',(-161.65408706665,217.,46.));
#10389=CARTESIAN_POINT('Origin',(-161.65408706665,217.,46.));
#10390=CARTESIAN_POINT('',(-95.2994995117187,217.,46.));
#10391=CARTESIAN_POINT('',(-95.2994995117187,217.,46.));
#10392=CARTESIAN_POINT('',(-161.65408706665,217.,46.));
#10393=CARTESIAN_POINT('Origin',(-95.2994995117187,217.,46.));
#10394=CARTESIAN_POINT('',(-161.65408706665,217.,46.));
#10395=CARTESIAN_POINT('',(-95.2994995117187,217.,46.));
#10396=CARTESIAN_POINT('Origin',(-161.65408706665,217.,46.));
#10397=CARTESIAN_POINT('',(-161.65408706665,217.,46.));
#10398=CARTESIAN_POINT('Origin',(-95.2994995117187,217.,51.));
#10399=CARTESIAN_POINT('',(-95.2994995117187,217.,46.));
#10400=CARTESIAN_POINT('',(-95.2994995117187,217.,51.));
#10401=CARTESIAN_POINT('Origin',(-95.2994995117187,217.,46.));
#10402=CARTESIAN_POINT('Origin',(-161.65408706665,217.,51.));
#10403=CARTESIAN_POINT('',(-161.65408706665,227.,51.));
#10404=CARTESIAN_POINT('',(-161.65408706665,217.,51.));
#10405=CARTESIAN_POINT('Origin',(-95.2994995117187,217.,51.));
#10406=CARTESIAN_POINT('Origin',(-161.65408706665,217.,46.));
#10407=CARTESIAN_POINT('',(-161.65408706665,217.,51.));
#10408=CARTESIAN_POINT('Origin',(-161.65408706665,217.,51.));
#10409=UNCERTAINTY_MEASURE_WITH_UNIT(LENGTH_MEASURE(0.01),#10413,
'DISTANCE_ACCURACY_VALUE',
'Maximum model space distance between geometric entities at asserted c
onnectivities');
#10410=UNCERTAINTY_MEASURE_WITH_UNIT(LENGTH_MEASURE(0.01),#10413,
'DISTANCE_ACCURACY_VALUE',
'Maximum model space distance between geometric entities at asserted c
onnectivities');
#10411=(
GEOMETRIC_REPRESENTATION_CONTEXT(3)
GLOBAL_UNCERTAINTY_ASSIGNED_CONTEXT((#10409))
GLOBAL_UNIT_ASSIGNED_CONTEXT((#10413,#10415,#10416))
REPRESENTATION_CONTEXT('','3D')
);
#10412=(
GEOMETRIC_REPRESENTATION_CONTEXT(3)
GLOBAL_UNCERTAINTY_ASSIGNED_CONTEXT((#10410))
GLOBAL_UNIT_ASSIGNED_CONTEXT((#10413,#10415,#10416))
REPRESENTATION_CONTEXT('','3D')
);
#10413=(
LENGTH_UNIT()
NAMED_UNIT(*)
SI_UNIT(.MILLI.,.METRE.)
);
#10414=(
LENGTH_UNIT()
NAMED_UNIT(*)
SI_UNIT($,.METRE.)
);
#10415=(
NAMED_UNIT(*)
PLANE_ANGLE_UNIT()
SI_UNIT($,.RADIAN.)
);
#10416=(
NAMED_UNIT(*)
SI_UNIT($,.STERADIAN.)
SOLID_ANGLE_UNIT()
);
#10417=SHAPE_DEFINITION_REPRESENTATION(#10418,#10419);
#10418=PRODUCT_DEFINITION_SHAPE('',$,#10421);
#10419=SHAPE_REPRESENTATION('',(#6427),#10411);
#10420=PRODUCT_DEFINITION_CONTEXT('part definition',#10425,'design');
#10421=PRODUCT_DEFINITION('\X2\30E130C330B730E5\X0\ \X2\30DC30C730A3\X0\1',
'cover-parts v1',#10422,#10420);
#10422=PRODUCT_DEFINITION_FORMATION('',$,#10427);
#10423=PRODUCT_RELATED_PRODUCT_CATEGORY('cover-parts v1',
'cover-parts v1',(#10427));
#10424=APPLICATION_PROTOCOL_DEFINITION('international standard',
'automotive_design',2009,#10425);
#10425=APPLICATION_CONTEXT(
'Core Data for Automotive Mechanical Design Process');
#10426=PRODUCT_CONTEXT('part definition',#10425,'mechanical');
#10427=PRODUCT('\X2\30E130C330B730E5\X0\ \X2\30DC30C730A3\X0\1',
'cover-parts v1',$,(#10426));
#10428=PRESENTATION_STYLE_ASSIGNMENT((#10430));
#10429=PRESENTATION_STYLE_ASSIGNMENT((#10431));
#10430=SURFACE_STYLE_USAGE(.BOTH.,#10432);
#10431=SURFACE_STYLE_USAGE(.BOTH.,#10433);
#10432=SURFACE_SIDE_STYLE('',(#10434));
#10433=SURFACE_SIDE_STYLE('',(#10435));
#10434=SURFACE_STYLE_FILL_AREA(#10436);
#10435=SURFACE_STYLE_FILL_AREA(#10437);
#10436=FILL_AREA_STYLE('\X2\92FC\X0\ - \X2\30B530C630F3\X0\',(#10438));
#10437=FILL_AREA_STYLE('Opaque(160,160,160)',(#10439));
#10438=FILL_AREA_STYLE_COLOUR('\X2\92FC\X0\ - \X2\30B530C630F3\X0\',#10440);
#10439=FILL_AREA_STYLE_COLOUR('Opaque(160,160,160)',#10441);
#10440=COLOUR_RGB('\X2\92FC\X0\ - \X2\30B530C630F3\X0\',0.627450980392157,
0.627450980392157,0.627450980392157);
#10441=COLOUR_RGB('Opaque(160,160,160)',0.627450980392157,0.627450980392157,
0.627450980392157);
ENDSEC;
END-ISO-10303-21;
