ISO-10303-21;
HEADER;
/* Generated by software containing ST-Developer
 * from STEP Tools, Inc. (www.steptools.com) 
 */

FILE_DESCRIPTION(
/* description */ (''),
/* implementation_level */ '2;1');

FILE_NAME(
/* name */ '',
/* time_stamp */ '2025-03-27T09:47:40+09:00',
/* author */ (''),
/* organization */ (''),
/* preprocessor_version */ 'ST-DEVELOPER v20.1',
/* originating_system */ 'Autodesk Translation Framework v14.4.0.0',
/* authorisation */ '');

FILE_SCHEMA (('AUTOMOTIVE_DESIGN { 1 0 10303 214 3 1 1 }'));
ENDSEC;

DATA;
#10=MECHANICAL_DESIGN_GEOMETRIC_PRESENTATION_REPRESENTATION('',(#13),#10349);
#11=SHAPE_REPRESENTATION_RELATIONSHIP('SRR','None',#10356,#12);
#12=ADVANCED_BREP_SHAPE_REPRESENTATION('',(#14),#10348);
#13=STYLED_ITEM('',(#10365),#14);
#14=MANIFOLD_SOLID_BREP('\X2\30E130C330B730E5\X0\ \X2\30DC30C730A3\X0\1',
#6369);
#15=FACE_OUTER_BOUND('',#539,.T.);
#16=FACE_OUTER_BOUND('',#540,.T.);
#17=FACE_OUTER_BOUND('',#541,.T.);
#18=FACE_OUTER_BOUND('',#542,.T.);
#19=FACE_OUTER_BOUND('',#543,.T.);
#20=FACE_OUTER_BOUND('',#544,.T.);
#21=FACE_OUTER_BOUND('',#545,.T.);
#22=FACE_OUTER_BOUND('',#546,.T.);
#23=FACE_OUTER_BOUND('',#547,.T.);
#24=FACE_OUTER_BOUND('',#548,.T.);
#25=FACE_OUTER_BOUND('',#549,.T.);
#26=FACE_OUTER_BOUND('',#550,.T.);
#27=FACE_OUTER_BOUND('',#551,.T.);
#28=FACE_OUTER_BOUND('',#552,.T.);
#29=FACE_OUTER_BOUND('',#553,.T.);
#30=FACE_OUTER_BOUND('',#554,.T.);
#31=FACE_OUTER_BOUND('',#555,.T.);
#32=FACE_OUTER_BOUND('',#556,.T.);
#33=FACE_OUTER_BOUND('',#557,.T.);
#34=FACE_OUTER_BOUND('',#558,.T.);
#35=FACE_OUTER_BOUND('',#559,.T.);
#36=FACE_OUTER_BOUND('',#560,.T.);
#37=FACE_OUTER_BOUND('',#561,.T.);
#38=FACE_OUTER_BOUND('',#562,.T.);
#39=FACE_OUTER_BOUND('',#563,.T.);
#40=FACE_OUTER_BOUND('',#564,.T.);
#41=FACE_OUTER_BOUND('',#565,.T.);
#42=FACE_OUTER_BOUND('',#566,.T.);
#43=FACE_OUTER_BOUND('',#567,.T.);
#44=FACE_OUTER_BOUND('',#568,.T.);
#45=FACE_OUTER_BOUND('',#569,.T.);
#46=FACE_OUTER_BOUND('',#570,.T.);
#47=FACE_OUTER_BOUND('',#571,.T.);
#48=FACE_OUTER_BOUND('',#572,.T.);
#49=FACE_OUTER_BOUND('',#573,.T.);
#50=FACE_OUTER_BOUND('',#574,.T.);
#51=FACE_OUTER_BOUND('',#575,.T.);
#52=FACE_OUTER_BOUND('',#576,.T.);
#53=FACE_OUTER_BOUND('',#577,.T.);
#54=FACE_OUTER_BOUND('',#578,.T.);
#55=FACE_OUTER_BOUND('',#579,.T.);
#56=FACE_OUTER_BOUND('',#580,.T.);
#57=FACE_OUTER_BOUND('',#581,.T.);
#58=FACE_OUTER_BOUND('',#582,.T.);
#59=FACE_OUTER_BOUND('',#583,.T.);
#60=FACE_OUTER_BOUND('',#584,.T.);
#61=FACE_OUTER_BOUND('',#585,.T.);
#62=FACE_OUTER_BOUND('',#586,.T.);
#63=FACE_OUTER_BOUND('',#587,.T.);
#64=FACE_OUTER_BOUND('',#588,.T.);
#65=FACE_OUTER_BOUND('',#589,.T.);
#66=FACE_OUTER_BOUND('',#590,.T.);
#67=FACE_OUTER_BOUND('',#591,.T.);
#68=FACE_OUTER_BOUND('',#592,.T.);
#69=FACE_OUTER_BOUND('',#593,.T.);
#70=FACE_OUTER_BOUND('',#594,.T.);
#71=FACE_OUTER_BOUND('',#595,.T.);
#72=FACE_OUTER_BOUND('',#596,.T.);
#73=FACE_OUTER_BOUND('',#597,.T.);
#74=FACE_OUTER_BOUND('',#598,.T.);
#75=FACE_OUTER_BOUND('',#599,.T.);
#76=FACE_OUTER_BOUND('',#600,.T.);
#77=FACE_OUTER_BOUND('',#601,.T.);
#78=FACE_OUTER_BOUND('',#602,.T.);
#79=FACE_OUTER_BOUND('',#603,.T.);
#80=FACE_OUTER_BOUND('',#604,.T.);
#81=FACE_OUTER_BOUND('',#605,.T.);
#82=FACE_OUTER_BOUND('',#606,.T.);
#83=FACE_OUTER_BOUND('',#607,.T.);
#84=FACE_OUTER_BOUND('',#608,.T.);
#85=FACE_OUTER_BOUND('',#609,.T.);
#86=FACE_OUTER_BOUND('',#610,.T.);
#87=FACE_OUTER_BOUND('',#611,.T.);
#88=FACE_OUTER_BOUND('',#612,.T.);
#89=FACE_OUTER_BOUND('',#613,.T.);
#90=FACE_OUTER_BOUND('',#614,.T.);
#91=FACE_OUTER_BOUND('',#615,.T.);
#92=FACE_OUTER_BOUND('',#616,.T.);
#93=FACE_OUTER_BOUND('',#617,.T.);
#94=FACE_OUTER_BOUND('',#618,.T.);
#95=FACE_OUTER_BOUND('',#619,.T.);
#96=FACE_OUTER_BOUND('',#620,.T.);
#97=FACE_OUTER_BOUND('',#621,.T.);
#98=FACE_OUTER_BOUND('',#622,.T.);
#99=FACE_OUTER_BOUND('',#623,.T.);
#100=FACE_OUTER_BOUND('',#624,.T.);
#101=FACE_OUTER_BOUND('',#625,.T.);
#102=FACE_OUTER_BOUND('',#626,.T.);
#103=FACE_OUTER_BOUND('',#627,.T.);
#104=FACE_OUTER_BOUND('',#628,.T.);
#105=FACE_OUTER_BOUND('',#629,.T.);
#106=FACE_OUTER_BOUND('',#630,.T.);
#107=FACE_OUTER_BOUND('',#631,.T.);
#108=FACE_OUTER_BOUND('',#632,.T.);
#109=FACE_OUTER_BOUND('',#633,.T.);
#110=FACE_OUTER_BOUND('',#634,.T.);
#111=FACE_OUTER_BOUND('',#635,.T.);
#112=FACE_OUTER_BOUND('',#636,.T.);
#113=FACE_OUTER_BOUND('',#637,.T.);
#114=FACE_OUTER_BOUND('',#638,.T.);
#115=FACE_OUTER_BOUND('',#639,.T.);
#116=FACE_OUTER_BOUND('',#640,.T.);
#117=FACE_OUTER_BOUND('',#641,.T.);
#118=FACE_OUTER_BOUND('',#642,.T.);
#119=FACE_OUTER_BOUND('',#643,.T.);
#120=FACE_OUTER_BOUND('',#644,.T.);
#121=FACE_OUTER_BOUND('',#645,.T.);
#122=FACE_OUTER_BOUND('',#646,.T.);
#123=FACE_OUTER_BOUND('',#647,.T.);
#124=FACE_OUTER_BOUND('',#648,.T.);
#125=FACE_OUTER_BOUND('',#649,.T.);
#126=FACE_OUTER_BOUND('',#650,.T.);
#127=FACE_OUTER_BOUND('',#651,.T.);
#128=FACE_OUTER_BOUND('',#652,.T.);
#129=FACE_OUTER_BOUND('',#653,.T.);
#130=FACE_OUTER_BOUND('',#654,.T.);
#131=FACE_OUTER_BOUND('',#655,.T.);
#132=FACE_OUTER_BOUND('',#656,.T.);
#133=FACE_OUTER_BOUND('',#657,.T.);
#134=FACE_OUTER_BOUND('',#658,.T.);
#135=FACE_OUTER_BOUND('',#659,.T.);
#136=FACE_OUTER_BOUND('',#660,.T.);
#137=FACE_OUTER_BOUND('',#661,.T.);
#138=FACE_OUTER_BOUND('',#662,.T.);
#139=FACE_OUTER_BOUND('',#663,.T.);
#140=FACE_OUTER_BOUND('',#664,.T.);
#141=FACE_OUTER_BOUND('',#665,.T.);
#142=FACE_OUTER_BOUND('',#666,.T.);
#143=FACE_OUTER_BOUND('',#667,.T.);
#144=FACE_OUTER_BOUND('',#668,.T.);
#145=FACE_OUTER_BOUND('',#669,.T.);
#146=FACE_OUTER_BOUND('',#670,.T.);
#147=FACE_OUTER_BOUND('',#671,.T.);
#148=FACE_OUTER_BOUND('',#672,.T.);
#149=FACE_OUTER_BOUND('',#673,.T.);
#150=FACE_OUTER_BOUND('',#674,.T.);
#151=FACE_OUTER_BOUND('',#675,.T.);
#152=FACE_OUTER_BOUND('',#676,.T.);
#153=FACE_OUTER_BOUND('',#677,.T.);
#154=FACE_OUTER_BOUND('',#678,.T.);
#155=FACE_OUTER_BOUND('',#679,.T.);
#156=FACE_OUTER_BOUND('',#680,.T.);
#157=FACE_OUTER_BOUND('',#681,.T.);
#158=FACE_OUTER_BOUND('',#682,.T.);
#159=FACE_OUTER_BOUND('',#683,.T.);
#160=FACE_OUTER_BOUND('',#684,.T.);
#161=FACE_OUTER_BOUND('',#685,.T.);
#162=FACE_OUTER_BOUND('',#686,.T.);
#163=FACE_OUTER_BOUND('',#687,.T.);
#164=FACE_OUTER_BOUND('',#688,.T.);
#165=FACE_OUTER_BOUND('',#689,.T.);
#166=FACE_OUTER_BOUND('',#690,.T.);
#167=FACE_OUTER_BOUND('',#691,.T.);
#168=FACE_OUTER_BOUND('',#692,.T.);
#169=FACE_OUTER_BOUND('',#693,.T.);
#170=FACE_OUTER_BOUND('',#694,.T.);
#171=FACE_OUTER_BOUND('',#695,.T.);
#172=FACE_OUTER_BOUND('',#696,.T.);
#173=FACE_OUTER_BOUND('',#697,.T.);
#174=FACE_OUTER_BOUND('',#698,.T.);
#175=FACE_OUTER_BOUND('',#699,.T.);
#176=FACE_OUTER_BOUND('',#700,.T.);
#177=FACE_OUTER_BOUND('',#701,.T.);
#178=FACE_OUTER_BOUND('',#702,.T.);
#179=FACE_OUTER_BOUND('',#703,.T.);
#180=FACE_OUTER_BOUND('',#704,.T.);
#181=FACE_OUTER_BOUND('',#705,.T.);
#182=FACE_OUTER_BOUND('',#706,.T.);
#183=FACE_OUTER_BOUND('',#707,.T.);
#184=FACE_OUTER_BOUND('',#708,.T.);
#185=FACE_OUTER_BOUND('',#709,.T.);
#186=FACE_OUTER_BOUND('',#710,.T.);
#187=FACE_OUTER_BOUND('',#711,.T.);
#188=FACE_OUTER_BOUND('',#712,.T.);
#189=FACE_OUTER_BOUND('',#713,.T.);
#190=FACE_OUTER_BOUND('',#714,.T.);
#191=FACE_OUTER_BOUND('',#715,.T.);
#192=FACE_OUTER_BOUND('',#716,.T.);
#193=FACE_OUTER_BOUND('',#717,.T.);
#194=FACE_OUTER_BOUND('',#718,.T.);
#195=FACE_OUTER_BOUND('',#719,.T.);
#196=FACE_OUTER_BOUND('',#720,.T.);
#197=FACE_OUTER_BOUND('',#721,.T.);
#198=FACE_OUTER_BOUND('',#722,.T.);
#199=FACE_OUTER_BOUND('',#723,.T.);
#200=FACE_OUTER_BOUND('',#724,.T.);
#201=FACE_OUTER_BOUND('',#725,.T.);
#202=FACE_OUTER_BOUND('',#726,.T.);
#203=FACE_OUTER_BOUND('',#727,.T.);
#204=FACE_OUTER_BOUND('',#728,.T.);
#205=FACE_OUTER_BOUND('',#729,.T.);
#206=FACE_OUTER_BOUND('',#730,.T.);
#207=FACE_OUTER_BOUND('',#731,.T.);
#208=FACE_OUTER_BOUND('',#732,.T.);
#209=FACE_OUTER_BOUND('',#733,.T.);
#210=FACE_OUTER_BOUND('',#734,.T.);
#211=FACE_OUTER_BOUND('',#735,.T.);
#212=FACE_OUTER_BOUND('',#736,.T.);
#213=FACE_OUTER_BOUND('',#737,.T.);
#214=FACE_OUTER_BOUND('',#738,.T.);
#215=FACE_OUTER_BOUND('',#739,.T.);
#216=FACE_OUTER_BOUND('',#740,.T.);
#217=FACE_OUTER_BOUND('',#741,.T.);
#218=FACE_OUTER_BOUND('',#742,.T.);
#219=FACE_OUTER_BOUND('',#743,.T.);
#220=FACE_OUTER_BOUND('',#744,.T.);
#221=FACE_OUTER_BOUND('',#745,.T.);
#222=FACE_OUTER_BOUND('',#746,.T.);
#223=FACE_OUTER_BOUND('',#747,.T.);
#224=FACE_OUTER_BOUND('',#748,.T.);
#225=FACE_OUTER_BOUND('',#749,.T.);
#226=FACE_OUTER_BOUND('',#750,.T.);
#227=FACE_OUTER_BOUND('',#751,.T.);
#228=FACE_OUTER_BOUND('',#752,.T.);
#229=FACE_OUTER_BOUND('',#753,.T.);
#230=FACE_OUTER_BOUND('',#754,.T.);
#231=FACE_OUTER_BOUND('',#755,.T.);
#232=FACE_OUTER_BOUND('',#756,.T.);
#233=FACE_OUTER_BOUND('',#757,.T.);
#234=FACE_OUTER_BOUND('',#758,.T.);
#235=FACE_OUTER_BOUND('',#759,.T.);
#236=FACE_OUTER_BOUND('',#760,.T.);
#237=FACE_OUTER_BOUND('',#761,.T.);
#238=FACE_OUTER_BOUND('',#762,.T.);
#239=FACE_OUTER_BOUND('',#763,.T.);
#240=FACE_OUTER_BOUND('',#764,.T.);
#241=FACE_OUTER_BOUND('',#765,.T.);
#242=FACE_OUTER_BOUND('',#766,.T.);
#243=FACE_OUTER_BOUND('',#767,.T.);
#244=FACE_OUTER_BOUND('',#768,.T.);
#245=FACE_OUTER_BOUND('',#769,.T.);
#246=FACE_OUTER_BOUND('',#770,.T.);
#247=FACE_OUTER_BOUND('',#771,.T.);
#248=FACE_OUTER_BOUND('',#772,.T.);
#249=FACE_OUTER_BOUND('',#773,.T.);
#250=FACE_OUTER_BOUND('',#774,.T.);
#251=FACE_OUTER_BOUND('',#775,.T.);
#252=FACE_OUTER_BOUND('',#776,.T.);
#253=FACE_OUTER_BOUND('',#777,.T.);
#254=FACE_OUTER_BOUND('',#778,.T.);
#255=FACE_OUTER_BOUND('',#779,.T.);
#256=FACE_OUTER_BOUND('',#780,.T.);
#257=FACE_OUTER_BOUND('',#781,.T.);
#258=FACE_OUTER_BOUND('',#782,.T.);
#259=FACE_OUTER_BOUND('',#783,.T.);
#260=FACE_OUTER_BOUND('',#784,.T.);
#261=FACE_OUTER_BOUND('',#785,.T.);
#262=FACE_OUTER_BOUND('',#786,.T.);
#263=FACE_OUTER_BOUND('',#787,.T.);
#264=FACE_OUTER_BOUND('',#788,.T.);
#265=FACE_OUTER_BOUND('',#789,.T.);
#266=FACE_OUTER_BOUND('',#790,.T.);
#267=FACE_OUTER_BOUND('',#791,.T.);
#268=FACE_OUTER_BOUND('',#792,.T.);
#269=FACE_OUTER_BOUND('',#793,.T.);
#270=FACE_OUTER_BOUND('',#794,.T.);
#271=FACE_OUTER_BOUND('',#795,.T.);
#272=FACE_OUTER_BOUND('',#796,.T.);
#273=FACE_OUTER_BOUND('',#797,.T.);
#274=FACE_OUTER_BOUND('',#798,.T.);
#275=FACE_OUTER_BOUND('',#799,.T.);
#276=FACE_OUTER_BOUND('',#800,.T.);
#277=FACE_OUTER_BOUND('',#801,.T.);
#278=FACE_OUTER_BOUND('',#802,.T.);
#279=FACE_OUTER_BOUND('',#803,.T.);
#280=FACE_OUTER_BOUND('',#804,.T.);
#281=FACE_OUTER_BOUND('',#805,.T.);
#282=FACE_OUTER_BOUND('',#806,.T.);
#283=FACE_OUTER_BOUND('',#807,.T.);
#284=FACE_OUTER_BOUND('',#808,.T.);
#285=FACE_OUTER_BOUND('',#809,.T.);
#286=FACE_OUTER_BOUND('',#810,.T.);
#287=FACE_OUTER_BOUND('',#811,.T.);
#288=FACE_OUTER_BOUND('',#812,.T.);
#289=FACE_OUTER_BOUND('',#813,.T.);
#290=FACE_OUTER_BOUND('',#814,.T.);
#291=FACE_OUTER_BOUND('',#815,.T.);
#292=FACE_OUTER_BOUND('',#816,.T.);
#293=FACE_OUTER_BOUND('',#817,.T.);
#294=FACE_OUTER_BOUND('',#818,.T.);
#295=FACE_OUTER_BOUND('',#819,.T.);
#296=FACE_OUTER_BOUND('',#820,.T.);
#297=FACE_OUTER_BOUND('',#821,.T.);
#298=FACE_OUTER_BOUND('',#822,.T.);
#299=FACE_OUTER_BOUND('',#823,.T.);
#300=FACE_OUTER_BOUND('',#824,.T.);
#301=FACE_OUTER_BOUND('',#825,.T.);
#302=FACE_OUTER_BOUND('',#826,.T.);
#303=FACE_OUTER_BOUND('',#827,.T.);
#304=FACE_OUTER_BOUND('',#828,.T.);
#305=FACE_OUTER_BOUND('',#829,.T.);
#306=FACE_OUTER_BOUND('',#830,.T.);
#307=FACE_OUTER_BOUND('',#831,.T.);
#308=FACE_OUTER_BOUND('',#832,.T.);
#309=FACE_OUTER_BOUND('',#833,.T.);
#310=FACE_OUTER_BOUND('',#834,.T.);
#311=FACE_OUTER_BOUND('',#835,.T.);
#312=FACE_OUTER_BOUND('',#836,.T.);
#313=FACE_OUTER_BOUND('',#837,.T.);
#314=FACE_OUTER_BOUND('',#838,.T.);
#315=FACE_OUTER_BOUND('',#839,.T.);
#316=FACE_OUTER_BOUND('',#840,.T.);
#317=FACE_OUTER_BOUND('',#841,.T.);
#318=FACE_OUTER_BOUND('',#842,.T.);
#319=FACE_OUTER_BOUND('',#843,.T.);
#320=FACE_OUTER_BOUND('',#844,.T.);
#321=FACE_OUTER_BOUND('',#845,.T.);
#322=FACE_OUTER_BOUND('',#846,.T.);
#323=FACE_OUTER_BOUND('',#847,.T.);
#324=FACE_OUTER_BOUND('',#848,.T.);
#325=FACE_OUTER_BOUND('',#849,.T.);
#326=FACE_OUTER_BOUND('',#850,.T.);
#327=FACE_OUTER_BOUND('',#851,.T.);
#328=FACE_OUTER_BOUND('',#852,.T.);
#329=FACE_OUTER_BOUND('',#853,.T.);
#330=FACE_OUTER_BOUND('',#854,.T.);
#331=FACE_OUTER_BOUND('',#855,.T.);
#332=FACE_OUTER_BOUND('',#856,.T.);
#333=FACE_OUTER_BOUND('',#857,.T.);
#334=FACE_OUTER_BOUND('',#858,.T.);
#335=FACE_OUTER_BOUND('',#859,.T.);
#336=FACE_OUTER_BOUND('',#860,.T.);
#337=FACE_OUTER_BOUND('',#861,.T.);
#338=FACE_OUTER_BOUND('',#862,.T.);
#339=FACE_OUTER_BOUND('',#863,.T.);
#340=FACE_OUTER_BOUND('',#864,.T.);
#341=FACE_OUTER_BOUND('',#865,.T.);
#342=FACE_OUTER_BOUND('',#866,.T.);
#343=FACE_OUTER_BOUND('',#867,.T.);
#344=FACE_OUTER_BOUND('',#868,.T.);
#345=FACE_OUTER_BOUND('',#869,.T.);
#346=FACE_OUTER_BOUND('',#870,.T.);
#347=FACE_OUTER_BOUND('',#871,.T.);
#348=FACE_OUTER_BOUND('',#872,.T.);
#349=FACE_OUTER_BOUND('',#873,.T.);
#350=FACE_OUTER_BOUND('',#874,.T.);
#351=FACE_OUTER_BOUND('',#875,.T.);
#352=FACE_OUTER_BOUND('',#876,.T.);
#353=FACE_OUTER_BOUND('',#877,.T.);
#354=FACE_OUTER_BOUND('',#878,.T.);
#355=FACE_OUTER_BOUND('',#879,.T.);
#356=FACE_OUTER_BOUND('',#880,.T.);
#357=FACE_OUTER_BOUND('',#881,.T.);
#358=FACE_OUTER_BOUND('',#882,.T.);
#359=FACE_OUTER_BOUND('',#883,.T.);
#360=FACE_OUTER_BOUND('',#884,.T.);
#361=FACE_OUTER_BOUND('',#885,.T.);
#362=FACE_OUTER_BOUND('',#886,.T.);
#363=FACE_OUTER_BOUND('',#887,.T.);
#364=FACE_OUTER_BOUND('',#888,.T.);
#365=FACE_OUTER_BOUND('',#889,.T.);
#366=FACE_OUTER_BOUND('',#890,.T.);
#367=FACE_OUTER_BOUND('',#891,.T.);
#368=FACE_OUTER_BOUND('',#892,.T.);
#369=FACE_OUTER_BOUND('',#893,.T.);
#370=FACE_OUTER_BOUND('',#894,.T.);
#371=FACE_OUTER_BOUND('',#895,.T.);
#372=FACE_OUTER_BOUND('',#896,.T.);
#373=FACE_OUTER_BOUND('',#897,.T.);
#374=FACE_OUTER_BOUND('',#898,.T.);
#375=FACE_OUTER_BOUND('',#899,.T.);
#376=FACE_OUTER_BOUND('',#900,.T.);
#377=FACE_OUTER_BOUND('',#901,.T.);
#378=FACE_OUTER_BOUND('',#902,.T.);
#379=FACE_OUTER_BOUND('',#903,.T.);
#380=FACE_OUTER_BOUND('',#904,.T.);
#381=FACE_OUTER_BOUND('',#905,.T.);
#382=FACE_OUTER_BOUND('',#906,.T.);
#383=FACE_OUTER_BOUND('',#907,.T.);
#384=FACE_OUTER_BOUND('',#908,.T.);
#385=FACE_OUTER_BOUND('',#909,.T.);
#386=FACE_OUTER_BOUND('',#910,.T.);
#387=FACE_OUTER_BOUND('',#911,.T.);
#388=FACE_OUTER_BOUND('',#912,.T.);
#389=FACE_OUTER_BOUND('',#913,.T.);
#390=FACE_OUTER_BOUND('',#914,.T.);
#391=FACE_OUTER_BOUND('',#915,.T.);
#392=FACE_OUTER_BOUND('',#916,.T.);
#393=FACE_OUTER_BOUND('',#917,.T.);
#394=FACE_OUTER_BOUND('',#918,.T.);
#395=FACE_OUTER_BOUND('',#919,.T.);
#396=FACE_OUTER_BOUND('',#920,.T.);
#397=FACE_OUTER_BOUND('',#921,.T.);
#398=FACE_OUTER_BOUND('',#922,.T.);
#399=FACE_OUTER_BOUND('',#923,.T.);
#400=FACE_OUTER_BOUND('',#924,.T.);
#401=FACE_OUTER_BOUND('',#925,.T.);
#402=FACE_OUTER_BOUND('',#926,.T.);
#403=FACE_OUTER_BOUND('',#927,.T.);
#404=FACE_OUTER_BOUND('',#928,.T.);
#405=FACE_OUTER_BOUND('',#929,.T.);
#406=FACE_OUTER_BOUND('',#930,.T.);
#407=FACE_OUTER_BOUND('',#931,.T.);
#408=FACE_OUTER_BOUND('',#932,.T.);
#409=FACE_OUTER_BOUND('',#933,.T.);
#410=FACE_OUTER_BOUND('',#934,.T.);
#411=FACE_OUTER_BOUND('',#935,.T.);
#412=FACE_OUTER_BOUND('',#936,.T.);
#413=FACE_OUTER_BOUND('',#937,.T.);
#414=FACE_OUTER_BOUND('',#938,.T.);
#415=FACE_OUTER_BOUND('',#939,.T.);
#416=FACE_OUTER_BOUND('',#940,.T.);
#417=FACE_OUTER_BOUND('',#941,.T.);
#418=FACE_OUTER_BOUND('',#942,.T.);
#419=FACE_OUTER_BOUND('',#943,.T.);
#420=FACE_OUTER_BOUND('',#944,.T.);
#421=FACE_OUTER_BOUND('',#945,.T.);
#422=FACE_OUTER_BOUND('',#946,.T.);
#423=FACE_OUTER_BOUND('',#947,.T.);
#424=FACE_OUTER_BOUND('',#948,.T.);
#425=FACE_OUTER_BOUND('',#949,.T.);
#426=FACE_OUTER_BOUND('',#950,.T.);
#427=FACE_OUTER_BOUND('',#951,.T.);
#428=FACE_OUTER_BOUND('',#952,.T.);
#429=FACE_OUTER_BOUND('',#953,.T.);
#430=FACE_OUTER_BOUND('',#954,.T.);
#431=FACE_OUTER_BOUND('',#955,.T.);
#432=FACE_OUTER_BOUND('',#956,.T.);
#433=FACE_OUTER_BOUND('',#957,.T.);
#434=FACE_OUTER_BOUND('',#958,.T.);
#435=FACE_OUTER_BOUND('',#959,.T.);
#436=FACE_OUTER_BOUND('',#960,.T.);
#437=FACE_OUTER_BOUND('',#961,.T.);
#438=FACE_OUTER_BOUND('',#962,.T.);
#439=FACE_OUTER_BOUND('',#963,.T.);
#440=FACE_OUTER_BOUND('',#964,.T.);
#441=FACE_OUTER_BOUND('',#965,.T.);
#442=FACE_OUTER_BOUND('',#966,.T.);
#443=FACE_OUTER_BOUND('',#967,.T.);
#444=FACE_OUTER_BOUND('',#968,.T.);
#445=FACE_OUTER_BOUND('',#969,.T.);
#446=FACE_OUTER_BOUND('',#970,.T.);
#447=FACE_OUTER_BOUND('',#971,.T.);
#448=FACE_OUTER_BOUND('',#972,.T.);
#449=FACE_OUTER_BOUND('',#973,.T.);
#450=FACE_OUTER_BOUND('',#974,.T.);
#451=FACE_OUTER_BOUND('',#975,.T.);
#452=FACE_OUTER_BOUND('',#976,.T.);
#453=FACE_OUTER_BOUND('',#977,.T.);
#454=FACE_OUTER_BOUND('',#978,.T.);
#455=FACE_OUTER_BOUND('',#979,.T.);
#456=FACE_OUTER_BOUND('',#980,.T.);
#457=FACE_OUTER_BOUND('',#981,.T.);
#458=FACE_OUTER_BOUND('',#982,.T.);
#459=FACE_OUTER_BOUND('',#983,.T.);
#460=FACE_OUTER_BOUND('',#984,.T.);
#461=FACE_OUTER_BOUND('',#985,.T.);
#462=FACE_OUTER_BOUND('',#986,.T.);
#463=FACE_OUTER_BOUND('',#987,.T.);
#464=FACE_OUTER_BOUND('',#988,.T.);
#465=FACE_OUTER_BOUND('',#989,.T.);
#466=FACE_OUTER_BOUND('',#990,.T.);
#467=FACE_OUTER_BOUND('',#991,.T.);
#468=FACE_OUTER_BOUND('',#992,.T.);
#469=FACE_OUTER_BOUND('',#993,.T.);
#470=FACE_OUTER_BOUND('',#994,.T.);
#471=FACE_OUTER_BOUND('',#995,.T.);
#472=FACE_OUTER_BOUND('',#996,.T.);
#473=FACE_OUTER_BOUND('',#997,.T.);
#474=FACE_OUTER_BOUND('',#998,.T.);
#475=FACE_OUTER_BOUND('',#999,.T.);
#476=FACE_OUTER_BOUND('',#1000,.T.);
#477=FACE_OUTER_BOUND('',#1001,.T.);
#478=FACE_OUTER_BOUND('',#1002,.T.);
#479=FACE_OUTER_BOUND('',#1003,.T.);
#480=FACE_OUTER_BOUND('',#1004,.T.);
#481=FACE_OUTER_BOUND('',#1005,.T.);
#482=FACE_OUTER_BOUND('',#1006,.T.);
#483=FACE_OUTER_BOUND('',#1007,.T.);
#484=FACE_OUTER_BOUND('',#1008,.T.);
#485=FACE_OUTER_BOUND('',#1009,.T.);
#486=FACE_OUTER_BOUND('',#1010,.T.);
#487=FACE_OUTER_BOUND('',#1011,.T.);
#488=FACE_OUTER_BOUND('',#1012,.T.);
#489=FACE_OUTER_BOUND('',#1013,.T.);
#490=FACE_OUTER_BOUND('',#1014,.T.);
#491=FACE_OUTER_BOUND('',#1015,.T.);
#492=FACE_OUTER_BOUND('',#1016,.T.);
#493=FACE_OUTER_BOUND('',#1017,.T.);
#494=FACE_OUTER_BOUND('',#1018,.T.);
#495=FACE_OUTER_BOUND('',#1019,.T.);
#496=FACE_OUTER_BOUND('',#1020,.T.);
#497=FACE_OUTER_BOUND('',#1021,.T.);
#498=FACE_OUTER_BOUND('',#1022,.T.);
#499=FACE_OUTER_BOUND('',#1023,.T.);
#500=FACE_OUTER_BOUND('',#1024,.T.);
#501=FACE_OUTER_BOUND('',#1025,.T.);
#502=FACE_OUTER_BOUND('',#1026,.T.);
#503=FACE_OUTER_BOUND('',#1027,.T.);
#504=FACE_OUTER_BOUND('',#1028,.T.);
#505=FACE_OUTER_BOUND('',#1029,.T.);
#506=FACE_OUTER_BOUND('',#1030,.T.);
#507=FACE_OUTER_BOUND('',#1031,.T.);
#508=FACE_OUTER_BOUND('',#1032,.T.);
#509=FACE_OUTER_BOUND('',#1033,.T.);
#510=FACE_OUTER_BOUND('',#1034,.T.);
#511=FACE_OUTER_BOUND('',#1035,.T.);
#512=FACE_OUTER_BOUND('',#1036,.T.);
#513=FACE_OUTER_BOUND('',#1037,.T.);
#514=FACE_OUTER_BOUND('',#1038,.T.);
#515=FACE_OUTER_BOUND('',#1039,.T.);
#516=FACE_OUTER_BOUND('',#1040,.T.);
#517=FACE_OUTER_BOUND('',#1041,.T.);
#518=FACE_OUTER_BOUND('',#1042,.T.);
#519=FACE_OUTER_BOUND('',#1043,.T.);
#520=FACE_OUTER_BOUND('',#1044,.T.);
#521=FACE_OUTER_BOUND('',#1045,.T.);
#522=FACE_OUTER_BOUND('',#1046,.T.);
#523=FACE_OUTER_BOUND('',#1047,.T.);
#524=FACE_OUTER_BOUND('',#1048,.T.);
#525=FACE_OUTER_BOUND('',#1049,.T.);
#526=FACE_OUTER_BOUND('',#1050,.T.);
#527=FACE_OUTER_BOUND('',#1051,.T.);
#528=FACE_OUTER_BOUND('',#1052,.T.);
#529=FACE_OUTER_BOUND('',#1053,.T.);
#530=FACE_OUTER_BOUND('',#1054,.T.);
#531=FACE_OUTER_BOUND('',#1055,.T.);
#532=FACE_OUTER_BOUND('',#1056,.T.);
#533=FACE_OUTER_BOUND('',#1057,.T.);
#534=FACE_OUTER_BOUND('',#1058,.T.);
#535=FACE_OUTER_BOUND('',#1059,.T.);
#536=FACE_OUTER_BOUND('',#1060,.T.);
#537=FACE_OUTER_BOUND('',#1061,.T.);
#538=FACE_OUTER_BOUND('',#1062,.T.);
#539=EDGE_LOOP('',(#3725,#3726,#3727));
#540=EDGE_LOOP('',(#3728,#3729,#3730,#3731));
#541=EDGE_LOOP('',(#3732,#3733,#3734));
#542=EDGE_LOOP('',(#3735,#3736,#3737,#3738,#3739,#3740,#3741));
#543=EDGE_LOOP('',(#3742,#3743,#3744));
#544=EDGE_LOOP('',(#3745,#3746,#3747,#3748));
#545=EDGE_LOOP('',(#3749,#3750,#3751));
#546=EDGE_LOOP('',(#3752,#3753,#3754));
#547=EDGE_LOOP('',(#3755,#3756,#3757,#3758,#3759,#3760,#3761,#3762));
#548=EDGE_LOOP('',(#3763,#3764,#3765,#3766,#3767,#3768,#3769,#3770));
#549=EDGE_LOOP('',(#3771,#3772,#3773,#3774));
#550=EDGE_LOOP('',(#3775,#3776,#3777));
#551=EDGE_LOOP('',(#3778,#3779,#3780));
#552=EDGE_LOOP('',(#3781,#3782,#3783,#3784));
#553=EDGE_LOOP('',(#3785,#3786,#3787));
#554=EDGE_LOOP('',(#3788,#3789,#3790));
#555=EDGE_LOOP('',(#3791,#3792,#3793));
#556=EDGE_LOOP('',(#3794,#3795,#3796));
#557=EDGE_LOOP('',(#3797,#3798,#3799));
#558=EDGE_LOOP('',(#3800,#3801,#3802));
#559=EDGE_LOOP('',(#3803,#3804,#3805));
#560=EDGE_LOOP('',(#3806,#3807,#3808));
#561=EDGE_LOOP('',(#3809,#3810,#3811));
#562=EDGE_LOOP('',(#3812,#3813,#3814));
#563=EDGE_LOOP('',(#3815,#3816,#3817));
#564=EDGE_LOOP('',(#3818,#3819,#3820));
#565=EDGE_LOOP('',(#3821,#3822,#3823));
#566=EDGE_LOOP('',(#3824,#3825,#3826));
#567=EDGE_LOOP('',(#3827,#3828,#3829));
#568=EDGE_LOOP('',(#3830,#3831,#3832));
#569=EDGE_LOOP('',(#3833,#3834,#3835));
#570=EDGE_LOOP('',(#3836,#3837,#3838));
#571=EDGE_LOOP('',(#3839,#3840,#3841));
#572=EDGE_LOOP('',(#3842,#3843,#3844));
#573=EDGE_LOOP('',(#3845,#3846,#3847));
#574=EDGE_LOOP('',(#3848,#3849,#3850));
#575=EDGE_LOOP('',(#3851,#3852,#3853));
#576=EDGE_LOOP('',(#3854,#3855,#3856));
#577=EDGE_LOOP('',(#3857,#3858,#3859));
#578=EDGE_LOOP('',(#3860,#3861,#3862));
#579=EDGE_LOOP('',(#3863,#3864,#3865));
#580=EDGE_LOOP('',(#3866,#3867,#3868));
#581=EDGE_LOOP('',(#3869,#3870,#3871));
#582=EDGE_LOOP('',(#3872,#3873,#3874));
#583=EDGE_LOOP('',(#3875,#3876,#3877));
#584=EDGE_LOOP('',(#3878,#3879,#3880));
#585=EDGE_LOOP('',(#3881,#3882,#3883));
#586=EDGE_LOOP('',(#3884,#3885,#3886));
#587=EDGE_LOOP('',(#3887,#3888,#3889));
#588=EDGE_LOOP('',(#3890,#3891,#3892));
#589=EDGE_LOOP('',(#3893,#3894,#3895));
#590=EDGE_LOOP('',(#3896,#3897,#3898));
#591=EDGE_LOOP('',(#3899,#3900,#3901));
#592=EDGE_LOOP('',(#3902,#3903,#3904));
#593=EDGE_LOOP('',(#3905,#3906,#3907));
#594=EDGE_LOOP('',(#3908,#3909,#3910));
#595=EDGE_LOOP('',(#3911,#3912,#3913));
#596=EDGE_LOOP('',(#3914,#3915,#3916));
#597=EDGE_LOOP('',(#3917,#3918,#3919));
#598=EDGE_LOOP('',(#3920,#3921,#3922));
#599=EDGE_LOOP('',(#3923,#3924,#3925));
#600=EDGE_LOOP('',(#3926,#3927,#3928));
#601=EDGE_LOOP('',(#3929,#3930,#3931));
#602=EDGE_LOOP('',(#3932,#3933,#3934));
#603=EDGE_LOOP('',(#3935,#3936,#3937));
#604=EDGE_LOOP('',(#3938,#3939,#3940));
#605=EDGE_LOOP('',(#3941,#3942,#3943));
#606=EDGE_LOOP('',(#3944,#3945,#3946));
#607=EDGE_LOOP('',(#3947,#3948,#3949));
#608=EDGE_LOOP('',(#3950,#3951,#3952));
#609=EDGE_LOOP('',(#3953,#3954,#3955));
#610=EDGE_LOOP('',(#3956,#3957,#3958));
#611=EDGE_LOOP('',(#3959,#3960,#3961));
#612=EDGE_LOOP('',(#3962,#3963,#3964));
#613=EDGE_LOOP('',(#3965,#3966,#3967));
#614=EDGE_LOOP('',(#3968,#3969,#3970));
#615=EDGE_LOOP('',(#3971,#3972,#3973));
#616=EDGE_LOOP('',(#3974,#3975,#3976));
#617=EDGE_LOOP('',(#3977,#3978,#3979));
#618=EDGE_LOOP('',(#3980,#3981,#3982));
#619=EDGE_LOOP('',(#3983,#3984,#3985));
#620=EDGE_LOOP('',(#3986,#3987,#3988));
#621=EDGE_LOOP('',(#3989,#3990,#3991));
#622=EDGE_LOOP('',(#3992,#3993,#3994));
#623=EDGE_LOOP('',(#3995,#3996,#3997));
#624=EDGE_LOOP('',(#3998,#3999,#4000));
#625=EDGE_LOOP('',(#4001,#4002,#4003));
#626=EDGE_LOOP('',(#4004,#4005,#4006));
#627=EDGE_LOOP('',(#4007,#4008,#4009));
#628=EDGE_LOOP('',(#4010,#4011,#4012));
#629=EDGE_LOOP('',(#4013,#4014,#4015));
#630=EDGE_LOOP('',(#4016,#4017,#4018));
#631=EDGE_LOOP('',(#4019,#4020,#4021));
#632=EDGE_LOOP('',(#4022,#4023,#4024));
#633=EDGE_LOOP('',(#4025,#4026,#4027));
#634=EDGE_LOOP('',(#4028,#4029,#4030));
#635=EDGE_LOOP('',(#4031,#4032,#4033));
#636=EDGE_LOOP('',(#4034,#4035,#4036));
#637=EDGE_LOOP('',(#4037,#4038,#4039));
#638=EDGE_LOOP('',(#4040,#4041,#4042));
#639=EDGE_LOOP('',(#4043,#4044,#4045));
#640=EDGE_LOOP('',(#4046,#4047,#4048));
#641=EDGE_LOOP('',(#4049,#4050,#4051));
#642=EDGE_LOOP('',(#4052,#4053,#4054));
#643=EDGE_LOOP('',(#4055,#4056,#4057));
#644=EDGE_LOOP('',(#4058,#4059,#4060));
#645=EDGE_LOOP('',(#4061,#4062,#4063));
#646=EDGE_LOOP('',(#4064,#4065,#4066));
#647=EDGE_LOOP('',(#4067,#4068,#4069));
#648=EDGE_LOOP('',(#4070,#4071,#4072));
#649=EDGE_LOOP('',(#4073,#4074,#4075));
#650=EDGE_LOOP('',(#4076,#4077,#4078));
#651=EDGE_LOOP('',(#4079,#4080,#4081));
#652=EDGE_LOOP('',(#4082,#4083,#4084));
#653=EDGE_LOOP('',(#4085,#4086,#4087));
#654=EDGE_LOOP('',(#4088,#4089,#4090));
#655=EDGE_LOOP('',(#4091,#4092,#4093));
#656=EDGE_LOOP('',(#4094,#4095,#4096));
#657=EDGE_LOOP('',(#4097,#4098,#4099));
#658=EDGE_LOOP('',(#4100,#4101,#4102));
#659=EDGE_LOOP('',(#4103,#4104,#4105));
#660=EDGE_LOOP('',(#4106,#4107,#4108));
#661=EDGE_LOOP('',(#4109,#4110,#4111));
#662=EDGE_LOOP('',(#4112,#4113,#4114));
#663=EDGE_LOOP('',(#4115,#4116,#4117));
#664=EDGE_LOOP('',(#4118,#4119,#4120));
#665=EDGE_LOOP('',(#4121,#4122,#4123));
#666=EDGE_LOOP('',(#4124,#4125,#4126));
#667=EDGE_LOOP('',(#4127,#4128,#4129));
#668=EDGE_LOOP('',(#4130,#4131,#4132));
#669=EDGE_LOOP('',(#4133,#4134,#4135));
#670=EDGE_LOOP('',(#4136,#4137,#4138));
#671=EDGE_LOOP('',(#4139,#4140,#4141));
#672=EDGE_LOOP('',(#4142,#4143,#4144));
#673=EDGE_LOOP('',(#4145,#4146,#4147));
#674=EDGE_LOOP('',(#4148,#4149,#4150));
#675=EDGE_LOOP('',(#4151,#4152,#4153));
#676=EDGE_LOOP('',(#4154,#4155,#4156));
#677=EDGE_LOOP('',(#4157,#4158,#4159));
#678=EDGE_LOOP('',(#4160,#4161,#4162));
#679=EDGE_LOOP('',(#4163,#4164,#4165));
#680=EDGE_LOOP('',(#4166,#4167,#4168));
#681=EDGE_LOOP('',(#4169,#4170,#4171));
#682=EDGE_LOOP('',(#4172,#4173,#4174));
#683=EDGE_LOOP('',(#4175,#4176,#4177));
#684=EDGE_LOOP('',(#4178,#4179,#4180));
#685=EDGE_LOOP('',(#4181,#4182,#4183));
#686=EDGE_LOOP('',(#4184,#4185,#4186));
#687=EDGE_LOOP('',(#4187,#4188,#4189));
#688=EDGE_LOOP('',(#4190,#4191,#4192));
#689=EDGE_LOOP('',(#4193,#4194,#4195));
#690=EDGE_LOOP('',(#4196,#4197,#4198));
#691=EDGE_LOOP('',(#4199,#4200,#4201));
#692=EDGE_LOOP('',(#4202,#4203,#4204));
#693=EDGE_LOOP('',(#4205,#4206,#4207));
#694=EDGE_LOOP('',(#4208,#4209,#4210));
#695=EDGE_LOOP('',(#4211,#4212,#4213));
#696=EDGE_LOOP('',(#4214,#4215,#4216));
#697=EDGE_LOOP('',(#4217,#4218,#4219));
#698=EDGE_LOOP('',(#4220,#4221,#4222));
#699=EDGE_LOOP('',(#4223,#4224,#4225));
#700=EDGE_LOOP('',(#4226,#4227,#4228));
#701=EDGE_LOOP('',(#4229,#4230,#4231));
#702=EDGE_LOOP('',(#4232,#4233,#4234));
#703=EDGE_LOOP('',(#4235,#4236,#4237));
#704=EDGE_LOOP('',(#4238,#4239,#4240));
#705=EDGE_LOOP('',(#4241,#4242,#4243));
#706=EDGE_LOOP('',(#4244,#4245,#4246));
#707=EDGE_LOOP('',(#4247,#4248,#4249));
#708=EDGE_LOOP('',(#4250,#4251,#4252));
#709=EDGE_LOOP('',(#4253,#4254,#4255));
#710=EDGE_LOOP('',(#4256,#4257,#4258));
#711=EDGE_LOOP('',(#4259,#4260,#4261));
#712=EDGE_LOOP('',(#4262,#4263,#4264));
#713=EDGE_LOOP('',(#4265,#4266,#4267));
#714=EDGE_LOOP('',(#4268,#4269,#4270));
#715=EDGE_LOOP('',(#4271,#4272,#4273));
#716=EDGE_LOOP('',(#4274,#4275,#4276));
#717=EDGE_LOOP('',(#4277,#4278,#4279));
#718=EDGE_LOOP('',(#4280,#4281,#4282));
#719=EDGE_LOOP('',(#4283,#4284,#4285));
#720=EDGE_LOOP('',(#4286,#4287,#4288));
#721=EDGE_LOOP('',(#4289,#4290,#4291));
#722=EDGE_LOOP('',(#4292,#4293,#4294));
#723=EDGE_LOOP('',(#4295,#4296,#4297));
#724=EDGE_LOOP('',(#4298,#4299,#4300));
#725=EDGE_LOOP('',(#4301,#4302,#4303));
#726=EDGE_LOOP('',(#4304,#4305,#4306));
#727=EDGE_LOOP('',(#4307,#4308,#4309));
#728=EDGE_LOOP('',(#4310,#4311,#4312));
#729=EDGE_LOOP('',(#4313,#4314,#4315));
#730=EDGE_LOOP('',(#4316,#4317,#4318));
#731=EDGE_LOOP('',(#4319,#4320,#4321));
#732=EDGE_LOOP('',(#4322,#4323,#4324));
#733=EDGE_LOOP('',(#4325,#4326,#4327));
#734=EDGE_LOOP('',(#4328,#4329,#4330));
#735=EDGE_LOOP('',(#4331,#4332,#4333));
#736=EDGE_LOOP('',(#4334,#4335,#4336));
#737=EDGE_LOOP('',(#4337,#4338,#4339));
#738=EDGE_LOOP('',(#4340,#4341,#4342));
#739=EDGE_LOOP('',(#4343,#4344,#4345));
#740=EDGE_LOOP('',(#4346,#4347,#4348));
#741=EDGE_LOOP('',(#4349,#4350,#4351));
#742=EDGE_LOOP('',(#4352,#4353,#4354));
#743=EDGE_LOOP('',(#4355,#4356,#4357));
#744=EDGE_LOOP('',(#4358,#4359,#4360));
#745=EDGE_LOOP('',(#4361,#4362,#4363));
#746=EDGE_LOOP('',(#4364,#4365,#4366));
#747=EDGE_LOOP('',(#4367,#4368,#4369));
#748=EDGE_LOOP('',(#4370,#4371,#4372));
#749=EDGE_LOOP('',(#4373,#4374,#4375));
#750=EDGE_LOOP('',(#4376,#4377,#4378));
#751=EDGE_LOOP('',(#4379,#4380,#4381));
#752=EDGE_LOOP('',(#4382,#4383,#4384));
#753=EDGE_LOOP('',(#4385,#4386,#4387));
#754=EDGE_LOOP('',(#4388,#4389,#4390));
#755=EDGE_LOOP('',(#4391,#4392,#4393));
#756=EDGE_LOOP('',(#4394,#4395,#4396));
#757=EDGE_LOOP('',(#4397,#4398,#4399));
#758=EDGE_LOOP('',(#4400,#4401,#4402));
#759=EDGE_LOOP('',(#4403,#4404,#4405));
#760=EDGE_LOOP('',(#4406,#4407,#4408));
#761=EDGE_LOOP('',(#4409,#4410,#4411));
#762=EDGE_LOOP('',(#4412,#4413,#4414));
#763=EDGE_LOOP('',(#4415,#4416,#4417));
#764=EDGE_LOOP('',(#4418,#4419,#4420));
#765=EDGE_LOOP('',(#4421,#4422,#4423));
#766=EDGE_LOOP('',(#4424,#4425,#4426));
#767=EDGE_LOOP('',(#4427,#4428,#4429));
#768=EDGE_LOOP('',(#4430,#4431,#4432));
#769=EDGE_LOOP('',(#4433,#4434,#4435));
#770=EDGE_LOOP('',(#4436,#4437,#4438));
#771=EDGE_LOOP('',(#4439,#4440,#4441));
#772=EDGE_LOOP('',(#4442,#4443,#4444));
#773=EDGE_LOOP('',(#4445,#4446,#4447));
#774=EDGE_LOOP('',(#4448,#4449,#4450));
#775=EDGE_LOOP('',(#4451,#4452,#4453));
#776=EDGE_LOOP('',(#4454,#4455,#4456));
#777=EDGE_LOOP('',(#4457,#4458,#4459));
#778=EDGE_LOOP('',(#4460,#4461,#4462));
#779=EDGE_LOOP('',(#4463,#4464,#4465));
#780=EDGE_LOOP('',(#4466,#4467,#4468));
#781=EDGE_LOOP('',(#4469,#4470,#4471));
#782=EDGE_LOOP('',(#4472,#4473,#4474));
#783=EDGE_LOOP('',(#4475,#4476,#4477));
#784=EDGE_LOOP('',(#4478,#4479,#4480));
#785=EDGE_LOOP('',(#4481,#4482,#4483));
#786=EDGE_LOOP('',(#4484,#4485,#4486));
#787=EDGE_LOOP('',(#4487,#4488,#4489));
#788=EDGE_LOOP('',(#4490,#4491,#4492));
#789=EDGE_LOOP('',(#4493,#4494,#4495));
#790=EDGE_LOOP('',(#4496,#4497,#4498));
#791=EDGE_LOOP('',(#4499,#4500,#4501));
#792=EDGE_LOOP('',(#4502,#4503,#4504));
#793=EDGE_LOOP('',(#4505,#4506,#4507));
#794=EDGE_LOOP('',(#4508,#4509,#4510));
#795=EDGE_LOOP('',(#4511,#4512,#4513));
#796=EDGE_LOOP('',(#4514,#4515,#4516));
#797=EDGE_LOOP('',(#4517,#4518,#4519));
#798=EDGE_LOOP('',(#4520,#4521,#4522));
#799=EDGE_LOOP('',(#4523,#4524,#4525));
#800=EDGE_LOOP('',(#4526,#4527,#4528));
#801=EDGE_LOOP('',(#4529,#4530,#4531));
#802=EDGE_LOOP('',(#4532,#4533,#4534));
#803=EDGE_LOOP('',(#4535,#4536,#4537));
#804=EDGE_LOOP('',(#4538,#4539,#4540));
#805=EDGE_LOOP('',(#4541,#4542,#4543));
#806=EDGE_LOOP('',(#4544,#4545,#4546));
#807=EDGE_LOOP('',(#4547,#4548,#4549));
#808=EDGE_LOOP('',(#4550,#4551,#4552));
#809=EDGE_LOOP('',(#4553,#4554,#4555));
#810=EDGE_LOOP('',(#4556,#4557,#4558));
#811=EDGE_LOOP('',(#4559,#4560,#4561));
#812=EDGE_LOOP('',(#4562,#4563,#4564));
#813=EDGE_LOOP('',(#4565,#4566,#4567));
#814=EDGE_LOOP('',(#4568,#4569,#4570));
#815=EDGE_LOOP('',(#4571,#4572,#4573));
#816=EDGE_LOOP('',(#4574,#4575,#4576));
#817=EDGE_LOOP('',(#4577,#4578,#4579));
#818=EDGE_LOOP('',(#4580,#4581,#4582));
#819=EDGE_LOOP('',(#4583,#4584,#4585));
#820=EDGE_LOOP('',(#4586,#4587,#4588));
#821=EDGE_LOOP('',(#4589,#4590,#4591));
#822=EDGE_LOOP('',(#4592,#4593,#4594));
#823=EDGE_LOOP('',(#4595,#4596,#4597));
#824=EDGE_LOOP('',(#4598,#4599,#4600));
#825=EDGE_LOOP('',(#4601,#4602,#4603));
#826=EDGE_LOOP('',(#4604,#4605,#4606));
#827=EDGE_LOOP('',(#4607,#4608,#4609));
#828=EDGE_LOOP('',(#4610,#4611,#4612));
#829=EDGE_LOOP('',(#4613,#4614,#4615));
#830=EDGE_LOOP('',(#4616,#4617,#4618));
#831=EDGE_LOOP('',(#4619,#4620,#4621));
#832=EDGE_LOOP('',(#4622,#4623,#4624));
#833=EDGE_LOOP('',(#4625,#4626,#4627));
#834=EDGE_LOOP('',(#4628,#4629,#4630));
#835=EDGE_LOOP('',(#4631,#4632,#4633));
#836=EDGE_LOOP('',(#4634,#4635,#4636));
#837=EDGE_LOOP('',(#4637,#4638,#4639));
#838=EDGE_LOOP('',(#4640,#4641,#4642));
#839=EDGE_LOOP('',(#4643,#4644,#4645));
#840=EDGE_LOOP('',(#4646,#4647,#4648));
#841=EDGE_LOOP('',(#4649,#4650,#4651));
#842=EDGE_LOOP('',(#4652,#4653,#4654));
#843=EDGE_LOOP('',(#4655,#4656,#4657));
#844=EDGE_LOOP('',(#4658,#4659,#4660));
#845=EDGE_LOOP('',(#4661,#4662,#4663));
#846=EDGE_LOOP('',(#4664,#4665,#4666));
#847=EDGE_LOOP('',(#4667,#4668,#4669));
#848=EDGE_LOOP('',(#4670,#4671,#4672));
#849=EDGE_LOOP('',(#4673,#4674,#4675));
#850=EDGE_LOOP('',(#4676,#4677,#4678));
#851=EDGE_LOOP('',(#4679,#4680,#4681));
#852=EDGE_LOOP('',(#4682,#4683,#4684));
#853=EDGE_LOOP('',(#4685,#4686,#4687));
#854=EDGE_LOOP('',(#4688,#4689,#4690));
#855=EDGE_LOOP('',(#4691,#4692,#4693));
#856=EDGE_LOOP('',(#4694,#4695,#4696));
#857=EDGE_LOOP('',(#4697,#4698,#4699));
#858=EDGE_LOOP('',(#4700,#4701,#4702));
#859=EDGE_LOOP('',(#4703,#4704,#4705));
#860=EDGE_LOOP('',(#4706,#4707,#4708));
#861=EDGE_LOOP('',(#4709,#4710,#4711));
#862=EDGE_LOOP('',(#4712,#4713,#4714));
#863=EDGE_LOOP('',(#4715,#4716,#4717));
#864=EDGE_LOOP('',(#4718,#4719,#4720));
#865=EDGE_LOOP('',(#4721,#4722,#4723));
#866=EDGE_LOOP('',(#4724,#4725,#4726));
#867=EDGE_LOOP('',(#4727,#4728,#4729));
#868=EDGE_LOOP('',(#4730,#4731,#4732));
#869=EDGE_LOOP('',(#4733,#4734,#4735));
#870=EDGE_LOOP('',(#4736,#4737,#4738));
#871=EDGE_LOOP('',(#4739,#4740,#4741));
#872=EDGE_LOOP('',(#4742,#4743,#4744));
#873=EDGE_LOOP('',(#4745,#4746,#4747));
#874=EDGE_LOOP('',(#4748,#4749,#4750));
#875=EDGE_LOOP('',(#4751,#4752,#4753));
#876=EDGE_LOOP('',(#4754,#4755,#4756));
#877=EDGE_LOOP('',(#4757,#4758,#4759));
#878=EDGE_LOOP('',(#4760,#4761,#4762));
#879=EDGE_LOOP('',(#4763,#4764,#4765));
#880=EDGE_LOOP('',(#4766,#4767,#4768));
#881=EDGE_LOOP('',(#4769,#4770,#4771));
#882=EDGE_LOOP('',(#4772,#4773,#4774));
#883=EDGE_LOOP('',(#4775,#4776,#4777));
#884=EDGE_LOOP('',(#4778,#4779,#4780));
#885=EDGE_LOOP('',(#4781,#4782,#4783));
#886=EDGE_LOOP('',(#4784,#4785,#4786));
#887=EDGE_LOOP('',(#4787,#4788,#4789));
#888=EDGE_LOOP('',(#4790,#4791,#4792));
#889=EDGE_LOOP('',(#4793,#4794,#4795));
#890=EDGE_LOOP('',(#4796,#4797,#4798));
#891=EDGE_LOOP('',(#4799,#4800,#4801));
#892=EDGE_LOOP('',(#4802,#4803,#4804));
#893=EDGE_LOOP('',(#4805,#4806,#4807));
#894=EDGE_LOOP('',(#4808,#4809,#4810));
#895=EDGE_LOOP('',(#4811,#4812,#4813));
#896=EDGE_LOOP('',(#4814,#4815,#4816));
#897=EDGE_LOOP('',(#4817,#4818,#4819));
#898=EDGE_LOOP('',(#4820,#4821,#4822));
#899=EDGE_LOOP('',(#4823,#4824,#4825));
#900=EDGE_LOOP('',(#4826,#4827,#4828));
#901=EDGE_LOOP('',(#4829,#4830,#4831));
#902=EDGE_LOOP('',(#4832,#4833,#4834));
#903=EDGE_LOOP('',(#4835,#4836,#4837));
#904=EDGE_LOOP('',(#4838,#4839,#4840));
#905=EDGE_LOOP('',(#4841,#4842,#4843));
#906=EDGE_LOOP('',(#4844,#4845,#4846));
#907=EDGE_LOOP('',(#4847,#4848,#4849));
#908=EDGE_LOOP('',(#4850,#4851,#4852));
#909=EDGE_LOOP('',(#4853,#4854,#4855));
#910=EDGE_LOOP('',(#4856,#4857,#4858));
#911=EDGE_LOOP('',(#4859,#4860,#4861));
#912=EDGE_LOOP('',(#4862,#4863,#4864));
#913=EDGE_LOOP('',(#4865,#4866,#4867));
#914=EDGE_LOOP('',(#4868,#4869,#4870));
#915=EDGE_LOOP('',(#4871,#4872,#4873));
#916=EDGE_LOOP('',(#4874,#4875,#4876));
#917=EDGE_LOOP('',(#4877,#4878,#4879));
#918=EDGE_LOOP('',(#4880,#4881,#4882));
#919=EDGE_LOOP('',(#4883,#4884,#4885));
#920=EDGE_LOOP('',(#4886,#4887,#4888));
#921=EDGE_LOOP('',(#4889,#4890,#4891));
#922=EDGE_LOOP('',(#4892,#4893,#4894));
#923=EDGE_LOOP('',(#4895,#4896,#4897));
#924=EDGE_LOOP('',(#4898,#4899,#4900));
#925=EDGE_LOOP('',(#4901,#4902,#4903));
#926=EDGE_LOOP('',(#4904,#4905,#4906));
#927=EDGE_LOOP('',(#4907,#4908,#4909));
#928=EDGE_LOOP('',(#4910,#4911,#4912));
#929=EDGE_LOOP('',(#4913,#4914,#4915));
#930=EDGE_LOOP('',(#4916,#4917,#4918));
#931=EDGE_LOOP('',(#4919,#4920,#4921));
#932=EDGE_LOOP('',(#4922,#4923,#4924));
#933=EDGE_LOOP('',(#4925,#4926,#4927));
#934=EDGE_LOOP('',(#4928,#4929,#4930));
#935=EDGE_LOOP('',(#4931,#4932,#4933));
#936=EDGE_LOOP('',(#4934,#4935,#4936));
#937=EDGE_LOOP('',(#4937,#4938,#4939));
#938=EDGE_LOOP('',(#4940,#4941,#4942));
#939=EDGE_LOOP('',(#4943,#4944,#4945));
#940=EDGE_LOOP('',(#4946,#4947,#4948));
#941=EDGE_LOOP('',(#4949,#4950,#4951));
#942=EDGE_LOOP('',(#4952,#4953,#4954));
#943=EDGE_LOOP('',(#4955,#4956,#4957));
#944=EDGE_LOOP('',(#4958,#4959,#4960));
#945=EDGE_LOOP('',(#4961,#4962,#4963));
#946=EDGE_LOOP('',(#4964,#4965,#4966));
#947=EDGE_LOOP('',(#4967,#4968,#4969));
#948=EDGE_LOOP('',(#4970,#4971,#4972));
#949=EDGE_LOOP('',(#4973,#4974,#4975));
#950=EDGE_LOOP('',(#4976,#4977,#4978));
#951=EDGE_LOOP('',(#4979,#4980,#4981));
#952=EDGE_LOOP('',(#4982,#4983,#4984));
#953=EDGE_LOOP('',(#4985,#4986,#4987));
#954=EDGE_LOOP('',(#4988,#4989,#4990));
#955=EDGE_LOOP('',(#4991,#4992,#4993));
#956=EDGE_LOOP('',(#4994,#4995,#4996));
#957=EDGE_LOOP('',(#4997,#4998,#4999));
#958=EDGE_LOOP('',(#5000,#5001,#5002));
#959=EDGE_LOOP('',(#5003,#5004,#5005));
#960=EDGE_LOOP('',(#5006,#5007,#5008));
#961=EDGE_LOOP('',(#5009,#5010,#5011));
#962=EDGE_LOOP('',(#5012,#5013,#5014));
#963=EDGE_LOOP('',(#5015,#5016,#5017));
#964=EDGE_LOOP('',(#5018,#5019,#5020));
#965=EDGE_LOOP('',(#5021,#5022,#5023));
#966=EDGE_LOOP('',(#5024,#5025,#5026));
#967=EDGE_LOOP('',(#5027,#5028,#5029));
#968=EDGE_LOOP('',(#5030,#5031,#5032));
#969=EDGE_LOOP('',(#5033,#5034,#5035));
#970=EDGE_LOOP('',(#5036,#5037,#5038));
#971=EDGE_LOOP('',(#5039,#5040,#5041));
#972=EDGE_LOOP('',(#5042,#5043,#5044));
#973=EDGE_LOOP('',(#5045,#5046,#5047));
#974=EDGE_LOOP('',(#5048,#5049,#5050));
#975=EDGE_LOOP('',(#5051,#5052,#5053));
#976=EDGE_LOOP('',(#5054,#5055,#5056));
#977=EDGE_LOOP('',(#5057,#5058,#5059));
#978=EDGE_LOOP('',(#5060,#5061,#5062));
#979=EDGE_LOOP('',(#5063,#5064,#5065));
#980=EDGE_LOOP('',(#5066,#5067,#5068));
#981=EDGE_LOOP('',(#5069,#5070,#5071));
#982=EDGE_LOOP('',(#5072,#5073,#5074));
#983=EDGE_LOOP('',(#5075,#5076,#5077));
#984=EDGE_LOOP('',(#5078,#5079,#5080));
#985=EDGE_LOOP('',(#5081,#5082,#5083));
#986=EDGE_LOOP('',(#5084,#5085,#5086));
#987=EDGE_LOOP('',(#5087,#5088,#5089));
#988=EDGE_LOOP('',(#5090,#5091,#5092));
#989=EDGE_LOOP('',(#5093,#5094,#5095));
#990=EDGE_LOOP('',(#5096,#5097,#5098));
#991=EDGE_LOOP('',(#5099,#5100,#5101));
#992=EDGE_LOOP('',(#5102,#5103,#5104));
#993=EDGE_LOOP('',(#5105,#5106,#5107));
#994=EDGE_LOOP('',(#5108,#5109,#5110));
#995=EDGE_LOOP('',(#5111,#5112,#5113));
#996=EDGE_LOOP('',(#5114,#5115,#5116));
#997=EDGE_LOOP('',(#5117,#5118,#5119));
#998=EDGE_LOOP('',(#5120,#5121,#5122));
#999=EDGE_LOOP('',(#5123,#5124,#5125));
#1000=EDGE_LOOP('',(#5126,#5127,#5128));
#1001=EDGE_LOOP('',(#5129,#5130,#5131));
#1002=EDGE_LOOP('',(#5132,#5133,#5134));
#1003=EDGE_LOOP('',(#5135,#5136,#5137));
#1004=EDGE_LOOP('',(#5138,#5139,#5140));
#1005=EDGE_LOOP('',(#5141,#5142,#5143));
#1006=EDGE_LOOP('',(#5144,#5145,#5146));
#1007=EDGE_LOOP('',(#5147,#5148,#5149));
#1008=EDGE_LOOP('',(#5150,#5151,#5152));
#1009=EDGE_LOOP('',(#5153,#5154,#5155));
#1010=EDGE_LOOP('',(#5156,#5157,#5158));
#1011=EDGE_LOOP('',(#5159,#5160,#5161));
#1012=EDGE_LOOP('',(#5162,#5163,#5164));
#1013=EDGE_LOOP('',(#5165,#5166,#5167));
#1014=EDGE_LOOP('',(#5168,#5169,#5170));
#1015=EDGE_LOOP('',(#5171,#5172,#5173));
#1016=EDGE_LOOP('',(#5174,#5175,#5176));
#1017=EDGE_LOOP('',(#5177,#5178,#5179));
#1018=EDGE_LOOP('',(#5180,#5181,#5182));
#1019=EDGE_LOOP('',(#5183,#5184,#5185));
#1020=EDGE_LOOP('',(#5186,#5187,#5188));
#1021=EDGE_LOOP('',(#5189,#5190,#5191));
#1022=EDGE_LOOP('',(#5192,#5193,#5194));
#1023=EDGE_LOOP('',(#5195,#5196,#5197));
#1024=EDGE_LOOP('',(#5198,#5199,#5200));
#1025=EDGE_LOOP('',(#5201,#5202,#5203));
#1026=EDGE_LOOP('',(#5204,#5205,#5206,#5207,#5208,#5209,#5210));
#1027=EDGE_LOOP('',(#5211,#5212,#5213,#5214));
#1028=EDGE_LOOP('',(#5215,#5216,#5217,#5218));
#1029=EDGE_LOOP('',(#5219,#5220,#5221));
#1030=EDGE_LOOP('',(#5222,#5223,#5224));
#1031=EDGE_LOOP('',(#5225,#5226,#5227));
#1032=EDGE_LOOP('',(#5228,#5229,#5230));
#1033=EDGE_LOOP('',(#5231,#5232,#5233));
#1034=EDGE_LOOP('',(#5234,#5235,#5236));
#1035=EDGE_LOOP('',(#5237,#5238,#5239));
#1036=EDGE_LOOP('',(#5240,#5241,#5242));
#1037=EDGE_LOOP('',(#5243,#5244,#5245));
#1038=EDGE_LOOP('',(#5246,#5247,#5248));
#1039=EDGE_LOOP('',(#5249,#5250,#5251));
#1040=EDGE_LOOP('',(#5252,#5253,#5254));
#1041=EDGE_LOOP('',(#5255,#5256,#5257));
#1042=EDGE_LOOP('',(#5258,#5259,#5260));
#1043=EDGE_LOOP('',(#5261,#5262,#5263));
#1044=EDGE_LOOP('',(#5264,#5265,#5266));
#1045=EDGE_LOOP('',(#5267,#5268,#5269));
#1046=EDGE_LOOP('',(#5270,#5271,#5272));
#1047=EDGE_LOOP('',(#5273,#5274,#5275));
#1048=EDGE_LOOP('',(#5276,#5277,#5278));
#1049=EDGE_LOOP('',(#5279,#5280,#5281));
#1050=EDGE_LOOP('',(#5282,#5283,#5284));
#1051=EDGE_LOOP('',(#5285,#5286,#5287));
#1052=EDGE_LOOP('',(#5288,#5289,#5290));
#1053=EDGE_LOOP('',(#5291,#5292,#5293));
#1054=EDGE_LOOP('',(#5294,#5295,#5296));
#1055=EDGE_LOOP('',(#5297,#5298,#5299));
#1056=EDGE_LOOP('',(#5300,#5301,#5302));
#1057=EDGE_LOOP('',(#5303,#5304,#5305));
#1058=EDGE_LOOP('',(#5306,#5307,#5308));
#1059=EDGE_LOOP('',(#5309,#5310,#5311));
#1060=EDGE_LOOP('',(#5312,#5313,#5314));
#1061=EDGE_LOOP('',(#5315,#5316,#5317));
#1062=EDGE_LOOP('',(#5318,#5319,#5320));
#1063=LINE('',#8759,#1861);
#1064=LINE('',#8761,#1862);
#1065=LINE('',#8762,#1863);
#1066=LINE('',#8766,#1864);
#1067=LINE('',#8768,#1865);
#1068=LINE('',#8770,#1866);
#1069=LINE('',#8771,#1867);
#1070=LINE('',#8774,#1868);
#1071=LINE('',#8775,#1869);
#1072=LINE('',#8779,#1870);
#1073=LINE('',#8781,#1871);
#1074=LINE('',#8783,#1872);
#1075=LINE('',#8785,#1873);
#1076=LINE('',#8787,#1874);
#1077=LINE('',#8789,#1875);
#1078=LINE('',#8790,#1876);
#1079=LINE('',#8793,#1877);
#1080=LINE('',#8794,#1878);
#1081=LINE('',#8797,#1879);
#1082=LINE('',#8798,#1880);
#1083=LINE('',#8799,#1881);
#1084=LINE('',#8803,#1882);
#1085=LINE('',#8805,#1883);
#1086=LINE('',#8806,#1884);
#1087=LINE('',#8808,#1885);
#1088=LINE('',#8811,#1886);
#1089=LINE('',#8812,#1887);
#1090=LINE('',#8813,#1888);
#1091=LINE('',#8815,#1889);
#1092=LINE('',#8816,#1890);
#1093=LINE('',#8819,#1891);
#1094=LINE('',#8820,#1892);
#1095=LINE('',#8822,#1893);
#1096=LINE('',#8825,#1894);
#1097=LINE('',#8827,#1895);
#1098=LINE('',#8828,#1896);
#1099=LINE('',#8830,#1897);
#1100=LINE('',#8831,#1898);
#1101=LINE('',#8836,#1899);
#1102=LINE('',#8838,#1900);
#1103=LINE('',#8839,#1901);
#1104=LINE('',#8842,#1902);
#1105=LINE('',#8843,#1903);
#1106=LINE('',#8846,#1904);
#1107=LINE('',#8847,#1905);
#1108=LINE('',#8849,#1906);
#1109=LINE('',#8850,#1907);
#1110=LINE('',#8853,#1908);
#1111=LINE('',#8855,#1909);
#1112=LINE('',#8856,#1910);
#1113=LINE('',#8859,#1911);
#1114=LINE('',#8860,#1912);
#1115=LINE('',#8863,#1913);
#1116=LINE('',#8864,#1914);
#1117=LINE('',#8867,#1915);
#1118=LINE('',#8868,#1916);
#1119=LINE('',#8871,#1917);
#1120=LINE('',#8872,#1918);
#1121=LINE('',#8875,#1919);
#1122=LINE('',#8876,#1920);
#1123=LINE('',#8880,#1921);
#1124=LINE('',#8882,#1922);
#1125=LINE('',#8883,#1923);
#1126=LINE('',#8886,#1924);
#1127=LINE('',#8887,#1925);
#1128=LINE('',#8890,#1926);
#1129=LINE('',#8891,#1927);
#1130=LINE('',#8894,#1928);
#1131=LINE('',#8895,#1929);
#1132=LINE('',#8898,#1930);
#1133=LINE('',#8899,#1931);
#1134=LINE('',#8901,#1932);
#1135=LINE('',#8902,#1933);
#1136=LINE('',#8904,#1934);
#1137=LINE('',#8908,#1935);
#1138=LINE('',#8910,#1936);
#1139=LINE('',#8911,#1937);
#1140=LINE('',#8914,#1938);
#1141=LINE('',#8915,#1939);
#1142=LINE('',#8918,#1940);
#1143=LINE('',#8919,#1941);
#1144=LINE('',#8922,#1942);
#1145=LINE('',#8923,#1943);
#1146=LINE('',#8926,#1944);
#1147=LINE('',#8927,#1945);
#1148=LINE('',#8930,#1946);
#1149=LINE('',#8931,#1947);
#1150=LINE('',#8934,#1948);
#1151=LINE('',#8935,#1949);
#1152=LINE('',#8937,#1950);
#1153=LINE('',#8938,#1951);
#1154=LINE('',#8941,#1952);
#1155=LINE('',#8942,#1953);
#1156=LINE('',#8945,#1954);
#1157=LINE('',#8946,#1955);
#1158=LINE('',#8949,#1956);
#1159=LINE('',#8950,#1957);
#1160=LINE('',#8953,#1958);
#1161=LINE('',#8954,#1959);
#1162=LINE('',#8957,#1960);
#1163=LINE('',#8958,#1961);
#1164=LINE('',#8961,#1962);
#1165=LINE('',#8962,#1963);
#1166=LINE('',#8965,#1964);
#1167=LINE('',#8966,#1965);
#1168=LINE('',#8968,#1966);
#1169=LINE('',#8970,#1967);
#1170=LINE('',#8972,#1968);
#1171=LINE('',#8975,#1969);
#1172=LINE('',#8976,#1970);
#1173=LINE('',#8979,#1971);
#1174=LINE('',#8980,#1972);
#1175=LINE('',#8983,#1973);
#1176=LINE('',#8984,#1974);
#1177=LINE('',#8987,#1975);
#1178=LINE('',#8988,#1976);
#1179=LINE('',#8991,#1977);
#1180=LINE('',#8992,#1978);
#1181=LINE('',#8995,#1979);
#1182=LINE('',#8996,#1980);
#1183=LINE('',#8999,#1981);
#1184=LINE('',#9000,#1982);
#1185=LINE('',#9003,#1983);
#1186=LINE('',#9004,#1984);
#1187=LINE('',#9007,#1985);
#1188=LINE('',#9008,#1986);
#1189=LINE('',#9011,#1987);
#1190=LINE('',#9012,#1988);
#1191=LINE('',#9014,#1989);
#1192=LINE('',#9015,#1990);
#1193=LINE('',#9017,#1991);
#1194=LINE('',#9020,#1992);
#1195=LINE('',#9021,#1993);
#1196=LINE('',#9024,#1994);
#1197=LINE('',#9025,#1995);
#1198=LINE('',#9028,#1996);
#1199=LINE('',#9029,#1997);
#1200=LINE('',#9032,#1998);
#1201=LINE('',#9033,#1999);
#1202=LINE('',#9036,#2000);
#1203=LINE('',#9037,#2001);
#1204=LINE('',#9040,#2002);
#1205=LINE('',#9041,#2003);
#1206=LINE('',#9044,#2004);
#1207=LINE('',#9045,#2005);
#1208=LINE('',#9048,#2006);
#1209=LINE('',#9049,#2007);
#1210=LINE('',#9052,#2008);
#1211=LINE('',#9053,#2009);
#1212=LINE('',#9056,#2010);
#1213=LINE('',#9057,#2011);
#1214=LINE('',#9059,#2012);
#1215=LINE('',#9060,#2013);
#1216=LINE('',#9062,#2014);
#1217=LINE('',#9065,#2015);
#1218=LINE('',#9066,#2016);
#1219=LINE('',#9069,#2017);
#1220=LINE('',#9070,#2018);
#1221=LINE('',#9073,#2019);
#1222=LINE('',#9074,#2020);
#1223=LINE('',#9078,#2021);
#1224=LINE('',#9080,#2022);
#1225=LINE('',#9081,#2023);
#1226=LINE('',#9084,#2024);
#1227=LINE('',#9085,#2025);
#1228=LINE('',#9088,#2026);
#1229=LINE('',#9089,#2027);
#1230=LINE('',#9092,#2028);
#1231=LINE('',#9093,#2029);
#1232=LINE('',#9096,#2030);
#1233=LINE('',#9097,#2031);
#1234=LINE('',#9099,#2032);
#1235=LINE('',#9100,#2033);
#1236=LINE('',#9103,#2034);
#1237=LINE('',#9104,#2035);
#1238=LINE('',#9107,#2036);
#1239=LINE('',#9108,#2037);
#1240=LINE('',#9111,#2038);
#1241=LINE('',#9112,#2039);
#1242=LINE('',#9115,#2040);
#1243=LINE('',#9116,#2041);
#1244=LINE('',#9119,#2042);
#1245=LINE('',#9120,#2043);
#1246=LINE('',#9123,#2044);
#1247=LINE('',#9125,#2045);
#1248=LINE('',#9126,#2046);
#1249=LINE('',#9128,#2047);
#1250=LINE('',#9131,#2048);
#1251=LINE('',#9133,#2049);
#1252=LINE('',#9134,#2050);
#1253=LINE('',#9136,#2051);
#1254=LINE('',#9139,#2052);
#1255=LINE('',#9140,#2053);
#1256=LINE('',#9143,#2054);
#1257=LINE('',#9144,#2055);
#1258=LINE('',#9147,#2056);
#1259=LINE('',#9148,#2057);
#1260=LINE('',#9151,#2058);
#1261=LINE('',#9152,#2059);
#1262=LINE('',#9155,#2060);
#1263=LINE('',#9156,#2061);
#1264=LINE('',#9159,#2062);
#1265=LINE('',#9160,#2063);
#1266=LINE('',#9163,#2064);
#1267=LINE('',#9164,#2065);
#1268=LINE('',#9167,#2066);
#1269=LINE('',#9168,#2067);
#1270=LINE('',#9171,#2068);
#1271=LINE('',#9172,#2069);
#1272=LINE('',#9175,#2070);
#1273=LINE('',#9176,#2071);
#1274=LINE('',#9179,#2072);
#1275=LINE('',#9180,#2073);
#1276=LINE('',#9183,#2074);
#1277=LINE('',#9184,#2075);
#1278=LINE('',#9187,#2076);
#1279=LINE('',#9188,#2077);
#1280=LINE('',#9191,#2078);
#1281=LINE('',#9192,#2079);
#1282=LINE('',#9195,#2080);
#1283=LINE('',#9196,#2081);
#1284=LINE('',#9199,#2082);
#1285=LINE('',#9200,#2083);
#1286=LINE('',#9203,#2084);
#1287=LINE('',#9204,#2085);
#1288=LINE('',#9207,#2086);
#1289=LINE('',#9208,#2087);
#1290=LINE('',#9211,#2088);
#1291=LINE('',#9212,#2089);
#1292=LINE('',#9215,#2090);
#1293=LINE('',#9216,#2091);
#1294=LINE('',#9219,#2092);
#1295=LINE('',#9220,#2093);
#1296=LINE('',#9222,#2094);
#1297=LINE('',#9223,#2095);
#1298=LINE('',#9225,#2096);
#1299=LINE('',#9227,#2097);
#1300=LINE('',#9229,#2098);
#1301=LINE('',#9232,#2099);
#1302=LINE('',#9233,#2100);
#1303=LINE('',#9236,#2101);
#1304=LINE('',#9237,#2102);
#1305=LINE('',#9240,#2103);
#1306=LINE('',#9241,#2104);
#1307=LINE('',#9244,#2105);
#1308=LINE('',#9245,#2106);
#1309=LINE('',#9248,#2107);
#1310=LINE('',#9249,#2108);
#1311=LINE('',#9252,#2109);
#1312=LINE('',#9253,#2110);
#1313=LINE('',#9256,#2111);
#1314=LINE('',#9257,#2112);
#1315=LINE('',#9259,#2113);
#1316=LINE('',#9260,#2114);
#1317=LINE('',#9263,#2115);
#1318=LINE('',#9264,#2116);
#1319=LINE('',#9267,#2117);
#1320=LINE('',#9268,#2118);
#1321=LINE('',#9271,#2119);
#1322=LINE('',#9272,#2120);
#1323=LINE('',#9275,#2121);
#1324=LINE('',#9276,#2122);
#1325=LINE('',#9279,#2123);
#1326=LINE('',#9280,#2124);
#1327=LINE('',#9283,#2125);
#1328=LINE('',#9284,#2126);
#1329=LINE('',#9286,#2127);
#1330=LINE('',#9289,#2128);
#1331=LINE('',#9291,#2129);
#1332=LINE('',#9292,#2130);
#1333=LINE('',#9294,#2131);
#1334=LINE('',#9296,#2132);
#1335=LINE('',#9298,#2133);
#1336=LINE('',#9302,#2134);
#1337=LINE('',#9304,#2135);
#1338=LINE('',#9305,#2136);
#1339=LINE('',#9308,#2137);
#1340=LINE('',#9309,#2138);
#1341=LINE('',#9312,#2139);
#1342=LINE('',#9313,#2140);
#1343=LINE('',#9316,#2141);
#1344=LINE('',#9317,#2142);
#1345=LINE('',#9320,#2143);
#1346=LINE('',#9321,#2144);
#1347=LINE('',#9324,#2145);
#1348=LINE('',#9325,#2146);
#1349=LINE('',#9328,#2147);
#1350=LINE('',#9329,#2148);
#1351=LINE('',#9332,#2149);
#1352=LINE('',#9333,#2150);
#1353=LINE('',#9336,#2151);
#1354=LINE('',#9337,#2152);
#1355=LINE('',#9340,#2153);
#1356=LINE('',#9341,#2154);
#1357=LINE('',#9344,#2155);
#1358=LINE('',#9345,#2156);
#1359=LINE('',#9348,#2157);
#1360=LINE('',#9349,#2158);
#1361=LINE('',#9352,#2159);
#1362=LINE('',#9353,#2160);
#1363=LINE('',#9356,#2161);
#1364=LINE('',#9357,#2162);
#1365=LINE('',#9360,#2163);
#1366=LINE('',#9362,#2164);
#1367=LINE('',#9363,#2165);
#1368=LINE('',#9365,#2166);
#1369=LINE('',#9369,#2167);
#1370=LINE('',#9371,#2168);
#1371=LINE('',#9372,#2169);
#1372=LINE('',#9375,#2170);
#1373=LINE('',#9376,#2171);
#1374=LINE('',#9379,#2172);
#1375=LINE('',#9380,#2173);
#1376=LINE('',#9383,#2174);
#1377=LINE('',#9384,#2175);
#1378=LINE('',#9387,#2176);
#1379=LINE('',#9388,#2177);
#1380=LINE('',#9391,#2178);
#1381=LINE('',#9392,#2179);
#1382=LINE('',#9395,#2180);
#1383=LINE('',#9396,#2181);
#1384=LINE('',#9399,#2182);
#1385=LINE('',#9400,#2183);
#1386=LINE('',#9403,#2184);
#1387=LINE('',#9404,#2185);
#1388=LINE('',#9407,#2186);
#1389=LINE('',#9408,#2187);
#1390=LINE('',#9411,#2188);
#1391=LINE('',#9412,#2189);
#1392=LINE('',#9415,#2190);
#1393=LINE('',#9416,#2191);
#1394=LINE('',#9419,#2192);
#1395=LINE('',#9420,#2193);
#1396=LINE('',#9423,#2194);
#1397=LINE('',#9424,#2195);
#1398=LINE('',#9427,#2196);
#1399=LINE('',#9428,#2197);
#1400=LINE('',#9431,#2198);
#1401=LINE('',#9432,#2199);
#1402=LINE('',#9435,#2200);
#1403=LINE('',#9436,#2201);
#1404=LINE('',#9438,#2202);
#1405=LINE('',#9439,#2203);
#1406=LINE('',#9442,#2204);
#1407=LINE('',#9443,#2205);
#1408=LINE('',#9445,#2206);
#1409=LINE('',#9448,#2207);
#1410=LINE('',#9449,#2208);
#1411=LINE('',#9452,#2209);
#1412=LINE('',#9453,#2210);
#1413=LINE('',#9456,#2211);
#1414=LINE('',#9457,#2212);
#1415=LINE('',#9460,#2213);
#1416=LINE('',#9461,#2214);
#1417=LINE('',#9464,#2215);
#1418=LINE('',#9465,#2216);
#1419=LINE('',#9468,#2217);
#1420=LINE('',#9469,#2218);
#1421=LINE('',#9472,#2219);
#1422=LINE('',#9473,#2220);
#1423=LINE('',#9476,#2221);
#1424=LINE('',#9477,#2222);
#1425=LINE('',#9480,#2223);
#1426=LINE('',#9481,#2224);
#1427=LINE('',#9484,#2225);
#1428=LINE('',#9485,#2226);
#1429=LINE('',#9488,#2227);
#1430=LINE('',#9489,#2228);
#1431=LINE('',#9492,#2229);
#1432=LINE('',#9493,#2230);
#1433=LINE('',#9496,#2231);
#1434=LINE('',#9497,#2232);
#1435=LINE('',#9500,#2233);
#1436=LINE('',#9501,#2234);
#1437=LINE('',#9504,#2235);
#1438=LINE('',#9505,#2236);
#1439=LINE('',#9508,#2237);
#1440=LINE('',#9509,#2238);
#1441=LINE('',#9511,#2239);
#1442=LINE('',#9512,#2240);
#1443=LINE('',#9515,#2241);
#1444=LINE('',#9516,#2242);
#1445=LINE('',#9518,#2243);
#1446=LINE('',#9521,#2244);
#1447=LINE('',#9522,#2245);
#1448=LINE('',#9524,#2246);
#1449=LINE('',#9525,#2247);
#1450=LINE('',#9527,#2248);
#1451=LINE('',#9530,#2249);
#1452=LINE('',#9531,#2250);
#1453=LINE('',#9534,#2251);
#1454=LINE('',#9535,#2252);
#1455=LINE('',#9537,#2253);
#1456=LINE('',#9538,#2254);
#1457=LINE('',#9540,#2255);
#1458=LINE('',#9542,#2256);
#1459=LINE('',#9543,#2257);
#1460=LINE('',#9546,#2258);
#1461=LINE('',#9547,#2259);
#1462=LINE('',#9550,#2260);
#1463=LINE('',#9551,#2261);
#1464=LINE('',#9552,#2262);
#1465=LINE('',#9554,#2263);
#1466=LINE('',#9556,#2264);
#1467=LINE('',#9558,#2265);
#1468=LINE('',#9559,#2266);
#1469=LINE('',#9561,#2267);
#1470=LINE('',#9563,#2268);
#1471=LINE('',#9565,#2269);
#1472=LINE('',#9567,#2270);
#1473=LINE('',#9569,#2271);
#1474=LINE('',#9571,#2272);
#1475=LINE('',#9573,#2273);
#1476=LINE('',#9574,#2274);
#1477=LINE('',#9576,#2275);
#1478=LINE('',#9578,#2276);
#1479=LINE('',#9581,#2277);
#1480=LINE('',#9584,#2278);
#1481=LINE('',#9585,#2279);
#1482=LINE('',#9587,#2280);
#1483=LINE('',#9589,#2281);
#1484=LINE('',#9591,#2282);
#1485=LINE('',#9593,#2283);
#1486=LINE('',#9595,#2284);
#1487=LINE('',#9597,#2285);
#1488=LINE('',#9599,#2286);
#1489=LINE('',#9601,#2287);
#1490=LINE('',#9603,#2288);
#1491=LINE('',#9605,#2289);
#1492=LINE('',#9607,#2290);
#1493=LINE('',#9609,#2291);
#1494=LINE('',#9611,#2292);
#1495=LINE('',#9613,#2293);
#1496=LINE('',#9615,#2294);
#1497=LINE('',#9617,#2295);
#1498=LINE('',#9619,#2296);
#1499=LINE('',#9621,#2297);
#1500=LINE('',#9623,#2298);
#1501=LINE('',#9625,#2299);
#1502=LINE('',#9627,#2300);
#1503=LINE('',#9629,#2301);
#1504=LINE('',#9631,#2302);
#1505=LINE('',#9633,#2303);
#1506=LINE('',#9635,#2304);
#1507=LINE('',#9637,#2305);
#1508=LINE('',#9639,#2306);
#1509=LINE('',#9641,#2307);
#1510=LINE('',#9643,#2308);
#1511=LINE('',#9645,#2309);
#1512=LINE('',#9647,#2310);
#1513=LINE('',#9649,#2311);
#1514=LINE('',#9651,#2312);
#1515=LINE('',#9653,#2313);
#1516=LINE('',#9655,#2314);
#1517=LINE('',#9657,#2315);
#1518=LINE('',#9659,#2316);
#1519=LINE('',#9661,#2317);
#1520=LINE('',#9663,#2318);
#1521=LINE('',#9665,#2319);
#1522=LINE('',#9667,#2320);
#1523=LINE('',#9669,#2321);
#1524=LINE('',#9671,#2322);
#1525=LINE('',#9673,#2323);
#1526=LINE('',#9675,#2324);
#1527=LINE('',#9677,#2325);
#1528=LINE('',#9680,#2326);
#1529=LINE('',#9681,#2327);
#1530=LINE('',#9683,#2328);
#1531=LINE('',#9685,#2329);
#1532=LINE('',#9687,#2330);
#1533=LINE('',#9689,#2331);
#1534=LINE('',#9691,#2332);
#1535=LINE('',#9693,#2333);
#1536=LINE('',#9695,#2334);
#1537=LINE('',#9697,#2335);
#1538=LINE('',#9699,#2336);
#1539=LINE('',#9701,#2337);
#1540=LINE('',#9703,#2338);
#1541=LINE('',#9705,#2339);
#1542=LINE('',#9707,#2340);
#1543=LINE('',#9709,#2341);
#1544=LINE('',#9711,#2342);
#1545=LINE('',#9713,#2343);
#1546=LINE('',#9715,#2344);
#1547=LINE('',#9717,#2345);
#1548=LINE('',#9719,#2346);
#1549=LINE('',#9721,#2347);
#1550=LINE('',#9723,#2348);
#1551=LINE('',#9725,#2349);
#1552=LINE('',#9727,#2350);
#1553=LINE('',#9729,#2351);
#1554=LINE('',#9731,#2352);
#1555=LINE('',#9733,#2353);
#1556=LINE('',#9735,#2354);
#1557=LINE('',#9737,#2355);
#1558=LINE('',#9739,#2356);
#1559=LINE('',#9741,#2357);
#1560=LINE('',#9743,#2358);
#1561=LINE('',#9745,#2359);
#1562=LINE('',#9747,#2360);
#1563=LINE('',#9749,#2361);
#1564=LINE('',#9751,#2362);
#1565=LINE('',#9753,#2363);
#1566=LINE('',#9755,#2364);
#1567=LINE('',#9757,#2365);
#1568=LINE('',#9759,#2366);
#1569=LINE('',#9761,#2367);
#1570=LINE('',#9763,#2368);
#1571=LINE('',#9765,#2369);
#1572=LINE('',#9767,#2370);
#1573=LINE('',#9769,#2371);
#1574=LINE('',#9771,#2372);
#1575=LINE('',#9773,#2373);
#1576=LINE('',#9776,#2374);
#1577=LINE('',#9779,#2375);
#1578=LINE('',#9780,#2376);
#1579=LINE('',#9783,#2377);
#1580=LINE('',#9784,#2378);
#1581=LINE('',#9786,#2379);
#1582=LINE('',#9788,#2380);
#1583=LINE('',#9790,#2381);
#1584=LINE('',#9791,#2382);
#1585=LINE('',#9794,#2383);
#1586=LINE('',#9795,#2384);
#1587=LINE('',#9799,#2385);
#1588=LINE('',#9800,#2386);
#1589=LINE('',#9803,#2387);
#1590=LINE('',#9804,#2388);
#1591=LINE('',#9806,#2389);
#1592=LINE('',#9809,#2390);
#1593=LINE('',#9810,#2391);
#1594=LINE('',#9812,#2392);
#1595=LINE('',#9815,#2393);
#1596=LINE('',#9816,#2394);
#1597=LINE('',#9818,#2395);
#1598=LINE('',#9821,#2396);
#1599=LINE('',#9822,#2397);
#1600=LINE('',#9824,#2398);
#1601=LINE('',#9827,#2399);
#1602=LINE('',#9828,#2400);
#1603=LINE('',#9830,#2401);
#1604=LINE('',#9833,#2402);
#1605=LINE('',#9834,#2403);
#1606=LINE('',#9836,#2404);
#1607=LINE('',#9839,#2405);
#1608=LINE('',#9840,#2406);
#1609=LINE('',#9842,#2407);
#1610=LINE('',#9845,#2408);
#1611=LINE('',#9846,#2409);
#1612=LINE('',#9848,#2410);
#1613=LINE('',#9851,#2411);
#1614=LINE('',#9852,#2412);
#1615=LINE('',#9854,#2413);
#1616=LINE('',#9857,#2414);
#1617=LINE('',#9858,#2415);
#1618=LINE('',#9860,#2416);
#1619=LINE('',#9863,#2417);
#1620=LINE('',#9864,#2418);
#1621=LINE('',#9866,#2419);
#1622=LINE('',#9869,#2420);
#1623=LINE('',#9870,#2421);
#1624=LINE('',#9872,#2422);
#1625=LINE('',#9875,#2423);
#1626=LINE('',#9876,#2424);
#1627=LINE('',#9878,#2425);
#1628=LINE('',#9881,#2426);
#1629=LINE('',#9882,#2427);
#1630=LINE('',#9884,#2428);
#1631=LINE('',#9887,#2429);
#1632=LINE('',#9888,#2430);
#1633=LINE('',#9890,#2431);
#1634=LINE('',#9893,#2432);
#1635=LINE('',#9894,#2433);
#1636=LINE('',#9896,#2434);
#1637=LINE('',#9899,#2435);
#1638=LINE('',#9900,#2436);
#1639=LINE('',#9902,#2437);
#1640=LINE('',#9905,#2438);
#1641=LINE('',#9906,#2439);
#1642=LINE('',#9908,#2440);
#1643=LINE('',#9911,#2441);
#1644=LINE('',#9912,#2442);
#1645=LINE('',#9914,#2443);
#1646=LINE('',#9917,#2444);
#1647=LINE('',#9918,#2445);
#1648=LINE('',#9920,#2446);
#1649=LINE('',#9923,#2447);
#1650=LINE('',#9924,#2448);
#1651=LINE('',#9926,#2449);
#1652=LINE('',#9929,#2450);
#1653=LINE('',#9930,#2451);
#1654=LINE('',#9932,#2452);
#1655=LINE('',#9935,#2453);
#1656=LINE('',#9936,#2454);
#1657=LINE('',#9938,#2455);
#1658=LINE('',#9940,#2456);
#1659=LINE('',#9943,#2457);
#1660=LINE('',#9944,#2458);
#1661=LINE('',#9947,#2459);
#1662=LINE('',#9948,#2460);
#1663=LINE('',#9950,#2461);
#1664=LINE('',#9953,#2462);
#1665=LINE('',#9954,#2463);
#1666=LINE('',#9956,#2464);
#1667=LINE('',#9959,#2465);
#1668=LINE('',#9960,#2466);
#1669=LINE('',#9962,#2467);
#1670=LINE('',#9965,#2468);
#1671=LINE('',#9966,#2469);
#1672=LINE('',#9968,#2470);
#1673=LINE('',#9971,#2471);
#1674=LINE('',#9972,#2472);
#1675=LINE('',#9974,#2473);
#1676=LINE('',#9977,#2474);
#1677=LINE('',#9978,#2475);
#1678=LINE('',#9980,#2476);
#1679=LINE('',#9983,#2477);
#1680=LINE('',#9984,#2478);
#1681=LINE('',#9986,#2479);
#1682=LINE('',#9989,#2480);
#1683=LINE('',#9990,#2481);
#1684=LINE('',#9992,#2482);
#1685=LINE('',#9995,#2483);
#1686=LINE('',#9996,#2484);
#1687=LINE('',#9998,#2485);
#1688=LINE('',#10001,#2486);
#1689=LINE('',#10002,#2487);
#1690=LINE('',#10004,#2488);
#1691=LINE('',#10007,#2489);
#1692=LINE('',#10008,#2490);
#1693=LINE('',#10010,#2491);
#1694=LINE('',#10013,#2492);
#1695=LINE('',#10014,#2493);
#1696=LINE('',#10016,#2494);
#1697=LINE('',#10019,#2495);
#1698=LINE('',#10020,#2496);
#1699=LINE('',#10022,#2497);
#1700=LINE('',#10025,#2498);
#1701=LINE('',#10026,#2499);
#1702=LINE('',#10028,#2500);
#1703=LINE('',#10031,#2501);
#1704=LINE('',#10032,#2502);
#1705=LINE('',#10034,#2503);
#1706=LINE('',#10037,#2504);
#1707=LINE('',#10038,#2505);
#1708=LINE('',#10040,#2506);
#1709=LINE('',#10043,#2507);
#1710=LINE('',#10044,#2508);
#1711=LINE('',#10046,#2509);
#1712=LINE('',#10049,#2510);
#1713=LINE('',#10050,#2511);
#1714=LINE('',#10052,#2512);
#1715=LINE('',#10055,#2513);
#1716=LINE('',#10056,#2514);
#1717=LINE('',#10058,#2515);
#1718=LINE('',#10061,#2516);
#1719=LINE('',#10062,#2517);
#1720=LINE('',#10064,#2518);
#1721=LINE('',#10067,#2519);
#1722=LINE('',#10068,#2520);
#1723=LINE('',#10070,#2521);
#1724=LINE('',#10073,#2522);
#1725=LINE('',#10074,#2523);
#1726=LINE('',#10076,#2524);
#1727=LINE('',#10079,#2525);
#1728=LINE('',#10080,#2526);
#1729=LINE('',#10082,#2527);
#1730=LINE('',#10084,#2528);
#1731=LINE('',#10087,#2529);
#1732=LINE('',#10089,#2530);
#1733=LINE('',#10090,#2531);
#1734=LINE('',#10092,#2532);
#1735=LINE('',#10094,#2533);
#1736=LINE('',#10096,#2534);
#1737=LINE('',#10097,#2535);
#1738=LINE('',#10102,#2536);
#1739=LINE('',#10104,#2537);
#1740=LINE('',#10105,#2538);
#1741=LINE('',#10108,#2539);
#1742=LINE('',#10109,#2540);
#1743=LINE('',#10112,#2541);
#1744=LINE('',#10113,#2542);
#1745=LINE('',#10115,#2543);
#1746=LINE('',#10116,#2544);
#1747=LINE('',#10118,#2545);
#1748=LINE('',#10120,#2546);
#1749=LINE('',#10121,#2547);
#1750=LINE('',#10123,#2548);
#1751=LINE('',#10125,#2549);
#1752=LINE('',#10126,#2550);
#1753=LINE('',#10129,#2551);
#1754=LINE('',#10130,#2552);
#1755=LINE('',#10132,#2553);
#1756=LINE('',#10135,#2554);
#1757=LINE('',#10136,#2555);
#1758=LINE('',#10139,#2556);
#1759=LINE('',#10140,#2557);
#1760=LINE('',#10141,#2558);
#1761=LINE('',#10143,#2559);
#1762=LINE('',#10146,#2560);
#1763=LINE('',#10147,#2561);
#1764=LINE('',#10149,#2562);
#1765=LINE('',#10151,#2563);
#1766=LINE('',#10152,#2564);
#1767=LINE('',#10154,#2565);
#1768=LINE('',#10156,#2566);
#1769=LINE('',#10158,#2567);
#1770=LINE('',#10160,#2568);
#1771=LINE('',#10162,#2569);
#1772=LINE('',#10164,#2570);
#1773=LINE('',#10166,#2571);
#1774=LINE('',#10168,#2572);
#1775=LINE('',#10170,#2573);
#1776=LINE('',#10172,#2574);
#1777=LINE('',#10174,#2575);
#1778=LINE('',#10176,#2576);
#1779=LINE('',#10178,#2577);
#1780=LINE('',#10180,#2578);
#1781=LINE('',#10182,#2579);
#1782=LINE('',#10184,#2580);
#1783=LINE('',#10186,#2581);
#1784=LINE('',#10188,#2582);
#1785=LINE('',#10190,#2583);
#1786=LINE('',#10192,#2584);
#1787=LINE('',#10194,#2585);
#1788=LINE('',#10196,#2586);
#1789=LINE('',#10198,#2587);
#1790=LINE('',#10200,#2588);
#1791=LINE('',#10202,#2589);
#1792=LINE('',#10204,#2590);
#1793=LINE('',#10206,#2591);
#1794=LINE('',#10208,#2592);
#1795=LINE('',#10210,#2593);
#1796=LINE('',#10212,#2594);
#1797=LINE('',#10214,#2595);
#1798=LINE('',#10216,#2596);
#1799=LINE('',#10218,#2597);
#1800=LINE('',#10220,#2598);
#1801=LINE('',#10222,#2599);
#1802=LINE('',#10224,#2600);
#1803=LINE('',#10226,#2601);
#1804=LINE('',#10228,#2602);
#1805=LINE('',#10230,#2603);
#1806=LINE('',#10232,#2604);
#1807=LINE('',#10234,#2605);
#1808=LINE('',#10236,#2606);
#1809=LINE('',#10238,#2607);
#1810=LINE('',#10240,#2608);
#1811=LINE('',#10242,#2609);
#1812=LINE('',#10244,#2610);
#1813=LINE('',#10246,#2611);
#1814=LINE('',#10248,#2612);
#1815=LINE('',#10250,#2613);
#1816=LINE('',#10252,#2614);
#1817=LINE('',#10254,#2615);
#1818=LINE('',#10256,#2616);
#1819=LINE('',#10258,#2617);
#1820=LINE('',#10261,#2618);
#1821=LINE('',#10263,#2619);
#1822=LINE('',#10265,#2620);
#1823=LINE('',#10266,#2621);
#1824=LINE('',#10268,#2622);
#1825=LINE('',#10270,#2623);
#1826=LINE('',#10272,#2624);
#1827=LINE('',#10274,#2625);
#1828=LINE('',#10277,#2626);
#1829=LINE('',#10280,#2627);
#1830=LINE('',#10283,#2628);
#1831=LINE('',#10284,#2629);
#1832=LINE('',#10286,#2630);
#1833=LINE('',#10288,#2631);
#1834=LINE('',#10290,#2632);
#1835=LINE('',#10295,#2633);
#1836=LINE('',#10297,#2634);
#1837=LINE('',#10298,#2635);
#1838=LINE('',#10301,#2636);
#1839=LINE('',#10302,#2637);
#1840=LINE('',#10304,#2638);
#1841=LINE('',#10305,#2639);
#1842=LINE('',#10307,#2640);
#1843=LINE('',#10309,#2641);
#1844=LINE('',#10310,#2642);
#1845=LINE('',#10313,#2643);
#1846=LINE('',#10314,#2644);
#1847=LINE('',#10317,#2645);
#1848=LINE('',#10322,#2646);
#1849=LINE('',#10324,#2647);
#1850=LINE('',#10325,#2648);
#1851=LINE('',#10328,#2649);
#1852=LINE('',#10329,#2650);
#1853=LINE('',#10331,#2651);
#1854=LINE('',#10332,#2652);
#1855=LINE('',#10334,#2653);
#1856=LINE('',#10336,#2654);
#1857=LINE('',#10337,#2655);
#1858=LINE('',#10340,#2656);
#1859=LINE('',#10341,#2657);
#1860=LINE('',#10344,#2658);
#1861=VECTOR('',#6911,10.);
#1862=VECTOR('',#6912,1.);
#1863=VECTOR('',#6913,1.);
#1864=VECTOR('',#6916,10.);
#1865=VECTOR('',#6917,1.);
#1866=VECTOR('',#6918,1.);
#1867=VECTOR('',#6919,1.);
#1868=VECTOR('',#6922,10.);
#1869=VECTOR('',#6923,1.);
#1870=VECTOR('',#6926,10.);
#1871=VECTOR('',#6927,1.);
#1872=VECTOR('',#6928,1.);
#1873=VECTOR('',#6929,1.);
#1874=VECTOR('',#6930,1.);
#1875=VECTOR('',#6931,10.);
#1876=VECTOR('',#6932,10.);
#1877=VECTOR('',#6935,10.);
#1878=VECTOR('',#6936,1.);
#1879=VECTOR('',#6939,10.);
#1880=VECTOR('',#6940,1.);
#1881=VECTOR('',#6941,1.);
#1882=VECTOR('',#6944,10.);
#1883=VECTOR('',#6945,1.);
#1884=VECTOR('',#6946,1.);
#1885=VECTOR('',#6949,10.);
#1886=VECTOR('',#6952,10.);
#1887=VECTOR('',#6953,10.);
#1888=VECTOR('',#6954,10.);
#1889=VECTOR('',#6955,10.);
#1890=VECTOR('',#6956,10.);
#1891=VECTOR('',#6959,10.);
#1892=VECTOR('',#6960,10.);
#1893=VECTOR('',#6963,10.);
#1894=VECTOR('',#6966,1.);
#1895=VECTOR('',#6967,1.);
#1896=VECTOR('',#6968,1.);
#1897=VECTOR('',#6971,1.);
#1898=VECTOR('',#6972,1.);
#1899=VECTOR('',#6977,1.);
#1900=VECTOR('',#6978,1.);
#1901=VECTOR('',#6979,1.);
#1902=VECTOR('',#6982,1.);
#1903=VECTOR('',#6983,1.);
#1904=VECTOR('',#6986,1.);
#1905=VECTOR('',#6987,1.);
#1906=VECTOR('',#6990,1.);
#1907=VECTOR('',#6991,1.);
#1908=VECTOR('',#6994,1.);
#1909=VECTOR('',#6995,1.);
#1910=VECTOR('',#6996,1.);
#1911=VECTOR('',#6999,1.);
#1912=VECTOR('',#7000,1.);
#1913=VECTOR('',#7003,1.);
#1914=VECTOR('',#7004,1.);
#1915=VECTOR('',#7007,1.);
#1916=VECTOR('',#7008,1.);
#1917=VECTOR('',#7011,1.);
#1918=VECTOR('',#7012,1.);
#1919=VECTOR('',#7015,1.);
#1920=VECTOR('',#7016,1.);
#1921=VECTOR('',#7019,1.);
#1922=VECTOR('',#7020,1.);
#1923=VECTOR('',#7021,1.);
#1924=VECTOR('',#7024,1.);
#1925=VECTOR('',#7025,1.);
#1926=VECTOR('',#7028,1.);
#1927=VECTOR('',#7029,1.);
#1928=VECTOR('',#7032,1.);
#1929=VECTOR('',#7033,1.);
#1930=VECTOR('',#7036,1.);
#1931=VECTOR('',#7037,1.);
#1932=VECTOR('',#7040,1.);
#1933=VECTOR('',#7041,1.);
#1934=VECTOR('',#7044,1.);
#1935=VECTOR('',#7047,1.);
#1936=VECTOR('',#7048,1.);
#1937=VECTOR('',#7049,1.);
#1938=VECTOR('',#7052,1.);
#1939=VECTOR('',#7053,1.);
#1940=VECTOR('',#7056,1.);
#1941=VECTOR('',#7057,1.);
#1942=VECTOR('',#7060,1.);
#1943=VECTOR('',#7061,1.);
#1944=VECTOR('',#7064,1.);
#1945=VECTOR('',#7065,1.);
#1946=VECTOR('',#7068,1.);
#1947=VECTOR('',#7069,1.);
#1948=VECTOR('',#7072,1.);
#1949=VECTOR('',#7073,1.);
#1950=VECTOR('',#7076,1.);
#1951=VECTOR('',#7077,1.);
#1952=VECTOR('',#7080,1.);
#1953=VECTOR('',#7081,1.);
#1954=VECTOR('',#7084,1.);
#1955=VECTOR('',#7085,1.);
#1956=VECTOR('',#7088,1.);
#1957=VECTOR('',#7089,1.);
#1958=VECTOR('',#7092,1.);
#1959=VECTOR('',#7093,1.);
#1960=VECTOR('',#7096,1.);
#1961=VECTOR('',#7097,1.);
#1962=VECTOR('',#7100,1.);
#1963=VECTOR('',#7101,1.);
#1964=VECTOR('',#7104,1.);
#1965=VECTOR('',#7105,1.);
#1966=VECTOR('',#7108,1.);
#1967=VECTOR('',#7111,1.);
#1968=VECTOR('',#7114,1.);
#1969=VECTOR('',#7117,1.);
#1970=VECTOR('',#7118,1.);
#1971=VECTOR('',#7121,1.);
#1972=VECTOR('',#7122,1.);
#1973=VECTOR('',#7125,1.);
#1974=VECTOR('',#7126,1.);
#1975=VECTOR('',#7129,1.);
#1976=VECTOR('',#7130,1.);
#1977=VECTOR('',#7133,1.);
#1978=VECTOR('',#7134,1.);
#1979=VECTOR('',#7137,1.);
#1980=VECTOR('',#7138,1.);
#1981=VECTOR('',#7141,1.);
#1982=VECTOR('',#7142,1.);
#1983=VECTOR('',#7145,1.);
#1984=VECTOR('',#7146,1.);
#1985=VECTOR('',#7149,1.);
#1986=VECTOR('',#7150,1.);
#1987=VECTOR('',#7153,1.);
#1988=VECTOR('',#7154,1.);
#1989=VECTOR('',#7157,1.);
#1990=VECTOR('',#7158,1.);
#1991=VECTOR('',#7161,1.);
#1992=VECTOR('',#7164,1.);
#1993=VECTOR('',#7165,1.);
#1994=VECTOR('',#7168,1.);
#1995=VECTOR('',#7169,1.);
#1996=VECTOR('',#7172,1.);
#1997=VECTOR('',#7173,1.);
#1998=VECTOR('',#7176,1.);
#1999=VECTOR('',#7177,1.);
#2000=VECTOR('',#7180,1.);
#2001=VECTOR('',#7181,1.);
#2002=VECTOR('',#7184,1.);
#2003=VECTOR('',#7185,1.);
#2004=VECTOR('',#7188,1.);
#2005=VECTOR('',#7189,1.);
#2006=VECTOR('',#7192,1.);
#2007=VECTOR('',#7193,1.);
#2008=VECTOR('',#7196,1.);
#2009=VECTOR('',#7197,1.);
#2010=VECTOR('',#7200,1.);
#2011=VECTOR('',#7201,1.);
#2012=VECTOR('',#7204,1.);
#2013=VECTOR('',#7205,1.);
#2014=VECTOR('',#7208,1.);
#2015=VECTOR('',#7211,1.);
#2016=VECTOR('',#7212,1.);
#2017=VECTOR('',#7215,1.);
#2018=VECTOR('',#7216,1.);
#2019=VECTOR('',#7219,1.);
#2020=VECTOR('',#7220,1.);
#2021=VECTOR('',#7223,1.);
#2022=VECTOR('',#7224,1.);
#2023=VECTOR('',#7225,1.);
#2024=VECTOR('',#7228,1.);
#2025=VECTOR('',#7229,1.);
#2026=VECTOR('',#7232,1.);
#2027=VECTOR('',#7233,1.);
#2028=VECTOR('',#7236,1.);
#2029=VECTOR('',#7237,1.);
#2030=VECTOR('',#7240,1.);
#2031=VECTOR('',#7241,1.);
#2032=VECTOR('',#7244,1.);
#2033=VECTOR('',#7245,1.);
#2034=VECTOR('',#7248,1.);
#2035=VECTOR('',#7249,1.);
#2036=VECTOR('',#7252,1.);
#2037=VECTOR('',#7253,1.);
#2038=VECTOR('',#7256,1.);
#2039=VECTOR('',#7257,1.);
#2040=VECTOR('',#7260,1.);
#2041=VECTOR('',#7261,1.);
#2042=VECTOR('',#7264,1.);
#2043=VECTOR('',#7265,1.);
#2044=VECTOR('',#7268,1.);
#2045=VECTOR('',#7269,1.);
#2046=VECTOR('',#7270,1.);
#2047=VECTOR('',#7273,1.);
#2048=VECTOR('',#7276,1.);
#2049=VECTOR('',#7277,1.);
#2050=VECTOR('',#7278,1.);
#2051=VECTOR('',#7281,1.);
#2052=VECTOR('',#7284,1.);
#2053=VECTOR('',#7285,1.);
#2054=VECTOR('',#7288,1.);
#2055=VECTOR('',#7289,1.);
#2056=VECTOR('',#7292,1.);
#2057=VECTOR('',#7293,1.);
#2058=VECTOR('',#7296,1.);
#2059=VECTOR('',#7297,1.);
#2060=VECTOR('',#7300,1.);
#2061=VECTOR('',#7301,1.);
#2062=VECTOR('',#7304,1.);
#2063=VECTOR('',#7305,1.);
#2064=VECTOR('',#7308,1.);
#2065=VECTOR('',#7309,1.);
#2066=VECTOR('',#7312,1.);
#2067=VECTOR('',#7313,1.);
#2068=VECTOR('',#7316,1.);
#2069=VECTOR('',#7317,1.);
#2070=VECTOR('',#7320,1.);
#2071=VECTOR('',#7321,1.);
#2072=VECTOR('',#7324,1.);
#2073=VECTOR('',#7325,1.);
#2074=VECTOR('',#7328,1.);
#2075=VECTOR('',#7329,1.);
#2076=VECTOR('',#7332,1.);
#2077=VECTOR('',#7333,1.);
#2078=VECTOR('',#7336,1.);
#2079=VECTOR('',#7337,1.);
#2080=VECTOR('',#7340,1.);
#2081=VECTOR('',#7341,1.);
#2082=VECTOR('',#7344,1.);
#2083=VECTOR('',#7345,1.);
#2084=VECTOR('',#7348,1.);
#2085=VECTOR('',#7349,1.);
#2086=VECTOR('',#7352,1.);
#2087=VECTOR('',#7353,1.);
#2088=VECTOR('',#7356,1.);
#2089=VECTOR('',#7357,1.);
#2090=VECTOR('',#7360,1.);
#2091=VECTOR('',#7361,1.);
#2092=VECTOR('',#7364,1.);
#2093=VECTOR('',#7365,1.);
#2094=VECTOR('',#7368,1.);
#2095=VECTOR('',#7369,1.);
#2096=VECTOR('',#7372,1.);
#2097=VECTOR('',#7375,1.);
#2098=VECTOR('',#7378,1.);
#2099=VECTOR('',#7381,1.);
#2100=VECTOR('',#7382,1.);
#2101=VECTOR('',#7385,1.);
#2102=VECTOR('',#7386,1.);
#2103=VECTOR('',#7389,1.);
#2104=VECTOR('',#7390,1.);
#2105=VECTOR('',#7393,1.);
#2106=VECTOR('',#7394,1.);
#2107=VECTOR('',#7397,1.);
#2108=VECTOR('',#7398,1.);
#2109=VECTOR('',#7401,1.);
#2110=VECTOR('',#7402,1.);
#2111=VECTOR('',#7405,1.);
#2112=VECTOR('',#7406,1.);
#2113=VECTOR('',#7409,1.);
#2114=VECTOR('',#7410,1.);
#2115=VECTOR('',#7413,1.);
#2116=VECTOR('',#7414,1.);
#2117=VECTOR('',#7417,1.);
#2118=VECTOR('',#7418,1.);
#2119=VECTOR('',#7421,1.);
#2120=VECTOR('',#7422,1.);
#2121=VECTOR('',#7425,1.);
#2122=VECTOR('',#7426,1.);
#2123=VECTOR('',#7429,1.);
#2124=VECTOR('',#7430,1.);
#2125=VECTOR('',#7433,1.);
#2126=VECTOR('',#7434,1.);
#2127=VECTOR('',#7437,1.);
#2128=VECTOR('',#7440,1.);
#2129=VECTOR('',#7441,1.);
#2130=VECTOR('',#7442,1.);
#2131=VECTOR('',#7445,1.);
#2132=VECTOR('',#7448,1.);
#2133=VECTOR('',#7451,1.);
#2134=VECTOR('',#7454,1.);
#2135=VECTOR('',#7455,1.);
#2136=VECTOR('',#7456,1.);
#2137=VECTOR('',#7459,1.);
#2138=VECTOR('',#7460,1.);
#2139=VECTOR('',#7463,1.);
#2140=VECTOR('',#7464,1.);
#2141=VECTOR('',#7467,1.);
#2142=VECTOR('',#7468,1.);
#2143=VECTOR('',#7471,1.);
#2144=VECTOR('',#7472,1.);
#2145=VECTOR('',#7475,1.);
#2146=VECTOR('',#7476,1.);
#2147=VECTOR('',#7479,1.);
#2148=VECTOR('',#7480,1.);
#2149=VECTOR('',#7483,1.);
#2150=VECTOR('',#7484,1.);
#2151=VECTOR('',#7487,1.);
#2152=VECTOR('',#7488,1.);
#2153=VECTOR('',#7491,1.);
#2154=VECTOR('',#7492,1.);
#2155=VECTOR('',#7495,1.);
#2156=VECTOR('',#7496,1.);
#2157=VECTOR('',#7499,1.);
#2158=VECTOR('',#7500,1.);
#2159=VECTOR('',#7503,1.);
#2160=VECTOR('',#7504,1.);
#2161=VECTOR('',#7507,1.);
#2162=VECTOR('',#7508,1.);
#2163=VECTOR('',#7511,1.);
#2164=VECTOR('',#7512,1.);
#2165=VECTOR('',#7513,1.);
#2166=VECTOR('',#7516,1.);
#2167=VECTOR('',#7519,1.);
#2168=VECTOR('',#7520,1.);
#2169=VECTOR('',#7521,1.);
#2170=VECTOR('',#7524,1.);
#2171=VECTOR('',#7525,1.);
#2172=VECTOR('',#7528,1.);
#2173=VECTOR('',#7529,1.);
#2174=VECTOR('',#7532,1.);
#2175=VECTOR('',#7533,1.);
#2176=VECTOR('',#7536,1.);
#2177=VECTOR('',#7537,1.);
#2178=VECTOR('',#7540,1.);
#2179=VECTOR('',#7541,1.);
#2180=VECTOR('',#7544,1.);
#2181=VECTOR('',#7545,1.);
#2182=VECTOR('',#7548,1.);
#2183=VECTOR('',#7549,1.);
#2184=VECTOR('',#7552,1.);
#2185=VECTOR('',#7553,1.);
#2186=VECTOR('',#7556,1.);
#2187=VECTOR('',#7557,1.);
#2188=VECTOR('',#7560,1.);
#2189=VECTOR('',#7561,1.);
#2190=VECTOR('',#7564,1.);
#2191=VECTOR('',#7565,1.);
#2192=VECTOR('',#7568,1.);
#2193=VECTOR('',#7569,1.);
#2194=VECTOR('',#7572,1.);
#2195=VECTOR('',#7573,1.);
#2196=VECTOR('',#7576,1.);
#2197=VECTOR('',#7577,1.);
#2198=VECTOR('',#7580,1.);
#2199=VECTOR('',#7581,1.);
#2200=VECTOR('',#7584,1.);
#2201=VECTOR('',#7585,1.);
#2202=VECTOR('',#7588,1.);
#2203=VECTOR('',#7589,1.);
#2204=VECTOR('',#7592,1.);
#2205=VECTOR('',#7593,1.);
#2206=VECTOR('',#7596,1.);
#2207=VECTOR('',#7599,1.);
#2208=VECTOR('',#7600,1.);
#2209=VECTOR('',#7603,1.);
#2210=VECTOR('',#7604,1.);
#2211=VECTOR('',#7607,1.);
#2212=VECTOR('',#7608,1.);
#2213=VECTOR('',#7611,1.);
#2214=VECTOR('',#7612,1.);
#2215=VECTOR('',#7615,1.);
#2216=VECTOR('',#7616,1.);
#2217=VECTOR('',#7619,1.);
#2218=VECTOR('',#7620,1.);
#2219=VECTOR('',#7623,1.);
#2220=VECTOR('',#7624,1.);
#2221=VECTOR('',#7627,1.);
#2222=VECTOR('',#7628,1.);
#2223=VECTOR('',#7631,1.);
#2224=VECTOR('',#7632,1.);
#2225=VECTOR('',#7635,1.);
#2226=VECTOR('',#7636,1.);
#2227=VECTOR('',#7639,1.);
#2228=VECTOR('',#7640,1.);
#2229=VECTOR('',#7643,1.);
#2230=VECTOR('',#7644,1.);
#2231=VECTOR('',#7647,1.);
#2232=VECTOR('',#7648,1.);
#2233=VECTOR('',#7651,1.);
#2234=VECTOR('',#7652,1.);
#2235=VECTOR('',#7655,1.);
#2236=VECTOR('',#7656,1.);
#2237=VECTOR('',#7659,1.);
#2238=VECTOR('',#7660,1.);
#2239=VECTOR('',#7663,1.);
#2240=VECTOR('',#7664,1.);
#2241=VECTOR('',#7667,1.);
#2242=VECTOR('',#7668,1.);
#2243=VECTOR('',#7671,1.);
#2244=VECTOR('',#7674,1.);
#2245=VECTOR('',#7675,1.);
#2246=VECTOR('',#7678,1.);
#2247=VECTOR('',#7679,1.);
#2248=VECTOR('',#7682,1.);
#2249=VECTOR('',#7685,1.);
#2250=VECTOR('',#7686,1.);
#2251=VECTOR('',#7689,1.);
#2252=VECTOR('',#7690,1.);
#2253=VECTOR('',#7693,1.);
#2254=VECTOR('',#7694,1.);
#2255=VECTOR('',#7697,1.);
#2256=VECTOR('',#7700,1.);
#2257=VECTOR('',#7701,1.);
#2258=VECTOR('',#7704,1.);
#2259=VECTOR('',#7705,1.);
#2260=VECTOR('',#7708,1.);
#2261=VECTOR('',#7709,1.);
#2262=VECTOR('',#7710,1.);
#2263=VECTOR('',#7713,1.);
#2264=VECTOR('',#7716,1.);
#2265=VECTOR('',#7719,1.);
#2266=VECTOR('',#7720,1.);
#2267=VECTOR('',#7723,1.);
#2268=VECTOR('',#7726,1.);
#2269=VECTOR('',#7729,1.);
#2270=VECTOR('',#7732,1.);
#2271=VECTOR('',#7735,1.);
#2272=VECTOR('',#7738,1.);
#2273=VECTOR('',#7741,1.);
#2274=VECTOR('',#7742,1.);
#2275=VECTOR('',#7745,1.);
#2276=VECTOR('',#7748,1.);
#2277=VECTOR('',#7753,1.);
#2278=VECTOR('',#7758,1.);
#2279=VECTOR('',#7759,1.);
#2280=VECTOR('',#7762,1.);
#2281=VECTOR('',#7765,1.);
#2282=VECTOR('',#7768,1.);
#2283=VECTOR('',#7771,1.);
#2284=VECTOR('',#7774,1.);
#2285=VECTOR('',#7777,1.);
#2286=VECTOR('',#7780,1.);
#2287=VECTOR('',#7783,1.);
#2288=VECTOR('',#7786,1.);
#2289=VECTOR('',#7789,1.);
#2290=VECTOR('',#7792,1.);
#2291=VECTOR('',#7795,1.);
#2292=VECTOR('',#7798,1.);
#2293=VECTOR('',#7801,1.);
#2294=VECTOR('',#7804,1.);
#2295=VECTOR('',#7807,1.);
#2296=VECTOR('',#7810,1.);
#2297=VECTOR('',#7813,1.);
#2298=VECTOR('',#7816,1.);
#2299=VECTOR('',#7819,1.);
#2300=VECTOR('',#7822,1.);
#2301=VECTOR('',#7825,1.);
#2302=VECTOR('',#7828,1.);
#2303=VECTOR('',#7831,1.);
#2304=VECTOR('',#7834,1.);
#2305=VECTOR('',#7837,1.);
#2306=VECTOR('',#7840,1.);
#2307=VECTOR('',#7843,1.);
#2308=VECTOR('',#7846,1.);
#2309=VECTOR('',#7849,1.);
#2310=VECTOR('',#7852,1.);
#2311=VECTOR('',#7855,1.);
#2312=VECTOR('',#7858,1.);
#2313=VECTOR('',#7861,1.);
#2314=VECTOR('',#7864,1.);
#2315=VECTOR('',#7867,1.);
#2316=VECTOR('',#7870,1.);
#2317=VECTOR('',#7873,1.);
#2318=VECTOR('',#7876,1.);
#2319=VECTOR('',#7879,1.);
#2320=VECTOR('',#7882,1.);
#2321=VECTOR('',#7885,1.);
#2322=VECTOR('',#7888,1.);
#2323=VECTOR('',#7891,1.);
#2324=VECTOR('',#7894,1.);
#2325=VECTOR('',#7897,1.);
#2326=VECTOR('',#7902,1.);
#2327=VECTOR('',#7903,1.);
#2328=VECTOR('',#7906,1.);
#2329=VECTOR('',#7909,1.);
#2330=VECTOR('',#7912,1.);
#2331=VECTOR('',#7915,1.);
#2332=VECTOR('',#7918,1.);
#2333=VECTOR('',#7921,1.);
#2334=VECTOR('',#7924,1.);
#2335=VECTOR('',#7927,1.);
#2336=VECTOR('',#7930,1.);
#2337=VECTOR('',#7933,1.);
#2338=VECTOR('',#7936,1.);
#2339=VECTOR('',#7939,1.);
#2340=VECTOR('',#7942,1.);
#2341=VECTOR('',#7945,1.);
#2342=VECTOR('',#7948,1.);
#2343=VECTOR('',#7951,1.);
#2344=VECTOR('',#7954,1.);
#2345=VECTOR('',#7957,1.);
#2346=VECTOR('',#7960,1.);
#2347=VECTOR('',#7963,1.);
#2348=VECTOR('',#7966,1.);
#2349=VECTOR('',#7969,1.);
#2350=VECTOR('',#7972,1.);
#2351=VECTOR('',#7975,1.);
#2352=VECTOR('',#7978,1.);
#2353=VECTOR('',#7981,1.);
#2354=VECTOR('',#7984,1.);
#2355=VECTOR('',#7987,1.);
#2356=VECTOR('',#7990,1.);
#2357=VECTOR('',#7993,1.);
#2358=VECTOR('',#7996,1.);
#2359=VECTOR('',#7999,1.);
#2360=VECTOR('',#8002,1.);
#2361=VECTOR('',#8005,1.);
#2362=VECTOR('',#8008,1.);
#2363=VECTOR('',#8011,1.);
#2364=VECTOR('',#8014,1.);
#2365=VECTOR('',#8017,1.);
#2366=VECTOR('',#8020,1.);
#2367=VECTOR('',#8023,1.);
#2368=VECTOR('',#8026,1.);
#2369=VECTOR('',#8029,1.);
#2370=VECTOR('',#8032,1.);
#2371=VECTOR('',#8035,1.);
#2372=VECTOR('',#8038,1.);
#2373=VECTOR('',#8041,1.);
#2374=VECTOR('',#8046,1.);
#2375=VECTOR('',#8049,1.);
#2376=VECTOR('',#8050,1.);
#2377=VECTOR('',#8053,1.);
#2378=VECTOR('',#8054,1.);
#2379=VECTOR('',#8057,1.);
#2380=VECTOR('',#8060,1.);
#2381=VECTOR('',#8061,1.);
#2382=VECTOR('',#8062,1.);
#2383=VECTOR('',#8067,1.);
#2384=VECTOR('',#8068,1.);
#2385=VECTOR('',#8073,1.);
#2386=VECTOR('',#8074,1.);
#2387=VECTOR('',#8077,1.);
#2388=VECTOR('',#8078,1.);
#2389=VECTOR('',#8081,1.);
#2390=VECTOR('',#8084,1.);
#2391=VECTOR('',#8085,1.);
#2392=VECTOR('',#8088,1.);
#2393=VECTOR('',#8091,1.);
#2394=VECTOR('',#8092,1.);
#2395=VECTOR('',#8095,1.);
#2396=VECTOR('',#8098,1.);
#2397=VECTOR('',#8099,1.);
#2398=VECTOR('',#8102,1.);
#2399=VECTOR('',#8105,1.);
#2400=VECTOR('',#8106,1.);
#2401=VECTOR('',#8109,1.);
#2402=VECTOR('',#8112,1.);
#2403=VECTOR('',#8113,1.);
#2404=VECTOR('',#8116,1.);
#2405=VECTOR('',#8119,1.);
#2406=VECTOR('',#8120,1.);
#2407=VECTOR('',#8123,1.);
#2408=VECTOR('',#8126,1.);
#2409=VECTOR('',#8127,1.);
#2410=VECTOR('',#8130,1.);
#2411=VECTOR('',#8133,1.);
#2412=VECTOR('',#8134,1.);
#2413=VECTOR('',#8137,1.);
#2414=VECTOR('',#8140,1.);
#2415=VECTOR('',#8141,1.);
#2416=VECTOR('',#8144,1.);
#2417=VECTOR('',#8147,1.);
#2418=VECTOR('',#8148,1.);
#2419=VECTOR('',#8151,1.);
#2420=VECTOR('',#8154,1.);
#2421=VECTOR('',#8155,1.);
#2422=VECTOR('',#8158,1.);
#2423=VECTOR('',#8161,1.);
#2424=VECTOR('',#8162,1.);
#2425=VECTOR('',#8165,1.);
#2426=VECTOR('',#8168,1.);
#2427=VECTOR('',#8169,1.);
#2428=VECTOR('',#8172,1.);
#2429=VECTOR('',#8175,1.);
#2430=VECTOR('',#8176,1.);
#2431=VECTOR('',#8179,1.);
#2432=VECTOR('',#8182,1.);
#2433=VECTOR('',#8183,1.);
#2434=VECTOR('',#8186,1.);
#2435=VECTOR('',#8189,1.);
#2436=VECTOR('',#8190,1.);
#2437=VECTOR('',#8193,1.);
#2438=VECTOR('',#8196,1.);
#2439=VECTOR('',#8197,1.);
#2440=VECTOR('',#8200,1.);
#2441=VECTOR('',#8203,1.);
#2442=VECTOR('',#8204,1.);
#2443=VECTOR('',#8207,1.);
#2444=VECTOR('',#8210,1.);
#2445=VECTOR('',#8211,1.);
#2446=VECTOR('',#8214,1.);
#2447=VECTOR('',#8217,1.);
#2448=VECTOR('',#8218,1.);
#2449=VECTOR('',#8221,1.);
#2450=VECTOR('',#8224,1.);
#2451=VECTOR('',#8225,1.);
#2452=VECTOR('',#8228,1.);
#2453=VECTOR('',#8231,1.);
#2454=VECTOR('',#8232,1.);
#2455=VECTOR('',#8235,1.);
#2456=VECTOR('',#8238,1.);
#2457=VECTOR('',#8241,1.);
#2458=VECTOR('',#8242,1.);
#2459=VECTOR('',#8245,1.);
#2460=VECTOR('',#8246,1.);
#2461=VECTOR('',#8249,1.);
#2462=VECTOR('',#8252,1.);
#2463=VECTOR('',#8253,1.);
#2464=VECTOR('',#8256,1.);
#2465=VECTOR('',#8259,1.);
#2466=VECTOR('',#8260,1.);
#2467=VECTOR('',#8263,1.);
#2468=VECTOR('',#8266,1.);
#2469=VECTOR('',#8267,1.);
#2470=VECTOR('',#8270,1.);
#2471=VECTOR('',#8273,1.);
#2472=VECTOR('',#8274,1.);
#2473=VECTOR('',#8277,1.);
#2474=VECTOR('',#8280,1.);
#2475=VECTOR('',#8281,1.);
#2476=VECTOR('',#8284,1.);
#2477=VECTOR('',#8287,1.);
#2478=VECTOR('',#8288,1.);
#2479=VECTOR('',#8291,1.);
#2480=VECTOR('',#8294,1.);
#2481=VECTOR('',#8295,1.);
#2482=VECTOR('',#8298,1.);
#2483=VECTOR('',#8301,1.);
#2484=VECTOR('',#8302,1.);
#2485=VECTOR('',#8305,1.);
#2486=VECTOR('',#8308,1.);
#2487=VECTOR('',#8309,1.);
#2488=VECTOR('',#8312,1.);
#2489=VECTOR('',#8315,1.);
#2490=VECTOR('',#8316,1.);
#2491=VECTOR('',#8319,1.);
#2492=VECTOR('',#8322,1.);
#2493=VECTOR('',#8323,1.);
#2494=VECTOR('',#8326,1.);
#2495=VECTOR('',#8329,1.);
#2496=VECTOR('',#8330,1.);
#2497=VECTOR('',#8333,1.);
#2498=VECTOR('',#8336,1.);
#2499=VECTOR('',#8337,1.);
#2500=VECTOR('',#8340,1.);
#2501=VECTOR('',#8343,1.);
#2502=VECTOR('',#8344,1.);
#2503=VECTOR('',#8347,1.);
#2504=VECTOR('',#8350,1.);
#2505=VECTOR('',#8351,1.);
#2506=VECTOR('',#8354,1.);
#2507=VECTOR('',#8357,1.);
#2508=VECTOR('',#8358,1.);
#2509=VECTOR('',#8361,1.);
#2510=VECTOR('',#8364,1.);
#2511=VECTOR('',#8365,1.);
#2512=VECTOR('',#8368,1.);
#2513=VECTOR('',#8371,1.);
#2514=VECTOR('',#8372,1.);
#2515=VECTOR('',#8375,1.);
#2516=VECTOR('',#8378,1.);
#2517=VECTOR('',#8379,1.);
#2518=VECTOR('',#8382,1.);
#2519=VECTOR('',#8385,1.);
#2520=VECTOR('',#8386,1.);
#2521=VECTOR('',#8389,1.);
#2522=VECTOR('',#8392,1.);
#2523=VECTOR('',#8393,1.);
#2524=VECTOR('',#8396,1.);
#2525=VECTOR('',#8399,1.);
#2526=VECTOR('',#8400,1.);
#2527=VECTOR('',#8403,1.);
#2528=VECTOR('',#8406,1.);
#2529=VECTOR('',#8409,1.);
#2530=VECTOR('',#8410,1.);
#2531=VECTOR('',#8411,1.);
#2532=VECTOR('',#8414,1.);
#2533=VECTOR('',#8417,1.);
#2534=VECTOR('',#8418,1.);
#2535=VECTOR('',#8419,1.);
#2536=VECTOR('',#8424,1.);
#2537=VECTOR('',#8425,1.);
#2538=VECTOR('',#8426,1.);
#2539=VECTOR('',#8429,1.);
#2540=VECTOR('',#8430,1.);
#2541=VECTOR('',#8433,1.);
#2542=VECTOR('',#8434,1.);
#2543=VECTOR('',#8437,1.);
#2544=VECTOR('',#8438,1.);
#2545=VECTOR('',#8441,1.);
#2546=VECTOR('',#8442,1.);
#2547=VECTOR('',#8443,1.);
#2548=VECTOR('',#8446,1.);
#2549=VECTOR('',#8449,1.);
#2550=VECTOR('',#8450,1.);
#2551=VECTOR('',#8453,1.);
#2552=VECTOR('',#8454,1.);
#2553=VECTOR('',#8457,1.);
#2554=VECTOR('',#8460,1.);
#2555=VECTOR('',#8461,1.);
#2556=VECTOR('',#8464,1.);
#2557=VECTOR('',#8465,1.);
#2558=VECTOR('',#8466,1.);
#2559=VECTOR('',#8469,1.);
#2560=VECTOR('',#8472,1.);
#2561=VECTOR('',#8473,1.);
#2562=VECTOR('',#8476,1.);
#2563=VECTOR('',#8479,1.);
#2564=VECTOR('',#8480,1.);
#2565=VECTOR('',#8483,1.);
#2566=VECTOR('',#8486,1.);
#2567=VECTOR('',#8489,1.);
#2568=VECTOR('',#8492,1.);
#2569=VECTOR('',#8495,1.);
#2570=VECTOR('',#8498,1.);
#2571=VECTOR('',#8501,1.);
#2572=VECTOR('',#8504,1.);
#2573=VECTOR('',#8507,1.);
#2574=VECTOR('',#8510,1.);
#2575=VECTOR('',#8513,1.);
#2576=VECTOR('',#8516,1.);
#2577=VECTOR('',#8519,1.);
#2578=VECTOR('',#8522,1.);
#2579=VECTOR('',#8525,1.);
#2580=VECTOR('',#8528,1.);
#2581=VECTOR('',#8531,1.);
#2582=VECTOR('',#8534,1.);
#2583=VECTOR('',#8537,1.);
#2584=VECTOR('',#8540,1.);
#2585=VECTOR('',#8543,1.);
#2586=VECTOR('',#8546,1.);
#2587=VECTOR('',#8549,1.);
#2588=VECTOR('',#8552,1.);
#2589=VECTOR('',#8555,1.);
#2590=VECTOR('',#8558,1.);
#2591=VECTOR('',#8561,1.);
#2592=VECTOR('',#8564,1.);
#2593=VECTOR('',#8567,1.);
#2594=VECTOR('',#8570,1.);
#2595=VECTOR('',#8573,1.);
#2596=VECTOR('',#8576,1.);
#2597=VECTOR('',#8579,1.);
#2598=VECTOR('',#8582,1.);
#2599=VECTOR('',#8585,1.);
#2600=VECTOR('',#8588,1.);
#2601=VECTOR('',#8591,1.);
#2602=VECTOR('',#8594,1.);
#2603=VECTOR('',#8597,1.);
#2604=VECTOR('',#8600,1.);
#2605=VECTOR('',#8603,1.);
#2606=VECTOR('',#8606,1.);
#2607=VECTOR('',#8609,1.);
#2608=VECTOR('',#8612,1.);
#2609=VECTOR('',#8615,1.);
#2610=VECTOR('',#8618,1.);
#2611=VECTOR('',#8621,1.);
#2612=VECTOR('',#8624,1.);
#2613=VECTOR('',#8627,1.);
#2614=VECTOR('',#8630,1.);
#2615=VECTOR('',#8633,1.);
#2616=VECTOR('',#8636,1.);
#2617=VECTOR('',#8639,1.);
#2618=VECTOR('',#8644,1.);
#2619=VECTOR('',#8647,1.);
#2620=VECTOR('',#8650,1.);
#2621=VECTOR('',#8651,1.);
#2622=VECTOR('',#8654,1.);
#2623=VECTOR('',#8657,1.);
#2624=VECTOR('',#8660,1.);
#2625=VECTOR('',#8663,1.);
#2626=VECTOR('',#8668,1.);
#2627=VECTOR('',#8673,1.);
#2628=VECTOR('',#8676,1.);
#2629=VECTOR('',#8677,1.);
#2630=VECTOR('',#8680,1.);
#2631=VECTOR('',#8683,1.);
#2632=VECTOR('',#8686,1.);
#2633=VECTOR('',#8691,1.);
#2634=VECTOR('',#8692,1.);
#2635=VECTOR('',#8693,1.);
#2636=VECTOR('',#8696,1.);
#2637=VECTOR('',#8697,1.);
#2638=VECTOR('',#8700,1.);
#2639=VECTOR('',#8701,1.);
#2640=VECTOR('',#8704,1.);
#2641=VECTOR('',#8707,1.);
#2642=VECTOR('',#8708,1.);
#2643=VECTOR('',#8713,1.);
#2644=VECTOR('',#8714,1.);
#2645=VECTOR('',#8719,1.);
#2646=VECTOR('',#8724,1.);
#2647=VECTOR('',#8725,1.);
#2648=VECTOR('',#8726,1.);
#2649=VECTOR('',#8729,1.);
#2650=VECTOR('',#8730,1.);
#2651=VECTOR('',#8733,1.);
#2652=VECTOR('',#8734,1.);
#2653=VECTOR('',#8737,1.);
#2654=VECTOR('',#8740,1.);
#2655=VECTOR('',#8741,1.);
#2656=VECTOR('',#8746,1.);
#2657=VECTOR('',#8747,1.);
#2658=VECTOR('',#8752,1.);
#2659=VERTEX_POINT('',#8757);
#2660=VERTEX_POINT('',#8758);
#2661=VERTEX_POINT('',#8760);
#2662=VERTEX_POINT('',#8764);
#2663=VERTEX_POINT('',#8765);
#2664=VERTEX_POINT('',#8767);
#2665=VERTEX_POINT('',#8769);
#2666=VERTEX_POINT('',#8773);
#2667=VERTEX_POINT('',#8777);
#2668=VERTEX_POINT('',#8778);
#2669=VERTEX_POINT('',#8780);
#2670=VERTEX_POINT('',#8782);
#2671=VERTEX_POINT('',#8784);
#2672=VERTEX_POINT('',#8786);
#2673=VERTEX_POINT('',#8788);
#2674=VERTEX_POINT('',#8792);
#2675=VERTEX_POINT('',#8796);
#2676=VERTEX_POINT('',#8801);
#2677=VERTEX_POINT('',#8802);
#2678=VERTEX_POINT('',#8804);
#2679=VERTEX_POINT('',#8810);
#2680=VERTEX_POINT('',#8814);
#2681=VERTEX_POINT('',#8818);
#2682=VERTEX_POINT('',#8824);
#2683=VERTEX_POINT('',#8826);
#2684=VERTEX_POINT('',#8834);
#2685=VERTEX_POINT('',#8835);
#2686=VERTEX_POINT('',#8837);
#2687=VERTEX_POINT('',#8841);
#2688=VERTEX_POINT('',#8845);
#2689=VERTEX_POINT('',#8852);
#2690=VERTEX_POINT('',#8854);
#2691=VERTEX_POINT('',#8858);
#2692=VERTEX_POINT('',#8862);
#2693=VERTEX_POINT('',#8866);
#2694=VERTEX_POINT('',#8870);
#2695=VERTEX_POINT('',#8874);
#2696=VERTEX_POINT('',#8878);
#2697=VERTEX_POINT('',#8879);
#2698=VERTEX_POINT('',#8881);
#2699=VERTEX_POINT('',#8885);
#2700=VERTEX_POINT('',#8889);
#2701=VERTEX_POINT('',#8893);
#2702=VERTEX_POINT('',#8897);
#2703=VERTEX_POINT('',#8906);
#2704=VERTEX_POINT('',#8907);
#2705=VERTEX_POINT('',#8909);
#2706=VERTEX_POINT('',#8913);
#2707=VERTEX_POINT('',#8917);
#2708=VERTEX_POINT('',#8921);
#2709=VERTEX_POINT('',#8925);
#2710=VERTEX_POINT('',#8929);
#2711=VERTEX_POINT('',#8933);
#2712=VERTEX_POINT('',#8940);
#2713=VERTEX_POINT('',#8944);
#2714=VERTEX_POINT('',#8948);
#2715=VERTEX_POINT('',#8952);
#2716=VERTEX_POINT('',#8956);
#2717=VERTEX_POINT('',#8960);
#2718=VERTEX_POINT('',#8964);
#2719=VERTEX_POINT('',#8974);
#2720=VERTEX_POINT('',#8978);
#2721=VERTEX_POINT('',#8982);
#2722=VERTEX_POINT('',#8986);
#2723=VERTEX_POINT('',#8990);
#2724=VERTEX_POINT('',#8994);
#2725=VERTEX_POINT('',#8998);
#2726=VERTEX_POINT('',#9002);
#2727=VERTEX_POINT('',#9006);
#2728=VERTEX_POINT('',#9010);
#2729=VERTEX_POINT('',#9019);
#2730=VERTEX_POINT('',#9023);
#2731=VERTEX_POINT('',#9027);
#2732=VERTEX_POINT('',#9031);
#2733=VERTEX_POINT('',#9035);
#2734=VERTEX_POINT('',#9039);
#2735=VERTEX_POINT('',#9043);
#2736=VERTEX_POINT('',#9047);
#2737=VERTEX_POINT('',#9051);
#2738=VERTEX_POINT('',#9055);
#2739=VERTEX_POINT('',#9064);
#2740=VERTEX_POINT('',#9068);
#2741=VERTEX_POINT('',#9072);
#2742=VERTEX_POINT('',#9076);
#2743=VERTEX_POINT('',#9077);
#2744=VERTEX_POINT('',#9079);
#2745=VERTEX_POINT('',#9083);
#2746=VERTEX_POINT('',#9087);
#2747=VERTEX_POINT('',#9091);
#2748=VERTEX_POINT('',#9095);
#2749=VERTEX_POINT('',#9102);
#2750=VERTEX_POINT('',#9106);
#2751=VERTEX_POINT('',#9110);
#2752=VERTEX_POINT('',#9114);
#2753=VERTEX_POINT('',#9118);
#2754=VERTEX_POINT('',#9122);
#2755=VERTEX_POINT('',#9124);
#2756=VERTEX_POINT('',#9130);
#2757=VERTEX_POINT('',#9132);
#2758=VERTEX_POINT('',#9138);
#2759=VERTEX_POINT('',#9142);
#2760=VERTEX_POINT('',#9146);
#2761=VERTEX_POINT('',#9150);
#2762=VERTEX_POINT('',#9154);
#2763=VERTEX_POINT('',#9158);
#2764=VERTEX_POINT('',#9162);
#2765=VERTEX_POINT('',#9166);
#2766=VERTEX_POINT('',#9170);
#2767=VERTEX_POINT('',#9174);
#2768=VERTEX_POINT('',#9178);
#2769=VERTEX_POINT('',#9182);
#2770=VERTEX_POINT('',#9186);
#2771=VERTEX_POINT('',#9190);
#2772=VERTEX_POINT('',#9194);
#2773=VERTEX_POINT('',#9198);
#2774=VERTEX_POINT('',#9202);
#2775=VERTEX_POINT('',#9206);
#2776=VERTEX_POINT('',#9210);
#2777=VERTEX_POINT('',#9214);
#2778=VERTEX_POINT('',#9218);
#2779=VERTEX_POINT('',#9231);
#2780=VERTEX_POINT('',#9235);
#2781=VERTEX_POINT('',#9239);
#2782=VERTEX_POINT('',#9243);
#2783=VERTEX_POINT('',#9247);
#2784=VERTEX_POINT('',#9251);
#2785=VERTEX_POINT('',#9255);
#2786=VERTEX_POINT('',#9262);
#2787=VERTEX_POINT('',#9266);
#2788=VERTEX_POINT('',#9270);
#2789=VERTEX_POINT('',#9274);
#2790=VERTEX_POINT('',#9278);
#2791=VERTEX_POINT('',#9282);
#2792=VERTEX_POINT('',#9288);
#2793=VERTEX_POINT('',#9290);
#2794=VERTEX_POINT('',#9300);
#2795=VERTEX_POINT('',#9301);
#2796=VERTEX_POINT('',#9303);
#2797=VERTEX_POINT('',#9307);
#2798=VERTEX_POINT('',#9311);
#2799=VERTEX_POINT('',#9315);
#2800=VERTEX_POINT('',#9319);
#2801=VERTEX_POINT('',#9323);
#2802=VERTEX_POINT('',#9327);
#2803=VERTEX_POINT('',#9331);
#2804=VERTEX_POINT('',#9335);
#2805=VERTEX_POINT('',#9339);
#2806=VERTEX_POINT('',#9343);
#2807=VERTEX_POINT('',#9347);
#2808=VERTEX_POINT('',#9351);
#2809=VERTEX_POINT('',#9355);
#2810=VERTEX_POINT('',#9359);
#2811=VERTEX_POINT('',#9361);
#2812=VERTEX_POINT('',#9367);
#2813=VERTEX_POINT('',#9368);
#2814=VERTEX_POINT('',#9370);
#2815=VERTEX_POINT('',#9374);
#2816=VERTEX_POINT('',#9378);
#2817=VERTEX_POINT('',#9382);
#2818=VERTEX_POINT('',#9386);
#2819=VERTEX_POINT('',#9390);
#2820=VERTEX_POINT('',#9394);
#2821=VERTEX_POINT('',#9398);
#2822=VERTEX_POINT('',#9402);
#2823=VERTEX_POINT('',#9406);
#2824=VERTEX_POINT('',#9410);
#2825=VERTEX_POINT('',#9414);
#2826=VERTEX_POINT('',#9418);
#2827=VERTEX_POINT('',#9422);
#2828=VERTEX_POINT('',#9426);
#2829=VERTEX_POINT('',#9430);
#2830=VERTEX_POINT('',#9434);
#2831=VERTEX_POINT('',#9441);
#2832=VERTEX_POINT('',#9447);
#2833=VERTEX_POINT('',#9451);
#2834=VERTEX_POINT('',#9455);
#2835=VERTEX_POINT('',#9459);
#2836=VERTEX_POINT('',#9463);
#2837=VERTEX_POINT('',#9467);
#2838=VERTEX_POINT('',#9471);
#2839=VERTEX_POINT('',#9475);
#2840=VERTEX_POINT('',#9479);
#2841=VERTEX_POINT('',#9483);
#2842=VERTEX_POINT('',#9487);
#2843=VERTEX_POINT('',#9491);
#2844=VERTEX_POINT('',#9495);
#2845=VERTEX_POINT('',#9499);
#2846=VERTEX_POINT('',#9503);
#2847=VERTEX_POINT('',#9507);
#2848=VERTEX_POINT('',#9514);
#2849=VERTEX_POINT('',#9520);
#2850=VERTEX_POINT('',#9529);
#2851=VERTEX_POINT('',#9533);
#2852=VERTEX_POINT('',#9545);
#2853=VERTEX_POINT('',#9549);
#2854=VERTEX_POINT('',#9778);
#2855=VERTEX_POINT('',#9782);
#2856=VERTEX_POINT('',#9789);
#2857=VERTEX_POINT('',#9798);
#2858=VERTEX_POINT('',#9802);
#2859=VERTEX_POINT('',#9808);
#2860=VERTEX_POINT('',#9814);
#2861=VERTEX_POINT('',#9820);
#2862=VERTEX_POINT('',#9826);
#2863=VERTEX_POINT('',#9832);
#2864=VERTEX_POINT('',#9838);
#2865=VERTEX_POINT('',#9844);
#2866=VERTEX_POINT('',#9850);
#2867=VERTEX_POINT('',#9856);
#2868=VERTEX_POINT('',#9862);
#2869=VERTEX_POINT('',#9868);
#2870=VERTEX_POINT('',#9874);
#2871=VERTEX_POINT('',#9880);
#2872=VERTEX_POINT('',#9886);
#2873=VERTEX_POINT('',#9892);
#2874=VERTEX_POINT('',#9898);
#2875=VERTEX_POINT('',#9904);
#2876=VERTEX_POINT('',#9910);
#2877=VERTEX_POINT('',#9916);
#2878=VERTEX_POINT('',#9922);
#2879=VERTEX_POINT('',#9928);
#2880=VERTEX_POINT('',#9934);
#2881=VERTEX_POINT('',#9942);
#2882=VERTEX_POINT('',#9946);
#2883=VERTEX_POINT('',#9952);
#2884=VERTEX_POINT('',#9958);
#2885=VERTEX_POINT('',#9964);
#2886=VERTEX_POINT('',#9970);
#2887=VERTEX_POINT('',#9976);
#2888=VERTEX_POINT('',#9982);
#2889=VERTEX_POINT('',#9988);
#2890=VERTEX_POINT('',#9994);
#2891=VERTEX_POINT('',#10000);
#2892=VERTEX_POINT('',#10006);
#2893=VERTEX_POINT('',#10012);
#2894=VERTEX_POINT('',#10018);
#2895=VERTEX_POINT('',#10024);
#2896=VERTEX_POINT('',#10030);
#2897=VERTEX_POINT('',#10036);
#2898=VERTEX_POINT('',#10042);
#2899=VERTEX_POINT('',#10048);
#2900=VERTEX_POINT('',#10054);
#2901=VERTEX_POINT('',#10060);
#2902=VERTEX_POINT('',#10066);
#2903=VERTEX_POINT('',#10072);
#2904=VERTEX_POINT('',#10078);
#2905=VERTEX_POINT('',#10086);
#2906=VERTEX_POINT('',#10088);
#2907=VERTEX_POINT('',#10095);
#2908=VERTEX_POINT('',#10100);
#2909=VERTEX_POINT('',#10101);
#2910=VERTEX_POINT('',#10103);
#2911=VERTEX_POINT('',#10107);
#2912=VERTEX_POINT('',#10111);
#2913=VERTEX_POINT('',#10119);
#2914=VERTEX_POINT('',#10128);
#2915=VERTEX_POINT('',#10134);
#2916=VERTEX_POINT('',#10138);
#2917=VERTEX_POINT('',#10145);
#2918=VERTEX_POINT('',#10282);
#2919=VERTEX_POINT('',#10293);
#2920=VERTEX_POINT('',#10294);
#2921=VERTEX_POINT('',#10296);
#2922=VERTEX_POINT('',#10300);
#2923=VERTEX_POINT('',#10320);
#2924=VERTEX_POINT('',#10321);
#2925=VERTEX_POINT('',#10323);
#2926=VERTEX_POINT('',#10327);
#2927=EDGE_CURVE('',#2659,#2660,#1063,.T.);
#2928=EDGE_CURVE('',#2660,#2661,#1064,.T.);
#2929=EDGE_CURVE('',#2659,#2661,#1065,.T.);
#2930=EDGE_CURVE('',#2662,#2663,#1066,.T.);
#2931=EDGE_CURVE('',#2664,#2663,#1067,.T.);
#2932=EDGE_CURVE('',#2665,#2664,#1068,.T.);
#2933=EDGE_CURVE('',#2665,#2662,#1069,.T.);
#2934=EDGE_CURVE('',#2660,#2666,#1070,.T.);
#2935=EDGE_CURVE('',#2666,#2661,#1071,.T.);
#2936=EDGE_CURVE('',#2667,#2668,#1072,.T.);
#2937=EDGE_CURVE('',#2669,#2668,#1073,.T.);
#2938=EDGE_CURVE('',#2669,#2670,#1074,.T.);
#2939=EDGE_CURVE('',#2671,#2670,#1075,.T.);
#2940=EDGE_CURVE('',#2672,#2671,#1076,.T.);
#2941=EDGE_CURVE('',#2672,#2673,#1077,.T.);
#2942=EDGE_CURVE('',#2673,#2667,#1078,.T.);
#2943=EDGE_CURVE('',#2666,#2674,#1079,.T.);
#2944=EDGE_CURVE('',#2674,#2661,#1080,.T.);
#2945=EDGE_CURVE('',#2674,#2675,#1081,.T.);
#2946=EDGE_CURVE('',#2675,#2671,#1082,.T.);
#2947=EDGE_CURVE('',#2661,#2671,#1083,.T.);
#2948=EDGE_CURVE('',#2676,#2677,#1084,.T.);
#2949=EDGE_CURVE('',#2678,#2677,#1085,.T.);
#2950=EDGE_CURVE('',#2678,#2676,#1086,.T.);
#2951=EDGE_CURVE('',#2675,#2672,#1087,.T.);
#2952=EDGE_CURVE('',#2679,#2662,#1088,.T.);
#2953=EDGE_CURVE('',#2677,#2679,#1089,.T.);
#2954=EDGE_CURVE('',#2668,#2676,#1090,.T.);
#2955=EDGE_CURVE('',#2667,#2680,#1091,.T.);
#2956=EDGE_CURVE('',#2663,#2680,#1092,.T.);
#2957=EDGE_CURVE('',#2681,#2659,#1093,.T.);
#2958=EDGE_CURVE('',#2673,#2681,#1094,.T.);
#2959=EDGE_CURVE('',#2680,#2681,#1095,.T.);
#2960=EDGE_CURVE('',#2682,#2678,#1096,.T.);
#2961=EDGE_CURVE('',#2683,#2678,#1097,.T.);
#2962=EDGE_CURVE('',#2682,#2683,#1098,.T.);
#2963=EDGE_CURVE('',#2669,#2678,#1099,.T.);
#2964=EDGE_CURVE('',#2682,#2669,#1100,.T.);
#2965=EDGE_CURVE('',#2684,#2685,#1101,.T.);
#2966=EDGE_CURVE('',#2686,#2685,#1102,.T.);
#2967=EDGE_CURVE('',#2684,#2686,#1103,.T.);
#2968=EDGE_CURVE('',#2687,#2685,#1104,.T.);
#2969=EDGE_CURVE('',#2684,#2687,#1105,.T.);
#2970=EDGE_CURVE('',#2688,#2687,#1106,.T.);
#2971=EDGE_CURVE('',#2688,#2685,#1107,.T.);
#2972=EDGE_CURVE('',#2669,#2688,#1108,.T.);
#2973=EDGE_CURVE('',#2669,#2687,#1109,.T.);
#2974=EDGE_CURVE('',#2687,#2689,#1110,.T.);
#2975=EDGE_CURVE('',#2689,#2690,#1111,.T.);
#2976=EDGE_CURVE('',#2687,#2690,#1112,.T.);
#2977=EDGE_CURVE('',#2687,#2691,#1113,.T.);
#2978=EDGE_CURVE('',#2689,#2691,#1114,.T.);
#2979=EDGE_CURVE('',#2691,#2692,#1115,.T.);
#2980=EDGE_CURVE('',#2687,#2692,#1116,.T.);
#2981=EDGE_CURVE('',#2687,#2693,#1117,.T.);
#2982=EDGE_CURVE('',#2692,#2693,#1118,.T.);
#2983=EDGE_CURVE('',#2687,#2694,#1119,.T.);
#2984=EDGE_CURVE('',#2693,#2694,#1120,.T.);
#2985=EDGE_CURVE('',#2694,#2695,#1121,.T.);
#2986=EDGE_CURVE('',#2687,#2695,#1122,.T.);
#2987=EDGE_CURVE('',#2696,#2697,#1123,.T.);
#2988=EDGE_CURVE('',#2698,#2697,#1124,.T.);
#2989=EDGE_CURVE('',#2696,#2698,#1125,.T.);
#2990=EDGE_CURVE('',#2699,#2697,#1126,.T.);
#2991=EDGE_CURVE('',#2699,#2696,#1127,.T.);
#2992=EDGE_CURVE('',#2700,#2697,#1128,.T.);
#2993=EDGE_CURVE('',#2700,#2699,#1129,.T.);
#2994=EDGE_CURVE('',#2701,#2697,#1130,.T.);
#2995=EDGE_CURVE('',#2701,#2700,#1131,.T.);
#2996=EDGE_CURVE('',#2702,#2697,#1132,.T.);
#2997=EDGE_CURVE('',#2702,#2701,#1133,.T.);
#2998=EDGE_CURVE('',#2687,#2702,#1134,.T.);
#2999=EDGE_CURVE('',#2687,#2697,#1135,.T.);
#3000=EDGE_CURVE('',#2695,#2702,#1136,.T.);
#3001=EDGE_CURVE('',#2703,#2704,#1137,.T.);
#3002=EDGE_CURVE('',#2705,#2703,#1138,.T.);
#3003=EDGE_CURVE('',#2705,#2704,#1139,.T.);
#3004=EDGE_CURVE('',#2706,#2703,#1140,.T.);
#3005=EDGE_CURVE('',#2706,#2704,#1141,.T.);
#3006=EDGE_CURVE('',#2707,#2704,#1142,.T.);
#3007=EDGE_CURVE('',#2707,#2706,#1143,.T.);
#3008=EDGE_CURVE('',#2708,#2704,#1144,.T.);
#3009=EDGE_CURVE('',#2708,#2707,#1145,.T.);
#3010=EDGE_CURVE('',#2709,#2708,#1146,.T.);
#3011=EDGE_CURVE('',#2709,#2704,#1147,.T.);
#3012=EDGE_CURVE('',#2710,#2704,#1148,.T.);
#3013=EDGE_CURVE('',#2710,#2709,#1149,.T.);
#3014=EDGE_CURVE('',#2711,#2704,#1150,.T.);
#3015=EDGE_CURVE('',#2711,#2710,#1151,.T.);
#3016=EDGE_CURVE('',#2670,#2711,#1152,.T.);
#3017=EDGE_CURVE('',#2670,#2704,#1153,.T.);
#3018=EDGE_CURVE('',#2712,#2711,#1154,.T.);
#3019=EDGE_CURVE('',#2670,#2712,#1155,.T.);
#3020=EDGE_CURVE('',#2670,#2713,#1156,.T.);
#3021=EDGE_CURVE('',#2713,#2712,#1157,.T.);
#3022=EDGE_CURVE('',#2670,#2714,#1158,.T.);
#3023=EDGE_CURVE('',#2714,#2713,#1159,.T.);
#3024=EDGE_CURVE('',#2715,#2714,#1160,.T.);
#3025=EDGE_CURVE('',#2670,#2715,#1161,.T.);
#3026=EDGE_CURVE('',#2670,#2716,#1162,.T.);
#3027=EDGE_CURVE('',#2716,#2715,#1163,.T.);
#3028=EDGE_CURVE('',#2670,#2717,#1164,.T.);
#3029=EDGE_CURVE('',#2717,#2716,#1165,.T.);
#3030=EDGE_CURVE('',#2717,#2718,#1166,.T.);
#3031=EDGE_CURVE('',#2670,#2718,#1167,.T.);
#3032=EDGE_CURVE('',#2670,#2687,#1168,.T.);
#3033=EDGE_CURVE('',#2687,#2718,#1169,.T.);
#3034=EDGE_CURVE('',#2718,#2690,#1170,.T.);
#3035=EDGE_CURVE('',#2690,#2719,#1171,.T.);
#3036=EDGE_CURVE('',#2718,#2719,#1172,.T.);
#3037=EDGE_CURVE('',#2719,#2720,#1173,.T.);
#3038=EDGE_CURVE('',#2690,#2720,#1174,.T.);
#3039=EDGE_CURVE('',#2720,#2721,#1175,.T.);
#3040=EDGE_CURVE('',#2719,#2721,#1176,.T.);
#3041=EDGE_CURVE('',#2721,#2722,#1177,.T.);
#3042=EDGE_CURVE('',#2720,#2722,#1178,.T.);
#3043=EDGE_CURVE('',#2722,#2723,#1179,.T.);
#3044=EDGE_CURVE('',#2721,#2723,#1180,.T.);
#3045=EDGE_CURVE('',#2723,#2724,#1181,.T.);
#3046=EDGE_CURVE('',#2722,#2724,#1182,.T.);
#3047=EDGE_CURVE('',#2724,#2725,#1183,.T.);
#3048=EDGE_CURVE('',#2723,#2725,#1184,.T.);
#3049=EDGE_CURVE('',#2725,#2726,#1185,.T.);
#3050=EDGE_CURVE('',#2724,#2726,#1186,.T.);
#3051=EDGE_CURVE('',#2727,#2697,#1187,.T.);
#3052=EDGE_CURVE('',#2698,#2727,#1188,.T.);
#3053=EDGE_CURVE('',#2728,#2697,#1189,.T.);
#3054=EDGE_CURVE('',#2728,#2727,#1190,.T.);
#3055=EDGE_CURVE('',#2728,#2704,#1191,.T.);
#3056=EDGE_CURVE('',#2704,#2697,#1192,.T.);
#3057=EDGE_CURVE('',#2705,#2728,#1193,.T.);
#3058=EDGE_CURVE('',#2729,#2705,#1194,.T.);
#3059=EDGE_CURVE('',#2729,#2728,#1195,.T.);
#3060=EDGE_CURVE('',#2730,#2729,#1196,.T.);
#3061=EDGE_CURVE('',#2730,#2705,#1197,.T.);
#3062=EDGE_CURVE('',#2731,#2730,#1198,.T.);
#3063=EDGE_CURVE('',#2731,#2729,#1199,.T.);
#3064=EDGE_CURVE('',#2732,#2731,#1200,.T.);
#3065=EDGE_CURVE('',#2732,#2730,#1201,.T.);
#3066=EDGE_CURVE('',#2733,#2732,#1202,.T.);
#3067=EDGE_CURVE('',#2733,#2731,#1203,.T.);
#3068=EDGE_CURVE('',#2734,#2733,#1204,.T.);
#3069=EDGE_CURVE('',#2734,#2732,#1205,.T.);
#3070=EDGE_CURVE('',#2735,#2734,#1206,.T.);
#3071=EDGE_CURVE('',#2735,#2733,#1207,.T.);
#3072=EDGE_CURVE('',#2736,#2735,#1208,.T.);
#3073=EDGE_CURVE('',#2736,#2734,#1209,.T.);
#3074=EDGE_CURVE('',#2737,#2736,#1210,.T.);
#3075=EDGE_CURVE('',#2737,#2735,#1211,.T.);
#3076=EDGE_CURVE('',#2738,#2737,#1212,.T.);
#3077=EDGE_CURVE('',#2738,#2736,#1213,.T.);
#3078=EDGE_CURVE('',#2726,#2738,#1214,.T.);
#3079=EDGE_CURVE('',#2726,#2737,#1215,.T.);
#3080=EDGE_CURVE('',#2725,#2738,#1216,.T.);
#3081=EDGE_CURVE('',#2682,#2739,#1217,.T.);
#3082=EDGE_CURVE('',#2739,#2669,#1218,.T.);
#3083=EDGE_CURVE('',#2740,#2688,#1219,.T.);
#3084=EDGE_CURVE('',#2740,#2669,#1220,.T.);
#3085=EDGE_CURVE('',#2741,#2688,#1221,.T.);
#3086=EDGE_CURVE('',#2740,#2741,#1222,.T.);
#3087=EDGE_CURVE('',#2742,#2743,#1223,.T.);
#3088=EDGE_CURVE('',#2744,#2743,#1224,.T.);
#3089=EDGE_CURVE('',#2742,#2744,#1225,.T.);
#3090=EDGE_CURVE('',#2742,#2745,#1226,.T.);
#3091=EDGE_CURVE('',#2743,#2745,#1227,.T.);
#3092=EDGE_CURVE('',#2745,#2746,#1228,.T.);
#3093=EDGE_CURVE('',#2742,#2746,#1229,.T.);
#3094=EDGE_CURVE('',#2742,#2747,#1230,.T.);
#3095=EDGE_CURVE('',#2746,#2747,#1231,.T.);
#3096=EDGE_CURVE('',#2742,#2748,#1232,.T.);
#3097=EDGE_CURVE('',#2747,#2748,#1233,.T.);
#3098=EDGE_CURVE('',#2748,#2740,#1234,.T.);
#3099=EDGE_CURVE('',#2742,#2740,#1235,.T.);
#3100=EDGE_CURVE('',#2749,#2740,#1236,.T.);
#3101=EDGE_CURVE('',#2748,#2749,#1237,.T.);
#3102=EDGE_CURVE('',#2749,#2750,#1238,.T.);
#3103=EDGE_CURVE('',#2750,#2740,#1239,.T.);
#3104=EDGE_CURVE('',#2751,#2740,#1240,.T.);
#3105=EDGE_CURVE('',#2750,#2751,#1241,.T.);
#3106=EDGE_CURVE('',#2752,#2740,#1242,.T.);
#3107=EDGE_CURVE('',#2751,#2752,#1243,.T.);
#3108=EDGE_CURVE('',#2752,#2753,#1244,.T.);
#3109=EDGE_CURVE('',#2753,#2740,#1245,.T.);
#3110=EDGE_CURVE('',#2742,#2754,#1246,.T.);
#3111=EDGE_CURVE('',#2754,#2755,#1247,.T.);
#3112=EDGE_CURVE('',#2742,#2755,#1248,.T.);
#3113=EDGE_CURVE('',#2754,#2744,#1249,.T.);
#3114=EDGE_CURVE('',#2742,#2756,#1250,.T.);
#3115=EDGE_CURVE('',#2757,#2756,#1251,.T.);
#3116=EDGE_CURVE('',#2757,#2742,#1252,.T.);
#3117=EDGE_CURVE('',#2756,#2755,#1253,.T.);
#3118=EDGE_CURVE('',#2755,#2758,#1254,.T.);
#3119=EDGE_CURVE('',#2756,#2758,#1255,.T.);
#3120=EDGE_CURVE('',#2758,#2759,#1256,.T.);
#3121=EDGE_CURVE('',#2755,#2759,#1257,.T.);
#3122=EDGE_CURVE('',#2759,#2760,#1258,.T.);
#3123=EDGE_CURVE('',#2758,#2760,#1259,.T.);
#3124=EDGE_CURVE('',#2760,#2761,#1260,.T.);
#3125=EDGE_CURVE('',#2759,#2761,#1261,.T.);
#3126=EDGE_CURVE('',#2761,#2762,#1262,.T.);
#3127=EDGE_CURVE('',#2760,#2762,#1263,.T.);
#3128=EDGE_CURVE('',#2762,#2763,#1264,.T.);
#3129=EDGE_CURVE('',#2761,#2763,#1265,.T.);
#3130=EDGE_CURVE('',#2763,#2764,#1266,.T.);
#3131=EDGE_CURVE('',#2762,#2764,#1267,.T.);
#3132=EDGE_CURVE('',#2764,#2765,#1268,.T.);
#3133=EDGE_CURVE('',#2763,#2765,#1269,.T.);
#3134=EDGE_CURVE('',#2765,#2766,#1270,.T.);
#3135=EDGE_CURVE('',#2764,#2766,#1271,.T.);
#3136=EDGE_CURVE('',#2766,#2767,#1272,.T.);
#3137=EDGE_CURVE('',#2765,#2767,#1273,.T.);
#3138=EDGE_CURVE('',#2767,#2768,#1274,.T.);
#3139=EDGE_CURVE('',#2766,#2768,#1275,.T.);
#3140=EDGE_CURVE('',#2768,#2769,#1276,.T.);
#3141=EDGE_CURVE('',#2767,#2769,#1277,.T.);
#3142=EDGE_CURVE('',#2769,#2770,#1278,.T.);
#3143=EDGE_CURVE('',#2768,#2770,#1279,.T.);
#3144=EDGE_CURVE('',#2770,#2771,#1280,.T.);
#3145=EDGE_CURVE('',#2769,#2771,#1281,.T.);
#3146=EDGE_CURVE('',#2771,#2772,#1282,.T.);
#3147=EDGE_CURVE('',#2770,#2772,#1283,.T.);
#3148=EDGE_CURVE('',#2772,#2773,#1284,.T.);
#3149=EDGE_CURVE('',#2771,#2773,#1285,.T.);
#3150=EDGE_CURVE('',#2773,#2774,#1286,.T.);
#3151=EDGE_CURVE('',#2772,#2774,#1287,.T.);
#3152=EDGE_CURVE('',#2774,#2775,#1288,.T.);
#3153=EDGE_CURVE('',#2773,#2775,#1289,.T.);
#3154=EDGE_CURVE('',#2775,#2776,#1290,.T.);
#3155=EDGE_CURVE('',#2774,#2776,#1291,.T.);
#3156=EDGE_CURVE('',#2776,#2777,#1292,.T.);
#3157=EDGE_CURVE('',#2775,#2777,#1293,.T.);
#3158=EDGE_CURVE('',#2778,#2740,#1294,.T.);
#3159=EDGE_CURVE('',#2753,#2778,#1295,.T.);
#3160=EDGE_CURVE('',#2777,#2740,#1296,.T.);
#3161=EDGE_CURVE('',#2777,#2778,#1297,.T.);
#3162=EDGE_CURVE('',#2777,#2669,#1298,.T.);
#3163=EDGE_CURVE('',#2776,#2669,#1299,.T.);
#3164=EDGE_CURVE('',#2776,#2739,#1300,.T.);
#3165=EDGE_CURVE('',#2779,#2739,#1301,.T.);
#3166=EDGE_CURVE('',#2776,#2779,#1302,.T.);
#3167=EDGE_CURVE('',#2780,#2779,#1303,.T.);
#3168=EDGE_CURVE('',#2780,#2739,#1304,.T.);
#3169=EDGE_CURVE('',#2781,#2739,#1305,.T.);
#3170=EDGE_CURVE('',#2781,#2780,#1306,.T.);
#3171=EDGE_CURVE('',#2782,#2739,#1307,.T.);
#3172=EDGE_CURVE('',#2782,#2781,#1308,.T.);
#3173=EDGE_CURVE('',#2783,#2782,#1309,.T.);
#3174=EDGE_CURVE('',#2783,#2739,#1310,.T.);
#3175=EDGE_CURVE('',#2784,#2739,#1311,.T.);
#3176=EDGE_CURVE('',#2784,#2783,#1312,.T.);
#3177=EDGE_CURVE('',#2785,#2739,#1313,.T.);
#3178=EDGE_CURVE('',#2785,#2784,#1314,.T.);
#3179=EDGE_CURVE('',#2757,#2785,#1315,.T.);
#3180=EDGE_CURVE('',#2757,#2739,#1316,.T.);
#3181=EDGE_CURVE('',#2786,#2785,#1317,.T.);
#3182=EDGE_CURVE('',#2757,#2786,#1318,.T.);
#3183=EDGE_CURVE('',#2757,#2787,#1319,.T.);
#3184=EDGE_CURVE('',#2787,#2786,#1320,.T.);
#3185=EDGE_CURVE('',#2757,#2788,#1321,.T.);
#3186=EDGE_CURVE('',#2788,#2787,#1322,.T.);
#3187=EDGE_CURVE('',#2789,#2788,#1323,.T.);
#3188=EDGE_CURVE('',#2757,#2789,#1324,.T.);
#3189=EDGE_CURVE('',#2757,#2790,#1325,.T.);
#3190=EDGE_CURVE('',#2790,#2789,#1326,.T.);
#3191=EDGE_CURVE('',#2757,#2791,#1327,.T.);
#3192=EDGE_CURVE('',#2791,#2790,#1328,.T.);
#3193=EDGE_CURVE('',#2791,#2756,#1329,.T.);
#3194=EDGE_CURVE('',#2741,#2792,#1330,.T.);
#3195=EDGE_CURVE('',#2792,#2793,#1331,.T.);
#3196=EDGE_CURVE('',#2741,#2793,#1332,.T.);
#3197=EDGE_CURVE('',#2688,#2793,#1333,.T.);
#3198=EDGE_CURVE('',#2793,#2685,#1334,.T.);
#3199=EDGE_CURVE('',#2793,#2686,#1335,.T.);
#3200=EDGE_CURVE('',#2794,#2795,#1336,.T.);
#3201=EDGE_CURVE('',#2794,#2796,#1337,.T.);
#3202=EDGE_CURVE('',#2796,#2795,#1338,.T.);
#3203=EDGE_CURVE('',#2797,#2795,#1339,.T.);
#3204=EDGE_CURVE('',#2797,#2794,#1340,.T.);
#3205=EDGE_CURVE('',#2798,#2797,#1341,.T.);
#3206=EDGE_CURVE('',#2798,#2795,#1342,.T.);
#3207=EDGE_CURVE('',#2799,#2795,#1343,.T.);
#3208=EDGE_CURVE('',#2799,#2798,#1344,.T.);
#3209=EDGE_CURVE('',#2800,#2795,#1345,.T.);
#3210=EDGE_CURVE('',#2800,#2799,#1346,.T.);
#3211=EDGE_CURVE('',#2801,#2800,#1347,.T.);
#3212=EDGE_CURVE('',#2801,#2795,#1348,.T.);
#3213=EDGE_CURVE('',#2801,#2802,#1349,.T.);
#3214=EDGE_CURVE('',#2802,#2800,#1350,.T.);
#3215=EDGE_CURVE('',#2803,#2802,#1351,.T.);
#3216=EDGE_CURVE('',#2801,#2803,#1352,.T.);
#3217=EDGE_CURVE('',#2801,#2804,#1353,.T.);
#3218=EDGE_CURVE('',#2804,#2803,#1354,.T.);
#3219=EDGE_CURVE('',#2801,#2805,#1355,.T.);
#3220=EDGE_CURVE('',#2805,#2804,#1356,.T.);
#3221=EDGE_CURVE('',#2806,#2805,#1357,.T.);
#3222=EDGE_CURVE('',#2801,#2806,#1358,.T.);
#3223=EDGE_CURVE('',#2801,#2807,#1359,.T.);
#3224=EDGE_CURVE('',#2807,#2806,#1360,.T.);
#3225=EDGE_CURVE('',#2801,#2808,#1361,.T.);
#3226=EDGE_CURVE('',#2807,#2808,#1362,.T.);
#3227=EDGE_CURVE('',#2809,#2808,#1363,.T.);
#3228=EDGE_CURVE('',#2809,#2801,#1364,.T.);
#3229=EDGE_CURVE('',#2810,#2795,#1365,.T.);
#3230=EDGE_CURVE('',#2811,#2810,#1366,.T.);
#3231=EDGE_CURVE('',#2811,#2795,#1367,.T.);
#3232=EDGE_CURVE('',#2796,#2810,#1368,.T.);
#3233=EDGE_CURVE('',#2812,#2813,#1369,.T.);
#3234=EDGE_CURVE('',#2812,#2814,#1370,.T.);
#3235=EDGE_CURVE('',#2813,#2814,#1371,.T.);
#3236=EDGE_CURVE('',#2815,#2813,#1372,.T.);
#3237=EDGE_CURVE('',#2815,#2812,#1373,.T.);
#3238=EDGE_CURVE('',#2815,#2816,#1374,.T.);
#3239=EDGE_CURVE('',#2816,#2813,#1375,.T.);
#3240=EDGE_CURVE('',#2817,#2816,#1376,.T.);
#3241=EDGE_CURVE('',#2817,#2815,#1377,.T.);
#3242=EDGE_CURVE('',#2817,#2818,#1378,.T.);
#3243=EDGE_CURVE('',#2818,#2816,#1379,.T.);
#3244=EDGE_CURVE('',#2819,#2818,#1380,.T.);
#3245=EDGE_CURVE('',#2819,#2817,#1381,.T.);
#3246=EDGE_CURVE('',#2819,#2820,#1382,.T.);
#3247=EDGE_CURVE('',#2820,#2818,#1383,.T.);
#3248=EDGE_CURVE('',#2821,#2820,#1384,.T.);
#3249=EDGE_CURVE('',#2821,#2819,#1385,.T.);
#3250=EDGE_CURVE('',#2821,#2822,#1386,.T.);
#3251=EDGE_CURVE('',#2822,#2820,#1387,.T.);
#3252=EDGE_CURVE('',#2823,#2822,#1388,.T.);
#3253=EDGE_CURVE('',#2823,#2821,#1389,.T.);
#3254=EDGE_CURVE('',#2823,#2824,#1390,.T.);
#3255=EDGE_CURVE('',#2824,#2822,#1391,.T.);
#3256=EDGE_CURVE('',#2825,#2824,#1392,.T.);
#3257=EDGE_CURVE('',#2825,#2823,#1393,.T.);
#3258=EDGE_CURVE('',#2825,#2826,#1394,.T.);
#3259=EDGE_CURVE('',#2826,#2824,#1395,.T.);
#3260=EDGE_CURVE('',#2827,#2826,#1396,.T.);
#3261=EDGE_CURVE('',#2827,#2825,#1397,.T.);
#3262=EDGE_CURVE('',#2827,#2828,#1398,.T.);
#3263=EDGE_CURVE('',#2828,#2826,#1399,.T.);
#3264=EDGE_CURVE('',#2829,#2828,#1400,.T.);
#3265=EDGE_CURVE('',#2829,#2827,#1401,.T.);
#3266=EDGE_CURVE('',#2829,#2830,#1402,.T.);
#3267=EDGE_CURVE('',#2830,#2828,#1403,.T.);
#3268=EDGE_CURVE('',#2808,#2829,#1404,.T.);
#3269=EDGE_CURVE('',#2808,#2830,#1405,.T.);
#3270=EDGE_CURVE('',#2831,#2808,#1406,.T.);
#3271=EDGE_CURVE('',#2831,#2829,#1407,.T.);
#3272=EDGE_CURVE('',#2809,#2831,#1408,.T.);
#3273=EDGE_CURVE('',#2809,#2832,#1409,.T.);
#3274=EDGE_CURVE('',#2832,#2831,#1410,.T.);
#3275=EDGE_CURVE('',#2832,#2833,#1411,.T.);
#3276=EDGE_CURVE('',#2809,#2833,#1412,.T.);
#3277=EDGE_CURVE('',#2809,#2834,#1413,.T.);
#3278=EDGE_CURVE('',#2833,#2834,#1414,.T.);
#3279=EDGE_CURVE('',#2809,#2835,#1415,.T.);
#3280=EDGE_CURVE('',#2834,#2835,#1416,.T.);
#3281=EDGE_CURVE('',#2835,#2836,#1417,.T.);
#3282=EDGE_CURVE('',#2809,#2836,#1418,.T.);
#3283=EDGE_CURVE('',#2809,#2837,#1419,.T.);
#3284=EDGE_CURVE('',#2836,#2837,#1420,.T.);
#3285=EDGE_CURVE('',#2809,#2838,#1421,.T.);
#3286=EDGE_CURVE('',#2837,#2838,#1422,.T.);
#3287=EDGE_CURVE('',#2838,#2839,#1423,.T.);
#3288=EDGE_CURVE('',#2809,#2839,#1424,.T.);
#3289=EDGE_CURVE('',#2840,#2839,#1425,.T.);
#3290=EDGE_CURVE('',#2838,#2840,#1426,.T.);
#3291=EDGE_CURVE('',#2841,#2839,#1427,.T.);
#3292=EDGE_CURVE('',#2840,#2841,#1428,.T.);
#3293=EDGE_CURVE('',#2841,#2842,#1429,.T.);
#3294=EDGE_CURVE('',#2842,#2839,#1430,.T.);
#3295=EDGE_CURVE('',#2843,#2839,#1431,.T.);
#3296=EDGE_CURVE('',#2842,#2843,#1432,.T.);
#3297=EDGE_CURVE('',#2844,#2839,#1433,.T.);
#3298=EDGE_CURVE('',#2843,#2844,#1434,.T.);
#3299=EDGE_CURVE('',#2844,#2845,#1435,.T.);
#3300=EDGE_CURVE('',#2845,#2839,#1436,.T.);
#3301=EDGE_CURVE('',#2846,#2839,#1437,.T.);
#3302=EDGE_CURVE('',#2846,#2845,#1438,.T.);
#3303=EDGE_CURVE('',#2839,#2847,#1439,.T.);
#3304=EDGE_CURVE('',#2846,#2847,#1440,.T.);
#3305=EDGE_CURVE('',#2683,#2847,#1441,.T.);
#3306=EDGE_CURVE('',#2683,#2839,#1442,.T.);
#3307=EDGE_CURVE('',#2683,#2848,#1443,.T.);
#3308=EDGE_CURVE('',#2848,#2847,#1444,.T.);
#3309=EDGE_CURVE('',#2848,#2678,#1445,.T.);
#3310=EDGE_CURVE('',#2848,#2849,#1446,.T.);
#3311=EDGE_CURVE('',#2849,#2678,#1447,.T.);
#3312=EDGE_CURVE('',#2812,#2847,#1448,.T.);
#3313=EDGE_CURVE('',#2812,#2846,#1449,.T.);
#3314=EDGE_CURVE('',#2847,#2814,#1450,.T.);
#3315=EDGE_CURVE('',#2814,#2850,#1451,.T.);
#3316=EDGE_CURVE('',#2847,#2850,#1452,.T.);
#3317=EDGE_CURVE('',#2814,#2851,#1453,.T.);
#3318=EDGE_CURVE('',#2850,#2851,#1454,.T.);
#3319=EDGE_CURVE('',#2850,#2678,#1455,.T.);
#3320=EDGE_CURVE('',#2849,#2850,#1456,.T.);
#3321=EDGE_CURVE('',#2851,#2678,#1457,.T.);
#3322=EDGE_CURVE('',#2851,#2793,#1458,.T.);
#3323=EDGE_CURVE('',#2678,#2793,#1459,.T.);
#3324=EDGE_CURVE('',#2851,#2852,#1460,.T.);
#3325=EDGE_CURVE('',#2852,#2793,#1461,.T.);
#3326=EDGE_CURVE('',#2792,#2853,#1462,.T.);
#3327=EDGE_CURVE('',#2795,#2792,#1463,.T.);
#3328=EDGE_CURVE('',#2795,#2853,#1464,.T.);
#3329=EDGE_CURVE('',#2853,#2793,#1465,.T.);
#3330=EDGE_CURVE('',#2853,#2852,#1466,.T.);
#3331=EDGE_CURVE('',#2811,#2814,#1467,.T.);
#3332=EDGE_CURVE('',#2813,#2811,#1468,.T.);
#3333=EDGE_CURVE('',#2795,#2814,#1469,.T.);
#3334=EDGE_CURVE('',#2814,#2853,#1470,.T.);
#3335=EDGE_CURVE('',#2740,#2792,#1471,.T.);
#3336=EDGE_CURVE('',#2740,#2795,#1472,.T.);
#3337=EDGE_CURVE('',#2682,#2839,#1473,.T.);
#3338=EDGE_CURVE('',#2739,#2839,#1474,.T.);
#3339=EDGE_CURVE('',#2757,#2801,#1475,.T.);
#3340=EDGE_CURVE('',#2742,#2801,#1476,.T.);
#3341=EDGE_CURVE('',#2757,#2809,#1477,.T.);
#3342=EDGE_CURVE('',#2757,#2839,#1478,.T.);
#3343=EDGE_CURVE('',#2740,#2801,#1479,.T.);
#3344=EDGE_CURVE('',#2752,#2796,#1480,.T.);
#3345=EDGE_CURVE('',#2753,#2796,#1481,.T.);
#3346=EDGE_CURVE('',#2752,#2794,#1482,.T.);
#3347=EDGE_CURVE('',#2751,#2794,#1483,.T.);
#3348=EDGE_CURVE('',#2751,#2797,#1484,.T.);
#3349=EDGE_CURVE('',#2750,#2797,#1485,.T.);
#3350=EDGE_CURVE('',#2750,#2798,#1486,.T.);
#3351=EDGE_CURVE('',#2749,#2798,#1487,.T.);
#3352=EDGE_CURVE('',#2749,#2799,#1488,.T.);
#3353=EDGE_CURVE('',#2748,#2799,#1489,.T.);
#3354=EDGE_CURVE('',#2748,#2800,#1490,.T.);
#3355=EDGE_CURVE('',#2747,#2800,#1491,.T.);
#3356=EDGE_CURVE('',#2747,#2802,#1492,.T.);
#3357=EDGE_CURVE('',#2746,#2802,#1493,.T.);
#3358=EDGE_CURVE('',#2746,#2803,#1494,.T.);
#3359=EDGE_CURVE('',#2745,#2803,#1495,.T.);
#3360=EDGE_CURVE('',#2745,#2804,#1496,.T.);
#3361=EDGE_CURVE('',#2743,#2804,#1497,.T.);
#3362=EDGE_CURVE('',#2743,#2805,#1498,.T.);
#3363=EDGE_CURVE('',#2744,#2805,#1499,.T.);
#3364=EDGE_CURVE('',#2744,#2806,#1500,.T.);
#3365=EDGE_CURVE('',#2754,#2806,#1501,.T.);
#3366=EDGE_CURVE('',#2754,#2807,#1502,.T.);
#3367=EDGE_CURVE('',#2755,#2807,#1503,.T.);
#3368=EDGE_CURVE('',#2755,#2808,#1504,.T.);
#3369=EDGE_CURVE('',#2759,#2808,#1505,.T.);
#3370=EDGE_CURVE('',#2759,#2830,#1506,.T.);
#3371=EDGE_CURVE('',#2761,#2830,#1507,.T.);
#3372=EDGE_CURVE('',#2761,#2828,#1508,.T.);
#3373=EDGE_CURVE('',#2763,#2828,#1509,.T.);
#3374=EDGE_CURVE('',#2763,#2826,#1510,.T.);
#3375=EDGE_CURVE('',#2765,#2826,#1511,.T.);
#3376=EDGE_CURVE('',#2765,#2824,#1512,.T.);
#3377=EDGE_CURVE('',#2767,#2824,#1513,.T.);
#3378=EDGE_CURVE('',#2767,#2822,#1514,.T.);
#3379=EDGE_CURVE('',#2769,#2822,#1515,.T.);
#3380=EDGE_CURVE('',#2769,#2820,#1516,.T.);
#3381=EDGE_CURVE('',#2771,#2820,#1517,.T.);
#3382=EDGE_CURVE('',#2771,#2818,#1518,.T.);
#3383=EDGE_CURVE('',#2773,#2818,#1519,.T.);
#3384=EDGE_CURVE('',#2773,#2816,#1520,.T.);
#3385=EDGE_CURVE('',#2775,#2816,#1521,.T.);
#3386=EDGE_CURVE('',#2775,#2813,#1522,.T.);
#3387=EDGE_CURVE('',#2777,#2813,#1523,.T.);
#3388=EDGE_CURVE('',#2777,#2811,#1524,.T.);
#3389=EDGE_CURVE('',#2778,#2811,#1525,.T.);
#3390=EDGE_CURVE('',#2778,#2810,#1526,.T.);
#3391=EDGE_CURVE('',#2753,#2810,#1527,.T.);
#3392=EDGE_CURVE('',#2774,#2846,#1528,.T.);
#3393=EDGE_CURVE('',#2776,#2846,#1529,.T.);
#3394=EDGE_CURVE('',#2774,#2812,#1530,.T.);
#3395=EDGE_CURVE('',#2772,#2812,#1531,.T.);
#3396=EDGE_CURVE('',#2772,#2815,#1532,.T.);
#3397=EDGE_CURVE('',#2770,#2815,#1533,.T.);
#3398=EDGE_CURVE('',#2770,#2817,#1534,.T.);
#3399=EDGE_CURVE('',#2768,#2817,#1535,.T.);
#3400=EDGE_CURVE('',#2768,#2819,#1536,.T.);
#3401=EDGE_CURVE('',#2766,#2819,#1537,.T.);
#3402=EDGE_CURVE('',#2766,#2821,#1538,.T.);
#3403=EDGE_CURVE('',#2764,#2821,#1539,.T.);
#3404=EDGE_CURVE('',#2764,#2823,#1540,.T.);
#3405=EDGE_CURVE('',#2762,#2823,#1541,.T.);
#3406=EDGE_CURVE('',#2762,#2825,#1542,.T.);
#3407=EDGE_CURVE('',#2760,#2825,#1543,.T.);
#3408=EDGE_CURVE('',#2760,#2827,#1544,.T.);
#3409=EDGE_CURVE('',#2758,#2827,#1545,.T.);
#3410=EDGE_CURVE('',#2758,#2829,#1546,.T.);
#3411=EDGE_CURVE('',#2756,#2829,#1547,.T.);
#3412=EDGE_CURVE('',#2756,#2831,#1548,.T.);
#3413=EDGE_CURVE('',#2791,#2831,#1549,.T.);
#3414=EDGE_CURVE('',#2791,#2832,#1550,.T.);
#3415=EDGE_CURVE('',#2790,#2832,#1551,.T.);
#3416=EDGE_CURVE('',#2790,#2833,#1552,.T.);
#3417=EDGE_CURVE('',#2789,#2833,#1553,.T.);
#3418=EDGE_CURVE('',#2789,#2834,#1554,.T.);
#3419=EDGE_CURVE('',#2788,#2834,#1555,.T.);
#3420=EDGE_CURVE('',#2788,#2835,#1556,.T.);
#3421=EDGE_CURVE('',#2787,#2835,#1557,.T.);
#3422=EDGE_CURVE('',#2787,#2836,#1558,.T.);
#3423=EDGE_CURVE('',#2786,#2836,#1559,.T.);
#3424=EDGE_CURVE('',#2786,#2837,#1560,.T.);
#3425=EDGE_CURVE('',#2785,#2837,#1561,.T.);
#3426=EDGE_CURVE('',#2785,#2838,#1562,.T.);
#3427=EDGE_CURVE('',#2784,#2838,#1563,.T.);
#3428=EDGE_CURVE('',#2784,#2840,#1564,.T.);
#3429=EDGE_CURVE('',#2783,#2840,#1565,.T.);
#3430=EDGE_CURVE('',#2783,#2841,#1566,.T.);
#3431=EDGE_CURVE('',#2782,#2841,#1567,.T.);
#3432=EDGE_CURVE('',#2782,#2842,#1568,.T.);
#3433=EDGE_CURVE('',#2781,#2842,#1569,.T.);
#3434=EDGE_CURVE('',#2781,#2843,#1570,.T.);
#3435=EDGE_CURVE('',#2780,#2843,#1571,.T.);
#3436=EDGE_CURVE('',#2780,#2844,#1572,.T.);
#3437=EDGE_CURVE('',#2779,#2844,#1573,.T.);
#3438=EDGE_CURVE('',#2779,#2845,#1574,.T.);
#3439=EDGE_CURVE('',#2776,#2845,#1575,.T.);
#3440=EDGE_CURVE('',#2661,#2670,#1576,.T.);
#3441=EDGE_CURVE('',#2661,#2854,#1577,.T.);
#3442=EDGE_CURVE('',#2854,#2670,#1578,.T.);
#3443=EDGE_CURVE('',#2670,#2855,#1579,.T.);
#3444=EDGE_CURVE('',#2855,#2704,#1580,.T.);
#3445=EDGE_CURVE('',#2854,#2855,#1581,.T.);
#3446=EDGE_CURVE('',#2684,#2697,#1582,.T.);
#3447=EDGE_CURVE('',#2684,#2856,#1583,.T.);
#3448=EDGE_CURVE('',#2856,#2697,#1584,.T.);
#3449=EDGE_CURVE('',#2855,#2697,#1585,.T.);
#3450=EDGE_CURVE('',#2855,#2856,#1586,.T.);
#3451=EDGE_CURVE('',#2857,#2733,#1587,.T.);
#3452=EDGE_CURVE('',#2857,#2735,#1588,.T.);
#3453=EDGE_CURVE('',#2858,#2733,#1589,.T.);
#3454=EDGE_CURVE('',#2857,#2858,#1590,.T.);
#3455=EDGE_CURVE('',#2858,#2731,#1591,.T.);
#3456=EDGE_CURVE('',#2859,#2731,#1592,.T.);
#3457=EDGE_CURVE('',#2858,#2859,#1593,.T.);
#3458=EDGE_CURVE('',#2859,#2729,#1594,.T.);
#3459=EDGE_CURVE('',#2860,#2729,#1595,.T.);
#3460=EDGE_CURVE('',#2859,#2860,#1596,.T.);
#3461=EDGE_CURVE('',#2860,#2728,#1597,.T.);
#3462=EDGE_CURVE('',#2861,#2728,#1598,.T.);
#3463=EDGE_CURVE('',#2860,#2861,#1599,.T.);
#3464=EDGE_CURVE('',#2861,#2727,#1600,.T.);
#3465=EDGE_CURVE('',#2862,#2727,#1601,.T.);
#3466=EDGE_CURVE('',#2861,#2862,#1602,.T.);
#3467=EDGE_CURVE('',#2698,#2862,#1603,.T.);
#3468=EDGE_CURVE('',#2863,#2698,#1604,.T.);
#3469=EDGE_CURVE('',#2863,#2862,#1605,.T.);
#3470=EDGE_CURVE('',#2696,#2863,#1606,.T.);
#3471=EDGE_CURVE('',#2864,#2696,#1607,.T.);
#3472=EDGE_CURVE('',#2864,#2863,#1608,.T.);
#3473=EDGE_CURVE('',#2699,#2864,#1609,.T.);
#3474=EDGE_CURVE('',#2865,#2699,#1610,.T.);
#3475=EDGE_CURVE('',#2865,#2864,#1611,.T.);
#3476=EDGE_CURVE('',#2700,#2865,#1612,.T.);
#3477=EDGE_CURVE('',#2866,#2700,#1613,.T.);
#3478=EDGE_CURVE('',#2866,#2865,#1614,.T.);
#3479=EDGE_CURVE('',#2701,#2866,#1615,.T.);
#3480=EDGE_CURVE('',#2867,#2701,#1616,.T.);
#3481=EDGE_CURVE('',#2867,#2866,#1617,.T.);
#3482=EDGE_CURVE('',#2702,#2867,#1618,.T.);
#3483=EDGE_CURVE('',#2868,#2702,#1619,.T.);
#3484=EDGE_CURVE('',#2868,#2867,#1620,.T.);
#3485=EDGE_CURVE('',#2695,#2868,#1621,.T.);
#3486=EDGE_CURVE('',#2869,#2695,#1622,.T.);
#3487=EDGE_CURVE('',#2869,#2868,#1623,.T.);
#3488=EDGE_CURVE('',#2694,#2869,#1624,.T.);
#3489=EDGE_CURVE('',#2870,#2694,#1625,.T.);
#3490=EDGE_CURVE('',#2870,#2869,#1626,.T.);
#3491=EDGE_CURVE('',#2693,#2870,#1627,.T.);
#3492=EDGE_CURVE('',#2871,#2693,#1628,.T.);
#3493=EDGE_CURVE('',#2871,#2870,#1629,.T.);
#3494=EDGE_CURVE('',#2692,#2871,#1630,.T.);
#3495=EDGE_CURVE('',#2872,#2692,#1631,.T.);
#3496=EDGE_CURVE('',#2872,#2871,#1632,.T.);
#3497=EDGE_CURVE('',#2691,#2872,#1633,.T.);
#3498=EDGE_CURVE('',#2873,#2691,#1634,.T.);
#3499=EDGE_CURVE('',#2873,#2872,#1635,.T.);
#3500=EDGE_CURVE('',#2689,#2873,#1636,.T.);
#3501=EDGE_CURVE('',#2874,#2689,#1637,.T.);
#3502=EDGE_CURVE('',#2874,#2873,#1638,.T.);
#3503=EDGE_CURVE('',#2874,#2690,#1639,.T.);
#3504=EDGE_CURVE('',#2875,#2690,#1640,.T.);
#3505=EDGE_CURVE('',#2874,#2875,#1641,.T.);
#3506=EDGE_CURVE('',#2875,#2720,#1642,.T.);
#3507=EDGE_CURVE('',#2876,#2720,#1643,.T.);
#3508=EDGE_CURVE('',#2875,#2876,#1644,.T.);
#3509=EDGE_CURVE('',#2876,#2722,#1645,.T.);
#3510=EDGE_CURVE('',#2877,#2722,#1646,.T.);
#3511=EDGE_CURVE('',#2876,#2877,#1647,.T.);
#3512=EDGE_CURVE('',#2877,#2724,#1648,.T.);
#3513=EDGE_CURVE('',#2878,#2724,#1649,.T.);
#3514=EDGE_CURVE('',#2877,#2878,#1650,.T.);
#3515=EDGE_CURVE('',#2878,#2726,#1651,.T.);
#3516=EDGE_CURVE('',#2879,#2726,#1652,.T.);
#3517=EDGE_CURVE('',#2878,#2879,#1653,.T.);
#3518=EDGE_CURVE('',#2879,#2737,#1654,.T.);
#3519=EDGE_CURVE('',#2880,#2737,#1655,.T.);
#3520=EDGE_CURVE('',#2879,#2880,#1656,.T.);
#3521=EDGE_CURVE('',#2880,#2735,#1657,.T.);
#3522=EDGE_CURVE('',#2880,#2857,#1658,.T.);
#3523=EDGE_CURVE('',#2881,#2709,#1659,.T.);
#3524=EDGE_CURVE('',#2881,#2710,#1660,.T.);
#3525=EDGE_CURVE('',#2882,#2709,#1661,.T.);
#3526=EDGE_CURVE('',#2881,#2882,#1662,.T.);
#3527=EDGE_CURVE('',#2882,#2708,#1663,.T.);
#3528=EDGE_CURVE('',#2883,#2708,#1664,.T.);
#3529=EDGE_CURVE('',#2882,#2883,#1665,.T.);
#3530=EDGE_CURVE('',#2883,#2707,#1666,.T.);
#3531=EDGE_CURVE('',#2884,#2707,#1667,.T.);
#3532=EDGE_CURVE('',#2883,#2884,#1668,.T.);
#3533=EDGE_CURVE('',#2884,#2706,#1669,.T.);
#3534=EDGE_CURVE('',#2885,#2706,#1670,.T.);
#3535=EDGE_CURVE('',#2884,#2885,#1671,.T.);
#3536=EDGE_CURVE('',#2885,#2703,#1672,.T.);
#3537=EDGE_CURVE('',#2886,#2703,#1673,.T.);
#3538=EDGE_CURVE('',#2885,#2886,#1674,.T.);
#3539=EDGE_CURVE('',#2705,#2886,#1675,.T.);
#3540=EDGE_CURVE('',#2887,#2705,#1676,.T.);
#3541=EDGE_CURVE('',#2887,#2886,#1677,.T.);
#3542=EDGE_CURVE('',#2730,#2887,#1678,.T.);
#3543=EDGE_CURVE('',#2888,#2730,#1679,.T.);
#3544=EDGE_CURVE('',#2888,#2887,#1680,.T.);
#3545=EDGE_CURVE('',#2732,#2888,#1681,.T.);
#3546=EDGE_CURVE('',#2889,#2732,#1682,.T.);
#3547=EDGE_CURVE('',#2889,#2888,#1683,.T.);
#3548=EDGE_CURVE('',#2734,#2889,#1684,.T.);
#3549=EDGE_CURVE('',#2890,#2734,#1685,.T.);
#3550=EDGE_CURVE('',#2890,#2889,#1686,.T.);
#3551=EDGE_CURVE('',#2736,#2890,#1687,.T.);
#3552=EDGE_CURVE('',#2891,#2736,#1688,.T.);
#3553=EDGE_CURVE('',#2891,#2890,#1689,.T.);
#3554=EDGE_CURVE('',#2738,#2891,#1690,.T.);
#3555=EDGE_CURVE('',#2892,#2738,#1691,.T.);
#3556=EDGE_CURVE('',#2892,#2891,#1692,.T.);
#3557=EDGE_CURVE('',#2725,#2892,#1693,.T.);
#3558=EDGE_CURVE('',#2893,#2725,#1694,.T.);
#3559=EDGE_CURVE('',#2893,#2892,#1695,.T.);
#3560=EDGE_CURVE('',#2723,#2893,#1696,.T.);
#3561=EDGE_CURVE('',#2894,#2723,#1697,.T.);
#3562=EDGE_CURVE('',#2894,#2893,#1698,.T.);
#3563=EDGE_CURVE('',#2721,#2894,#1699,.T.);
#3564=EDGE_CURVE('',#2895,#2721,#1700,.T.);
#3565=EDGE_CURVE('',#2895,#2894,#1701,.T.);
#3566=EDGE_CURVE('',#2719,#2895,#1702,.T.);
#3567=EDGE_CURVE('',#2896,#2719,#1703,.T.);
#3568=EDGE_CURVE('',#2896,#2895,#1704,.T.);
#3569=EDGE_CURVE('',#2718,#2896,#1705,.T.);
#3570=EDGE_CURVE('',#2897,#2718,#1706,.T.);
#3571=EDGE_CURVE('',#2897,#2896,#1707,.T.);
#3572=EDGE_CURVE('',#2717,#2897,#1708,.T.);
#3573=EDGE_CURVE('',#2898,#2717,#1709,.T.);
#3574=EDGE_CURVE('',#2898,#2897,#1710,.T.);
#3575=EDGE_CURVE('',#2898,#2716,#1711,.T.);
#3576=EDGE_CURVE('',#2899,#2716,#1712,.T.);
#3577=EDGE_CURVE('',#2898,#2899,#1713,.T.);
#3578=EDGE_CURVE('',#2899,#2715,#1714,.T.);
#3579=EDGE_CURVE('',#2900,#2715,#1715,.T.);
#3580=EDGE_CURVE('',#2899,#2900,#1716,.T.);
#3581=EDGE_CURVE('',#2900,#2714,#1717,.T.);
#3582=EDGE_CURVE('',#2901,#2714,#1718,.T.);
#3583=EDGE_CURVE('',#2900,#2901,#1719,.T.);
#3584=EDGE_CURVE('',#2901,#2713,#1720,.T.);
#3585=EDGE_CURVE('',#2902,#2713,#1721,.T.);
#3586=EDGE_CURVE('',#2901,#2902,#1722,.T.);
#3587=EDGE_CURVE('',#2902,#2712,#1723,.T.);
#3588=EDGE_CURVE('',#2903,#2712,#1724,.T.);
#3589=EDGE_CURVE('',#2902,#2903,#1725,.T.);
#3590=EDGE_CURVE('',#2903,#2711,#1726,.T.);
#3591=EDGE_CURVE('',#2904,#2711,#1727,.T.);
#3592=EDGE_CURVE('',#2903,#2904,#1728,.T.);
#3593=EDGE_CURVE('',#2904,#2710,#1729,.T.);
#3594=EDGE_CURVE('',#2904,#2881,#1730,.T.);
#3595=EDGE_CURVE('',#2847,#2905,#1731,.T.);
#3596=EDGE_CURVE('',#2847,#2906,#1732,.T.);
#3597=EDGE_CURVE('',#2906,#2905,#1733,.T.);
#3598=EDGE_CURVE('',#2850,#2905,#1734,.T.);
#3599=EDGE_CURVE('',#2848,#2906,#1735,.T.);
#3600=EDGE_CURVE('',#2848,#2907,#1736,.T.);
#3601=EDGE_CURVE('',#2907,#2906,#1737,.T.);
#3602=EDGE_CURVE('',#2908,#2909,#1738,.T.);
#3603=EDGE_CURVE('',#2910,#2909,#1739,.T.);
#3604=EDGE_CURVE('',#2908,#2910,#1740,.T.);
#3605=EDGE_CURVE('',#2911,#2909,#1741,.T.);
#3606=EDGE_CURVE('',#2908,#2911,#1742,.T.);
#3607=EDGE_CURVE('',#2912,#2909,#1743,.T.);
#3608=EDGE_CURVE('',#2910,#2912,#1744,.T.);
#3609=EDGE_CURVE('',#2912,#2664,#1745,.T.);
#3610=EDGE_CURVE('',#2909,#2664,#1746,.T.);
#3611=EDGE_CURVE('',#2908,#2665,#1747,.T.);
#3612=EDGE_CURVE('',#2908,#2913,#1748,.T.);
#3613=EDGE_CURVE('',#2913,#2665,#1749,.T.);
#3614=EDGE_CURVE('',#2911,#2665,#1750,.T.);
#3615=EDGE_CURVE('',#2664,#2896,#1751,.T.);
#3616=EDGE_CURVE('',#2664,#2897,#1752,.T.);
#3617=EDGE_CURVE('',#2664,#2914,#1753,.T.);
#3618=EDGE_CURVE('',#2914,#2896,#1754,.T.);
#3619=EDGE_CURVE('',#2912,#2914,#1755,.T.);
#3620=EDGE_CURVE('',#2912,#2915,#1756,.T.);
#3621=EDGE_CURVE('',#2915,#2914,#1757,.T.);
#3622=EDGE_CURVE('',#2916,#2684,#1758,.T.);
#3623=EDGE_CURVE('',#2914,#2916,#1759,.T.);
#3624=EDGE_CURVE('',#2914,#2684,#1760,.T.);
#3625=EDGE_CURVE('',#2916,#2686,#1761,.T.);
#3626=EDGE_CURVE('',#2917,#2686,#1762,.T.);
#3627=EDGE_CURVE('',#2917,#2916,#1763,.T.);
#3628=EDGE_CURVE('',#2793,#2917,#1764,.T.);
#3629=EDGE_CURVE('',#2888,#2861,#1765,.T.);
#3630=EDGE_CURVE('',#2887,#2861,#1766,.T.);
#3631=EDGE_CURVE('',#2888,#2860,#1767,.T.);
#3632=EDGE_CURVE('',#2889,#2860,#1768,.T.);
#3633=EDGE_CURVE('',#2889,#2859,#1769,.T.);
#3634=EDGE_CURVE('',#2890,#2859,#1770,.T.);
#3635=EDGE_CURVE('',#2890,#2858,#1771,.T.);
#3636=EDGE_CURVE('',#2891,#2858,#1772,.T.);
#3637=EDGE_CURVE('',#2891,#2857,#1773,.T.);
#3638=EDGE_CURVE('',#2892,#2857,#1774,.T.);
#3639=EDGE_CURVE('',#2892,#2880,#1775,.T.);
#3640=EDGE_CURVE('',#2893,#2880,#1776,.T.);
#3641=EDGE_CURVE('',#2893,#2879,#1777,.T.);
#3642=EDGE_CURVE('',#2894,#2879,#1778,.T.);
#3643=EDGE_CURVE('',#2894,#2878,#1779,.T.);
#3644=EDGE_CURVE('',#2895,#2878,#1780,.T.);
#3645=EDGE_CURVE('',#2895,#2877,#1781,.T.);
#3646=EDGE_CURVE('',#2896,#2877,#1782,.T.);
#3647=EDGE_CURVE('',#2896,#2876,#1783,.T.);
#3648=EDGE_CURVE('',#2914,#2876,#1784,.T.);
#3649=EDGE_CURVE('',#2914,#2875,#1785,.T.);
#3650=EDGE_CURVE('',#2914,#2874,#1786,.T.);
#3651=EDGE_CURVE('',#2684,#2874,#1787,.T.);
#3652=EDGE_CURVE('',#2684,#2873,#1788,.T.);
#3653=EDGE_CURVE('',#2684,#2872,#1789,.T.);
#3654=EDGE_CURVE('',#2684,#2871,#1790,.T.);
#3655=EDGE_CURVE('',#2684,#2870,#1791,.T.);
#3656=EDGE_CURVE('',#2684,#2869,#1792,.T.);
#3657=EDGE_CURVE('',#2684,#2868,#1793,.T.);
#3658=EDGE_CURVE('',#2868,#2856,#1794,.T.);
#3659=EDGE_CURVE('',#2867,#2856,#1795,.T.);
#3660=EDGE_CURVE('',#2866,#2856,#1796,.T.);
#3661=EDGE_CURVE('',#2865,#2856,#1797,.T.);
#3662=EDGE_CURVE('',#2864,#2856,#1798,.T.);
#3663=EDGE_CURVE('',#2863,#2856,#1799,.T.);
#3664=EDGE_CURVE('',#2862,#2856,#1800,.T.);
#3665=EDGE_CURVE('',#2861,#2856,#1801,.T.);
#3666=EDGE_CURVE('',#2887,#2856,#1802,.T.);
#3667=EDGE_CURVE('',#2887,#2855,#1803,.T.);
#3668=EDGE_CURVE('',#2886,#2855,#1804,.T.);
#3669=EDGE_CURVE('',#2885,#2855,#1805,.T.);
#3670=EDGE_CURVE('',#2884,#2855,#1806,.T.);
#3671=EDGE_CURVE('',#2883,#2855,#1807,.T.);
#3672=EDGE_CURVE('',#2882,#2855,#1808,.T.);
#3673=EDGE_CURVE('',#2881,#2855,#1809,.T.);
#3674=EDGE_CURVE('',#2904,#2855,#1810,.T.);
#3675=EDGE_CURVE('',#2854,#2904,#1811,.T.);
#3676=EDGE_CURVE('',#2854,#2903,#1812,.T.);
#3677=EDGE_CURVE('',#2854,#2902,#1813,.T.);
#3678=EDGE_CURVE('',#2854,#2901,#1814,.T.);
#3679=EDGE_CURVE('',#2854,#2900,#1815,.T.);
#3680=EDGE_CURVE('',#2854,#2899,#1816,.T.);
#3681=EDGE_CURVE('',#2854,#2898,#1817,.T.);
#3682=EDGE_CURVE('',#2854,#2897,#1818,.T.);
#3683=EDGE_CURVE('',#2664,#2854,#1819,.T.);
#3684=EDGE_CURVE('',#2913,#2679,#1820,.T.);
#3685=EDGE_CURVE('',#2678,#2913,#1821,.T.);
#3686=EDGE_CURVE('',#2678,#2912,#1822,.T.);
#3687=EDGE_CURVE('',#2913,#2912,#1823,.T.);
#3688=EDGE_CURVE('',#2678,#2915,#1824,.T.);
#3689=EDGE_CURVE('',#2793,#2915,#1825,.T.);
#3690=EDGE_CURVE('',#2915,#2917,#1826,.T.);
#3691=EDGE_CURVE('',#2910,#2913,#1827,.T.);
#3692=EDGE_CURVE('',#2911,#2664,#1828,.T.);
#3693=EDGE_CURVE('',#2907,#2905,#1829,.T.);
#3694=EDGE_CURVE('',#2918,#2905,#1830,.T.);
#3695=EDGE_CURVE('',#2907,#2918,#1831,.T.);
#3696=EDGE_CURVE('',#2849,#2907,#1832,.T.);
#3697=EDGE_CURVE('',#2849,#2918,#1833,.T.);
#3698=EDGE_CURVE('',#2850,#2918,#1834,.T.);
#3699=EDGE_CURVE('',#2919,#2920,#1835,.T.);
#3700=EDGE_CURVE('',#2921,#2920,#1836,.T.);
#3701=EDGE_CURVE('',#2919,#2921,#1837,.T.);
#3702=EDGE_CURVE('',#2922,#2920,#1838,.T.);
#3703=EDGE_CURVE('',#2919,#2922,#1839,.T.);
#3704=EDGE_CURVE('',#2851,#2919,#1840,.T.);
#3705=EDGE_CURVE('',#2851,#2922,#1841,.T.);
#3706=EDGE_CURVE('',#2814,#2919,#1842,.T.);
#3707=EDGE_CURVE('',#2852,#2922,#1843,.T.);
#3708=EDGE_CURVE('',#2852,#2920,#1844,.T.);
#3709=EDGE_CURVE('',#2853,#2920,#1845,.T.);
#3710=EDGE_CURVE('',#2853,#2921,#1846,.T.);
#3711=EDGE_CURVE('',#2814,#2921,#1847,.T.);
#3712=EDGE_CURVE('',#2923,#2924,#1848,.T.);
#3713=EDGE_CURVE('',#2925,#2924,#1849,.T.);
#3714=EDGE_CURVE('',#2923,#2925,#1850,.T.);
#3715=EDGE_CURVE('',#2926,#2924,#1851,.T.);
#3716=EDGE_CURVE('',#2923,#2926,#1852,.T.);
#3717=EDGE_CURVE('',#2923,#2914,#1853,.T.);
#3718=EDGE_CURVE('',#2926,#2914,#1854,.T.);
#3719=EDGE_CURVE('',#2923,#2915,#1855,.T.);
#3720=EDGE_CURVE('',#2926,#2916,#1856,.T.);
#3721=EDGE_CURVE('',#2924,#2916,#1857,.T.);
#3722=EDGE_CURVE('',#2917,#2924,#1858,.T.);
#3723=EDGE_CURVE('',#2925,#2917,#1859,.T.);
#3724=EDGE_CURVE('',#2925,#2915,#1860,.T.);
#3725=ORIENTED_EDGE('',*,*,#2927,.T.);
#3726=ORIENTED_EDGE('',*,*,#2928,.T.);
#3727=ORIENTED_EDGE('',*,*,#2929,.F.);
#3728=ORIENTED_EDGE('',*,*,#2930,.T.);
#3729=ORIENTED_EDGE('',*,*,#2931,.F.);
#3730=ORIENTED_EDGE('',*,*,#2932,.F.);
#3731=ORIENTED_EDGE('',*,*,#2933,.T.);
#3732=ORIENTED_EDGE('',*,*,#2934,.T.);
#3733=ORIENTED_EDGE('',*,*,#2935,.T.);
#3734=ORIENTED_EDGE('',*,*,#2928,.F.);
#3735=ORIENTED_EDGE('',*,*,#2936,.T.);
#3736=ORIENTED_EDGE('',*,*,#2937,.F.);
#3737=ORIENTED_EDGE('',*,*,#2938,.T.);
#3738=ORIENTED_EDGE('',*,*,#2939,.F.);
#3739=ORIENTED_EDGE('',*,*,#2940,.F.);
#3740=ORIENTED_EDGE('',*,*,#2941,.T.);
#3741=ORIENTED_EDGE('',*,*,#2942,.T.);
#3742=ORIENTED_EDGE('',*,*,#2943,.T.);
#3743=ORIENTED_EDGE('',*,*,#2944,.T.);
#3744=ORIENTED_EDGE('',*,*,#2935,.F.);
#3745=ORIENTED_EDGE('',*,*,#2945,.T.);
#3746=ORIENTED_EDGE('',*,*,#2946,.T.);
#3747=ORIENTED_EDGE('',*,*,#2947,.F.);
#3748=ORIENTED_EDGE('',*,*,#2944,.F.);
#3749=ORIENTED_EDGE('',*,*,#2948,.T.);
#3750=ORIENTED_EDGE('',*,*,#2949,.F.);
#3751=ORIENTED_EDGE('',*,*,#2950,.T.);
#3752=ORIENTED_EDGE('',*,*,#2951,.T.);
#3753=ORIENTED_EDGE('',*,*,#2940,.T.);
#3754=ORIENTED_EDGE('',*,*,#2946,.F.);
#3755=ORIENTED_EDGE('',*,*,#2930,.F.);
#3756=ORIENTED_EDGE('',*,*,#2952,.F.);
#3757=ORIENTED_EDGE('',*,*,#2953,.F.);
#3758=ORIENTED_EDGE('',*,*,#2948,.F.);
#3759=ORIENTED_EDGE('',*,*,#2954,.F.);
#3760=ORIENTED_EDGE('',*,*,#2936,.F.);
#3761=ORIENTED_EDGE('',*,*,#2955,.T.);
#3762=ORIENTED_EDGE('',*,*,#2956,.F.);
#3763=ORIENTED_EDGE('',*,*,#2957,.F.);
#3764=ORIENTED_EDGE('',*,*,#2958,.F.);
#3765=ORIENTED_EDGE('',*,*,#2941,.F.);
#3766=ORIENTED_EDGE('',*,*,#2951,.F.);
#3767=ORIENTED_EDGE('',*,*,#2945,.F.);
#3768=ORIENTED_EDGE('',*,*,#2943,.F.);
#3769=ORIENTED_EDGE('',*,*,#2934,.F.);
#3770=ORIENTED_EDGE('',*,*,#2927,.F.);
#3771=ORIENTED_EDGE('',*,*,#2959,.F.);
#3772=ORIENTED_EDGE('',*,*,#2955,.F.);
#3773=ORIENTED_EDGE('',*,*,#2942,.F.);
#3774=ORIENTED_EDGE('',*,*,#2958,.T.);
#3775=ORIENTED_EDGE('',*,*,#2960,.T.);
#3776=ORIENTED_EDGE('',*,*,#2961,.F.);
#3777=ORIENTED_EDGE('',*,*,#2962,.F.);
#3778=ORIENTED_EDGE('',*,*,#2963,.T.);
#3779=ORIENTED_EDGE('',*,*,#2960,.F.);
#3780=ORIENTED_EDGE('',*,*,#2964,.T.);
#3781=ORIENTED_EDGE('',*,*,#2954,.T.);
#3782=ORIENTED_EDGE('',*,*,#2950,.F.);
#3783=ORIENTED_EDGE('',*,*,#2963,.F.);
#3784=ORIENTED_EDGE('',*,*,#2937,.T.);
#3785=ORIENTED_EDGE('',*,*,#2965,.T.);
#3786=ORIENTED_EDGE('',*,*,#2966,.F.);
#3787=ORIENTED_EDGE('',*,*,#2967,.F.);
#3788=ORIENTED_EDGE('',*,*,#2968,.T.);
#3789=ORIENTED_EDGE('',*,*,#2965,.F.);
#3790=ORIENTED_EDGE('',*,*,#2969,.T.);
#3791=ORIENTED_EDGE('',*,*,#2970,.F.);
#3792=ORIENTED_EDGE('',*,*,#2971,.T.);
#3793=ORIENTED_EDGE('',*,*,#2968,.F.);
#3794=ORIENTED_EDGE('',*,*,#2972,.T.);
#3795=ORIENTED_EDGE('',*,*,#2970,.T.);
#3796=ORIENTED_EDGE('',*,*,#2973,.F.);
#3797=ORIENTED_EDGE('',*,*,#2974,.T.);
#3798=ORIENTED_EDGE('',*,*,#2975,.T.);
#3799=ORIENTED_EDGE('',*,*,#2976,.F.);
#3800=ORIENTED_EDGE('',*,*,#2977,.T.);
#3801=ORIENTED_EDGE('',*,*,#2978,.F.);
#3802=ORIENTED_EDGE('',*,*,#2974,.F.);
#3803=ORIENTED_EDGE('',*,*,#2979,.F.);
#3804=ORIENTED_EDGE('',*,*,#2977,.F.);
#3805=ORIENTED_EDGE('',*,*,#2980,.T.);
#3806=ORIENTED_EDGE('',*,*,#2981,.T.);
#3807=ORIENTED_EDGE('',*,*,#2982,.F.);
#3808=ORIENTED_EDGE('',*,*,#2980,.F.);
#3809=ORIENTED_EDGE('',*,*,#2983,.T.);
#3810=ORIENTED_EDGE('',*,*,#2984,.F.);
#3811=ORIENTED_EDGE('',*,*,#2981,.F.);
#3812=ORIENTED_EDGE('',*,*,#2985,.F.);
#3813=ORIENTED_EDGE('',*,*,#2983,.F.);
#3814=ORIENTED_EDGE('',*,*,#2986,.T.);
#3815=ORIENTED_EDGE('',*,*,#2987,.T.);
#3816=ORIENTED_EDGE('',*,*,#2988,.F.);
#3817=ORIENTED_EDGE('',*,*,#2989,.F.);
#3818=ORIENTED_EDGE('',*,*,#2990,.T.);
#3819=ORIENTED_EDGE('',*,*,#2987,.F.);
#3820=ORIENTED_EDGE('',*,*,#2991,.F.);
#3821=ORIENTED_EDGE('',*,*,#2992,.T.);
#3822=ORIENTED_EDGE('',*,*,#2990,.F.);
#3823=ORIENTED_EDGE('',*,*,#2993,.F.);
#3824=ORIENTED_EDGE('',*,*,#2994,.T.);
#3825=ORIENTED_EDGE('',*,*,#2992,.F.);
#3826=ORIENTED_EDGE('',*,*,#2995,.F.);
#3827=ORIENTED_EDGE('',*,*,#2996,.T.);
#3828=ORIENTED_EDGE('',*,*,#2994,.F.);
#3829=ORIENTED_EDGE('',*,*,#2997,.F.);
#3830=ORIENTED_EDGE('',*,*,#2998,.F.);
#3831=ORIENTED_EDGE('',*,*,#2999,.T.);
#3832=ORIENTED_EDGE('',*,*,#2996,.F.);
#3833=ORIENTED_EDGE('',*,*,#2986,.F.);
#3834=ORIENTED_EDGE('',*,*,#2998,.T.);
#3835=ORIENTED_EDGE('',*,*,#3000,.F.);
#3836=ORIENTED_EDGE('',*,*,#3001,.F.);
#3837=ORIENTED_EDGE('',*,*,#3002,.F.);
#3838=ORIENTED_EDGE('',*,*,#3003,.T.);
#3839=ORIENTED_EDGE('',*,*,#3004,.T.);
#3840=ORIENTED_EDGE('',*,*,#3001,.T.);
#3841=ORIENTED_EDGE('',*,*,#3005,.F.);
#3842=ORIENTED_EDGE('',*,*,#3006,.F.);
#3843=ORIENTED_EDGE('',*,*,#3007,.T.);
#3844=ORIENTED_EDGE('',*,*,#3005,.T.);
#3845=ORIENTED_EDGE('',*,*,#3008,.F.);
#3846=ORIENTED_EDGE('',*,*,#3009,.T.);
#3847=ORIENTED_EDGE('',*,*,#3006,.T.);
#3848=ORIENTED_EDGE('',*,*,#3010,.T.);
#3849=ORIENTED_EDGE('',*,*,#3008,.T.);
#3850=ORIENTED_EDGE('',*,*,#3011,.F.);
#3851=ORIENTED_EDGE('',*,*,#3012,.F.);
#3852=ORIENTED_EDGE('',*,*,#3013,.T.);
#3853=ORIENTED_EDGE('',*,*,#3011,.T.);
#3854=ORIENTED_EDGE('',*,*,#3014,.F.);
#3855=ORIENTED_EDGE('',*,*,#3015,.T.);
#3856=ORIENTED_EDGE('',*,*,#3012,.T.);
#3857=ORIENTED_EDGE('',*,*,#3016,.T.);
#3858=ORIENTED_EDGE('',*,*,#3014,.T.);
#3859=ORIENTED_EDGE('',*,*,#3017,.F.);
#3860=ORIENTED_EDGE('',*,*,#3018,.T.);
#3861=ORIENTED_EDGE('',*,*,#3016,.F.);
#3862=ORIENTED_EDGE('',*,*,#3019,.T.);
#3863=ORIENTED_EDGE('',*,*,#3020,.T.);
#3864=ORIENTED_EDGE('',*,*,#3021,.T.);
#3865=ORIENTED_EDGE('',*,*,#3019,.F.);
#3866=ORIENTED_EDGE('',*,*,#3022,.T.);
#3867=ORIENTED_EDGE('',*,*,#3023,.T.);
#3868=ORIENTED_EDGE('',*,*,#3020,.F.);
#3869=ORIENTED_EDGE('',*,*,#3024,.T.);
#3870=ORIENTED_EDGE('',*,*,#3022,.F.);
#3871=ORIENTED_EDGE('',*,*,#3025,.T.);
#3872=ORIENTED_EDGE('',*,*,#3026,.T.);
#3873=ORIENTED_EDGE('',*,*,#3027,.T.);
#3874=ORIENTED_EDGE('',*,*,#3025,.F.);
#3875=ORIENTED_EDGE('',*,*,#3028,.T.);
#3876=ORIENTED_EDGE('',*,*,#3029,.T.);
#3877=ORIENTED_EDGE('',*,*,#3026,.F.);
#3878=ORIENTED_EDGE('',*,*,#3030,.F.);
#3879=ORIENTED_EDGE('',*,*,#3028,.F.);
#3880=ORIENTED_EDGE('',*,*,#3031,.T.);
#3881=ORIENTED_EDGE('',*,*,#3032,.F.);
#3882=ORIENTED_EDGE('',*,*,#2938,.F.);
#3883=ORIENTED_EDGE('',*,*,#2973,.T.);
#3884=ORIENTED_EDGE('',*,*,#3033,.T.);
#3885=ORIENTED_EDGE('',*,*,#3031,.F.);
#3886=ORIENTED_EDGE('',*,*,#3032,.T.);
#3887=ORIENTED_EDGE('',*,*,#3034,.F.);
#3888=ORIENTED_EDGE('',*,*,#3033,.F.);
#3889=ORIENTED_EDGE('',*,*,#2976,.T.);
#3890=ORIENTED_EDGE('',*,*,#3035,.T.);
#3891=ORIENTED_EDGE('',*,*,#3036,.F.);
#3892=ORIENTED_EDGE('',*,*,#3034,.T.);
#3893=ORIENTED_EDGE('',*,*,#3037,.F.);
#3894=ORIENTED_EDGE('',*,*,#3035,.F.);
#3895=ORIENTED_EDGE('',*,*,#3038,.T.);
#3896=ORIENTED_EDGE('',*,*,#3039,.T.);
#3897=ORIENTED_EDGE('',*,*,#3040,.F.);
#3898=ORIENTED_EDGE('',*,*,#3037,.T.);
#3899=ORIENTED_EDGE('',*,*,#3041,.F.);
#3900=ORIENTED_EDGE('',*,*,#3039,.F.);
#3901=ORIENTED_EDGE('',*,*,#3042,.T.);
#3902=ORIENTED_EDGE('',*,*,#3043,.T.);
#3903=ORIENTED_EDGE('',*,*,#3044,.F.);
#3904=ORIENTED_EDGE('',*,*,#3041,.T.);
#3905=ORIENTED_EDGE('',*,*,#3045,.F.);
#3906=ORIENTED_EDGE('',*,*,#3043,.F.);
#3907=ORIENTED_EDGE('',*,*,#3046,.T.);
#3908=ORIENTED_EDGE('',*,*,#3047,.T.);
#3909=ORIENTED_EDGE('',*,*,#3048,.F.);
#3910=ORIENTED_EDGE('',*,*,#3045,.T.);
#3911=ORIENTED_EDGE('',*,*,#3049,.F.);
#3912=ORIENTED_EDGE('',*,*,#3047,.F.);
#3913=ORIENTED_EDGE('',*,*,#3050,.T.);
#3914=ORIENTED_EDGE('',*,*,#3051,.F.);
#3915=ORIENTED_EDGE('',*,*,#3052,.F.);
#3916=ORIENTED_EDGE('',*,*,#2988,.T.);
#3917=ORIENTED_EDGE('',*,*,#3053,.F.);
#3918=ORIENTED_EDGE('',*,*,#3054,.T.);
#3919=ORIENTED_EDGE('',*,*,#3051,.T.);
#3920=ORIENTED_EDGE('',*,*,#3055,.F.);
#3921=ORIENTED_EDGE('',*,*,#3053,.T.);
#3922=ORIENTED_EDGE('',*,*,#3056,.F.);
#3923=ORIENTED_EDGE('',*,*,#3057,.T.);
#3924=ORIENTED_EDGE('',*,*,#3055,.T.);
#3925=ORIENTED_EDGE('',*,*,#3003,.F.);
#3926=ORIENTED_EDGE('',*,*,#3058,.F.);
#3927=ORIENTED_EDGE('',*,*,#3059,.T.);
#3928=ORIENTED_EDGE('',*,*,#3057,.F.);
#3929=ORIENTED_EDGE('',*,*,#3060,.T.);
#3930=ORIENTED_EDGE('',*,*,#3058,.T.);
#3931=ORIENTED_EDGE('',*,*,#3061,.F.);
#3932=ORIENTED_EDGE('',*,*,#3062,.F.);
#3933=ORIENTED_EDGE('',*,*,#3063,.T.);
#3934=ORIENTED_EDGE('',*,*,#3060,.F.);
#3935=ORIENTED_EDGE('',*,*,#3064,.T.);
#3936=ORIENTED_EDGE('',*,*,#3062,.T.);
#3937=ORIENTED_EDGE('',*,*,#3065,.F.);
#3938=ORIENTED_EDGE('',*,*,#3066,.F.);
#3939=ORIENTED_EDGE('',*,*,#3067,.T.);
#3940=ORIENTED_EDGE('',*,*,#3064,.F.);
#3941=ORIENTED_EDGE('',*,*,#3068,.T.);
#3942=ORIENTED_EDGE('',*,*,#3066,.T.);
#3943=ORIENTED_EDGE('',*,*,#3069,.F.);
#3944=ORIENTED_EDGE('',*,*,#3070,.F.);
#3945=ORIENTED_EDGE('',*,*,#3071,.T.);
#3946=ORIENTED_EDGE('',*,*,#3068,.F.);
#3947=ORIENTED_EDGE('',*,*,#3072,.T.);
#3948=ORIENTED_EDGE('',*,*,#3070,.T.);
#3949=ORIENTED_EDGE('',*,*,#3073,.F.);
#3950=ORIENTED_EDGE('',*,*,#3074,.F.);
#3951=ORIENTED_EDGE('',*,*,#3075,.T.);
#3952=ORIENTED_EDGE('',*,*,#3072,.F.);
#3953=ORIENTED_EDGE('',*,*,#3076,.T.);
#3954=ORIENTED_EDGE('',*,*,#3074,.T.);
#3955=ORIENTED_EDGE('',*,*,#3077,.F.);
#3956=ORIENTED_EDGE('',*,*,#3078,.F.);
#3957=ORIENTED_EDGE('',*,*,#3079,.T.);
#3958=ORIENTED_EDGE('',*,*,#3076,.F.);
#3959=ORIENTED_EDGE('',*,*,#3049,.T.);
#3960=ORIENTED_EDGE('',*,*,#3078,.T.);
#3961=ORIENTED_EDGE('',*,*,#3080,.F.);
#3962=ORIENTED_EDGE('',*,*,#2964,.F.);
#3963=ORIENTED_EDGE('',*,*,#3081,.T.);
#3964=ORIENTED_EDGE('',*,*,#3082,.T.);
#3965=ORIENTED_EDGE('',*,*,#3083,.T.);
#3966=ORIENTED_EDGE('',*,*,#2972,.F.);
#3967=ORIENTED_EDGE('',*,*,#3084,.F.);
#3968=ORIENTED_EDGE('',*,*,#3085,.T.);
#3969=ORIENTED_EDGE('',*,*,#3083,.F.);
#3970=ORIENTED_EDGE('',*,*,#3086,.T.);
#3971=ORIENTED_EDGE('',*,*,#3087,.T.);
#3972=ORIENTED_EDGE('',*,*,#3088,.F.);
#3973=ORIENTED_EDGE('',*,*,#3089,.F.);
#3974=ORIENTED_EDGE('',*,*,#3090,.T.);
#3975=ORIENTED_EDGE('',*,*,#3091,.F.);
#3976=ORIENTED_EDGE('',*,*,#3087,.F.);
#3977=ORIENTED_EDGE('',*,*,#3092,.F.);
#3978=ORIENTED_EDGE('',*,*,#3090,.F.);
#3979=ORIENTED_EDGE('',*,*,#3093,.T.);
#3980=ORIENTED_EDGE('',*,*,#3094,.T.);
#3981=ORIENTED_EDGE('',*,*,#3095,.F.);
#3982=ORIENTED_EDGE('',*,*,#3093,.F.);
#3983=ORIENTED_EDGE('',*,*,#3096,.T.);
#3984=ORIENTED_EDGE('',*,*,#3097,.F.);
#3985=ORIENTED_EDGE('',*,*,#3094,.F.);
#3986=ORIENTED_EDGE('',*,*,#3098,.F.);
#3987=ORIENTED_EDGE('',*,*,#3096,.F.);
#3988=ORIENTED_EDGE('',*,*,#3099,.T.);
#3989=ORIENTED_EDGE('',*,*,#3100,.F.);
#3990=ORIENTED_EDGE('',*,*,#3101,.F.);
#3991=ORIENTED_EDGE('',*,*,#3098,.T.);
#3992=ORIENTED_EDGE('',*,*,#3102,.F.);
#3993=ORIENTED_EDGE('',*,*,#3100,.T.);
#3994=ORIENTED_EDGE('',*,*,#3103,.F.);
#3995=ORIENTED_EDGE('',*,*,#3104,.F.);
#3996=ORIENTED_EDGE('',*,*,#3105,.F.);
#3997=ORIENTED_EDGE('',*,*,#3103,.T.);
#3998=ORIENTED_EDGE('',*,*,#3106,.F.);
#3999=ORIENTED_EDGE('',*,*,#3107,.F.);
#4000=ORIENTED_EDGE('',*,*,#3104,.T.);
#4001=ORIENTED_EDGE('',*,*,#3108,.F.);
#4002=ORIENTED_EDGE('',*,*,#3106,.T.);
#4003=ORIENTED_EDGE('',*,*,#3109,.F.);
#4004=ORIENTED_EDGE('',*,*,#3110,.T.);
#4005=ORIENTED_EDGE('',*,*,#3111,.T.);
#4006=ORIENTED_EDGE('',*,*,#3112,.F.);
#4007=ORIENTED_EDGE('',*,*,#3113,.F.);
#4008=ORIENTED_EDGE('',*,*,#3110,.F.);
#4009=ORIENTED_EDGE('',*,*,#3089,.T.);
#4010=ORIENTED_EDGE('',*,*,#3114,.T.);
#4011=ORIENTED_EDGE('',*,*,#3115,.F.);
#4012=ORIENTED_EDGE('',*,*,#3116,.T.);
#4013=ORIENTED_EDGE('',*,*,#3117,.F.);
#4014=ORIENTED_EDGE('',*,*,#3114,.F.);
#4015=ORIENTED_EDGE('',*,*,#3112,.T.);
#4016=ORIENTED_EDGE('',*,*,#3118,.T.);
#4017=ORIENTED_EDGE('',*,*,#3119,.F.);
#4018=ORIENTED_EDGE('',*,*,#3117,.T.);
#4019=ORIENTED_EDGE('',*,*,#3120,.F.);
#4020=ORIENTED_EDGE('',*,*,#3118,.F.);
#4021=ORIENTED_EDGE('',*,*,#3121,.T.);
#4022=ORIENTED_EDGE('',*,*,#3122,.T.);
#4023=ORIENTED_EDGE('',*,*,#3123,.F.);
#4024=ORIENTED_EDGE('',*,*,#3120,.T.);
#4025=ORIENTED_EDGE('',*,*,#3124,.F.);
#4026=ORIENTED_EDGE('',*,*,#3122,.F.);
#4027=ORIENTED_EDGE('',*,*,#3125,.T.);
#4028=ORIENTED_EDGE('',*,*,#3126,.T.);
#4029=ORIENTED_EDGE('',*,*,#3127,.F.);
#4030=ORIENTED_EDGE('',*,*,#3124,.T.);
#4031=ORIENTED_EDGE('',*,*,#3128,.F.);
#4032=ORIENTED_EDGE('',*,*,#3126,.F.);
#4033=ORIENTED_EDGE('',*,*,#3129,.T.);
#4034=ORIENTED_EDGE('',*,*,#3130,.T.);
#4035=ORIENTED_EDGE('',*,*,#3131,.F.);
#4036=ORIENTED_EDGE('',*,*,#3128,.T.);
#4037=ORIENTED_EDGE('',*,*,#3132,.F.);
#4038=ORIENTED_EDGE('',*,*,#3130,.F.);
#4039=ORIENTED_EDGE('',*,*,#3133,.T.);
#4040=ORIENTED_EDGE('',*,*,#3134,.T.);
#4041=ORIENTED_EDGE('',*,*,#3135,.F.);
#4042=ORIENTED_EDGE('',*,*,#3132,.T.);
#4043=ORIENTED_EDGE('',*,*,#3136,.F.);
#4044=ORIENTED_EDGE('',*,*,#3134,.F.);
#4045=ORIENTED_EDGE('',*,*,#3137,.T.);
#4046=ORIENTED_EDGE('',*,*,#3138,.T.);
#4047=ORIENTED_EDGE('',*,*,#3139,.F.);
#4048=ORIENTED_EDGE('',*,*,#3136,.T.);
#4049=ORIENTED_EDGE('',*,*,#3140,.F.);
#4050=ORIENTED_EDGE('',*,*,#3138,.F.);
#4051=ORIENTED_EDGE('',*,*,#3141,.T.);
#4052=ORIENTED_EDGE('',*,*,#3142,.T.);
#4053=ORIENTED_EDGE('',*,*,#3143,.F.);
#4054=ORIENTED_EDGE('',*,*,#3140,.T.);
#4055=ORIENTED_EDGE('',*,*,#3144,.F.);
#4056=ORIENTED_EDGE('',*,*,#3142,.F.);
#4057=ORIENTED_EDGE('',*,*,#3145,.T.);
#4058=ORIENTED_EDGE('',*,*,#3146,.T.);
#4059=ORIENTED_EDGE('',*,*,#3147,.F.);
#4060=ORIENTED_EDGE('',*,*,#3144,.T.);
#4061=ORIENTED_EDGE('',*,*,#3148,.F.);
#4062=ORIENTED_EDGE('',*,*,#3146,.F.);
#4063=ORIENTED_EDGE('',*,*,#3149,.T.);
#4064=ORIENTED_EDGE('',*,*,#3150,.T.);
#4065=ORIENTED_EDGE('',*,*,#3151,.F.);
#4066=ORIENTED_EDGE('',*,*,#3148,.T.);
#4067=ORIENTED_EDGE('',*,*,#3152,.F.);
#4068=ORIENTED_EDGE('',*,*,#3150,.F.);
#4069=ORIENTED_EDGE('',*,*,#3153,.T.);
#4070=ORIENTED_EDGE('',*,*,#3154,.T.);
#4071=ORIENTED_EDGE('',*,*,#3155,.F.);
#4072=ORIENTED_EDGE('',*,*,#3152,.T.);
#4073=ORIENTED_EDGE('',*,*,#3156,.F.);
#4074=ORIENTED_EDGE('',*,*,#3154,.F.);
#4075=ORIENTED_EDGE('',*,*,#3157,.T.);
#4076=ORIENTED_EDGE('',*,*,#3158,.F.);
#4077=ORIENTED_EDGE('',*,*,#3159,.F.);
#4078=ORIENTED_EDGE('',*,*,#3109,.T.);
#4079=ORIENTED_EDGE('',*,*,#3160,.F.);
#4080=ORIENTED_EDGE('',*,*,#3161,.T.);
#4081=ORIENTED_EDGE('',*,*,#3158,.T.);
#4082=ORIENTED_EDGE('',*,*,#3162,.F.);
#4083=ORIENTED_EDGE('',*,*,#3160,.T.);
#4084=ORIENTED_EDGE('',*,*,#3084,.T.);
#4085=ORIENTED_EDGE('',*,*,#3163,.F.);
#4086=ORIENTED_EDGE('',*,*,#3156,.T.);
#4087=ORIENTED_EDGE('',*,*,#3162,.T.);
#4088=ORIENTED_EDGE('',*,*,#3164,.F.);
#4089=ORIENTED_EDGE('',*,*,#3163,.T.);
#4090=ORIENTED_EDGE('',*,*,#3082,.F.);
#4091=ORIENTED_EDGE('',*,*,#3165,.F.);
#4092=ORIENTED_EDGE('',*,*,#3166,.F.);
#4093=ORIENTED_EDGE('',*,*,#3164,.T.);
#4094=ORIENTED_EDGE('',*,*,#3167,.T.);
#4095=ORIENTED_EDGE('',*,*,#3165,.T.);
#4096=ORIENTED_EDGE('',*,*,#3168,.F.);
#4097=ORIENTED_EDGE('',*,*,#3169,.F.);
#4098=ORIENTED_EDGE('',*,*,#3170,.T.);
#4099=ORIENTED_EDGE('',*,*,#3168,.T.);
#4100=ORIENTED_EDGE('',*,*,#3171,.F.);
#4101=ORIENTED_EDGE('',*,*,#3172,.T.);
#4102=ORIENTED_EDGE('',*,*,#3169,.T.);
#4103=ORIENTED_EDGE('',*,*,#3173,.T.);
#4104=ORIENTED_EDGE('',*,*,#3171,.T.);
#4105=ORIENTED_EDGE('',*,*,#3174,.F.);
#4106=ORIENTED_EDGE('',*,*,#3175,.F.);
#4107=ORIENTED_EDGE('',*,*,#3176,.T.);
#4108=ORIENTED_EDGE('',*,*,#3174,.T.);
#4109=ORIENTED_EDGE('',*,*,#3177,.F.);
#4110=ORIENTED_EDGE('',*,*,#3178,.T.);
#4111=ORIENTED_EDGE('',*,*,#3175,.T.);
#4112=ORIENTED_EDGE('',*,*,#3179,.T.);
#4113=ORIENTED_EDGE('',*,*,#3177,.T.);
#4114=ORIENTED_EDGE('',*,*,#3180,.F.);
#4115=ORIENTED_EDGE('',*,*,#3181,.T.);
#4116=ORIENTED_EDGE('',*,*,#3179,.F.);
#4117=ORIENTED_EDGE('',*,*,#3182,.T.);
#4118=ORIENTED_EDGE('',*,*,#3183,.T.);
#4119=ORIENTED_EDGE('',*,*,#3184,.T.);
#4120=ORIENTED_EDGE('',*,*,#3182,.F.);
#4121=ORIENTED_EDGE('',*,*,#3185,.T.);
#4122=ORIENTED_EDGE('',*,*,#3186,.T.);
#4123=ORIENTED_EDGE('',*,*,#3183,.F.);
#4124=ORIENTED_EDGE('',*,*,#3187,.T.);
#4125=ORIENTED_EDGE('',*,*,#3185,.F.);
#4126=ORIENTED_EDGE('',*,*,#3188,.T.);
#4127=ORIENTED_EDGE('',*,*,#3189,.T.);
#4128=ORIENTED_EDGE('',*,*,#3190,.T.);
#4129=ORIENTED_EDGE('',*,*,#3188,.F.);
#4130=ORIENTED_EDGE('',*,*,#3191,.T.);
#4131=ORIENTED_EDGE('',*,*,#3192,.T.);
#4132=ORIENTED_EDGE('',*,*,#3189,.F.);
#4133=ORIENTED_EDGE('',*,*,#3193,.F.);
#4134=ORIENTED_EDGE('',*,*,#3191,.F.);
#4135=ORIENTED_EDGE('',*,*,#3115,.T.);
#4136=ORIENTED_EDGE('',*,*,#3194,.T.);
#4137=ORIENTED_EDGE('',*,*,#3195,.T.);
#4138=ORIENTED_EDGE('',*,*,#3196,.F.);
#4139=ORIENTED_EDGE('',*,*,#3197,.F.);
#4140=ORIENTED_EDGE('',*,*,#3085,.F.);
#4141=ORIENTED_EDGE('',*,*,#3196,.T.);
#4142=ORIENTED_EDGE('',*,*,#3198,.T.);
#4143=ORIENTED_EDGE('',*,*,#2971,.F.);
#4144=ORIENTED_EDGE('',*,*,#3197,.T.);
#4145=ORIENTED_EDGE('',*,*,#2966,.T.);
#4146=ORIENTED_EDGE('',*,*,#3198,.F.);
#4147=ORIENTED_EDGE('',*,*,#3199,.T.);
#4148=ORIENTED_EDGE('',*,*,#3200,.F.);
#4149=ORIENTED_EDGE('',*,*,#3201,.T.);
#4150=ORIENTED_EDGE('',*,*,#3202,.T.);
#4151=ORIENTED_EDGE('',*,*,#3203,.F.);
#4152=ORIENTED_EDGE('',*,*,#3204,.T.);
#4153=ORIENTED_EDGE('',*,*,#3200,.T.);
#4154=ORIENTED_EDGE('',*,*,#3205,.T.);
#4155=ORIENTED_EDGE('',*,*,#3203,.T.);
#4156=ORIENTED_EDGE('',*,*,#3206,.F.);
#4157=ORIENTED_EDGE('',*,*,#3207,.F.);
#4158=ORIENTED_EDGE('',*,*,#3208,.T.);
#4159=ORIENTED_EDGE('',*,*,#3206,.T.);
#4160=ORIENTED_EDGE('',*,*,#3209,.F.);
#4161=ORIENTED_EDGE('',*,*,#3210,.T.);
#4162=ORIENTED_EDGE('',*,*,#3207,.T.);
#4163=ORIENTED_EDGE('',*,*,#3211,.T.);
#4164=ORIENTED_EDGE('',*,*,#3209,.T.);
#4165=ORIENTED_EDGE('',*,*,#3212,.F.);
#4166=ORIENTED_EDGE('',*,*,#3213,.T.);
#4167=ORIENTED_EDGE('',*,*,#3214,.T.);
#4168=ORIENTED_EDGE('',*,*,#3211,.F.);
#4169=ORIENTED_EDGE('',*,*,#3215,.T.);
#4170=ORIENTED_EDGE('',*,*,#3213,.F.);
#4171=ORIENTED_EDGE('',*,*,#3216,.T.);
#4172=ORIENTED_EDGE('',*,*,#3217,.T.);
#4173=ORIENTED_EDGE('',*,*,#3218,.T.);
#4174=ORIENTED_EDGE('',*,*,#3216,.F.);
#4175=ORIENTED_EDGE('',*,*,#3219,.T.);
#4176=ORIENTED_EDGE('',*,*,#3220,.T.);
#4177=ORIENTED_EDGE('',*,*,#3217,.F.);
#4178=ORIENTED_EDGE('',*,*,#3221,.T.);
#4179=ORIENTED_EDGE('',*,*,#3219,.F.);
#4180=ORIENTED_EDGE('',*,*,#3222,.T.);
#4181=ORIENTED_EDGE('',*,*,#3223,.T.);
#4182=ORIENTED_EDGE('',*,*,#3224,.T.);
#4183=ORIENTED_EDGE('',*,*,#3222,.F.);
#4184=ORIENTED_EDGE('',*,*,#3225,.T.);
#4185=ORIENTED_EDGE('',*,*,#3226,.F.);
#4186=ORIENTED_EDGE('',*,*,#3223,.F.);
#4187=ORIENTED_EDGE('',*,*,#3227,.T.);
#4188=ORIENTED_EDGE('',*,*,#3225,.F.);
#4189=ORIENTED_EDGE('',*,*,#3228,.F.);
#4190=ORIENTED_EDGE('',*,*,#3229,.F.);
#4191=ORIENTED_EDGE('',*,*,#3230,.F.);
#4192=ORIENTED_EDGE('',*,*,#3231,.T.);
#4193=ORIENTED_EDGE('',*,*,#3232,.T.);
#4194=ORIENTED_EDGE('',*,*,#3229,.T.);
#4195=ORIENTED_EDGE('',*,*,#3202,.F.);
#4196=ORIENTED_EDGE('',*,*,#3233,.F.);
#4197=ORIENTED_EDGE('',*,*,#3234,.T.);
#4198=ORIENTED_EDGE('',*,*,#3235,.F.);
#4199=ORIENTED_EDGE('',*,*,#3236,.F.);
#4200=ORIENTED_EDGE('',*,*,#3237,.T.);
#4201=ORIENTED_EDGE('',*,*,#3233,.T.);
#4202=ORIENTED_EDGE('',*,*,#3238,.F.);
#4203=ORIENTED_EDGE('',*,*,#3236,.T.);
#4204=ORIENTED_EDGE('',*,*,#3239,.F.);
#4205=ORIENTED_EDGE('',*,*,#3240,.F.);
#4206=ORIENTED_EDGE('',*,*,#3241,.T.);
#4207=ORIENTED_EDGE('',*,*,#3238,.T.);
#4208=ORIENTED_EDGE('',*,*,#3242,.F.);
#4209=ORIENTED_EDGE('',*,*,#3240,.T.);
#4210=ORIENTED_EDGE('',*,*,#3243,.F.);
#4211=ORIENTED_EDGE('',*,*,#3244,.F.);
#4212=ORIENTED_EDGE('',*,*,#3245,.T.);
#4213=ORIENTED_EDGE('',*,*,#3242,.T.);
#4214=ORIENTED_EDGE('',*,*,#3246,.F.);
#4215=ORIENTED_EDGE('',*,*,#3244,.T.);
#4216=ORIENTED_EDGE('',*,*,#3247,.F.);
#4217=ORIENTED_EDGE('',*,*,#3248,.F.);
#4218=ORIENTED_EDGE('',*,*,#3249,.T.);
#4219=ORIENTED_EDGE('',*,*,#3246,.T.);
#4220=ORIENTED_EDGE('',*,*,#3250,.F.);
#4221=ORIENTED_EDGE('',*,*,#3248,.T.);
#4222=ORIENTED_EDGE('',*,*,#3251,.F.);
#4223=ORIENTED_EDGE('',*,*,#3252,.F.);
#4224=ORIENTED_EDGE('',*,*,#3253,.T.);
#4225=ORIENTED_EDGE('',*,*,#3250,.T.);
#4226=ORIENTED_EDGE('',*,*,#3254,.F.);
#4227=ORIENTED_EDGE('',*,*,#3252,.T.);
#4228=ORIENTED_EDGE('',*,*,#3255,.F.);
#4229=ORIENTED_EDGE('',*,*,#3256,.F.);
#4230=ORIENTED_EDGE('',*,*,#3257,.T.);
#4231=ORIENTED_EDGE('',*,*,#3254,.T.);
#4232=ORIENTED_EDGE('',*,*,#3258,.F.);
#4233=ORIENTED_EDGE('',*,*,#3256,.T.);
#4234=ORIENTED_EDGE('',*,*,#3259,.F.);
#4235=ORIENTED_EDGE('',*,*,#3260,.F.);
#4236=ORIENTED_EDGE('',*,*,#3261,.T.);
#4237=ORIENTED_EDGE('',*,*,#3258,.T.);
#4238=ORIENTED_EDGE('',*,*,#3262,.F.);
#4239=ORIENTED_EDGE('',*,*,#3260,.T.);
#4240=ORIENTED_EDGE('',*,*,#3263,.F.);
#4241=ORIENTED_EDGE('',*,*,#3264,.F.);
#4242=ORIENTED_EDGE('',*,*,#3265,.T.);
#4243=ORIENTED_EDGE('',*,*,#3262,.T.);
#4244=ORIENTED_EDGE('',*,*,#3266,.F.);
#4245=ORIENTED_EDGE('',*,*,#3264,.T.);
#4246=ORIENTED_EDGE('',*,*,#3267,.F.);
#4247=ORIENTED_EDGE('',*,*,#3268,.T.);
#4248=ORIENTED_EDGE('',*,*,#3266,.T.);
#4249=ORIENTED_EDGE('',*,*,#3269,.F.);
#4250=ORIENTED_EDGE('',*,*,#3270,.F.);
#4251=ORIENTED_EDGE('',*,*,#3271,.T.);
#4252=ORIENTED_EDGE('',*,*,#3268,.F.);
#4253=ORIENTED_EDGE('',*,*,#3272,.T.);
#4254=ORIENTED_EDGE('',*,*,#3270,.T.);
#4255=ORIENTED_EDGE('',*,*,#3227,.F.);
#4256=ORIENTED_EDGE('',*,*,#3273,.T.);
#4257=ORIENTED_EDGE('',*,*,#3274,.T.);
#4258=ORIENTED_EDGE('',*,*,#3272,.F.);
#4259=ORIENTED_EDGE('',*,*,#3275,.F.);
#4260=ORIENTED_EDGE('',*,*,#3273,.F.);
#4261=ORIENTED_EDGE('',*,*,#3276,.T.);
#4262=ORIENTED_EDGE('',*,*,#3277,.T.);
#4263=ORIENTED_EDGE('',*,*,#3278,.F.);
#4264=ORIENTED_EDGE('',*,*,#3276,.F.);
#4265=ORIENTED_EDGE('',*,*,#3279,.T.);
#4266=ORIENTED_EDGE('',*,*,#3280,.F.);
#4267=ORIENTED_EDGE('',*,*,#3277,.F.);
#4268=ORIENTED_EDGE('',*,*,#3281,.F.);
#4269=ORIENTED_EDGE('',*,*,#3279,.F.);
#4270=ORIENTED_EDGE('',*,*,#3282,.T.);
#4271=ORIENTED_EDGE('',*,*,#3283,.T.);
#4272=ORIENTED_EDGE('',*,*,#3284,.F.);
#4273=ORIENTED_EDGE('',*,*,#3282,.F.);
#4274=ORIENTED_EDGE('',*,*,#3285,.T.);
#4275=ORIENTED_EDGE('',*,*,#3286,.F.);
#4276=ORIENTED_EDGE('',*,*,#3283,.F.);
#4277=ORIENTED_EDGE('',*,*,#3287,.F.);
#4278=ORIENTED_EDGE('',*,*,#3285,.F.);
#4279=ORIENTED_EDGE('',*,*,#3288,.T.);
#4280=ORIENTED_EDGE('',*,*,#3289,.F.);
#4281=ORIENTED_EDGE('',*,*,#3290,.F.);
#4282=ORIENTED_EDGE('',*,*,#3287,.T.);
#4283=ORIENTED_EDGE('',*,*,#3291,.F.);
#4284=ORIENTED_EDGE('',*,*,#3292,.F.);
#4285=ORIENTED_EDGE('',*,*,#3289,.T.);
#4286=ORIENTED_EDGE('',*,*,#3293,.F.);
#4287=ORIENTED_EDGE('',*,*,#3291,.T.);
#4288=ORIENTED_EDGE('',*,*,#3294,.F.);
#4289=ORIENTED_EDGE('',*,*,#3295,.F.);
#4290=ORIENTED_EDGE('',*,*,#3296,.F.);
#4291=ORIENTED_EDGE('',*,*,#3294,.T.);
#4292=ORIENTED_EDGE('',*,*,#3297,.F.);
#4293=ORIENTED_EDGE('',*,*,#3298,.F.);
#4294=ORIENTED_EDGE('',*,*,#3295,.T.);
#4295=ORIENTED_EDGE('',*,*,#3299,.F.);
#4296=ORIENTED_EDGE('',*,*,#3297,.T.);
#4297=ORIENTED_EDGE('',*,*,#3300,.F.);
#4298=ORIENTED_EDGE('',*,*,#3301,.F.);
#4299=ORIENTED_EDGE('',*,*,#3302,.T.);
#4300=ORIENTED_EDGE('',*,*,#3300,.T.);
#4301=ORIENTED_EDGE('',*,*,#3303,.T.);
#4302=ORIENTED_EDGE('',*,*,#3304,.F.);
#4303=ORIENTED_EDGE('',*,*,#3301,.T.);
#4304=ORIENTED_EDGE('',*,*,#3305,.T.);
#4305=ORIENTED_EDGE('',*,*,#3303,.F.);
#4306=ORIENTED_EDGE('',*,*,#3306,.F.);
#4307=ORIENTED_EDGE('',*,*,#3307,.T.);
#4308=ORIENTED_EDGE('',*,*,#3308,.T.);
#4309=ORIENTED_EDGE('',*,*,#3305,.F.);
#4310=ORIENTED_EDGE('',*,*,#3309,.F.);
#4311=ORIENTED_EDGE('',*,*,#3307,.F.);
#4312=ORIENTED_EDGE('',*,*,#2961,.T.);
#4313=ORIENTED_EDGE('',*,*,#3310,.F.);
#4314=ORIENTED_EDGE('',*,*,#3309,.T.);
#4315=ORIENTED_EDGE('',*,*,#3311,.F.);
#4316=ORIENTED_EDGE('',*,*,#3312,.F.);
#4317=ORIENTED_EDGE('',*,*,#3313,.T.);
#4318=ORIENTED_EDGE('',*,*,#3304,.T.);
#4319=ORIENTED_EDGE('',*,*,#3314,.T.);
#4320=ORIENTED_EDGE('',*,*,#3234,.F.);
#4321=ORIENTED_EDGE('',*,*,#3312,.T.);
#4322=ORIENTED_EDGE('',*,*,#3315,.F.);
#4323=ORIENTED_EDGE('',*,*,#3314,.F.);
#4324=ORIENTED_EDGE('',*,*,#3316,.T.);
#4325=ORIENTED_EDGE('',*,*,#3317,.F.);
#4326=ORIENTED_EDGE('',*,*,#3315,.T.);
#4327=ORIENTED_EDGE('',*,*,#3318,.T.);
#4328=ORIENTED_EDGE('',*,*,#3319,.F.);
#4329=ORIENTED_EDGE('',*,*,#3320,.F.);
#4330=ORIENTED_EDGE('',*,*,#3311,.T.);
#4331=ORIENTED_EDGE('',*,*,#3321,.F.);
#4332=ORIENTED_EDGE('',*,*,#3318,.F.);
#4333=ORIENTED_EDGE('',*,*,#3319,.T.);
#4334=ORIENTED_EDGE('',*,*,#3322,.F.);
#4335=ORIENTED_EDGE('',*,*,#3321,.T.);
#4336=ORIENTED_EDGE('',*,*,#3323,.T.);
#4337=ORIENTED_EDGE('',*,*,#3324,.F.);
#4338=ORIENTED_EDGE('',*,*,#3322,.T.);
#4339=ORIENTED_EDGE('',*,*,#3325,.F.);
#4340=ORIENTED_EDGE('',*,*,#3326,.F.);
#4341=ORIENTED_EDGE('',*,*,#3327,.F.);
#4342=ORIENTED_EDGE('',*,*,#3328,.T.);
#4343=ORIENTED_EDGE('',*,*,#3329,.T.);
#4344=ORIENTED_EDGE('',*,*,#3195,.F.);
#4345=ORIENTED_EDGE('',*,*,#3326,.T.);
#4346=ORIENTED_EDGE('',*,*,#3325,.T.);
#4347=ORIENTED_EDGE('',*,*,#3329,.F.);
#4348=ORIENTED_EDGE('',*,*,#3330,.T.);
#4349=ORIENTED_EDGE('',*,*,#3331,.F.);
#4350=ORIENTED_EDGE('',*,*,#3332,.F.);
#4351=ORIENTED_EDGE('',*,*,#3235,.T.);
#4352=ORIENTED_EDGE('',*,*,#3333,.F.);
#4353=ORIENTED_EDGE('',*,*,#3231,.F.);
#4354=ORIENTED_EDGE('',*,*,#3331,.T.);
#4355=ORIENTED_EDGE('',*,*,#3328,.F.);
#4356=ORIENTED_EDGE('',*,*,#3333,.T.);
#4357=ORIENTED_EDGE('',*,*,#3334,.T.);
#4358=ORIENTED_EDGE('',*,*,#3335,.T.);
#4359=ORIENTED_EDGE('',*,*,#3194,.F.);
#4360=ORIENTED_EDGE('',*,*,#3086,.F.);
#4361=ORIENTED_EDGE('',*,*,#3327,.T.);
#4362=ORIENTED_EDGE('',*,*,#3335,.F.);
#4363=ORIENTED_EDGE('',*,*,#3336,.T.);
#4364=ORIENTED_EDGE('',*,*,#3337,.F.);
#4365=ORIENTED_EDGE('',*,*,#2962,.T.);
#4366=ORIENTED_EDGE('',*,*,#3306,.T.);
#4367=ORIENTED_EDGE('',*,*,#3081,.F.);
#4368=ORIENTED_EDGE('',*,*,#3337,.T.);
#4369=ORIENTED_EDGE('',*,*,#3338,.F.);
#4370=ORIENTED_EDGE('',*,*,#3339,.T.);
#4371=ORIENTED_EDGE('',*,*,#3340,.F.);
#4372=ORIENTED_EDGE('',*,*,#3116,.F.);
#4373=ORIENTED_EDGE('',*,*,#3228,.T.);
#4374=ORIENTED_EDGE('',*,*,#3339,.F.);
#4375=ORIENTED_EDGE('',*,*,#3341,.T.);
#4376=ORIENTED_EDGE('',*,*,#3342,.T.);
#4377=ORIENTED_EDGE('',*,*,#3288,.F.);
#4378=ORIENTED_EDGE('',*,*,#3341,.F.);
#4379=ORIENTED_EDGE('',*,*,#3338,.T.);
#4380=ORIENTED_EDGE('',*,*,#3342,.F.);
#4381=ORIENTED_EDGE('',*,*,#3180,.T.);
#4382=ORIENTED_EDGE('',*,*,#3343,.F.);
#4383=ORIENTED_EDGE('',*,*,#3099,.F.);
#4384=ORIENTED_EDGE('',*,*,#3340,.T.);
#4385=ORIENTED_EDGE('',*,*,#3336,.F.);
#4386=ORIENTED_EDGE('',*,*,#3343,.T.);
#4387=ORIENTED_EDGE('',*,*,#3212,.T.);
#4388=ORIENTED_EDGE('',*,*,#3344,.F.);
#4389=ORIENTED_EDGE('',*,*,#3108,.T.);
#4390=ORIENTED_EDGE('',*,*,#3345,.T.);
#4391=ORIENTED_EDGE('',*,*,#3346,.F.);
#4392=ORIENTED_EDGE('',*,*,#3344,.T.);
#4393=ORIENTED_EDGE('',*,*,#3201,.F.);
#4394=ORIENTED_EDGE('',*,*,#3347,.F.);
#4395=ORIENTED_EDGE('',*,*,#3107,.T.);
#4396=ORIENTED_EDGE('',*,*,#3346,.T.);
#4397=ORIENTED_EDGE('',*,*,#3348,.F.);
#4398=ORIENTED_EDGE('',*,*,#3347,.T.);
#4399=ORIENTED_EDGE('',*,*,#3204,.F.);
#4400=ORIENTED_EDGE('',*,*,#3349,.F.);
#4401=ORIENTED_EDGE('',*,*,#3105,.T.);
#4402=ORIENTED_EDGE('',*,*,#3348,.T.);
#4403=ORIENTED_EDGE('',*,*,#3350,.F.);
#4404=ORIENTED_EDGE('',*,*,#3349,.T.);
#4405=ORIENTED_EDGE('',*,*,#3205,.F.);
#4406=ORIENTED_EDGE('',*,*,#3351,.F.);
#4407=ORIENTED_EDGE('',*,*,#3102,.T.);
#4408=ORIENTED_EDGE('',*,*,#3350,.T.);
#4409=ORIENTED_EDGE('',*,*,#3352,.F.);
#4410=ORIENTED_EDGE('',*,*,#3351,.T.);
#4411=ORIENTED_EDGE('',*,*,#3208,.F.);
#4412=ORIENTED_EDGE('',*,*,#3353,.F.);
#4413=ORIENTED_EDGE('',*,*,#3101,.T.);
#4414=ORIENTED_EDGE('',*,*,#3352,.T.);
#4415=ORIENTED_EDGE('',*,*,#3354,.F.);
#4416=ORIENTED_EDGE('',*,*,#3353,.T.);
#4417=ORIENTED_EDGE('',*,*,#3210,.F.);
#4418=ORIENTED_EDGE('',*,*,#3355,.F.);
#4419=ORIENTED_EDGE('',*,*,#3097,.T.);
#4420=ORIENTED_EDGE('',*,*,#3354,.T.);
#4421=ORIENTED_EDGE('',*,*,#3356,.F.);
#4422=ORIENTED_EDGE('',*,*,#3355,.T.);
#4423=ORIENTED_EDGE('',*,*,#3214,.F.);
#4424=ORIENTED_EDGE('',*,*,#3357,.F.);
#4425=ORIENTED_EDGE('',*,*,#3095,.T.);
#4426=ORIENTED_EDGE('',*,*,#3356,.T.);
#4427=ORIENTED_EDGE('',*,*,#3358,.F.);
#4428=ORIENTED_EDGE('',*,*,#3357,.T.);
#4429=ORIENTED_EDGE('',*,*,#3215,.F.);
#4430=ORIENTED_EDGE('',*,*,#3359,.F.);
#4431=ORIENTED_EDGE('',*,*,#3092,.T.);
#4432=ORIENTED_EDGE('',*,*,#3358,.T.);
#4433=ORIENTED_EDGE('',*,*,#3360,.F.);
#4434=ORIENTED_EDGE('',*,*,#3359,.T.);
#4435=ORIENTED_EDGE('',*,*,#3218,.F.);
#4436=ORIENTED_EDGE('',*,*,#3361,.F.);
#4437=ORIENTED_EDGE('',*,*,#3091,.T.);
#4438=ORIENTED_EDGE('',*,*,#3360,.T.);
#4439=ORIENTED_EDGE('',*,*,#3362,.F.);
#4440=ORIENTED_EDGE('',*,*,#3361,.T.);
#4441=ORIENTED_EDGE('',*,*,#3220,.F.);
#4442=ORIENTED_EDGE('',*,*,#3363,.F.);
#4443=ORIENTED_EDGE('',*,*,#3088,.T.);
#4444=ORIENTED_EDGE('',*,*,#3362,.T.);
#4445=ORIENTED_EDGE('',*,*,#3364,.F.);
#4446=ORIENTED_EDGE('',*,*,#3363,.T.);
#4447=ORIENTED_EDGE('',*,*,#3221,.F.);
#4448=ORIENTED_EDGE('',*,*,#3365,.F.);
#4449=ORIENTED_EDGE('',*,*,#3113,.T.);
#4450=ORIENTED_EDGE('',*,*,#3364,.T.);
#4451=ORIENTED_EDGE('',*,*,#3366,.F.);
#4452=ORIENTED_EDGE('',*,*,#3365,.T.);
#4453=ORIENTED_EDGE('',*,*,#3224,.F.);
#4454=ORIENTED_EDGE('',*,*,#3367,.F.);
#4455=ORIENTED_EDGE('',*,*,#3111,.F.);
#4456=ORIENTED_EDGE('',*,*,#3366,.T.);
#4457=ORIENTED_EDGE('',*,*,#3368,.F.);
#4458=ORIENTED_EDGE('',*,*,#3367,.T.);
#4459=ORIENTED_EDGE('',*,*,#3226,.T.);
#4460=ORIENTED_EDGE('',*,*,#3369,.F.);
#4461=ORIENTED_EDGE('',*,*,#3121,.F.);
#4462=ORIENTED_EDGE('',*,*,#3368,.T.);
#4463=ORIENTED_EDGE('',*,*,#3370,.F.);
#4464=ORIENTED_EDGE('',*,*,#3369,.T.);
#4465=ORIENTED_EDGE('',*,*,#3269,.T.);
#4466=ORIENTED_EDGE('',*,*,#3371,.F.);
#4467=ORIENTED_EDGE('',*,*,#3125,.F.);
#4468=ORIENTED_EDGE('',*,*,#3370,.T.);
#4469=ORIENTED_EDGE('',*,*,#3372,.F.);
#4470=ORIENTED_EDGE('',*,*,#3371,.T.);
#4471=ORIENTED_EDGE('',*,*,#3267,.T.);
#4472=ORIENTED_EDGE('',*,*,#3373,.F.);
#4473=ORIENTED_EDGE('',*,*,#3129,.F.);
#4474=ORIENTED_EDGE('',*,*,#3372,.T.);
#4475=ORIENTED_EDGE('',*,*,#3374,.F.);
#4476=ORIENTED_EDGE('',*,*,#3373,.T.);
#4477=ORIENTED_EDGE('',*,*,#3263,.T.);
#4478=ORIENTED_EDGE('',*,*,#3375,.F.);
#4479=ORIENTED_EDGE('',*,*,#3133,.F.);
#4480=ORIENTED_EDGE('',*,*,#3374,.T.);
#4481=ORIENTED_EDGE('',*,*,#3376,.F.);
#4482=ORIENTED_EDGE('',*,*,#3375,.T.);
#4483=ORIENTED_EDGE('',*,*,#3259,.T.);
#4484=ORIENTED_EDGE('',*,*,#3377,.F.);
#4485=ORIENTED_EDGE('',*,*,#3137,.F.);
#4486=ORIENTED_EDGE('',*,*,#3376,.T.);
#4487=ORIENTED_EDGE('',*,*,#3378,.F.);
#4488=ORIENTED_EDGE('',*,*,#3377,.T.);
#4489=ORIENTED_EDGE('',*,*,#3255,.T.);
#4490=ORIENTED_EDGE('',*,*,#3379,.F.);
#4491=ORIENTED_EDGE('',*,*,#3141,.F.);
#4492=ORIENTED_EDGE('',*,*,#3378,.T.);
#4493=ORIENTED_EDGE('',*,*,#3380,.F.);
#4494=ORIENTED_EDGE('',*,*,#3379,.T.);
#4495=ORIENTED_EDGE('',*,*,#3251,.T.);
#4496=ORIENTED_EDGE('',*,*,#3381,.F.);
#4497=ORIENTED_EDGE('',*,*,#3145,.F.);
#4498=ORIENTED_EDGE('',*,*,#3380,.T.);
#4499=ORIENTED_EDGE('',*,*,#3382,.F.);
#4500=ORIENTED_EDGE('',*,*,#3381,.T.);
#4501=ORIENTED_EDGE('',*,*,#3247,.T.);
#4502=ORIENTED_EDGE('',*,*,#3383,.F.);
#4503=ORIENTED_EDGE('',*,*,#3149,.F.);
#4504=ORIENTED_EDGE('',*,*,#3382,.T.);
#4505=ORIENTED_EDGE('',*,*,#3384,.F.);
#4506=ORIENTED_EDGE('',*,*,#3383,.T.);
#4507=ORIENTED_EDGE('',*,*,#3243,.T.);
#4508=ORIENTED_EDGE('',*,*,#3385,.F.);
#4509=ORIENTED_EDGE('',*,*,#3153,.F.);
#4510=ORIENTED_EDGE('',*,*,#3384,.T.);
#4511=ORIENTED_EDGE('',*,*,#3386,.F.);
#4512=ORIENTED_EDGE('',*,*,#3385,.T.);
#4513=ORIENTED_EDGE('',*,*,#3239,.T.);
#4514=ORIENTED_EDGE('',*,*,#3387,.F.);
#4515=ORIENTED_EDGE('',*,*,#3157,.F.);
#4516=ORIENTED_EDGE('',*,*,#3386,.T.);
#4517=ORIENTED_EDGE('',*,*,#3388,.F.);
#4518=ORIENTED_EDGE('',*,*,#3387,.T.);
#4519=ORIENTED_EDGE('',*,*,#3332,.T.);
#4520=ORIENTED_EDGE('',*,*,#3389,.F.);
#4521=ORIENTED_EDGE('',*,*,#3161,.F.);
#4522=ORIENTED_EDGE('',*,*,#3388,.T.);
#4523=ORIENTED_EDGE('',*,*,#3390,.F.);
#4524=ORIENTED_EDGE('',*,*,#3389,.T.);
#4525=ORIENTED_EDGE('',*,*,#3230,.T.);
#4526=ORIENTED_EDGE('',*,*,#3391,.F.);
#4527=ORIENTED_EDGE('',*,*,#3159,.T.);
#4528=ORIENTED_EDGE('',*,*,#3390,.T.);
#4529=ORIENTED_EDGE('',*,*,#3345,.F.);
#4530=ORIENTED_EDGE('',*,*,#3391,.T.);
#4531=ORIENTED_EDGE('',*,*,#3232,.F.);
#4532=ORIENTED_EDGE('',*,*,#3392,.F.);
#4533=ORIENTED_EDGE('',*,*,#3155,.T.);
#4534=ORIENTED_EDGE('',*,*,#3393,.T.);
#4535=ORIENTED_EDGE('',*,*,#3394,.F.);
#4536=ORIENTED_EDGE('',*,*,#3392,.T.);
#4537=ORIENTED_EDGE('',*,*,#3313,.F.);
#4538=ORIENTED_EDGE('',*,*,#3395,.F.);
#4539=ORIENTED_EDGE('',*,*,#3151,.T.);
#4540=ORIENTED_EDGE('',*,*,#3394,.T.);
#4541=ORIENTED_EDGE('',*,*,#3396,.F.);
#4542=ORIENTED_EDGE('',*,*,#3395,.T.);
#4543=ORIENTED_EDGE('',*,*,#3237,.F.);
#4544=ORIENTED_EDGE('',*,*,#3397,.F.);
#4545=ORIENTED_EDGE('',*,*,#3147,.T.);
#4546=ORIENTED_EDGE('',*,*,#3396,.T.);
#4547=ORIENTED_EDGE('',*,*,#3398,.F.);
#4548=ORIENTED_EDGE('',*,*,#3397,.T.);
#4549=ORIENTED_EDGE('',*,*,#3241,.F.);
#4550=ORIENTED_EDGE('',*,*,#3399,.F.);
#4551=ORIENTED_EDGE('',*,*,#3143,.T.);
#4552=ORIENTED_EDGE('',*,*,#3398,.T.);
#4553=ORIENTED_EDGE('',*,*,#3400,.F.);
#4554=ORIENTED_EDGE('',*,*,#3399,.T.);
#4555=ORIENTED_EDGE('',*,*,#3245,.F.);
#4556=ORIENTED_EDGE('',*,*,#3401,.F.);
#4557=ORIENTED_EDGE('',*,*,#3139,.T.);
#4558=ORIENTED_EDGE('',*,*,#3400,.T.);
#4559=ORIENTED_EDGE('',*,*,#3402,.F.);
#4560=ORIENTED_EDGE('',*,*,#3401,.T.);
#4561=ORIENTED_EDGE('',*,*,#3249,.F.);
#4562=ORIENTED_EDGE('',*,*,#3403,.F.);
#4563=ORIENTED_EDGE('',*,*,#3135,.T.);
#4564=ORIENTED_EDGE('',*,*,#3402,.T.);
#4565=ORIENTED_EDGE('',*,*,#3404,.F.);
#4566=ORIENTED_EDGE('',*,*,#3403,.T.);
#4567=ORIENTED_EDGE('',*,*,#3253,.F.);
#4568=ORIENTED_EDGE('',*,*,#3405,.F.);
#4569=ORIENTED_EDGE('',*,*,#3131,.T.);
#4570=ORIENTED_EDGE('',*,*,#3404,.T.);
#4571=ORIENTED_EDGE('',*,*,#3406,.F.);
#4572=ORIENTED_EDGE('',*,*,#3405,.T.);
#4573=ORIENTED_EDGE('',*,*,#3257,.F.);
#4574=ORIENTED_EDGE('',*,*,#3407,.F.);
#4575=ORIENTED_EDGE('',*,*,#3127,.T.);
#4576=ORIENTED_EDGE('',*,*,#3406,.T.);
#4577=ORIENTED_EDGE('',*,*,#3408,.F.);
#4578=ORIENTED_EDGE('',*,*,#3407,.T.);
#4579=ORIENTED_EDGE('',*,*,#3261,.F.);
#4580=ORIENTED_EDGE('',*,*,#3409,.F.);
#4581=ORIENTED_EDGE('',*,*,#3123,.T.);
#4582=ORIENTED_EDGE('',*,*,#3408,.T.);
#4583=ORIENTED_EDGE('',*,*,#3410,.F.);
#4584=ORIENTED_EDGE('',*,*,#3409,.T.);
#4585=ORIENTED_EDGE('',*,*,#3265,.F.);
#4586=ORIENTED_EDGE('',*,*,#3411,.F.);
#4587=ORIENTED_EDGE('',*,*,#3119,.T.);
#4588=ORIENTED_EDGE('',*,*,#3410,.T.);
#4589=ORIENTED_EDGE('',*,*,#3412,.F.);
#4590=ORIENTED_EDGE('',*,*,#3411,.T.);
#4591=ORIENTED_EDGE('',*,*,#3271,.F.);
#4592=ORIENTED_EDGE('',*,*,#3413,.F.);
#4593=ORIENTED_EDGE('',*,*,#3193,.T.);
#4594=ORIENTED_EDGE('',*,*,#3412,.T.);
#4595=ORIENTED_EDGE('',*,*,#3414,.F.);
#4596=ORIENTED_EDGE('',*,*,#3413,.T.);
#4597=ORIENTED_EDGE('',*,*,#3274,.F.);
#4598=ORIENTED_EDGE('',*,*,#3415,.F.);
#4599=ORIENTED_EDGE('',*,*,#3192,.F.);
#4600=ORIENTED_EDGE('',*,*,#3414,.T.);
#4601=ORIENTED_EDGE('',*,*,#3416,.F.);
#4602=ORIENTED_EDGE('',*,*,#3415,.T.);
#4603=ORIENTED_EDGE('',*,*,#3275,.T.);
#4604=ORIENTED_EDGE('',*,*,#3417,.F.);
#4605=ORIENTED_EDGE('',*,*,#3190,.F.);
#4606=ORIENTED_EDGE('',*,*,#3416,.T.);
#4607=ORIENTED_EDGE('',*,*,#3418,.F.);
#4608=ORIENTED_EDGE('',*,*,#3417,.T.);
#4609=ORIENTED_EDGE('',*,*,#3278,.T.);
#4610=ORIENTED_EDGE('',*,*,#3419,.F.);
#4611=ORIENTED_EDGE('',*,*,#3187,.F.);
#4612=ORIENTED_EDGE('',*,*,#3418,.T.);
#4613=ORIENTED_EDGE('',*,*,#3420,.F.);
#4614=ORIENTED_EDGE('',*,*,#3419,.T.);
#4615=ORIENTED_EDGE('',*,*,#3280,.T.);
#4616=ORIENTED_EDGE('',*,*,#3421,.F.);
#4617=ORIENTED_EDGE('',*,*,#3186,.F.);
#4618=ORIENTED_EDGE('',*,*,#3420,.T.);
#4619=ORIENTED_EDGE('',*,*,#3422,.F.);
#4620=ORIENTED_EDGE('',*,*,#3421,.T.);
#4621=ORIENTED_EDGE('',*,*,#3281,.T.);
#4622=ORIENTED_EDGE('',*,*,#3423,.F.);
#4623=ORIENTED_EDGE('',*,*,#3184,.F.);
#4624=ORIENTED_EDGE('',*,*,#3422,.T.);
#4625=ORIENTED_EDGE('',*,*,#3424,.F.);
#4626=ORIENTED_EDGE('',*,*,#3423,.T.);
#4627=ORIENTED_EDGE('',*,*,#3284,.T.);
#4628=ORIENTED_EDGE('',*,*,#3425,.F.);
#4629=ORIENTED_EDGE('',*,*,#3181,.F.);
#4630=ORIENTED_EDGE('',*,*,#3424,.T.);
#4631=ORIENTED_EDGE('',*,*,#3426,.F.);
#4632=ORIENTED_EDGE('',*,*,#3425,.T.);
#4633=ORIENTED_EDGE('',*,*,#3286,.T.);
#4634=ORIENTED_EDGE('',*,*,#3427,.F.);
#4635=ORIENTED_EDGE('',*,*,#3178,.F.);
#4636=ORIENTED_EDGE('',*,*,#3426,.T.);
#4637=ORIENTED_EDGE('',*,*,#3428,.F.);
#4638=ORIENTED_EDGE('',*,*,#3427,.T.);
#4639=ORIENTED_EDGE('',*,*,#3290,.T.);
#4640=ORIENTED_EDGE('',*,*,#3429,.F.);
#4641=ORIENTED_EDGE('',*,*,#3176,.F.);
#4642=ORIENTED_EDGE('',*,*,#3428,.T.);
#4643=ORIENTED_EDGE('',*,*,#3430,.F.);
#4644=ORIENTED_EDGE('',*,*,#3429,.T.);
#4645=ORIENTED_EDGE('',*,*,#3292,.T.);
#4646=ORIENTED_EDGE('',*,*,#3431,.F.);
#4647=ORIENTED_EDGE('',*,*,#3173,.F.);
#4648=ORIENTED_EDGE('',*,*,#3430,.T.);
#4649=ORIENTED_EDGE('',*,*,#3432,.F.);
#4650=ORIENTED_EDGE('',*,*,#3431,.T.);
#4651=ORIENTED_EDGE('',*,*,#3293,.T.);
#4652=ORIENTED_EDGE('',*,*,#3433,.F.);
#4653=ORIENTED_EDGE('',*,*,#3172,.F.);
#4654=ORIENTED_EDGE('',*,*,#3432,.T.);
#4655=ORIENTED_EDGE('',*,*,#3434,.F.);
#4656=ORIENTED_EDGE('',*,*,#3433,.T.);
#4657=ORIENTED_EDGE('',*,*,#3296,.T.);
#4658=ORIENTED_EDGE('',*,*,#3435,.F.);
#4659=ORIENTED_EDGE('',*,*,#3170,.F.);
#4660=ORIENTED_EDGE('',*,*,#3434,.T.);
#4661=ORIENTED_EDGE('',*,*,#3436,.F.);
#4662=ORIENTED_EDGE('',*,*,#3435,.T.);
#4663=ORIENTED_EDGE('',*,*,#3298,.T.);
#4664=ORIENTED_EDGE('',*,*,#3437,.F.);
#4665=ORIENTED_EDGE('',*,*,#3167,.F.);
#4666=ORIENTED_EDGE('',*,*,#3436,.T.);
#4667=ORIENTED_EDGE('',*,*,#3438,.F.);
#4668=ORIENTED_EDGE('',*,*,#3437,.T.);
#4669=ORIENTED_EDGE('',*,*,#3299,.T.);
#4670=ORIENTED_EDGE('',*,*,#3439,.F.);
#4671=ORIENTED_EDGE('',*,*,#3166,.T.);
#4672=ORIENTED_EDGE('',*,*,#3438,.T.);
#4673=ORIENTED_EDGE('',*,*,#3393,.F.);
#4674=ORIENTED_EDGE('',*,*,#3439,.T.);
#4675=ORIENTED_EDGE('',*,*,#3302,.F.);
#4676=ORIENTED_EDGE('',*,*,#3440,.F.);
#4677=ORIENTED_EDGE('',*,*,#2947,.T.);
#4678=ORIENTED_EDGE('',*,*,#2939,.T.);
#4679=ORIENTED_EDGE('',*,*,#3441,.F.);
#4680=ORIENTED_EDGE('',*,*,#3440,.T.);
#4681=ORIENTED_EDGE('',*,*,#3442,.F.);
#4682=ORIENTED_EDGE('',*,*,#3443,.F.);
#4683=ORIENTED_EDGE('',*,*,#3017,.T.);
#4684=ORIENTED_EDGE('',*,*,#3444,.F.);
#4685=ORIENTED_EDGE('',*,*,#3442,.T.);
#4686=ORIENTED_EDGE('',*,*,#3443,.T.);
#4687=ORIENTED_EDGE('',*,*,#3445,.F.);
#4688=ORIENTED_EDGE('',*,*,#3446,.F.);
#4689=ORIENTED_EDGE('',*,*,#3447,.T.);
#4690=ORIENTED_EDGE('',*,*,#3448,.T.);
#4691=ORIENTED_EDGE('',*,*,#2969,.F.);
#4692=ORIENTED_EDGE('',*,*,#3446,.T.);
#4693=ORIENTED_EDGE('',*,*,#2999,.F.);
#4694=ORIENTED_EDGE('',*,*,#3449,.T.);
#4695=ORIENTED_EDGE('',*,*,#3448,.F.);
#4696=ORIENTED_EDGE('',*,*,#3450,.F.);
#4697=ORIENTED_EDGE('',*,*,#3056,.T.);
#4698=ORIENTED_EDGE('',*,*,#3449,.F.);
#4699=ORIENTED_EDGE('',*,*,#3444,.T.);
#4700=ORIENTED_EDGE('',*,*,#3451,.T.);
#4701=ORIENTED_EDGE('',*,*,#3071,.F.);
#4702=ORIENTED_EDGE('',*,*,#3452,.F.);
#4703=ORIENTED_EDGE('',*,*,#3453,.T.);
#4704=ORIENTED_EDGE('',*,*,#3451,.F.);
#4705=ORIENTED_EDGE('',*,*,#3454,.T.);
#4706=ORIENTED_EDGE('',*,*,#3455,.T.);
#4707=ORIENTED_EDGE('',*,*,#3067,.F.);
#4708=ORIENTED_EDGE('',*,*,#3453,.F.);
#4709=ORIENTED_EDGE('',*,*,#3456,.T.);
#4710=ORIENTED_EDGE('',*,*,#3455,.F.);
#4711=ORIENTED_EDGE('',*,*,#3457,.T.);
#4712=ORIENTED_EDGE('',*,*,#3458,.T.);
#4713=ORIENTED_EDGE('',*,*,#3063,.F.);
#4714=ORIENTED_EDGE('',*,*,#3456,.F.);
#4715=ORIENTED_EDGE('',*,*,#3459,.T.);
#4716=ORIENTED_EDGE('',*,*,#3458,.F.);
#4717=ORIENTED_EDGE('',*,*,#3460,.T.);
#4718=ORIENTED_EDGE('',*,*,#3461,.T.);
#4719=ORIENTED_EDGE('',*,*,#3059,.F.);
#4720=ORIENTED_EDGE('',*,*,#3459,.F.);
#4721=ORIENTED_EDGE('',*,*,#3462,.T.);
#4722=ORIENTED_EDGE('',*,*,#3461,.F.);
#4723=ORIENTED_EDGE('',*,*,#3463,.T.);
#4724=ORIENTED_EDGE('',*,*,#3464,.T.);
#4725=ORIENTED_EDGE('',*,*,#3054,.F.);
#4726=ORIENTED_EDGE('',*,*,#3462,.F.);
#4727=ORIENTED_EDGE('',*,*,#3465,.T.);
#4728=ORIENTED_EDGE('',*,*,#3464,.F.);
#4729=ORIENTED_EDGE('',*,*,#3466,.T.);
#4730=ORIENTED_EDGE('',*,*,#3467,.F.);
#4731=ORIENTED_EDGE('',*,*,#3052,.T.);
#4732=ORIENTED_EDGE('',*,*,#3465,.F.);
#4733=ORIENTED_EDGE('',*,*,#3468,.T.);
#4734=ORIENTED_EDGE('',*,*,#3467,.T.);
#4735=ORIENTED_EDGE('',*,*,#3469,.F.);
#4736=ORIENTED_EDGE('',*,*,#3470,.F.);
#4737=ORIENTED_EDGE('',*,*,#2989,.T.);
#4738=ORIENTED_EDGE('',*,*,#3468,.F.);
#4739=ORIENTED_EDGE('',*,*,#3471,.T.);
#4740=ORIENTED_EDGE('',*,*,#3470,.T.);
#4741=ORIENTED_EDGE('',*,*,#3472,.F.);
#4742=ORIENTED_EDGE('',*,*,#3473,.F.);
#4743=ORIENTED_EDGE('',*,*,#2991,.T.);
#4744=ORIENTED_EDGE('',*,*,#3471,.F.);
#4745=ORIENTED_EDGE('',*,*,#3474,.T.);
#4746=ORIENTED_EDGE('',*,*,#3473,.T.);
#4747=ORIENTED_EDGE('',*,*,#3475,.F.);
#4748=ORIENTED_EDGE('',*,*,#3476,.F.);
#4749=ORIENTED_EDGE('',*,*,#2993,.T.);
#4750=ORIENTED_EDGE('',*,*,#3474,.F.);
#4751=ORIENTED_EDGE('',*,*,#3477,.T.);
#4752=ORIENTED_EDGE('',*,*,#3476,.T.);
#4753=ORIENTED_EDGE('',*,*,#3478,.F.);
#4754=ORIENTED_EDGE('',*,*,#3479,.F.);
#4755=ORIENTED_EDGE('',*,*,#2995,.T.);
#4756=ORIENTED_EDGE('',*,*,#3477,.F.);
#4757=ORIENTED_EDGE('',*,*,#3480,.T.);
#4758=ORIENTED_EDGE('',*,*,#3479,.T.);
#4759=ORIENTED_EDGE('',*,*,#3481,.F.);
#4760=ORIENTED_EDGE('',*,*,#3482,.F.);
#4761=ORIENTED_EDGE('',*,*,#2997,.T.);
#4762=ORIENTED_EDGE('',*,*,#3480,.F.);
#4763=ORIENTED_EDGE('',*,*,#3483,.T.);
#4764=ORIENTED_EDGE('',*,*,#3482,.T.);
#4765=ORIENTED_EDGE('',*,*,#3484,.F.);
#4766=ORIENTED_EDGE('',*,*,#3485,.F.);
#4767=ORIENTED_EDGE('',*,*,#3000,.T.);
#4768=ORIENTED_EDGE('',*,*,#3483,.F.);
#4769=ORIENTED_EDGE('',*,*,#3486,.T.);
#4770=ORIENTED_EDGE('',*,*,#3485,.T.);
#4771=ORIENTED_EDGE('',*,*,#3487,.F.);
#4772=ORIENTED_EDGE('',*,*,#3488,.F.);
#4773=ORIENTED_EDGE('',*,*,#2985,.T.);
#4774=ORIENTED_EDGE('',*,*,#3486,.F.);
#4775=ORIENTED_EDGE('',*,*,#3489,.T.);
#4776=ORIENTED_EDGE('',*,*,#3488,.T.);
#4777=ORIENTED_EDGE('',*,*,#3490,.F.);
#4778=ORIENTED_EDGE('',*,*,#3491,.F.);
#4779=ORIENTED_EDGE('',*,*,#2984,.T.);
#4780=ORIENTED_EDGE('',*,*,#3489,.F.);
#4781=ORIENTED_EDGE('',*,*,#3492,.T.);
#4782=ORIENTED_EDGE('',*,*,#3491,.T.);
#4783=ORIENTED_EDGE('',*,*,#3493,.F.);
#4784=ORIENTED_EDGE('',*,*,#3494,.F.);
#4785=ORIENTED_EDGE('',*,*,#2982,.T.);
#4786=ORIENTED_EDGE('',*,*,#3492,.F.);
#4787=ORIENTED_EDGE('',*,*,#3495,.T.);
#4788=ORIENTED_EDGE('',*,*,#3494,.T.);
#4789=ORIENTED_EDGE('',*,*,#3496,.F.);
#4790=ORIENTED_EDGE('',*,*,#3497,.F.);
#4791=ORIENTED_EDGE('',*,*,#2979,.T.);
#4792=ORIENTED_EDGE('',*,*,#3495,.F.);
#4793=ORIENTED_EDGE('',*,*,#3498,.T.);
#4794=ORIENTED_EDGE('',*,*,#3497,.T.);
#4795=ORIENTED_EDGE('',*,*,#3499,.F.);
#4796=ORIENTED_EDGE('',*,*,#3500,.F.);
#4797=ORIENTED_EDGE('',*,*,#2978,.T.);
#4798=ORIENTED_EDGE('',*,*,#3498,.F.);
#4799=ORIENTED_EDGE('',*,*,#3501,.T.);
#4800=ORIENTED_EDGE('',*,*,#3500,.T.);
#4801=ORIENTED_EDGE('',*,*,#3502,.F.);
#4802=ORIENTED_EDGE('',*,*,#3503,.T.);
#4803=ORIENTED_EDGE('',*,*,#2975,.F.);
#4804=ORIENTED_EDGE('',*,*,#3501,.F.);
#4805=ORIENTED_EDGE('',*,*,#3504,.T.);
#4806=ORIENTED_EDGE('',*,*,#3503,.F.);
#4807=ORIENTED_EDGE('',*,*,#3505,.T.);
#4808=ORIENTED_EDGE('',*,*,#3506,.T.);
#4809=ORIENTED_EDGE('',*,*,#3038,.F.);
#4810=ORIENTED_EDGE('',*,*,#3504,.F.);
#4811=ORIENTED_EDGE('',*,*,#3507,.T.);
#4812=ORIENTED_EDGE('',*,*,#3506,.F.);
#4813=ORIENTED_EDGE('',*,*,#3508,.T.);
#4814=ORIENTED_EDGE('',*,*,#3509,.T.);
#4815=ORIENTED_EDGE('',*,*,#3042,.F.);
#4816=ORIENTED_EDGE('',*,*,#3507,.F.);
#4817=ORIENTED_EDGE('',*,*,#3510,.T.);
#4818=ORIENTED_EDGE('',*,*,#3509,.F.);
#4819=ORIENTED_EDGE('',*,*,#3511,.T.);
#4820=ORIENTED_EDGE('',*,*,#3512,.T.);
#4821=ORIENTED_EDGE('',*,*,#3046,.F.);
#4822=ORIENTED_EDGE('',*,*,#3510,.F.);
#4823=ORIENTED_EDGE('',*,*,#3513,.T.);
#4824=ORIENTED_EDGE('',*,*,#3512,.F.);
#4825=ORIENTED_EDGE('',*,*,#3514,.T.);
#4826=ORIENTED_EDGE('',*,*,#3515,.T.);
#4827=ORIENTED_EDGE('',*,*,#3050,.F.);
#4828=ORIENTED_EDGE('',*,*,#3513,.F.);
#4829=ORIENTED_EDGE('',*,*,#3516,.T.);
#4830=ORIENTED_EDGE('',*,*,#3515,.F.);
#4831=ORIENTED_EDGE('',*,*,#3517,.T.);
#4832=ORIENTED_EDGE('',*,*,#3518,.T.);
#4833=ORIENTED_EDGE('',*,*,#3079,.F.);
#4834=ORIENTED_EDGE('',*,*,#3516,.F.);
#4835=ORIENTED_EDGE('',*,*,#3519,.T.);
#4836=ORIENTED_EDGE('',*,*,#3518,.F.);
#4837=ORIENTED_EDGE('',*,*,#3520,.T.);
#4838=ORIENTED_EDGE('',*,*,#3521,.T.);
#4839=ORIENTED_EDGE('',*,*,#3075,.F.);
#4840=ORIENTED_EDGE('',*,*,#3519,.F.);
#4841=ORIENTED_EDGE('',*,*,#3452,.T.);
#4842=ORIENTED_EDGE('',*,*,#3521,.F.);
#4843=ORIENTED_EDGE('',*,*,#3522,.T.);
#4844=ORIENTED_EDGE('',*,*,#3523,.T.);
#4845=ORIENTED_EDGE('',*,*,#3013,.F.);
#4846=ORIENTED_EDGE('',*,*,#3524,.F.);
#4847=ORIENTED_EDGE('',*,*,#3525,.T.);
#4848=ORIENTED_EDGE('',*,*,#3523,.F.);
#4849=ORIENTED_EDGE('',*,*,#3526,.T.);
#4850=ORIENTED_EDGE('',*,*,#3527,.T.);
#4851=ORIENTED_EDGE('',*,*,#3010,.F.);
#4852=ORIENTED_EDGE('',*,*,#3525,.F.);
#4853=ORIENTED_EDGE('',*,*,#3528,.T.);
#4854=ORIENTED_EDGE('',*,*,#3527,.F.);
#4855=ORIENTED_EDGE('',*,*,#3529,.T.);
#4856=ORIENTED_EDGE('',*,*,#3530,.T.);
#4857=ORIENTED_EDGE('',*,*,#3009,.F.);
#4858=ORIENTED_EDGE('',*,*,#3528,.F.);
#4859=ORIENTED_EDGE('',*,*,#3531,.T.);
#4860=ORIENTED_EDGE('',*,*,#3530,.F.);
#4861=ORIENTED_EDGE('',*,*,#3532,.T.);
#4862=ORIENTED_EDGE('',*,*,#3533,.T.);
#4863=ORIENTED_EDGE('',*,*,#3007,.F.);
#4864=ORIENTED_EDGE('',*,*,#3531,.F.);
#4865=ORIENTED_EDGE('',*,*,#3534,.T.);
#4866=ORIENTED_EDGE('',*,*,#3533,.F.);
#4867=ORIENTED_EDGE('',*,*,#3535,.T.);
#4868=ORIENTED_EDGE('',*,*,#3536,.T.);
#4869=ORIENTED_EDGE('',*,*,#3004,.F.);
#4870=ORIENTED_EDGE('',*,*,#3534,.F.);
#4871=ORIENTED_EDGE('',*,*,#3537,.T.);
#4872=ORIENTED_EDGE('',*,*,#3536,.F.);
#4873=ORIENTED_EDGE('',*,*,#3538,.T.);
#4874=ORIENTED_EDGE('',*,*,#3539,.F.);
#4875=ORIENTED_EDGE('',*,*,#3002,.T.);
#4876=ORIENTED_EDGE('',*,*,#3537,.F.);
#4877=ORIENTED_EDGE('',*,*,#3540,.T.);
#4878=ORIENTED_EDGE('',*,*,#3539,.T.);
#4879=ORIENTED_EDGE('',*,*,#3541,.F.);
#4880=ORIENTED_EDGE('',*,*,#3542,.F.);
#4881=ORIENTED_EDGE('',*,*,#3061,.T.);
#4882=ORIENTED_EDGE('',*,*,#3540,.F.);
#4883=ORIENTED_EDGE('',*,*,#3543,.T.);
#4884=ORIENTED_EDGE('',*,*,#3542,.T.);
#4885=ORIENTED_EDGE('',*,*,#3544,.F.);
#4886=ORIENTED_EDGE('',*,*,#3545,.F.);
#4887=ORIENTED_EDGE('',*,*,#3065,.T.);
#4888=ORIENTED_EDGE('',*,*,#3543,.F.);
#4889=ORIENTED_EDGE('',*,*,#3546,.T.);
#4890=ORIENTED_EDGE('',*,*,#3545,.T.);
#4891=ORIENTED_EDGE('',*,*,#3547,.F.);
#4892=ORIENTED_EDGE('',*,*,#3548,.F.);
#4893=ORIENTED_EDGE('',*,*,#3069,.T.);
#4894=ORIENTED_EDGE('',*,*,#3546,.F.);
#4895=ORIENTED_EDGE('',*,*,#3549,.T.);
#4896=ORIENTED_EDGE('',*,*,#3548,.T.);
#4897=ORIENTED_EDGE('',*,*,#3550,.F.);
#4898=ORIENTED_EDGE('',*,*,#3551,.F.);
#4899=ORIENTED_EDGE('',*,*,#3073,.T.);
#4900=ORIENTED_EDGE('',*,*,#3549,.F.);
#4901=ORIENTED_EDGE('',*,*,#3552,.T.);
#4902=ORIENTED_EDGE('',*,*,#3551,.T.);
#4903=ORIENTED_EDGE('',*,*,#3553,.F.);
#4904=ORIENTED_EDGE('',*,*,#3554,.F.);
#4905=ORIENTED_EDGE('',*,*,#3077,.T.);
#4906=ORIENTED_EDGE('',*,*,#3552,.F.);
#4907=ORIENTED_EDGE('',*,*,#3555,.T.);
#4908=ORIENTED_EDGE('',*,*,#3554,.T.);
#4909=ORIENTED_EDGE('',*,*,#3556,.F.);
#4910=ORIENTED_EDGE('',*,*,#3557,.F.);
#4911=ORIENTED_EDGE('',*,*,#3080,.T.);
#4912=ORIENTED_EDGE('',*,*,#3555,.F.);
#4913=ORIENTED_EDGE('',*,*,#3558,.T.);
#4914=ORIENTED_EDGE('',*,*,#3557,.T.);
#4915=ORIENTED_EDGE('',*,*,#3559,.F.);
#4916=ORIENTED_EDGE('',*,*,#3560,.F.);
#4917=ORIENTED_EDGE('',*,*,#3048,.T.);
#4918=ORIENTED_EDGE('',*,*,#3558,.F.);
#4919=ORIENTED_EDGE('',*,*,#3561,.T.);
#4920=ORIENTED_EDGE('',*,*,#3560,.T.);
#4921=ORIENTED_EDGE('',*,*,#3562,.F.);
#4922=ORIENTED_EDGE('',*,*,#3563,.F.);
#4923=ORIENTED_EDGE('',*,*,#3044,.T.);
#4924=ORIENTED_EDGE('',*,*,#3561,.F.);
#4925=ORIENTED_EDGE('',*,*,#3564,.T.);
#4926=ORIENTED_EDGE('',*,*,#3563,.T.);
#4927=ORIENTED_EDGE('',*,*,#3565,.F.);
#4928=ORIENTED_EDGE('',*,*,#3566,.F.);
#4929=ORIENTED_EDGE('',*,*,#3040,.T.);
#4930=ORIENTED_EDGE('',*,*,#3564,.F.);
#4931=ORIENTED_EDGE('',*,*,#3567,.T.);
#4932=ORIENTED_EDGE('',*,*,#3566,.T.);
#4933=ORIENTED_EDGE('',*,*,#3568,.F.);
#4934=ORIENTED_EDGE('',*,*,#3569,.F.);
#4935=ORIENTED_EDGE('',*,*,#3036,.T.);
#4936=ORIENTED_EDGE('',*,*,#3567,.F.);
#4937=ORIENTED_EDGE('',*,*,#3570,.T.);
#4938=ORIENTED_EDGE('',*,*,#3569,.T.);
#4939=ORIENTED_EDGE('',*,*,#3571,.F.);
#4940=ORIENTED_EDGE('',*,*,#3572,.F.);
#4941=ORIENTED_EDGE('',*,*,#3030,.T.);
#4942=ORIENTED_EDGE('',*,*,#3570,.F.);
#4943=ORIENTED_EDGE('',*,*,#3573,.T.);
#4944=ORIENTED_EDGE('',*,*,#3572,.T.);
#4945=ORIENTED_EDGE('',*,*,#3574,.F.);
#4946=ORIENTED_EDGE('',*,*,#3575,.T.);
#4947=ORIENTED_EDGE('',*,*,#3029,.F.);
#4948=ORIENTED_EDGE('',*,*,#3573,.F.);
#4949=ORIENTED_EDGE('',*,*,#3576,.T.);
#4950=ORIENTED_EDGE('',*,*,#3575,.F.);
#4951=ORIENTED_EDGE('',*,*,#3577,.T.);
#4952=ORIENTED_EDGE('',*,*,#3578,.T.);
#4953=ORIENTED_EDGE('',*,*,#3027,.F.);
#4954=ORIENTED_EDGE('',*,*,#3576,.F.);
#4955=ORIENTED_EDGE('',*,*,#3579,.T.);
#4956=ORIENTED_EDGE('',*,*,#3578,.F.);
#4957=ORIENTED_EDGE('',*,*,#3580,.T.);
#4958=ORIENTED_EDGE('',*,*,#3581,.T.);
#4959=ORIENTED_EDGE('',*,*,#3024,.F.);
#4960=ORIENTED_EDGE('',*,*,#3579,.F.);
#4961=ORIENTED_EDGE('',*,*,#3582,.T.);
#4962=ORIENTED_EDGE('',*,*,#3581,.F.);
#4963=ORIENTED_EDGE('',*,*,#3583,.T.);
#4964=ORIENTED_EDGE('',*,*,#3584,.T.);
#4965=ORIENTED_EDGE('',*,*,#3023,.F.);
#4966=ORIENTED_EDGE('',*,*,#3582,.F.);
#4967=ORIENTED_EDGE('',*,*,#3585,.T.);
#4968=ORIENTED_EDGE('',*,*,#3584,.F.);
#4969=ORIENTED_EDGE('',*,*,#3586,.T.);
#4970=ORIENTED_EDGE('',*,*,#3587,.T.);
#4971=ORIENTED_EDGE('',*,*,#3021,.F.);
#4972=ORIENTED_EDGE('',*,*,#3585,.F.);
#4973=ORIENTED_EDGE('',*,*,#3588,.T.);
#4974=ORIENTED_EDGE('',*,*,#3587,.F.);
#4975=ORIENTED_EDGE('',*,*,#3589,.T.);
#4976=ORIENTED_EDGE('',*,*,#3590,.T.);
#4977=ORIENTED_EDGE('',*,*,#3018,.F.);
#4978=ORIENTED_EDGE('',*,*,#3588,.F.);
#4979=ORIENTED_EDGE('',*,*,#3591,.T.);
#4980=ORIENTED_EDGE('',*,*,#3590,.F.);
#4981=ORIENTED_EDGE('',*,*,#3592,.T.);
#4982=ORIENTED_EDGE('',*,*,#3593,.T.);
#4983=ORIENTED_EDGE('',*,*,#3015,.F.);
#4984=ORIENTED_EDGE('',*,*,#3591,.F.);
#4985=ORIENTED_EDGE('',*,*,#3524,.T.);
#4986=ORIENTED_EDGE('',*,*,#3593,.F.);
#4987=ORIENTED_EDGE('',*,*,#3594,.T.);
#4988=ORIENTED_EDGE('',*,*,#3595,.F.);
#4989=ORIENTED_EDGE('',*,*,#3596,.T.);
#4990=ORIENTED_EDGE('',*,*,#3597,.T.);
#4991=ORIENTED_EDGE('',*,*,#3316,.F.);
#4992=ORIENTED_EDGE('',*,*,#3595,.T.);
#4993=ORIENTED_EDGE('',*,*,#3598,.F.);
#4994=ORIENTED_EDGE('',*,*,#3599,.F.);
#4995=ORIENTED_EDGE('',*,*,#3600,.T.);
#4996=ORIENTED_EDGE('',*,*,#3601,.T.);
#4997=ORIENTED_EDGE('',*,*,#3308,.F.);
#4998=ORIENTED_EDGE('',*,*,#3599,.T.);
#4999=ORIENTED_EDGE('',*,*,#3596,.F.);
#5000=ORIENTED_EDGE('',*,*,#3602,.T.);
#5001=ORIENTED_EDGE('',*,*,#3603,.F.);
#5002=ORIENTED_EDGE('',*,*,#3604,.F.);
#5003=ORIENTED_EDGE('',*,*,#3605,.T.);
#5004=ORIENTED_EDGE('',*,*,#3602,.F.);
#5005=ORIENTED_EDGE('',*,*,#3606,.T.);
#5006=ORIENTED_EDGE('',*,*,#3607,.F.);
#5007=ORIENTED_EDGE('',*,*,#3608,.F.);
#5008=ORIENTED_EDGE('',*,*,#3603,.T.);
#5009=ORIENTED_EDGE('',*,*,#3609,.F.);
#5010=ORIENTED_EDGE('',*,*,#3607,.T.);
#5011=ORIENTED_EDGE('',*,*,#3610,.T.);
#5012=ORIENTED_EDGE('',*,*,#3611,.F.);
#5013=ORIENTED_EDGE('',*,*,#3612,.T.);
#5014=ORIENTED_EDGE('',*,*,#3613,.T.);
#5015=ORIENTED_EDGE('',*,*,#3606,.F.);
#5016=ORIENTED_EDGE('',*,*,#3611,.T.);
#5017=ORIENTED_EDGE('',*,*,#3614,.F.);
#5018=ORIENTED_EDGE('',*,*,#3615,.F.);
#5019=ORIENTED_EDGE('',*,*,#3616,.T.);
#5020=ORIENTED_EDGE('',*,*,#3571,.T.);
#5021=ORIENTED_EDGE('',*,*,#3617,.F.);
#5022=ORIENTED_EDGE('',*,*,#3615,.T.);
#5023=ORIENTED_EDGE('',*,*,#3618,.F.);
#5024=ORIENTED_EDGE('',*,*,#3619,.F.);
#5025=ORIENTED_EDGE('',*,*,#3609,.T.);
#5026=ORIENTED_EDGE('',*,*,#3617,.T.);
#5027=ORIENTED_EDGE('',*,*,#3620,.F.);
#5028=ORIENTED_EDGE('',*,*,#3619,.T.);
#5029=ORIENTED_EDGE('',*,*,#3621,.F.);
#5030=ORIENTED_EDGE('',*,*,#3622,.F.);
#5031=ORIENTED_EDGE('',*,*,#3623,.F.);
#5032=ORIENTED_EDGE('',*,*,#3624,.T.);
#5033=ORIENTED_EDGE('',*,*,#3625,.F.);
#5034=ORIENTED_EDGE('',*,*,#3622,.T.);
#5035=ORIENTED_EDGE('',*,*,#2967,.T.);
#5036=ORIENTED_EDGE('',*,*,#3626,.F.);
#5037=ORIENTED_EDGE('',*,*,#3627,.T.);
#5038=ORIENTED_EDGE('',*,*,#3625,.T.);
#5039=ORIENTED_EDGE('',*,*,#3628,.T.);
#5040=ORIENTED_EDGE('',*,*,#3626,.T.);
#5041=ORIENTED_EDGE('',*,*,#3199,.F.);
#5042=ORIENTED_EDGE('',*,*,#3629,.F.);
#5043=ORIENTED_EDGE('',*,*,#3544,.T.);
#5044=ORIENTED_EDGE('',*,*,#3630,.T.);
#5045=ORIENTED_EDGE('',*,*,#3631,.F.);
#5046=ORIENTED_EDGE('',*,*,#3629,.T.);
#5047=ORIENTED_EDGE('',*,*,#3463,.F.);
#5048=ORIENTED_EDGE('',*,*,#3632,.F.);
#5049=ORIENTED_EDGE('',*,*,#3547,.T.);
#5050=ORIENTED_EDGE('',*,*,#3631,.T.);
#5051=ORIENTED_EDGE('',*,*,#3633,.F.);
#5052=ORIENTED_EDGE('',*,*,#3632,.T.);
#5053=ORIENTED_EDGE('',*,*,#3460,.F.);
#5054=ORIENTED_EDGE('',*,*,#3634,.F.);
#5055=ORIENTED_EDGE('',*,*,#3550,.T.);
#5056=ORIENTED_EDGE('',*,*,#3633,.T.);
#5057=ORIENTED_EDGE('',*,*,#3635,.F.);
#5058=ORIENTED_EDGE('',*,*,#3634,.T.);
#5059=ORIENTED_EDGE('',*,*,#3457,.F.);
#5060=ORIENTED_EDGE('',*,*,#3636,.F.);
#5061=ORIENTED_EDGE('',*,*,#3553,.T.);
#5062=ORIENTED_EDGE('',*,*,#3635,.T.);
#5063=ORIENTED_EDGE('',*,*,#3637,.F.);
#5064=ORIENTED_EDGE('',*,*,#3636,.T.);
#5065=ORIENTED_EDGE('',*,*,#3454,.F.);
#5066=ORIENTED_EDGE('',*,*,#3638,.F.);
#5067=ORIENTED_EDGE('',*,*,#3556,.T.);
#5068=ORIENTED_EDGE('',*,*,#3637,.T.);
#5069=ORIENTED_EDGE('',*,*,#3639,.F.);
#5070=ORIENTED_EDGE('',*,*,#3638,.T.);
#5071=ORIENTED_EDGE('',*,*,#3522,.F.);
#5072=ORIENTED_EDGE('',*,*,#3640,.F.);
#5073=ORIENTED_EDGE('',*,*,#3559,.T.);
#5074=ORIENTED_EDGE('',*,*,#3639,.T.);
#5075=ORIENTED_EDGE('',*,*,#3641,.F.);
#5076=ORIENTED_EDGE('',*,*,#3640,.T.);
#5077=ORIENTED_EDGE('',*,*,#3520,.F.);
#5078=ORIENTED_EDGE('',*,*,#3642,.F.);
#5079=ORIENTED_EDGE('',*,*,#3562,.T.);
#5080=ORIENTED_EDGE('',*,*,#3641,.T.);
#5081=ORIENTED_EDGE('',*,*,#3643,.F.);
#5082=ORIENTED_EDGE('',*,*,#3642,.T.);
#5083=ORIENTED_EDGE('',*,*,#3517,.F.);
#5084=ORIENTED_EDGE('',*,*,#3644,.F.);
#5085=ORIENTED_EDGE('',*,*,#3565,.T.);
#5086=ORIENTED_EDGE('',*,*,#3643,.T.);
#5087=ORIENTED_EDGE('',*,*,#3645,.F.);
#5088=ORIENTED_EDGE('',*,*,#3644,.T.);
#5089=ORIENTED_EDGE('',*,*,#3514,.F.);
#5090=ORIENTED_EDGE('',*,*,#3646,.F.);
#5091=ORIENTED_EDGE('',*,*,#3568,.T.);
#5092=ORIENTED_EDGE('',*,*,#3645,.T.);
#5093=ORIENTED_EDGE('',*,*,#3647,.F.);
#5094=ORIENTED_EDGE('',*,*,#3646,.T.);
#5095=ORIENTED_EDGE('',*,*,#3511,.F.);
#5096=ORIENTED_EDGE('',*,*,#3648,.F.);
#5097=ORIENTED_EDGE('',*,*,#3618,.T.);
#5098=ORIENTED_EDGE('',*,*,#3647,.T.);
#5099=ORIENTED_EDGE('',*,*,#3649,.F.);
#5100=ORIENTED_EDGE('',*,*,#3648,.T.);
#5101=ORIENTED_EDGE('',*,*,#3508,.F.);
#5102=ORIENTED_EDGE('',*,*,#3650,.F.);
#5103=ORIENTED_EDGE('',*,*,#3649,.T.);
#5104=ORIENTED_EDGE('',*,*,#3505,.F.);
#5105=ORIENTED_EDGE('',*,*,#3651,.F.);
#5106=ORIENTED_EDGE('',*,*,#3624,.F.);
#5107=ORIENTED_EDGE('',*,*,#3650,.T.);
#5108=ORIENTED_EDGE('',*,*,#3652,.F.);
#5109=ORIENTED_EDGE('',*,*,#3651,.T.);
#5110=ORIENTED_EDGE('',*,*,#3502,.T.);
#5111=ORIENTED_EDGE('',*,*,#3653,.F.);
#5112=ORIENTED_EDGE('',*,*,#3652,.T.);
#5113=ORIENTED_EDGE('',*,*,#3499,.T.);
#5114=ORIENTED_EDGE('',*,*,#3654,.F.);
#5115=ORIENTED_EDGE('',*,*,#3653,.T.);
#5116=ORIENTED_EDGE('',*,*,#3496,.T.);
#5117=ORIENTED_EDGE('',*,*,#3655,.F.);
#5118=ORIENTED_EDGE('',*,*,#3654,.T.);
#5119=ORIENTED_EDGE('',*,*,#3493,.T.);
#5120=ORIENTED_EDGE('',*,*,#3656,.F.);
#5121=ORIENTED_EDGE('',*,*,#3655,.T.);
#5122=ORIENTED_EDGE('',*,*,#3490,.T.);
#5123=ORIENTED_EDGE('',*,*,#3657,.F.);
#5124=ORIENTED_EDGE('',*,*,#3656,.T.);
#5125=ORIENTED_EDGE('',*,*,#3487,.T.);
#5126=ORIENTED_EDGE('',*,*,#3658,.T.);
#5127=ORIENTED_EDGE('',*,*,#3447,.F.);
#5128=ORIENTED_EDGE('',*,*,#3657,.T.);
#5129=ORIENTED_EDGE('',*,*,#3659,.T.);
#5130=ORIENTED_EDGE('',*,*,#3658,.F.);
#5131=ORIENTED_EDGE('',*,*,#3484,.T.);
#5132=ORIENTED_EDGE('',*,*,#3660,.T.);
#5133=ORIENTED_EDGE('',*,*,#3659,.F.);
#5134=ORIENTED_EDGE('',*,*,#3481,.T.);
#5135=ORIENTED_EDGE('',*,*,#3661,.T.);
#5136=ORIENTED_EDGE('',*,*,#3660,.F.);
#5137=ORIENTED_EDGE('',*,*,#3478,.T.);
#5138=ORIENTED_EDGE('',*,*,#3662,.T.);
#5139=ORIENTED_EDGE('',*,*,#3661,.F.);
#5140=ORIENTED_EDGE('',*,*,#3475,.T.);
#5141=ORIENTED_EDGE('',*,*,#3663,.T.);
#5142=ORIENTED_EDGE('',*,*,#3662,.F.);
#5143=ORIENTED_EDGE('',*,*,#3472,.T.);
#5144=ORIENTED_EDGE('',*,*,#3664,.T.);
#5145=ORIENTED_EDGE('',*,*,#3663,.F.);
#5146=ORIENTED_EDGE('',*,*,#3469,.T.);
#5147=ORIENTED_EDGE('',*,*,#3665,.T.);
#5148=ORIENTED_EDGE('',*,*,#3664,.F.);
#5149=ORIENTED_EDGE('',*,*,#3466,.F.);
#5150=ORIENTED_EDGE('',*,*,#3666,.T.);
#5151=ORIENTED_EDGE('',*,*,#3665,.F.);
#5152=ORIENTED_EDGE('',*,*,#3630,.F.);
#5153=ORIENTED_EDGE('',*,*,#3667,.T.);
#5154=ORIENTED_EDGE('',*,*,#3450,.T.);
#5155=ORIENTED_EDGE('',*,*,#3666,.F.);
#5156=ORIENTED_EDGE('',*,*,#3668,.T.);
#5157=ORIENTED_EDGE('',*,*,#3667,.F.);
#5158=ORIENTED_EDGE('',*,*,#3541,.T.);
#5159=ORIENTED_EDGE('',*,*,#3669,.T.);
#5160=ORIENTED_EDGE('',*,*,#3668,.F.);
#5161=ORIENTED_EDGE('',*,*,#3538,.F.);
#5162=ORIENTED_EDGE('',*,*,#3670,.T.);
#5163=ORIENTED_EDGE('',*,*,#3669,.F.);
#5164=ORIENTED_EDGE('',*,*,#3535,.F.);
#5165=ORIENTED_EDGE('',*,*,#3671,.T.);
#5166=ORIENTED_EDGE('',*,*,#3670,.F.);
#5167=ORIENTED_EDGE('',*,*,#3532,.F.);
#5168=ORIENTED_EDGE('',*,*,#3672,.T.);
#5169=ORIENTED_EDGE('',*,*,#3671,.F.);
#5170=ORIENTED_EDGE('',*,*,#3529,.F.);
#5171=ORIENTED_EDGE('',*,*,#3673,.T.);
#5172=ORIENTED_EDGE('',*,*,#3672,.F.);
#5173=ORIENTED_EDGE('',*,*,#3526,.F.);
#5174=ORIENTED_EDGE('',*,*,#3674,.T.);
#5175=ORIENTED_EDGE('',*,*,#3673,.F.);
#5176=ORIENTED_EDGE('',*,*,#3594,.F.);
#5177=ORIENTED_EDGE('',*,*,#3675,.F.);
#5178=ORIENTED_EDGE('',*,*,#3445,.T.);
#5179=ORIENTED_EDGE('',*,*,#3674,.F.);
#5180=ORIENTED_EDGE('',*,*,#3676,.F.);
#5181=ORIENTED_EDGE('',*,*,#3675,.T.);
#5182=ORIENTED_EDGE('',*,*,#3592,.F.);
#5183=ORIENTED_EDGE('',*,*,#3677,.F.);
#5184=ORIENTED_EDGE('',*,*,#3676,.T.);
#5185=ORIENTED_EDGE('',*,*,#3589,.F.);
#5186=ORIENTED_EDGE('',*,*,#3678,.F.);
#5187=ORIENTED_EDGE('',*,*,#3677,.T.);
#5188=ORIENTED_EDGE('',*,*,#3586,.F.);
#5189=ORIENTED_EDGE('',*,*,#3679,.F.);
#5190=ORIENTED_EDGE('',*,*,#3678,.T.);
#5191=ORIENTED_EDGE('',*,*,#3583,.F.);
#5192=ORIENTED_EDGE('',*,*,#3680,.F.);
#5193=ORIENTED_EDGE('',*,*,#3679,.T.);
#5194=ORIENTED_EDGE('',*,*,#3580,.F.);
#5195=ORIENTED_EDGE('',*,*,#3681,.F.);
#5196=ORIENTED_EDGE('',*,*,#3680,.T.);
#5197=ORIENTED_EDGE('',*,*,#3577,.F.);
#5198=ORIENTED_EDGE('',*,*,#3682,.F.);
#5199=ORIENTED_EDGE('',*,*,#3681,.T.);
#5200=ORIENTED_EDGE('',*,*,#3574,.T.);
#5201=ORIENTED_EDGE('',*,*,#3683,.T.);
#5202=ORIENTED_EDGE('',*,*,#3682,.T.);
#5203=ORIENTED_EDGE('',*,*,#3616,.F.);
#5204=ORIENTED_EDGE('',*,*,#2957,.T.);
#5205=ORIENTED_EDGE('',*,*,#2929,.T.);
#5206=ORIENTED_EDGE('',*,*,#3441,.T.);
#5207=ORIENTED_EDGE('',*,*,#3683,.F.);
#5208=ORIENTED_EDGE('',*,*,#2931,.T.);
#5209=ORIENTED_EDGE('',*,*,#2956,.T.);
#5210=ORIENTED_EDGE('',*,*,#2959,.T.);
#5211=ORIENTED_EDGE('',*,*,#2952,.T.);
#5212=ORIENTED_EDGE('',*,*,#2933,.F.);
#5213=ORIENTED_EDGE('',*,*,#3613,.F.);
#5214=ORIENTED_EDGE('',*,*,#3684,.T.);
#5215=ORIENTED_EDGE('',*,*,#2953,.T.);
#5216=ORIENTED_EDGE('',*,*,#3684,.F.);
#5217=ORIENTED_EDGE('',*,*,#3685,.F.);
#5218=ORIENTED_EDGE('',*,*,#2949,.T.);
#5219=ORIENTED_EDGE('',*,*,#3686,.F.);
#5220=ORIENTED_EDGE('',*,*,#3685,.T.);
#5221=ORIENTED_EDGE('',*,*,#3687,.T.);
#5222=ORIENTED_EDGE('',*,*,#3688,.F.);
#5223=ORIENTED_EDGE('',*,*,#3686,.T.);
#5224=ORIENTED_EDGE('',*,*,#3620,.T.);
#5225=ORIENTED_EDGE('',*,*,#3689,.F.);
#5226=ORIENTED_EDGE('',*,*,#3323,.F.);
#5227=ORIENTED_EDGE('',*,*,#3688,.T.);
#5228=ORIENTED_EDGE('',*,*,#3628,.F.);
#5229=ORIENTED_EDGE('',*,*,#3689,.T.);
#5230=ORIENTED_EDGE('',*,*,#3690,.T.);
#5231=ORIENTED_EDGE('',*,*,#3691,.T.);
#5232=ORIENTED_EDGE('',*,*,#3612,.F.);
#5233=ORIENTED_EDGE('',*,*,#3604,.T.);
#5234=ORIENTED_EDGE('',*,*,#3687,.F.);
#5235=ORIENTED_EDGE('',*,*,#3691,.F.);
#5236=ORIENTED_EDGE('',*,*,#3608,.T.);
#5237=ORIENTED_EDGE('',*,*,#3692,.T.);
#5238=ORIENTED_EDGE('',*,*,#3610,.F.);
#5239=ORIENTED_EDGE('',*,*,#3605,.F.);
#5240=ORIENTED_EDGE('',*,*,#2932,.T.);
#5241=ORIENTED_EDGE('',*,*,#3692,.F.);
#5242=ORIENTED_EDGE('',*,*,#3614,.T.);
#5243=ORIENTED_EDGE('',*,*,#3693,.T.);
#5244=ORIENTED_EDGE('',*,*,#3597,.F.);
#5245=ORIENTED_EDGE('',*,*,#3601,.F.);
#5246=ORIENTED_EDGE('',*,*,#3694,.T.);
#5247=ORIENTED_EDGE('',*,*,#3693,.F.);
#5248=ORIENTED_EDGE('',*,*,#3695,.T.);
#5249=ORIENTED_EDGE('',*,*,#3696,.T.);
#5250=ORIENTED_EDGE('',*,*,#3600,.F.);
#5251=ORIENTED_EDGE('',*,*,#3310,.T.);
#5252=ORIENTED_EDGE('',*,*,#3695,.F.);
#5253=ORIENTED_EDGE('',*,*,#3696,.F.);
#5254=ORIENTED_EDGE('',*,*,#3697,.T.);
#5255=ORIENTED_EDGE('',*,*,#3698,.F.);
#5256=ORIENTED_EDGE('',*,*,#3598,.T.);
#5257=ORIENTED_EDGE('',*,*,#3694,.F.);
#5258=ORIENTED_EDGE('',*,*,#3320,.T.);
#5259=ORIENTED_EDGE('',*,*,#3698,.T.);
#5260=ORIENTED_EDGE('',*,*,#3697,.F.);
#5261=ORIENTED_EDGE('',*,*,#3699,.T.);
#5262=ORIENTED_EDGE('',*,*,#3700,.F.);
#5263=ORIENTED_EDGE('',*,*,#3701,.F.);
#5264=ORIENTED_EDGE('',*,*,#3702,.T.);
#5265=ORIENTED_EDGE('',*,*,#3699,.F.);
#5266=ORIENTED_EDGE('',*,*,#3703,.T.);
#5267=ORIENTED_EDGE('',*,*,#3704,.F.);
#5268=ORIENTED_EDGE('',*,*,#3705,.T.);
#5269=ORIENTED_EDGE('',*,*,#3703,.F.);
#5270=ORIENTED_EDGE('',*,*,#3317,.T.);
#5271=ORIENTED_EDGE('',*,*,#3704,.T.);
#5272=ORIENTED_EDGE('',*,*,#3706,.F.);
#5273=ORIENTED_EDGE('',*,*,#3707,.F.);
#5274=ORIENTED_EDGE('',*,*,#3708,.T.);
#5275=ORIENTED_EDGE('',*,*,#3702,.F.);
#5276=ORIENTED_EDGE('',*,*,#3324,.T.);
#5277=ORIENTED_EDGE('',*,*,#3707,.T.);
#5278=ORIENTED_EDGE('',*,*,#3705,.F.);
#5279=ORIENTED_EDGE('',*,*,#3709,.F.);
#5280=ORIENTED_EDGE('',*,*,#3710,.T.);
#5281=ORIENTED_EDGE('',*,*,#3700,.T.);
#5282=ORIENTED_EDGE('',*,*,#3330,.F.);
#5283=ORIENTED_EDGE('',*,*,#3709,.T.);
#5284=ORIENTED_EDGE('',*,*,#3708,.F.);
#5285=ORIENTED_EDGE('',*,*,#3711,.F.);
#5286=ORIENTED_EDGE('',*,*,#3706,.T.);
#5287=ORIENTED_EDGE('',*,*,#3701,.T.);
#5288=ORIENTED_EDGE('',*,*,#3334,.F.);
#5289=ORIENTED_EDGE('',*,*,#3711,.T.);
#5290=ORIENTED_EDGE('',*,*,#3710,.F.);
#5291=ORIENTED_EDGE('',*,*,#3712,.T.);
#5292=ORIENTED_EDGE('',*,*,#3713,.F.);
#5293=ORIENTED_EDGE('',*,*,#3714,.F.);
#5294=ORIENTED_EDGE('',*,*,#3715,.T.);
#5295=ORIENTED_EDGE('',*,*,#3712,.F.);
#5296=ORIENTED_EDGE('',*,*,#3716,.T.);
#5297=ORIENTED_EDGE('',*,*,#3717,.T.);
#5298=ORIENTED_EDGE('',*,*,#3718,.F.);
#5299=ORIENTED_EDGE('',*,*,#3716,.F.);
#5300=ORIENTED_EDGE('',*,*,#3621,.T.);
#5301=ORIENTED_EDGE('',*,*,#3717,.F.);
#5302=ORIENTED_EDGE('',*,*,#3719,.T.);
#5303=ORIENTED_EDGE('',*,*,#3720,.T.);
#5304=ORIENTED_EDGE('',*,*,#3721,.F.);
#5305=ORIENTED_EDGE('',*,*,#3715,.F.);
#5306=ORIENTED_EDGE('',*,*,#3623,.T.);
#5307=ORIENTED_EDGE('',*,*,#3720,.F.);
#5308=ORIENTED_EDGE('',*,*,#3718,.T.);
#5309=ORIENTED_EDGE('',*,*,#3722,.F.);
#5310=ORIENTED_EDGE('',*,*,#3723,.F.);
#5311=ORIENTED_EDGE('',*,*,#3713,.T.);
#5312=ORIENTED_EDGE('',*,*,#3627,.F.);
#5313=ORIENTED_EDGE('',*,*,#3722,.T.);
#5314=ORIENTED_EDGE('',*,*,#3721,.T.);
#5315=ORIENTED_EDGE('',*,*,#3724,.T.);
#5316=ORIENTED_EDGE('',*,*,#3719,.F.);
#5317=ORIENTED_EDGE('',*,*,#3714,.T.);
#5318=ORIENTED_EDGE('',*,*,#3690,.F.);
#5319=ORIENTED_EDGE('',*,*,#3724,.F.);
#5320=ORIENTED_EDGE('',*,*,#3723,.T.);
#5321=PLANE('',#6383);
#5322=PLANE('',#6384);
#5323=PLANE('',#6385);
#5324=PLANE('',#6386);
#5325=PLANE('',#6387);
#5326=PLANE('',#6388);
#5327=PLANE('',#6389);
#5328=PLANE('',#6390);
#5329=PLANE('',#6391);
#5330=PLANE('',#6392);
#5331=PLANE('',#6393);
#5332=PLANE('',#6394);
#5333=PLANE('',#6395);
#5334=PLANE('',#6396);
#5335=PLANE('',#6397);
#5336=PLANE('',#6398);
#5337=PLANE('',#6399);
#5338=PLANE('',#6400);
#5339=PLANE('',#6401);
#5340=PLANE('',#6402);
#5341=PLANE('',#6403);
#5342=PLANE('',#6404);
#5343=PLANE('',#6405);
#5344=PLANE('',#6406);
#5345=PLANE('',#6407);
#5346=PLANE('',#6408);
#5347=PLANE('',#6409);
#5348=PLANE('',#6410);
#5349=PLANE('',#6411);
#5350=PLANE('',#6412);
#5351=PLANE('',#6413);
#5352=PLANE('',#6414);
#5353=PLANE('',#6415);
#5354=PLANE('',#6416);
#5355=PLANE('',#6417);
#5356=PLANE('',#6418);
#5357=PLANE('',#6419);
#5358=PLANE('',#6420);
#5359=PLANE('',#6421);
#5360=PLANE('',#6422);
#5361=PLANE('',#6423);
#5362=PLANE('',#6424);
#5363=PLANE('',#6425);
#5364=PLANE('',#6426);
#5365=PLANE('',#6427);
#5366=PLANE('',#6428);
#5367=PLANE('',#6429);
#5368=PLANE('',#6430);
#5369=PLANE('',#6431);
#5370=PLANE('',#6432);
#5371=PLANE('',#6433);
#5372=PLANE('',#6434);
#5373=PLANE('',#6435);
#5374=PLANE('',#6436);
#5375=PLANE('',#6437);
#5376=PLANE('',#6438);
#5377=PLANE('',#6439);
#5378=PLANE('',#6440);
#5379=PLANE('',#6441);
#5380=PLANE('',#6442);
#5381=PLANE('',#6443);
#5382=PLANE('',#6444);
#5383=PLANE('',#6445);
#5384=PLANE('',#6446);
#5385=PLANE('',#6447);
#5386=PLANE('',#6448);
#5387=PLANE('',#6449);
#5388=PLANE('',#6450);
#5389=PLANE('',#6451);
#5390=PLANE('',#6452);
#5391=PLANE('',#6453);
#5392=PLANE('',#6454);
#5393=PLANE('',#6455);
#5394=PLANE('',#6456);
#5395=PLANE('',#6457);
#5396=PLANE('',#6458);
#5397=PLANE('',#6459);
#5398=PLANE('',#6460);
#5399=PLANE('',#6461);
#5400=PLANE('',#6462);
#5401=PLANE('',#6463);
#5402=PLANE('',#6464);
#5403=PLANE('',#6465);
#5404=PLANE('',#6466);
#5405=PLANE('',#6467);
#5406=PLANE('',#6468);
#5407=PLANE('',#6469);
#5408=PLANE('',#6470);
#5409=PLANE('',#6471);
#5410=PLANE('',#6472);
#5411=PLANE('',#6473);
#5412=PLANE('',#6474);
#5413=PLANE('',#6475);
#5414=PLANE('',#6476);
#5415=PLANE('',#6477);
#5416=PLANE('',#6478);
#5417=PLANE('',#6479);
#5418=PLANE('',#6480);
#5419=PLANE('',#6481);
#5420=PLANE('',#6482);
#5421=PLANE('',#6483);
#5422=PLANE('',#6484);
#5423=PLANE('',#6485);
#5424=PLANE('',#6486);
#5425=PLANE('',#6487);
#5426=PLANE('',#6488);
#5427=PLANE('',#6489);
#5428=PLANE('',#6490);
#5429=PLANE('',#6491);
#5430=PLANE('',#6492);
#5431=PLANE('',#6493);
#5432=PLANE('',#6494);
#5433=PLANE('',#6495);
#5434=PLANE('',#6496);
#5435=PLANE('',#6497);
#5436=PLANE('',#6498);
#5437=PLANE('',#6499);
#5438=PLANE('',#6500);
#5439=PLANE('',#6501);
#5440=PLANE('',#6502);
#5441=PLANE('',#6503);
#5442=PLANE('',#6504);
#5443=PLANE('',#6505);
#5444=PLANE('',#6506);
#5445=PLANE('',#6507);
#5446=PLANE('',#6508);
#5447=PLANE('',#6509);
#5448=PLANE('',#6510);
#5449=PLANE('',#6511);
#5450=PLANE('',#6512);
#5451=PLANE('',#6513);
#5452=PLANE('',#6514);
#5453=PLANE('',#6515);
#5454=PLANE('',#6516);
#5455=PLANE('',#6517);
#5456=PLANE('',#6518);
#5457=PLANE('',#6519);
#5458=PLANE('',#6520);
#5459=PLANE('',#6521);
#5460=PLANE('',#6522);
#5461=PLANE('',#6523);
#5462=PLANE('',#6524);
#5463=PLANE('',#6525);
#5464=PLANE('',#6526);
#5465=PLANE('',#6527);
#5466=PLANE('',#6528);
#5467=PLANE('',#6529);
#5468=PLANE('',#6530);
#5469=PLANE('',#6531);
#5470=PLANE('',#6532);
#5471=PLANE('',#6533);
#5472=PLANE('',#6534);
#5473=PLANE('',#6535);
#5474=PLANE('',#6536);
#5475=PLANE('',#6537);
#5476=PLANE('',#6538);
#5477=PLANE('',#6539);
#5478=PLANE('',#6540);
#5479=PLANE('',#6541);
#5480=PLANE('',#6542);
#5481=PLANE('',#6543);
#5482=PLANE('',#6544);
#5483=PLANE('',#6545);
#5484=PLANE('',#6546);
#5485=PLANE('',#6547);
#5486=PLANE('',#6548);
#5487=PLANE('',#6549);
#5488=PLANE('',#6550);
#5489=PLANE('',#6551);
#5490=PLANE('',#6552);
#5491=PLANE('',#6553);
#5492=PLANE('',#6554);
#5493=PLANE('',#6555);
#5494=PLANE('',#6556);
#5495=PLANE('',#6557);
#5496=PLANE('',#6558);
#5497=PLANE('',#6559);
#5498=PLANE('',#6560);
#5499=PLANE('',#6561);
#5500=PLANE('',#6562);
#5501=PLANE('',#6563);
#5502=PLANE('',#6564);
#5503=PLANE('',#6565);
#5504=PLANE('',#6566);
#5505=PLANE('',#6567);
#5506=PLANE('',#6568);
#5507=PLANE('',#6569);
#5508=PLANE('',#6570);
#5509=PLANE('',#6571);
#5510=PLANE('',#6572);
#5511=PLANE('',#6573);
#5512=PLANE('',#6574);
#5513=PLANE('',#6575);
#5514=PLANE('',#6576);
#5515=PLANE('',#6577);
#5516=PLANE('',#6578);
#5517=PLANE('',#6579);
#5518=PLANE('',#6580);
#5519=PLANE('',#6581);
#5520=PLANE('',#6582);
#5521=PLANE('',#6583);
#5522=PLANE('',#6584);
#5523=PLANE('',#6585);
#5524=PLANE('',#6586);
#5525=PLANE('',#6587);
#5526=PLANE('',#6588);
#5527=PLANE('',#6589);
#5528=PLANE('',#6590);
#5529=PLANE('',#6591);
#5530=PLANE('',#6592);
#5531=PLANE('',#6593);
#5532=PLANE('',#6594);
#5533=PLANE('',#6595);
#5534=PLANE('',#6596);
#5535=PLANE('',#6597);
#5536=PLANE('',#6598);
#5537=PLANE('',#6599);
#5538=PLANE('',#6600);
#5539=PLANE('',#6601);
#5540=PLANE('',#6602);
#5541=PLANE('',#6603);
#5542=PLANE('',#6604);
#5543=PLANE('',#6605);
#5544=PLANE('',#6606);
#5545=PLANE('',#6607);
#5546=PLANE('',#6608);
#5547=PLANE('',#6609);
#5548=PLANE('',#6610);
#5549=PLANE('',#6611);
#5550=PLANE('',#6612);
#5551=PLANE('',#6613);
#5552=PLANE('',#6614);
#5553=PLANE('',#6615);
#5554=PLANE('',#6616);
#5555=PLANE('',#6617);
#5556=PLANE('',#6618);
#5557=PLANE('',#6619);
#5558=PLANE('',#6620);
#5559=PLANE('',#6621);
#5560=PLANE('',#6622);
#5561=PLANE('',#6623);
#5562=PLANE('',#6624);
#5563=PLANE('',#6625);
#5564=PLANE('',#6626);
#5565=PLANE('',#6627);
#5566=PLANE('',#6628);
#5567=PLANE('',#6629);
#5568=PLANE('',#6630);
#5569=PLANE('',#6631);
#5570=PLANE('',#6632);
#5571=PLANE('',#6633);
#5572=PLANE('',#6634);
#5573=PLANE('',#6635);
#5574=PLANE('',#6636);
#5575=PLANE('',#6637);
#5576=PLANE('',#6638);
#5577=PLANE('',#6639);
#5578=PLANE('',#6640);
#5579=PLANE('',#6641);
#5580=PLANE('',#6642);
#5581=PLANE('',#6643);
#5582=PLANE('',#6644);
#5583=PLANE('',#6645);
#5584=PLANE('',#6646);
#5585=PLANE('',#6647);
#5586=PLANE('',#6648);
#5587=PLANE('',#6649);
#5588=PLANE('',#6650);
#5589=PLANE('',#6651);
#5590=PLANE('',#6652);
#5591=PLANE('',#6653);
#5592=PLANE('',#6654);
#5593=PLANE('',#6655);
#5594=PLANE('',#6656);
#5595=PLANE('',#6657);
#5596=PLANE('',#6658);
#5597=PLANE('',#6659);
#5598=PLANE('',#6660);
#5599=PLANE('',#6661);
#5600=PLANE('',#6662);
#5601=PLANE('',#6663);
#5602=PLANE('',#6664);
#5603=PLANE('',#6665);
#5604=PLANE('',#6666);
#5605=PLANE('',#6667);
#5606=PLANE('',#6668);
#5607=PLANE('',#6669);
#5608=PLANE('',#6670);
#5609=PLANE('',#6671);
#5610=PLANE('',#6672);
#5611=PLANE('',#6673);
#5612=PLANE('',#6674);
#5613=PLANE('',#6675);
#5614=PLANE('',#6676);
#5615=PLANE('',#6677);
#5616=PLANE('',#6678);
#5617=PLANE('',#6679);
#5618=PLANE('',#6680);
#5619=PLANE('',#6681);
#5620=PLANE('',#6682);
#5621=PLANE('',#6683);
#5622=PLANE('',#6684);
#5623=PLANE('',#6685);
#5624=PLANE('',#6686);
#5625=PLANE('',#6687);
#5626=PLANE('',#6688);
#5627=PLANE('',#6689);
#5628=PLANE('',#6690);
#5629=PLANE('',#6691);
#5630=PLANE('',#6692);
#5631=PLANE('',#6693);
#5632=PLANE('',#6694);
#5633=PLANE('',#6695);
#5634=PLANE('',#6696);
#5635=PLANE('',#6697);
#5636=PLANE('',#6698);
#5637=PLANE('',#6699);
#5638=PLANE('',#6700);
#5639=PLANE('',#6701);
#5640=PLANE('',#6702);
#5641=PLANE('',#6703);
#5642=PLANE('',#6704);
#5643=PLANE('',#6705);
#5644=PLANE('',#6706);
#5645=PLANE('',#6707);
#5646=PLANE('',#6708);
#5647=PLANE('',#6709);
#5648=PLANE('',#6710);
#5649=PLANE('',#6711);
#5650=PLANE('',#6712);
#5651=PLANE('',#6713);
#5652=PLANE('',#6714);
#5653=PLANE('',#6715);
#5654=PLANE('',#6716);
#5655=PLANE('',#6717);
#5656=PLANE('',#6718);
#5657=PLANE('',#6719);
#5658=PLANE('',#6720);
#5659=PLANE('',#6721);
#5660=PLANE('',#6722);
#5661=PLANE('',#6723);
#5662=PLANE('',#6724);
#5663=PLANE('',#6725);
#5664=PLANE('',#6726);
#5665=PLANE('',#6727);
#5666=PLANE('',#6728);
#5667=PLANE('',#6729);
#5668=PLANE('',#6730);
#5669=PLANE('',#6731);
#5670=PLANE('',#6732);
#5671=PLANE('',#6733);
#5672=PLANE('',#6734);
#5673=PLANE('',#6735);
#5674=PLANE('',#6736);
#5675=PLANE('',#6737);
#5676=PLANE('',#6738);
#5677=PLANE('',#6739);
#5678=PLANE('',#6740);
#5679=PLANE('',#6741);
#5680=PLANE('',#6742);
#5681=PLANE('',#6743);
#5682=PLANE('',#6744);
#5683=PLANE('',#6745);
#5684=PLANE('',#6746);
#5685=PLANE('',#6747);
#5686=PLANE('',#6748);
#5687=PLANE('',#6749);
#5688=PLANE('',#6750);
#5689=PLANE('',#6751);
#5690=PLANE('',#6752);
#5691=PLANE('',#6753);
#5692=PLANE('',#6754);
#5693=PLANE('',#6755);
#5694=PLANE('',#6756);
#5695=PLANE('',#6757);
#5696=PLANE('',#6758);
#5697=PLANE('',#6759);
#5698=PLANE('',#6760);
#5699=PLANE('',#6761);
#5700=PLANE('',#6762);
#5701=PLANE('',#6763);
#5702=PLANE('',#6764);
#5703=PLANE('',#6765);
#5704=PLANE('',#6766);
#5705=PLANE('',#6767);
#5706=PLANE('',#6768);
#5707=PLANE('',#6769);
#5708=PLANE('',#6770);
#5709=PLANE('',#6771);
#5710=PLANE('',#6772);
#5711=PLANE('',#6773);
#5712=PLANE('',#6774);
#5713=PLANE('',#6775);
#5714=PLANE('',#6776);
#5715=PLANE('',#6777);
#5716=PLANE('',#6778);
#5717=PLANE('',#6779);
#5718=PLANE('',#6780);
#5719=PLANE('',#6781);
#5720=PLANE('',#6782);
#5721=PLANE('',#6783);
#5722=PLANE('',#6784);
#5723=PLANE('',#6785);
#5724=PLANE('',#6786);
#5725=PLANE('',#6787);
#5726=PLANE('',#6788);
#5727=PLANE('',#6789);
#5728=PLANE('',#6790);
#5729=PLANE('',#6791);
#5730=PLANE('',#6792);
#5731=PLANE('',#6793);
#5732=PLANE('',#6794);
#5733=PLANE('',#6795);
#5734=PLANE('',#6796);
#5735=PLANE('',#6797);
#5736=PLANE('',#6798);
#5737=PLANE('',#6799);
#5738=PLANE('',#6800);
#5739=PLANE('',#6801);
#5740=PLANE('',#6802);
#5741=PLANE('',#6803);
#5742=PLANE('',#6804);
#5743=PLANE('',#6805);
#5744=PLANE('',#6806);
#5745=PLANE('',#6807);
#5746=PLANE('',#6808);
#5747=PLANE('',#6809);
#5748=PLANE('',#6810);
#5749=PLANE('',#6811);
#5750=PLANE('',#6812);
#5751=PLANE('',#6813);
#5752=PLANE('',#6814);
#5753=PLANE('',#6815);
#5754=PLANE('',#6816);
#5755=PLANE('',#6817);
#5756=PLANE('',#6818);
#5757=PLANE('',#6819);
#5758=PLANE('',#6820);
#5759=PLANE('',#6821);
#5760=PLANE('',#6822);
#5761=PLANE('',#6823);
#5762=PLANE('',#6824);
#5763=PLANE('',#6825);
#5764=PLANE('',#6826);
#5765=PLANE('',#6827);
#5766=PLANE('',#6828);
#5767=PLANE('',#6829);
#5768=PLANE('',#6830);
#5769=PLANE('',#6831);
#5770=PLANE('',#6832);
#5771=PLANE('',#6833);
#5772=PLANE('',#6834);
#5773=PLANE('',#6835);
#5774=PLANE('',#6836);
#5775=PLANE('',#6837);
#5776=PLANE('',#6838);
#5777=PLANE('',#6839);
#5778=PLANE('',#6840);
#5779=PLANE('',#6841);
#5780=PLANE('',#6842);
#5781=PLANE('',#6843);
#5782=PLANE('',#6844);
#5783=PLANE('',#6845);
#5784=PLANE('',#6846);
#5785=PLANE('',#6847);
#5786=PLANE('',#6848);
#5787=PLANE('',#6849);
#5788=PLANE('',#6850);
#5789=PLANE('',#6851);
#5790=PLANE('',#6852);
#5791=PLANE('',#6853);
#5792=PLANE('',#6854);
#5793=PLANE('',#6855);
#5794=PLANE('',#6856);
#5795=PLANE('',#6857);
#5796=PLANE('',#6858);
#5797=PLANE('',#6859);
#5798=PLANE('',#6860);
#5799=PLANE('',#6861);
#5800=PLANE('',#6862);
#5801=PLANE('',#6863);
#5802=PLANE('',#6864);
#5803=PLANE('',#6865);
#5804=PLANE('',#6866);
#5805=PLANE('',#6867);
#5806=PLANE('',#6868);
#5807=PLANE('',#6869);
#5808=PLANE('',#6870);
#5809=PLANE('',#6871);
#5810=PLANE('',#6872);
#5811=PLANE('',#6873);
#5812=PLANE('',#6874);
#5813=PLANE('',#6875);
#5814=PLANE('',#6876);
#5815=PLANE('',#6877);
#5816=PLANE('',#6878);
#5817=PLANE('',#6879);
#5818=PLANE('',#6880);
#5819=PLANE('',#6881);
#5820=PLANE('',#6882);
#5821=PLANE('',#6883);
#5822=PLANE('',#6884);
#5823=PLANE('',#6885);
#5824=PLANE('',#6886);
#5825=PLANE('',#6887);
#5826=PLANE('',#6888);
#5827=PLANE('',#6889);
#5828=PLANE('',#6890);
#5829=PLANE('',#6891);
#5830=PLANE('',#6892);
#5831=PLANE('',#6893);
#5832=PLANE('',#6894);
#5833=PLANE('',#6895);
#5834=PLANE('',#6896);
#5835=PLANE('',#6897);
#5836=PLANE('',#6898);
#5837=PLANE('',#6899);
#5838=PLANE('',#6900);
#5839=PLANE('',#6901);
#5840=PLANE('',#6902);
#5841=PLANE('',#6903);
#5842=PLANE('',#6904);
#5843=PLANE('',#6905);
#5844=PLANE('',#6906);
#5845=ADVANCED_FACE('',(#15),#5321,.T.);
#5846=ADVANCED_FACE('',(#16),#5322,.T.);
#5847=ADVANCED_FACE('',(#17),#5323,.T.);
#5848=ADVANCED_FACE('',(#18),#5324,.T.);
#5849=ADVANCED_FACE('',(#19),#5325,.T.);
#5850=ADVANCED_FACE('',(#20),#5326,.T.);
#5851=ADVANCED_FACE('',(#21),#5327,.T.);
#5852=ADVANCED_FACE('',(#22),#5328,.T.);
#5853=ADVANCED_FACE('',(#23),#5329,.F.);
#5854=ADVANCED_FACE('',(#24),#5330,.F.);
#5855=ADVANCED_FACE('',(#25),#5331,.F.);
#5856=ADVANCED_FACE('',(#26),#5332,.T.);
#5857=ADVANCED_FACE('',(#27),#5333,.T.);
#5858=ADVANCED_FACE('',(#28),#5334,.T.);
#5859=ADVANCED_FACE('',(#29),#5335,.T.);
#5860=ADVANCED_FACE('',(#30),#5336,.T.);
#5861=ADVANCED_FACE('',(#31),#5337,.T.);
#5862=ADVANCED_FACE('',(#32),#5338,.T.);
#5863=ADVANCED_FACE('',(#33),#5339,.T.);
#5864=ADVANCED_FACE('',(#34),#5340,.T.);
#5865=ADVANCED_FACE('',(#35),#5341,.T.);
#5866=ADVANCED_FACE('',(#36),#5342,.T.);
#5867=ADVANCED_FACE('',(#37),#5343,.T.);
#5868=ADVANCED_FACE('',(#38),#5344,.T.);
#5869=ADVANCED_FACE('',(#39),#5345,.T.);
#5870=ADVANCED_FACE('',(#40),#5346,.T.);
#5871=ADVANCED_FACE('',(#41),#5347,.T.);
#5872=ADVANCED_FACE('',(#42),#5348,.T.);
#5873=ADVANCED_FACE('',(#43),#5349,.T.);
#5874=ADVANCED_FACE('',(#44),#5350,.T.);
#5875=ADVANCED_FACE('',(#45),#5351,.T.);
#5876=ADVANCED_FACE('',(#46),#5352,.T.);
#5877=ADVANCED_FACE('',(#47),#5353,.T.);
#5878=ADVANCED_FACE('',(#48),#5354,.T.);
#5879=ADVANCED_FACE('',(#49),#5355,.T.);
#5880=ADVANCED_FACE('',(#50),#5356,.T.);
#5881=ADVANCED_FACE('',(#51),#5357,.T.);
#5882=ADVANCED_FACE('',(#52),#5358,.T.);
#5883=ADVANCED_FACE('',(#53),#5359,.T.);
#5884=ADVANCED_FACE('',(#54),#5360,.T.);
#5885=ADVANCED_FACE('',(#55),#5361,.T.);
#5886=ADVANCED_FACE('',(#56),#5362,.T.);
#5887=ADVANCED_FACE('',(#57),#5363,.T.);
#5888=ADVANCED_FACE('',(#58),#5364,.T.);
#5889=ADVANCED_FACE('',(#59),#5365,.T.);
#5890=ADVANCED_FACE('',(#60),#5366,.T.);
#5891=ADVANCED_FACE('',(#61),#5367,.T.);
#5892=ADVANCED_FACE('',(#62),#5368,.T.);
#5893=ADVANCED_FACE('',(#63),#5369,.T.);
#5894=ADVANCED_FACE('',(#64),#5370,.T.);
#5895=ADVANCED_FACE('',(#65),#5371,.T.);
#5896=ADVANCED_FACE('',(#66),#5372,.T.);
#5897=ADVANCED_FACE('',(#67),#5373,.T.);
#5898=ADVANCED_FACE('',(#68),#5374,.T.);
#5899=ADVANCED_FACE('',(#69),#5375,.T.);
#5900=ADVANCED_FACE('',(#70),#5376,.T.);
#5901=ADVANCED_FACE('',(#71),#5377,.T.);
#5902=ADVANCED_FACE('',(#72),#5378,.T.);
#5903=ADVANCED_FACE('',(#73),#5379,.T.);
#5904=ADVANCED_FACE('',(#74),#5380,.T.);
#5905=ADVANCED_FACE('',(#75),#5381,.T.);
#5906=ADVANCED_FACE('',(#76),#5382,.T.);
#5907=ADVANCED_FACE('',(#77),#5383,.T.);
#5908=ADVANCED_FACE('',(#78),#5384,.T.);
#5909=ADVANCED_FACE('',(#79),#5385,.T.);
#5910=ADVANCED_FACE('',(#80),#5386,.T.);
#5911=ADVANCED_FACE('',(#81),#5387,.T.);
#5912=ADVANCED_FACE('',(#82),#5388,.T.);
#5913=ADVANCED_FACE('',(#83),#5389,.T.);
#5914=ADVANCED_FACE('',(#84),#5390,.T.);
#5915=ADVANCED_FACE('',(#85),#5391,.T.);
#5916=ADVANCED_FACE('',(#86),#5392,.T.);
#5917=ADVANCED_FACE('',(#87),#5393,.T.);
#5918=ADVANCED_FACE('',(#88),#5394,.T.);
#5919=ADVANCED_FACE('',(#89),#5395,.T.);
#5920=ADVANCED_FACE('',(#90),#5396,.T.);
#5921=ADVANCED_FACE('',(#91),#5397,.T.);
#5922=ADVANCED_FACE('',(#92),#5398,.T.);
#5923=ADVANCED_FACE('',(#93),#5399,.T.);
#5924=ADVANCED_FACE('',(#94),#5400,.T.);
#5925=ADVANCED_FACE('',(#95),#5401,.T.);
#5926=ADVANCED_FACE('',(#96),#5402,.T.);
#5927=ADVANCED_FACE('',(#97),#5403,.T.);
#5928=ADVANCED_FACE('',(#98),#5404,.T.);
#5929=ADVANCED_FACE('',(#99),#5405,.T.);
#5930=ADVANCED_FACE('',(#100),#5406,.T.);
#5931=ADVANCED_FACE('',(#101),#5407,.T.);
#5932=ADVANCED_FACE('',(#102),#5408,.T.);
#5933=ADVANCED_FACE('',(#103),#5409,.T.);
#5934=ADVANCED_FACE('',(#104),#5410,.T.);
#5935=ADVANCED_FACE('',(#105),#5411,.T.);
#5936=ADVANCED_FACE('',(#106),#5412,.T.);
#5937=ADVANCED_FACE('',(#107),#5413,.T.);
#5938=ADVANCED_FACE('',(#108),#5414,.T.);
#5939=ADVANCED_FACE('',(#109),#5415,.T.);
#5940=ADVANCED_FACE('',(#110),#5416,.T.);
#5941=ADVANCED_FACE('',(#111),#5417,.T.);
#5942=ADVANCED_FACE('',(#112),#5418,.T.);
#5943=ADVANCED_FACE('',(#113),#5419,.T.);
#5944=ADVANCED_FACE('',(#114),#5420,.T.);
#5945=ADVANCED_FACE('',(#115),#5421,.T.);
#5946=ADVANCED_FACE('',(#116),#5422,.T.);
#5947=ADVANCED_FACE('',(#117),#5423,.T.);
#5948=ADVANCED_FACE('',(#118),#5424,.T.);
#5949=ADVANCED_FACE('',(#119),#5425,.T.);
#5950=ADVANCED_FACE('',(#120),#5426,.T.);
#5951=ADVANCED_FACE('',(#121),#5427,.T.);
#5952=ADVANCED_FACE('',(#122),#5428,.T.);
#5953=ADVANCED_FACE('',(#123),#5429,.T.);
#5954=ADVANCED_FACE('',(#124),#5430,.T.);
#5955=ADVANCED_FACE('',(#125),#5431,.T.);
#5956=ADVANCED_FACE('',(#126),#5432,.T.);
#5957=ADVANCED_FACE('',(#127),#5433,.T.);
#5958=ADVANCED_FACE('',(#128),#5434,.T.);
#5959=ADVANCED_FACE('',(#129),#5435,.T.);
#5960=ADVANCED_FACE('',(#130),#5436,.T.);
#5961=ADVANCED_FACE('',(#131),#5437,.T.);
#5962=ADVANCED_FACE('',(#132),#5438,.T.);
#5963=ADVANCED_FACE('',(#133),#5439,.T.);
#5964=ADVANCED_FACE('',(#134),#5440,.T.);
#5965=ADVANCED_FACE('',(#135),#5441,.T.);
#5966=ADVANCED_FACE('',(#136),#5442,.T.);
#5967=ADVANCED_FACE('',(#137),#5443,.T.);
#5968=ADVANCED_FACE('',(#138),#5444,.T.);
#5969=ADVANCED_FACE('',(#139),#5445,.T.);
#5970=ADVANCED_FACE('',(#140),#5446,.T.);
#5971=ADVANCED_FACE('',(#141),#5447,.T.);
#5972=ADVANCED_FACE('',(#142),#5448,.T.);
#5973=ADVANCED_FACE('',(#143),#5449,.T.);
#5974=ADVANCED_FACE('',(#144),#5450,.T.);
#5975=ADVANCED_FACE('',(#145),#5451,.T.);
#5976=ADVANCED_FACE('',(#146),#5452,.T.);
#5977=ADVANCED_FACE('',(#147),#5453,.T.);
#5978=ADVANCED_FACE('',(#148),#5454,.T.);
#5979=ADVANCED_FACE('',(#149),#5455,.T.);
#5980=ADVANCED_FACE('',(#150),#5456,.T.);
#5981=ADVANCED_FACE('',(#151),#5457,.T.);
#5982=ADVANCED_FACE('',(#152),#5458,.T.);
#5983=ADVANCED_FACE('',(#153),#5459,.T.);
#5984=ADVANCED_FACE('',(#154),#5460,.T.);
#5985=ADVANCED_FACE('',(#155),#5461,.T.);
#5986=ADVANCED_FACE('',(#156),#5462,.T.);
#5987=ADVANCED_FACE('',(#157),#5463,.T.);
#5988=ADVANCED_FACE('',(#158),#5464,.T.);
#5989=ADVANCED_FACE('',(#159),#5465,.T.);
#5990=ADVANCED_FACE('',(#160),#5466,.T.);
#5991=ADVANCED_FACE('',(#161),#5467,.T.);
#5992=ADVANCED_FACE('',(#162),#5468,.T.);
#5993=ADVANCED_FACE('',(#163),#5469,.T.);
#5994=ADVANCED_FACE('',(#164),#5470,.T.);
#5995=ADVANCED_FACE('',(#165),#5471,.T.);
#5996=ADVANCED_FACE('',(#166),#5472,.T.);
#5997=ADVANCED_FACE('',(#167),#5473,.T.);
#5998=ADVANCED_FACE('',(#168),#5474,.T.);
#5999=ADVANCED_FACE('',(#169),#5475,.T.);
#6000=ADVANCED_FACE('',(#170),#5476,.T.);
#6001=ADVANCED_FACE('',(#171),#5477,.T.);
#6002=ADVANCED_FACE('',(#172),#5478,.T.);
#6003=ADVANCED_FACE('',(#173),#5479,.T.);
#6004=ADVANCED_FACE('',(#174),#5480,.T.);
#6005=ADVANCED_FACE('',(#175),#5481,.T.);
#6006=ADVANCED_FACE('',(#176),#5482,.T.);
#6007=ADVANCED_FACE('',(#177),#5483,.T.);
#6008=ADVANCED_FACE('',(#178),#5484,.T.);
#6009=ADVANCED_FACE('',(#179),#5485,.T.);
#6010=ADVANCED_FACE('',(#180),#5486,.T.);
#6011=ADVANCED_FACE('',(#181),#5487,.T.);
#6012=ADVANCED_FACE('',(#182),#5488,.T.);
#6013=ADVANCED_FACE('',(#183),#5489,.T.);
#6014=ADVANCED_FACE('',(#184),#5490,.T.);
#6015=ADVANCED_FACE('',(#185),#5491,.T.);
#6016=ADVANCED_FACE('',(#186),#5492,.T.);
#6017=ADVANCED_FACE('',(#187),#5493,.T.);
#6018=ADVANCED_FACE('',(#188),#5494,.T.);
#6019=ADVANCED_FACE('',(#189),#5495,.T.);
#6020=ADVANCED_FACE('',(#190),#5496,.T.);
#6021=ADVANCED_FACE('',(#191),#5497,.T.);
#6022=ADVANCED_FACE('',(#192),#5498,.T.);
#6023=ADVANCED_FACE('',(#193),#5499,.T.);
#6024=ADVANCED_FACE('',(#194),#5500,.T.);
#6025=ADVANCED_FACE('',(#195),#5501,.T.);
#6026=ADVANCED_FACE('',(#196),#5502,.T.);
#6027=ADVANCED_FACE('',(#197),#5503,.T.);
#6028=ADVANCED_FACE('',(#198),#5504,.T.);
#6029=ADVANCED_FACE('',(#199),#5505,.T.);
#6030=ADVANCED_FACE('',(#200),#5506,.T.);
#6031=ADVANCED_FACE('',(#201),#5507,.T.);
#6032=ADVANCED_FACE('',(#202),#5508,.T.);
#6033=ADVANCED_FACE('',(#203),#5509,.T.);
#6034=ADVANCED_FACE('',(#204),#5510,.T.);
#6035=ADVANCED_FACE('',(#205),#5511,.T.);
#6036=ADVANCED_FACE('',(#206),#5512,.T.);
#6037=ADVANCED_FACE('',(#207),#5513,.T.);
#6038=ADVANCED_FACE('',(#208),#5514,.T.);
#6039=ADVANCED_FACE('',(#209),#5515,.T.);
#6040=ADVANCED_FACE('',(#210),#5516,.T.);
#6041=ADVANCED_FACE('',(#211),#5517,.T.);
#6042=ADVANCED_FACE('',(#212),#5518,.T.);
#6043=ADVANCED_FACE('',(#213),#5519,.T.);
#6044=ADVANCED_FACE('',(#214),#5520,.T.);
#6045=ADVANCED_FACE('',(#215),#5521,.T.);
#6046=ADVANCED_FACE('',(#216),#5522,.T.);
#6047=ADVANCED_FACE('',(#217),#5523,.T.);
#6048=ADVANCED_FACE('',(#218),#5524,.T.);
#6049=ADVANCED_FACE('',(#219),#5525,.T.);
#6050=ADVANCED_FACE('',(#220),#5526,.T.);
#6051=ADVANCED_FACE('',(#221),#5527,.T.);
#6052=ADVANCED_FACE('',(#222),#5528,.T.);
#6053=ADVANCED_FACE('',(#223),#5529,.T.);
#6054=ADVANCED_FACE('',(#224),#5530,.T.);
#6055=ADVANCED_FACE('',(#225),#5531,.T.);
#6056=ADVANCED_FACE('',(#226),#5532,.T.);
#6057=ADVANCED_FACE('',(#227),#5533,.T.);
#6058=ADVANCED_FACE('',(#228),#5534,.T.);
#6059=ADVANCED_FACE('',(#229),#5535,.T.);
#6060=ADVANCED_FACE('',(#230),#5536,.T.);
#6061=ADVANCED_FACE('',(#231),#5537,.T.);
#6062=ADVANCED_FACE('',(#232),#5538,.T.);
#6063=ADVANCED_FACE('',(#233),#5539,.T.);
#6064=ADVANCED_FACE('',(#234),#5540,.T.);
#6065=ADVANCED_FACE('',(#235),#5541,.T.);
#6066=ADVANCED_FACE('',(#236),#5542,.T.);
#6067=ADVANCED_FACE('',(#237),#5543,.T.);
#6068=ADVANCED_FACE('',(#238),#5544,.T.);
#6069=ADVANCED_FACE('',(#239),#5545,.T.);
#6070=ADVANCED_FACE('',(#240),#5546,.T.);
#6071=ADVANCED_FACE('',(#241),#5547,.T.);
#6072=ADVANCED_FACE('',(#242),#5548,.T.);
#6073=ADVANCED_FACE('',(#243),#5549,.T.);
#6074=ADVANCED_FACE('',(#244),#5550,.T.);
#6075=ADVANCED_FACE('',(#245),#5551,.T.);
#6076=ADVANCED_FACE('',(#246),#5552,.T.);
#6077=ADVANCED_FACE('',(#247),#5553,.T.);
#6078=ADVANCED_FACE('',(#248),#5554,.T.);
#6079=ADVANCED_FACE('',(#249),#5555,.T.);
#6080=ADVANCED_FACE('',(#250),#5556,.T.);
#6081=ADVANCED_FACE('',(#251),#5557,.T.);
#6082=ADVANCED_FACE('',(#252),#5558,.T.);
#6083=ADVANCED_FACE('',(#253),#5559,.T.);
#6084=ADVANCED_FACE('',(#254),#5560,.T.);
#6085=ADVANCED_FACE('',(#255),#5561,.T.);
#6086=ADVANCED_FACE('',(#256),#5562,.T.);
#6087=ADVANCED_FACE('',(#257),#5563,.T.);
#6088=ADVANCED_FACE('',(#258),#5564,.T.);
#6089=ADVANCED_FACE('',(#259),#5565,.T.);
#6090=ADVANCED_FACE('',(#260),#5566,.T.);
#6091=ADVANCED_FACE('',(#261),#5567,.T.);
#6092=ADVANCED_FACE('',(#262),#5568,.T.);
#6093=ADVANCED_FACE('',(#263),#5569,.T.);
#6094=ADVANCED_FACE('',(#264),#5570,.T.);
#6095=ADVANCED_FACE('',(#265),#5571,.T.);
#6096=ADVANCED_FACE('',(#266),#5572,.T.);
#6097=ADVANCED_FACE('',(#267),#5573,.T.);
#6098=ADVANCED_FACE('',(#268),#5574,.T.);
#6099=ADVANCED_FACE('',(#269),#5575,.T.);
#6100=ADVANCED_FACE('',(#270),#5576,.T.);
#6101=ADVANCED_FACE('',(#271),#5577,.T.);
#6102=ADVANCED_FACE('',(#272),#5578,.T.);
#6103=ADVANCED_FACE('',(#273),#5579,.T.);
#6104=ADVANCED_FACE('',(#274),#5580,.T.);
#6105=ADVANCED_FACE('',(#275),#5581,.T.);
#6106=ADVANCED_FACE('',(#276),#5582,.T.);
#6107=ADVANCED_FACE('',(#277),#5583,.T.);
#6108=ADVANCED_FACE('',(#278),#5584,.T.);
#6109=ADVANCED_FACE('',(#279),#5585,.T.);
#6110=ADVANCED_FACE('',(#280),#5586,.T.);
#6111=ADVANCED_FACE('',(#281),#5587,.T.);
#6112=ADVANCED_FACE('',(#282),#5588,.T.);
#6113=ADVANCED_FACE('',(#283),#5589,.T.);
#6114=ADVANCED_FACE('',(#284),#5590,.T.);
#6115=ADVANCED_FACE('',(#285),#5591,.T.);
#6116=ADVANCED_FACE('',(#286),#5592,.T.);
#6117=ADVANCED_FACE('',(#287),#5593,.T.);
#6118=ADVANCED_FACE('',(#288),#5594,.T.);
#6119=ADVANCED_FACE('',(#289),#5595,.T.);
#6120=ADVANCED_FACE('',(#290),#5596,.T.);
#6121=ADVANCED_FACE('',(#291),#5597,.T.);
#6122=ADVANCED_FACE('',(#292),#5598,.T.);
#6123=ADVANCED_FACE('',(#293),#5599,.T.);
#6124=ADVANCED_FACE('',(#294),#5600,.T.);
#6125=ADVANCED_FACE('',(#295),#5601,.T.);
#6126=ADVANCED_FACE('',(#296),#5602,.T.);
#6127=ADVANCED_FACE('',(#297),#5603,.T.);
#6128=ADVANCED_FACE('',(#298),#5604,.T.);
#6129=ADVANCED_FACE('',(#299),#5605,.T.);
#6130=ADVANCED_FACE('',(#300),#5606,.T.);
#6131=ADVANCED_FACE('',(#301),#5607,.T.);
#6132=ADVANCED_FACE('',(#302),#5608,.T.);
#6133=ADVANCED_FACE('',(#303),#5609,.T.);
#6134=ADVANCED_FACE('',(#304),#5610,.T.);
#6135=ADVANCED_FACE('',(#305),#5611,.T.);
#6136=ADVANCED_FACE('',(#306),#5612,.T.);
#6137=ADVANCED_FACE('',(#307),#5613,.T.);
#6138=ADVANCED_FACE('',(#308),#5614,.T.);
#6139=ADVANCED_FACE('',(#309),#5615,.T.);
#6140=ADVANCED_FACE('',(#310),#5616,.T.);
#6141=ADVANCED_FACE('',(#311),#5617,.T.);
#6142=ADVANCED_FACE('',(#312),#5618,.T.);
#6143=ADVANCED_FACE('',(#313),#5619,.T.);
#6144=ADVANCED_FACE('',(#314),#5620,.T.);
#6145=ADVANCED_FACE('',(#315),#5621,.T.);
#6146=ADVANCED_FACE('',(#316),#5622,.T.);
#6147=ADVANCED_FACE('',(#317),#5623,.T.);
#6148=ADVANCED_FACE('',(#318),#5624,.T.);
#6149=ADVANCED_FACE('',(#319),#5625,.T.);
#6150=ADVANCED_FACE('',(#320),#5626,.T.);
#6151=ADVANCED_FACE('',(#321),#5627,.T.);
#6152=ADVANCED_FACE('',(#322),#5628,.T.);
#6153=ADVANCED_FACE('',(#323),#5629,.T.);
#6154=ADVANCED_FACE('',(#324),#5630,.T.);
#6155=ADVANCED_FACE('',(#325),#5631,.T.);
#6156=ADVANCED_FACE('',(#326),#5632,.T.);
#6157=ADVANCED_FACE('',(#327),#5633,.T.);
#6158=ADVANCED_FACE('',(#328),#5634,.T.);
#6159=ADVANCED_FACE('',(#329),#5635,.T.);
#6160=ADVANCED_FACE('',(#330),#5636,.T.);
#6161=ADVANCED_FACE('',(#331),#5637,.T.);
#6162=ADVANCED_FACE('',(#332),#5638,.T.);
#6163=ADVANCED_FACE('',(#333),#5639,.T.);
#6164=ADVANCED_FACE('',(#334),#5640,.T.);
#6165=ADVANCED_FACE('',(#335),#5641,.T.);
#6166=ADVANCED_FACE('',(#336),#5642,.T.);
#6167=ADVANCED_FACE('',(#337),#5643,.T.);
#6168=ADVANCED_FACE('',(#338),#5644,.T.);
#6169=ADVANCED_FACE('',(#339),#5645,.T.);
#6170=ADVANCED_FACE('',(#340),#5646,.T.);
#6171=ADVANCED_FACE('',(#341),#5647,.T.);
#6172=ADVANCED_FACE('',(#342),#5648,.T.);
#6173=ADVANCED_FACE('',(#343),#5649,.T.);
#6174=ADVANCED_FACE('',(#344),#5650,.T.);
#6175=ADVANCED_FACE('',(#345),#5651,.T.);
#6176=ADVANCED_FACE('',(#346),#5652,.T.);
#6177=ADVANCED_FACE('',(#347),#5653,.T.);
#6178=ADVANCED_FACE('',(#348),#5654,.T.);
#6179=ADVANCED_FACE('',(#349),#5655,.T.);
#6180=ADVANCED_FACE('',(#350),#5656,.T.);
#6181=ADVANCED_FACE('',(#351),#5657,.T.);
#6182=ADVANCED_FACE('',(#352),#5658,.T.);
#6183=ADVANCED_FACE('',(#353),#5659,.T.);
#6184=ADVANCED_FACE('',(#354),#5660,.T.);
#6185=ADVANCED_FACE('',(#355),#5661,.T.);
#6186=ADVANCED_FACE('',(#356),#5662,.T.);
#6187=ADVANCED_FACE('',(#357),#5663,.T.);
#6188=ADVANCED_FACE('',(#358),#5664,.T.);
#6189=ADVANCED_FACE('',(#359),#5665,.T.);
#6190=ADVANCED_FACE('',(#360),#5666,.T.);
#6191=ADVANCED_FACE('',(#361),#5667,.T.);
#6192=ADVANCED_FACE('',(#362),#5668,.T.);
#6193=ADVANCED_FACE('',(#363),#5669,.T.);
#6194=ADVANCED_FACE('',(#364),#5670,.T.);
#6195=ADVANCED_FACE('',(#365),#5671,.T.);
#6196=ADVANCED_FACE('',(#366),#5672,.T.);
#6197=ADVANCED_FACE('',(#367),#5673,.T.);
#6198=ADVANCED_FACE('',(#368),#5674,.T.);
#6199=ADVANCED_FACE('',(#369),#5675,.T.);
#6200=ADVANCED_FACE('',(#370),#5676,.T.);
#6201=ADVANCED_FACE('',(#371),#5677,.T.);
#6202=ADVANCED_FACE('',(#372),#5678,.T.);
#6203=ADVANCED_FACE('',(#373),#5679,.T.);
#6204=ADVANCED_FACE('',(#374),#5680,.T.);
#6205=ADVANCED_FACE('',(#375),#5681,.T.);
#6206=ADVANCED_FACE('',(#376),#5682,.T.);
#6207=ADVANCED_FACE('',(#377),#5683,.T.);
#6208=ADVANCED_FACE('',(#378),#5684,.T.);
#6209=ADVANCED_FACE('',(#379),#5685,.T.);
#6210=ADVANCED_FACE('',(#380),#5686,.T.);
#6211=ADVANCED_FACE('',(#381),#5687,.T.);
#6212=ADVANCED_FACE('',(#382),#5688,.T.);
#6213=ADVANCED_FACE('',(#383),#5689,.T.);
#6214=ADVANCED_FACE('',(#384),#5690,.T.);
#6215=ADVANCED_FACE('',(#385),#5691,.T.);
#6216=ADVANCED_FACE('',(#386),#5692,.T.);
#6217=ADVANCED_FACE('',(#387),#5693,.T.);
#6218=ADVANCED_FACE('',(#388),#5694,.T.);
#6219=ADVANCED_FACE('',(#389),#5695,.T.);
#6220=ADVANCED_FACE('',(#390),#5696,.T.);
#6221=ADVANCED_FACE('',(#391),#5697,.T.);
#6222=ADVANCED_FACE('',(#392),#5698,.T.);
#6223=ADVANCED_FACE('',(#393),#5699,.T.);
#6224=ADVANCED_FACE('',(#394),#5700,.T.);
#6225=ADVANCED_FACE('',(#395),#5701,.T.);
#6226=ADVANCED_FACE('',(#396),#5702,.T.);
#6227=ADVANCED_FACE('',(#397),#5703,.T.);
#6228=ADVANCED_FACE('',(#398),#5704,.T.);
#6229=ADVANCED_FACE('',(#399),#5705,.T.);
#6230=ADVANCED_FACE('',(#400),#5706,.T.);
#6231=ADVANCED_FACE('',(#401),#5707,.T.);
#6232=ADVANCED_FACE('',(#402),#5708,.T.);
#6233=ADVANCED_FACE('',(#403),#5709,.T.);
#6234=ADVANCED_FACE('',(#404),#5710,.T.);
#6235=ADVANCED_FACE('',(#405),#5711,.T.);
#6236=ADVANCED_FACE('',(#406),#5712,.T.);
#6237=ADVANCED_FACE('',(#407),#5713,.T.);
#6238=ADVANCED_FACE('',(#408),#5714,.T.);
#6239=ADVANCED_FACE('',(#409),#5715,.T.);
#6240=ADVANCED_FACE('',(#410),#5716,.T.);
#6241=ADVANCED_FACE('',(#411),#5717,.T.);
#6242=ADVANCED_FACE('',(#412),#5718,.T.);
#6243=ADVANCED_FACE('',(#413),#5719,.T.);
#6244=ADVANCED_FACE('',(#414),#5720,.T.);
#6245=ADVANCED_FACE('',(#415),#5721,.T.);
#6246=ADVANCED_FACE('',(#416),#5722,.T.);
#6247=ADVANCED_FACE('',(#417),#5723,.T.);
#6248=ADVANCED_FACE('',(#418),#5724,.T.);
#6249=ADVANCED_FACE('',(#419),#5725,.T.);
#6250=ADVANCED_FACE('',(#420),#5726,.T.);
#6251=ADVANCED_FACE('',(#421),#5727,.T.);
#6252=ADVANCED_FACE('',(#422),#5728,.T.);
#6253=ADVANCED_FACE('',(#423),#5729,.T.);
#6254=ADVANCED_FACE('',(#424),#5730,.T.);
#6255=ADVANCED_FACE('',(#425),#5731,.T.);
#6256=ADVANCED_FACE('',(#426),#5732,.T.);
#6257=ADVANCED_FACE('',(#427),#5733,.T.);
#6258=ADVANCED_FACE('',(#428),#5734,.T.);
#6259=ADVANCED_FACE('',(#429),#5735,.T.);
#6260=ADVANCED_FACE('',(#430),#5736,.T.);
#6261=ADVANCED_FACE('',(#431),#5737,.T.);
#6262=ADVANCED_FACE('',(#432),#5738,.T.);
#6263=ADVANCED_FACE('',(#433),#5739,.T.);
#6264=ADVANCED_FACE('',(#434),#5740,.T.);
#6265=ADVANCED_FACE('',(#435),#5741,.T.);
#6266=ADVANCED_FACE('',(#436),#5742,.T.);
#6267=ADVANCED_FACE('',(#437),#5743,.T.);
#6268=ADVANCED_FACE('',(#438),#5744,.T.);
#6269=ADVANCED_FACE('',(#439),#5745,.T.);
#6270=ADVANCED_FACE('',(#440),#5746,.T.);
#6271=ADVANCED_FACE('',(#441),#5747,.T.);
#6272=ADVANCED_FACE('',(#442),#5748,.T.);
#6273=ADVANCED_FACE('',(#443),#5749,.T.);
#6274=ADVANCED_FACE('',(#444),#5750,.T.);
#6275=ADVANCED_FACE('',(#445),#5751,.T.);
#6276=ADVANCED_FACE('',(#446),#5752,.T.);
#6277=ADVANCED_FACE('',(#447),#5753,.T.);
#6278=ADVANCED_FACE('',(#448),#5754,.T.);
#6279=ADVANCED_FACE('',(#449),#5755,.T.);
#6280=ADVANCED_FACE('',(#450),#5756,.T.);
#6281=ADVANCED_FACE('',(#451),#5757,.T.);
#6282=ADVANCED_FACE('',(#452),#5758,.T.);
#6283=ADVANCED_FACE('',(#453),#5759,.T.);
#6284=ADVANCED_FACE('',(#454),#5760,.T.);
#6285=ADVANCED_FACE('',(#455),#5761,.T.);
#6286=ADVANCED_FACE('',(#456),#5762,.T.);
#6287=ADVANCED_FACE('',(#457),#5763,.T.);
#6288=ADVANCED_FACE('',(#458),#5764,.T.);
#6289=ADVANCED_FACE('',(#459),#5765,.T.);
#6290=ADVANCED_FACE('',(#460),#5766,.T.);
#6291=ADVANCED_FACE('',(#461),#5767,.T.);
#6292=ADVANCED_FACE('',(#462),#5768,.T.);
#6293=ADVANCED_FACE('',(#463),#5769,.T.);
#6294=ADVANCED_FACE('',(#464),#5770,.T.);
#6295=ADVANCED_FACE('',(#465),#5771,.T.);
#6296=ADVANCED_FACE('',(#466),#5772,.T.);
#6297=ADVANCED_FACE('',(#467),#5773,.T.);
#6298=ADVANCED_FACE('',(#468),#5774,.T.);
#6299=ADVANCED_FACE('',(#469),#5775,.T.);
#6300=ADVANCED_FACE('',(#470),#5776,.T.);
#6301=ADVANCED_FACE('',(#471),#5777,.T.);
#6302=ADVANCED_FACE('',(#472),#5778,.T.);
#6303=ADVANCED_FACE('',(#473),#5779,.T.);
#6304=ADVANCED_FACE('',(#474),#5780,.T.);
#6305=ADVANCED_FACE('',(#475),#5781,.T.);
#6306=ADVANCED_FACE('',(#476),#5782,.T.);
#6307=ADVANCED_FACE('',(#477),#5783,.T.);
#6308=ADVANCED_FACE('',(#478),#5784,.T.);
#6309=ADVANCED_FACE('',(#479),#5785,.T.);
#6310=ADVANCED_FACE('',(#480),#5786,.T.);
#6311=ADVANCED_FACE('',(#481),#5787,.T.);
#6312=ADVANCED_FACE('',(#482),#5788,.T.);
#6313=ADVANCED_FACE('',(#483),#5789,.T.);
#6314=ADVANCED_FACE('',(#484),#5790,.T.);
#6315=ADVANCED_FACE('',(#485),#5791,.T.);
#6316=ADVANCED_FACE('',(#486),#5792,.T.);
#6317=ADVANCED_FACE('',(#487),#5793,.T.);
#6318=ADVANCED_FACE('',(#488),#5794,.T.);
#6319=ADVANCED_FACE('',(#489),#5795,.T.);
#6320=ADVANCED_FACE('',(#490),#5796,.T.);
#6321=ADVANCED_FACE('',(#491),#5797,.T.);
#6322=ADVANCED_FACE('',(#492),#5798,.T.);
#6323=ADVANCED_FACE('',(#493),#5799,.T.);
#6324=ADVANCED_FACE('',(#494),#5800,.T.);
#6325=ADVANCED_FACE('',(#495),#5801,.T.);
#6326=ADVANCED_FACE('',(#496),#5802,.T.);
#6327=ADVANCED_FACE('',(#497),#5803,.T.);
#6328=ADVANCED_FACE('',(#498),#5804,.T.);
#6329=ADVANCED_FACE('',(#499),#5805,.T.);
#6330=ADVANCED_FACE('',(#500),#5806,.T.);
#6331=ADVANCED_FACE('',(#501),#5807,.T.);
#6332=ADVANCED_FACE('',(#502),#5808,.T.);
#6333=ADVANCED_FACE('',(#503),#5809,.T.);
#6334=ADVANCED_FACE('',(#504),#5810,.T.);
#6335=ADVANCED_FACE('',(#505),#5811,.T.);
#6336=ADVANCED_FACE('',(#506),#5812,.T.);
#6337=ADVANCED_FACE('',(#507),#5813,.T.);
#6338=ADVANCED_FACE('',(#508),#5814,.T.);
#6339=ADVANCED_FACE('',(#509),#5815,.T.);
#6340=ADVANCED_FACE('',(#510),#5816,.T.);
#6341=ADVANCED_FACE('',(#511),#5817,.T.);
#6342=ADVANCED_FACE('',(#512),#5818,.T.);
#6343=ADVANCED_FACE('',(#513),#5819,.T.);
#6344=ADVANCED_FACE('',(#514),#5820,.T.);
#6345=ADVANCED_FACE('',(#515),#5821,.T.);
#6346=ADVANCED_FACE('',(#516),#5822,.T.);
#6347=ADVANCED_FACE('',(#517),#5823,.T.);
#6348=ADVANCED_FACE('',(#518),#5824,.T.);
#6349=ADVANCED_FACE('',(#519),#5825,.T.);
#6350=ADVANCED_FACE('',(#520),#5826,.T.);
#6351=ADVANCED_FACE('',(#521),#5827,.T.);
#6352=ADVANCED_FACE('',(#522),#5828,.T.);
#6353=ADVANCED_FACE('',(#523),#5829,.T.);
#6354=ADVANCED_FACE('',(#524),#5830,.T.);
#6355=ADVANCED_FACE('',(#525),#5831,.T.);
#6356=ADVANCED_FACE('',(#526),#5832,.T.);
#6357=ADVANCED_FACE('',(#527),#5833,.T.);
#6358=ADVANCED_FACE('',(#528),#5834,.T.);
#6359=ADVANCED_FACE('',(#529),#5835,.T.);
#6360=ADVANCED_FACE('',(#530),#5836,.T.);
#6361=ADVANCED_FACE('',(#531),#5837,.T.);
#6362=ADVANCED_FACE('',(#532),#5838,.T.);
#6363=ADVANCED_FACE('',(#533),#5839,.T.);
#6364=ADVANCED_FACE('',(#534),#5840,.T.);
#6365=ADVANCED_FACE('',(#535),#5841,.T.);
#6366=ADVANCED_FACE('',(#536),#5842,.T.);
#6367=ADVANCED_FACE('',(#537),#5843,.T.);
#6368=ADVANCED_FACE('',(#538),#5844,.T.);
#6369=CLOSED_SHELL('',(#5845,#5846,#5847,#5848,#5849,#5850,#5851,#5852,
#5853,#5854,#5855,#5856,#5857,#5858,#5859,#5860,#5861,#5862,#5863,#5864,
#5865,#5866,#5867,#5868,#5869,#5870,#5871,#5872,#5873,#5874,#5875,#5876,
#5877,#5878,#5879,#5880,#5881,#5882,#5883,#5884,#5885,#5886,#5887,#5888,
#5889,#5890,#5891,#5892,#5893,#5894,#5895,#5896,#5897,#5898,#5899,#5900,
#5901,#5902,#5903,#5904,#5905,#5906,#5907,#5908,#5909,#5910,#5911,#5912,
#5913,#5914,#5915,#5916,#5917,#5918,#5919,#5920,#5921,#5922,#5923,#5924,
#5925,#5926,#5927,#5928,#5929,#5930,#5931,#5932,#5933,#5934,#5935,#5936,
#5937,#5938,#5939,#5940,#5941,#5942,#5943,#5944,#5945,#5946,#5947,#5948,
#5949,#5950,#5951,#5952,#5953,#5954,#5955,#5956,#5957,#5958,#5959,#5960,
#5961,#5962,#5963,#5964,#5965,#5966,#5967,#5968,#5969,#5970,#5971,#5972,
#5973,#5974,#5975,#5976,#5977,#5978,#5979,#5980,#5981,#5982,#5983,#5984,
#5985,#5986,#5987,#5988,#5989,#5990,#5991,#5992,#5993,#5994,#5995,#5996,
#5997,#5998,#5999,#6000,#6001,#6002,#6003,#6004,#6005,#6006,#6007,#6008,
#6009,#6010,#6011,#6012,#6013,#6014,#6015,#6016,#6017,#6018,#6019,#6020,
#6021,#6022,#6023,#6024,#6025,#6026,#6027,#6028,#6029,#6030,#6031,#6032,
#6033,#6034,#6035,#6036,#6037,#6038,#6039,#6040,#6041,#6042,#6043,#6044,
#6045,#6046,#6047,#6048,#6049,#6050,#6051,#6052,#6053,#6054,#6055,#6056,
#6057,#6058,#6059,#6060,#6061,#6062,#6063,#6064,#6065,#6066,#6067,#6068,
#6069,#6070,#6071,#6072,#6073,#6074,#6075,#6076,#6077,#6078,#6079,#6080,
#6081,#6082,#6083,#6084,#6085,#6086,#6087,#6088,#6089,#6090,#6091,#6092,
#6093,#6094,#6095,#6096,#6097,#6098,#6099,#6100,#6101,#6102,#6103,#6104,
#6105,#6106,#6107,#6108,#6109,#6110,#6111,#6112,#6113,#6114,#6115,#6116,
#6117,#6118,#6119,#6120,#6121,#6122,#6123,#6124,#6125,#6126,#6127,#6128,
#6129,#6130,#6131,#6132,#6133,#6134,#6135,#6136,#6137,#6138,#6139,#6140,
#6141,#6142,#6143,#6144,#6145,#6146,#6147,#6148,#6149,#6150,#6151,#6152,
#6153,#6154,#6155,#6156,#6157,#6158,#6159,#6160,#6161,#6162,#6163,#6164,
#6165,#6166,#6167,#6168,#6169,#6170,#6171,#6172,#6173,#6174,#6175,#6176,
#6177,#6178,#6179,#6180,#6181,#6182,#6183,#6184,#6185,#6186,#6187,#6188,
#6189,#6190,#6191,#6192,#6193,#6194,#6195,#6196,#6197,#6198,#6199,#6200,
#6201,#6202,#6203,#6204,#6205,#6206,#6207,#6208,#6209,#6210,#6211,#6212,
#6213,#6214,#6215,#6216,#6217,#6218,#6219,#6220,#6221,#6222,#6223,#6224,
#6225,#6226,#6227,#6228,#6229,#6230,#6231,#6232,#6233,#6234,#6235,#6236,
#6237,#6238,#6239,#6240,#6241,#6242,#6243,#6244,#6245,#6246,#6247,#6248,
#6249,#6250,#6251,#6252,#6253,#6254,#6255,#6256,#6257,#6258,#6259,#6260,
#6261,#6262,#6263,#6264,#6265,#6266,#6267,#6268,#6269,#6270,#6271,#6272,
#6273,#6274,#6275,#6276,#6277,#6278,#6279,#6280,#6281,#6282,#6283,#6284,
#6285,#6286,#6287,#6288,#6289,#6290,#6291,#6292,#6293,#6294,#6295,#6296,
#6297,#6298,#6299,#6300,#6301,#6302,#6303,#6304,#6305,#6306,#6307,#6308,
#6309,#6310,#6311,#6312,#6313,#6314,#6315,#6316,#6317,#6318,#6319,#6320,
#6321,#6322,#6323,#6324,#6325,#6326,#6327,#6328,#6329,#6330,#6331,#6332,
#6333,#6334,#6335,#6336,#6337,#6338,#6339,#6340,#6341,#6342,#6343,#6344,
#6345,#6346,#6347,#6348,#6349,#6350,#6351,#6352,#6353,#6354,#6355,#6356,
#6357,#6358,#6359,#6360,#6361,#6362,#6363,#6364,#6365,#6366,#6367,#6368));
#6370=DERIVED_UNIT_ELEMENT(#6372,1.);
#6371=DERIVED_UNIT_ELEMENT(#10351,-3.);
#6372=(
MASS_UNIT()
NAMED_UNIT(*)
SI_UNIT(.KILO.,.GRAM.)
);
#6373=DERIVED_UNIT((#6370,#6371));
#6374=MEASURE_REPRESENTATION_ITEM('density measure',
POSITIVE_RATIO_MEASURE(7850.),#6373);
#6375=PROPERTY_DEFINITION_REPRESENTATION(#6380,#6377);
#6376=PROPERTY_DEFINITION_REPRESENTATION(#6381,#6378);
#6377=REPRESENTATION('material name',(#6379),#10348);
#6378=REPRESENTATION('density',(#6374),#10348);
#6379=DESCRIPTIVE_REPRESENTATION_ITEM('\X2\92FC\X0\','\X2\92FC\X0\');
#6380=PROPERTY_DEFINITION('material property','material name',#10358);
#6381=PROPERTY_DEFINITION('material property','density of part',#10358);
#6382=AXIS2_PLACEMENT_3D('',#8755,#6907,#6908);
#6383=AXIS2_PLACEMENT_3D('',#8756,#6909,#6910);
#6384=AXIS2_PLACEMENT_3D('',#8763,#6914,#6915);
#6385=AXIS2_PLACEMENT_3D('',#8772,#6920,#6921);
#6386=AXIS2_PLACEMENT_3D('',#8776,#6924,#6925);
#6387=AXIS2_PLACEMENT_3D('',#8791,#6933,#6934);
#6388=AXIS2_PLACEMENT_3D('',#8795,#6937,#6938);
#6389=AXIS2_PLACEMENT_3D('',#8800,#6942,#6943);
#6390=AXIS2_PLACEMENT_3D('',#8807,#6947,#6948);
#6391=AXIS2_PLACEMENT_3D('',#8809,#6950,#6951);
#6392=AXIS2_PLACEMENT_3D('',#8817,#6957,#6958);
#6393=AXIS2_PLACEMENT_3D('',#8821,#6961,#6962);
#6394=AXIS2_PLACEMENT_3D('',#8823,#6964,#6965);
#6395=AXIS2_PLACEMENT_3D('',#8829,#6969,#6970);
#6396=AXIS2_PLACEMENT_3D('',#8832,#6973,#6974);
#6397=AXIS2_PLACEMENT_3D('',#8833,#6975,#6976);
#6398=AXIS2_PLACEMENT_3D('',#8840,#6980,#6981);
#6399=AXIS2_PLACEMENT_3D('',#8844,#6984,#6985);
#6400=AXIS2_PLACEMENT_3D('',#8848,#6988,#6989);
#6401=AXIS2_PLACEMENT_3D('',#8851,#6992,#6993);
#6402=AXIS2_PLACEMENT_3D('',#8857,#6997,#6998);
#6403=AXIS2_PLACEMENT_3D('',#8861,#7001,#7002);
#6404=AXIS2_PLACEMENT_3D('',#8865,#7005,#7006);
#6405=AXIS2_PLACEMENT_3D('',#8869,#7009,#7010);
#6406=AXIS2_PLACEMENT_3D('',#8873,#7013,#7014);
#6407=AXIS2_PLACEMENT_3D('',#8877,#7017,#7018);
#6408=AXIS2_PLACEMENT_3D('',#8884,#7022,#7023);
#6409=AXIS2_PLACEMENT_3D('',#8888,#7026,#7027);
#6410=AXIS2_PLACEMENT_3D('',#8892,#7030,#7031);
#6411=AXIS2_PLACEMENT_3D('',#8896,#7034,#7035);
#6412=AXIS2_PLACEMENT_3D('',#8900,#7038,#7039);
#6413=AXIS2_PLACEMENT_3D('',#8903,#7042,#7043);
#6414=AXIS2_PLACEMENT_3D('',#8905,#7045,#7046);
#6415=AXIS2_PLACEMENT_3D('',#8912,#7050,#7051);
#6416=AXIS2_PLACEMENT_3D('',#8916,#7054,#7055);
#6417=AXIS2_PLACEMENT_3D('',#8920,#7058,#7059);
#6418=AXIS2_PLACEMENT_3D('',#8924,#7062,#7063);
#6419=AXIS2_PLACEMENT_3D('',#8928,#7066,#7067);
#6420=AXIS2_PLACEMENT_3D('',#8932,#7070,#7071);
#6421=AXIS2_PLACEMENT_3D('',#8936,#7074,#7075);
#6422=AXIS2_PLACEMENT_3D('',#8939,#7078,#7079);
#6423=AXIS2_PLACEMENT_3D('',#8943,#7082,#7083);
#6424=AXIS2_PLACEMENT_3D('',#8947,#7086,#7087);
#6425=AXIS2_PLACEMENT_3D('',#8951,#7090,#7091);
#6426=AXIS2_PLACEMENT_3D('',#8955,#7094,#7095);
#6427=AXIS2_PLACEMENT_3D('',#8959,#7098,#7099);
#6428=AXIS2_PLACEMENT_3D('',#8963,#7102,#7103);
#6429=AXIS2_PLACEMENT_3D('',#8967,#7106,#7107);
#6430=AXIS2_PLACEMENT_3D('',#8969,#7109,#7110);
#6431=AXIS2_PLACEMENT_3D('',#8971,#7112,#7113);
#6432=AXIS2_PLACEMENT_3D('',#8973,#7115,#7116);
#6433=AXIS2_PLACEMENT_3D('',#8977,#7119,#7120);
#6434=AXIS2_PLACEMENT_3D('',#8981,#7123,#7124);
#6435=AXIS2_PLACEMENT_3D('',#8985,#7127,#7128);
#6436=AXIS2_PLACEMENT_3D('',#8989,#7131,#7132);
#6437=AXIS2_PLACEMENT_3D('',#8993,#7135,#7136);
#6438=AXIS2_PLACEMENT_3D('',#8997,#7139,#7140);
#6439=AXIS2_PLACEMENT_3D('',#9001,#7143,#7144);
#6440=AXIS2_PLACEMENT_3D('',#9005,#7147,#7148);
#6441=AXIS2_PLACEMENT_3D('',#9009,#7151,#7152);
#6442=AXIS2_PLACEMENT_3D('',#9013,#7155,#7156);
#6443=AXIS2_PLACEMENT_3D('',#9016,#7159,#7160);
#6444=AXIS2_PLACEMENT_3D('',#9018,#7162,#7163);
#6445=AXIS2_PLACEMENT_3D('',#9022,#7166,#7167);
#6446=AXIS2_PLACEMENT_3D('',#9026,#7170,#7171);
#6447=AXIS2_PLACEMENT_3D('',#9030,#7174,#7175);
#6448=AXIS2_PLACEMENT_3D('',#9034,#7178,#7179);
#6449=AXIS2_PLACEMENT_3D('',#9038,#7182,#7183);
#6450=AXIS2_PLACEMENT_3D('',#9042,#7186,#7187);
#6451=AXIS2_PLACEMENT_3D('',#9046,#7190,#7191);
#6452=AXIS2_PLACEMENT_3D('',#9050,#7194,#7195);
#6453=AXIS2_PLACEMENT_3D('',#9054,#7198,#7199);
#6454=AXIS2_PLACEMENT_3D('',#9058,#7202,#7203);
#6455=AXIS2_PLACEMENT_3D('',#9061,#7206,#7207);
#6456=AXIS2_PLACEMENT_3D('',#9063,#7209,#7210);
#6457=AXIS2_PLACEMENT_3D('',#9067,#7213,#7214);
#6458=AXIS2_PLACEMENT_3D('',#9071,#7217,#7218);
#6459=AXIS2_PLACEMENT_3D('',#9075,#7221,#7222);
#6460=AXIS2_PLACEMENT_3D('',#9082,#7226,#7227);
#6461=AXIS2_PLACEMENT_3D('',#9086,#7230,#7231);
#6462=AXIS2_PLACEMENT_3D('',#9090,#7234,#7235);
#6463=AXIS2_PLACEMENT_3D('',#9094,#7238,#7239);
#6464=AXIS2_PLACEMENT_3D('',#9098,#7242,#7243);
#6465=AXIS2_PLACEMENT_3D('',#9101,#7246,#7247);
#6466=AXIS2_PLACEMENT_3D('',#9105,#7250,#7251);
#6467=AXIS2_PLACEMENT_3D('',#9109,#7254,#7255);
#6468=AXIS2_PLACEMENT_3D('',#9113,#7258,#7259);
#6469=AXIS2_PLACEMENT_3D('',#9117,#7262,#7263);
#6470=AXIS2_PLACEMENT_3D('',#9121,#7266,#7267);
#6471=AXIS2_PLACEMENT_3D('',#9127,#7271,#7272);
#6472=AXIS2_PLACEMENT_3D('',#9129,#7274,#7275);
#6473=AXIS2_PLACEMENT_3D('',#9135,#7279,#7280);
#6474=AXIS2_PLACEMENT_3D('',#9137,#7282,#7283);
#6475=AXIS2_PLACEMENT_3D('',#9141,#7286,#7287);
#6476=AXIS2_PLACEMENT_3D('',#9145,#7290,#7291);
#6477=AXIS2_PLACEMENT_3D('',#9149,#7294,#7295);
#6478=AXIS2_PLACEMENT_3D('',#9153,#7298,#7299);
#6479=AXIS2_PLACEMENT_3D('',#9157,#7302,#7303);
#6480=AXIS2_PLACEMENT_3D('',#9161,#7306,#7307);
#6481=AXIS2_PLACEMENT_3D('',#9165,#7310,#7311);
#6482=AXIS2_PLACEMENT_3D('',#9169,#7314,#7315);
#6483=AXIS2_PLACEMENT_3D('',#9173,#7318,#7319);
#6484=AXIS2_PLACEMENT_3D('',#9177,#7322,#7323);
#6485=AXIS2_PLACEMENT_3D('',#9181,#7326,#7327);
#6486=AXIS2_PLACEMENT_3D('',#9185,#7330,#7331);
#6487=AXIS2_PLACEMENT_3D('',#9189,#7334,#7335);
#6488=AXIS2_PLACEMENT_3D('',#9193,#7338,#7339);
#6489=AXIS2_PLACEMENT_3D('',#9197,#7342,#7343);
#6490=AXIS2_PLACEMENT_3D('',#9201,#7346,#7347);
#6491=AXIS2_PLACEMENT_3D('',#9205,#7350,#7351);
#6492=AXIS2_PLACEMENT_3D('',#9209,#7354,#7355);
#6493=AXIS2_PLACEMENT_3D('',#9213,#7358,#7359);
#6494=AXIS2_PLACEMENT_3D('',#9217,#7362,#7363);
#6495=AXIS2_PLACEMENT_3D('',#9221,#7366,#7367);
#6496=AXIS2_PLACEMENT_3D('',#9224,#7370,#7371);
#6497=AXIS2_PLACEMENT_3D('',#9226,#7373,#7374);
#6498=AXIS2_PLACEMENT_3D('',#9228,#7376,#7377);
#6499=AXIS2_PLACEMENT_3D('',#9230,#7379,#7380);
#6500=AXIS2_PLACEMENT_3D('',#9234,#7383,#7384);
#6501=AXIS2_PLACEMENT_3D('',#9238,#7387,#7388);
#6502=AXIS2_PLACEMENT_3D('',#9242,#7391,#7392);
#6503=AXIS2_PLACEMENT_3D('',#9246,#7395,#7396);
#6504=AXIS2_PLACEMENT_3D('',#9250,#7399,#7400);
#6505=AXIS2_PLACEMENT_3D('',#9254,#7403,#7404);
#6506=AXIS2_PLACEMENT_3D('',#9258,#7407,#7408);
#6507=AXIS2_PLACEMENT_3D('',#9261,#7411,#7412);
#6508=AXIS2_PLACEMENT_3D('',#9265,#7415,#7416);
#6509=AXIS2_PLACEMENT_3D('',#9269,#7419,#7420);
#6510=AXIS2_PLACEMENT_3D('',#9273,#7423,#7424);
#6511=AXIS2_PLACEMENT_3D('',#9277,#7427,#7428);
#6512=AXIS2_PLACEMENT_3D('',#9281,#7431,#7432);
#6513=AXIS2_PLACEMENT_3D('',#9285,#7435,#7436);
#6514=AXIS2_PLACEMENT_3D('',#9287,#7438,#7439);
#6515=AXIS2_PLACEMENT_3D('',#9293,#7443,#7444);
#6516=AXIS2_PLACEMENT_3D('',#9295,#7446,#7447);
#6517=AXIS2_PLACEMENT_3D('',#9297,#7449,#7450);
#6518=AXIS2_PLACEMENT_3D('',#9299,#7452,#7453);
#6519=AXIS2_PLACEMENT_3D('',#9306,#7457,#7458);
#6520=AXIS2_PLACEMENT_3D('',#9310,#7461,#7462);
#6521=AXIS2_PLACEMENT_3D('',#9314,#7465,#7466);
#6522=AXIS2_PLACEMENT_3D('',#9318,#7469,#7470);
#6523=AXIS2_PLACEMENT_3D('',#9322,#7473,#7474);
#6524=AXIS2_PLACEMENT_3D('',#9326,#7477,#7478);
#6525=AXIS2_PLACEMENT_3D('',#9330,#7481,#7482);
#6526=AXIS2_PLACEMENT_3D('',#9334,#7485,#7486);
#6527=AXIS2_PLACEMENT_3D('',#9338,#7489,#7490);
#6528=AXIS2_PLACEMENT_3D('',#9342,#7493,#7494);
#6529=AXIS2_PLACEMENT_3D('',#9346,#7497,#7498);
#6530=AXIS2_PLACEMENT_3D('',#9350,#7501,#7502);
#6531=AXIS2_PLACEMENT_3D('',#9354,#7505,#7506);
#6532=AXIS2_PLACEMENT_3D('',#9358,#7509,#7510);
#6533=AXIS2_PLACEMENT_3D('',#9364,#7514,#7515);
#6534=AXIS2_PLACEMENT_3D('',#9366,#7517,#7518);
#6535=AXIS2_PLACEMENT_3D('',#9373,#7522,#7523);
#6536=AXIS2_PLACEMENT_3D('',#9377,#7526,#7527);
#6537=AXIS2_PLACEMENT_3D('',#9381,#7530,#7531);
#6538=AXIS2_PLACEMENT_3D('',#9385,#7534,#7535);
#6539=AXIS2_PLACEMENT_3D('',#9389,#7538,#7539);
#6540=AXIS2_PLACEMENT_3D('',#9393,#7542,#7543);
#6541=AXIS2_PLACEMENT_3D('',#9397,#7546,#7547);
#6542=AXIS2_PLACEMENT_3D('',#9401,#7550,#7551);
#6543=AXIS2_PLACEMENT_3D('',#9405,#7554,#7555);
#6544=AXIS2_PLACEMENT_3D('',#9409,#7558,#7559);
#6545=AXIS2_PLACEMENT_3D('',#9413,#7562,#7563);
#6546=AXIS2_PLACEMENT_3D('',#9417,#7566,#7567);
#6547=AXIS2_PLACEMENT_3D('',#9421,#7570,#7571);
#6548=AXIS2_PLACEMENT_3D('',#9425,#7574,#7575);
#6549=AXIS2_PLACEMENT_3D('',#9429,#7578,#7579);
#6550=AXIS2_PLACEMENT_3D('',#9433,#7582,#7583);
#6551=AXIS2_PLACEMENT_3D('',#9437,#7586,#7587);
#6552=AXIS2_PLACEMENT_3D('',#9440,#7590,#7591);
#6553=AXIS2_PLACEMENT_3D('',#9444,#7594,#7595);
#6554=AXIS2_PLACEMENT_3D('',#9446,#7597,#7598);
#6555=AXIS2_PLACEMENT_3D('',#9450,#7601,#7602);
#6556=AXIS2_PLACEMENT_3D('',#9454,#7605,#7606);
#6557=AXIS2_PLACEMENT_3D('',#9458,#7609,#7610);
#6558=AXIS2_PLACEMENT_3D('',#9462,#7613,#7614);
#6559=AXIS2_PLACEMENT_3D('',#9466,#7617,#7618);
#6560=AXIS2_PLACEMENT_3D('',#9470,#7621,#7622);
#6561=AXIS2_PLACEMENT_3D('',#9474,#7625,#7626);
#6562=AXIS2_PLACEMENT_3D('',#9478,#7629,#7630);
#6563=AXIS2_PLACEMENT_3D('',#9482,#7633,#7634);
#6564=AXIS2_PLACEMENT_3D('',#9486,#7637,#7638);
#6565=AXIS2_PLACEMENT_3D('',#9490,#7641,#7642);
#6566=AXIS2_PLACEMENT_3D('',#9494,#7645,#7646);
#6567=AXIS2_PLACEMENT_3D('',#9498,#7649,#7650);
#6568=AXIS2_PLACEMENT_3D('',#9502,#7653,#7654);
#6569=AXIS2_PLACEMENT_3D('',#9506,#7657,#7658);
#6570=AXIS2_PLACEMENT_3D('',#9510,#7661,#7662);
#6571=AXIS2_PLACEMENT_3D('',#9513,#7665,#7666);
#6572=AXIS2_PLACEMENT_3D('',#9517,#7669,#7670);
#6573=AXIS2_PLACEMENT_3D('',#9519,#7672,#7673);
#6574=AXIS2_PLACEMENT_3D('',#9523,#7676,#7677);
#6575=AXIS2_PLACEMENT_3D('',#9526,#7680,#7681);
#6576=AXIS2_PLACEMENT_3D('',#9528,#7683,#7684);
#6577=AXIS2_PLACEMENT_3D('',#9532,#7687,#7688);
#6578=AXIS2_PLACEMENT_3D('',#9536,#7691,#7692);
#6579=AXIS2_PLACEMENT_3D('',#9539,#7695,#7696);
#6580=AXIS2_PLACEMENT_3D('',#9541,#7698,#7699);
#6581=AXIS2_PLACEMENT_3D('',#9544,#7702,#7703);
#6582=AXIS2_PLACEMENT_3D('',#9548,#7706,#7707);
#6583=AXIS2_PLACEMENT_3D('',#9553,#7711,#7712);
#6584=AXIS2_PLACEMENT_3D('',#9555,#7714,#7715);
#6585=AXIS2_PLACEMENT_3D('',#9557,#7717,#7718);
#6586=AXIS2_PLACEMENT_3D('',#9560,#7721,#7722);
#6587=AXIS2_PLACEMENT_3D('',#9562,#7724,#7725);
#6588=AXIS2_PLACEMENT_3D('',#9564,#7727,#7728);
#6589=AXIS2_PLACEMENT_3D('',#9566,#7730,#7731);
#6590=AXIS2_PLACEMENT_3D('',#9568,#7733,#7734);
#6591=AXIS2_PLACEMENT_3D('',#9570,#7736,#7737);
#6592=AXIS2_PLACEMENT_3D('',#9572,#7739,#7740);
#6593=AXIS2_PLACEMENT_3D('',#9575,#7743,#7744);
#6594=AXIS2_PLACEMENT_3D('',#9577,#7746,#7747);
#6595=AXIS2_PLACEMENT_3D('',#9579,#7749,#7750);
#6596=AXIS2_PLACEMENT_3D('',#9580,#7751,#7752);
#6597=AXIS2_PLACEMENT_3D('',#9582,#7754,#7755);
#6598=AXIS2_PLACEMENT_3D('',#9583,#7756,#7757);
#6599=AXIS2_PLACEMENT_3D('',#9586,#7760,#7761);
#6600=AXIS2_PLACEMENT_3D('',#9588,#7763,#7764);
#6601=AXIS2_PLACEMENT_3D('',#9590,#7766,#7767);
#6602=AXIS2_PLACEMENT_3D('',#9592,#7769,#7770);
#6603=AXIS2_PLACEMENT_3D('',#9594,#7772,#7773);
#6604=AXIS2_PLACEMENT_3D('',#9596,#7775,#7776);
#6605=AXIS2_PLACEMENT_3D('',#9598,#7778,#7779);
#6606=AXIS2_PLACEMENT_3D('',#9600,#7781,#7782);
#6607=AXIS2_PLACEMENT_3D('',#9602,#7784,#7785);
#6608=AXIS2_PLACEMENT_3D('',#9604,#7787,#7788);
#6609=AXIS2_PLACEMENT_3D('',#9606,#7790,#7791);
#6610=AXIS2_PLACEMENT_3D('',#9608,#7793,#7794);
#6611=AXIS2_PLACEMENT_3D('',#9610,#7796,#7797);
#6612=AXIS2_PLACEMENT_3D('',#9612,#7799,#7800);
#6613=AXIS2_PLACEMENT_3D('',#9614,#7802,#7803);
#6614=AXIS2_PLACEMENT_3D('',#9616,#7805,#7806);
#6615=AXIS2_PLACEMENT_3D('',#9618,#7808,#7809);
#6616=AXIS2_PLACEMENT_3D('',#9620,#7811,#7812);
#6617=AXIS2_PLACEMENT_3D('',#9622,#7814,#7815);
#6618=AXIS2_PLACEMENT_3D('',#9624,#7817,#7818);
#6619=AXIS2_PLACEMENT_3D('',#9626,#7820,#7821);
#6620=AXIS2_PLACEMENT_3D('',#9628,#7823,#7824);
#6621=AXIS2_PLACEMENT_3D('',#9630,#7826,#7827);
#6622=AXIS2_PLACEMENT_3D('',#9632,#7829,#7830);
#6623=AXIS2_PLACEMENT_3D('',#9634,#7832,#7833);
#6624=AXIS2_PLACEMENT_3D('',#9636,#7835,#7836);
#6625=AXIS2_PLACEMENT_3D('',#9638,#7838,#7839);
#6626=AXIS2_PLACEMENT_3D('',#9640,#7841,#7842);
#6627=AXIS2_PLACEMENT_3D('',#9642,#7844,#7845);
#6628=AXIS2_PLACEMENT_3D('',#9644,#7847,#7848);
#6629=AXIS2_PLACEMENT_3D('',#9646,#7850,#7851);
#6630=AXIS2_PLACEMENT_3D('',#9648,#7853,#7854);
#6631=AXIS2_PLACEMENT_3D('',#9650,#7856,#7857);
#6632=AXIS2_PLACEMENT_3D('',#9652,#7859,#7860);
#6633=AXIS2_PLACEMENT_3D('',#9654,#7862,#7863);
#6634=AXIS2_PLACEMENT_3D('',#9656,#7865,#7866);
#6635=AXIS2_PLACEMENT_3D('',#9658,#7868,#7869);
#6636=AXIS2_PLACEMENT_3D('',#9660,#7871,#7872);
#6637=AXIS2_PLACEMENT_3D('',#9662,#7874,#7875);
#6638=AXIS2_PLACEMENT_3D('',#9664,#7877,#7878);
#6639=AXIS2_PLACEMENT_3D('',#9666,#7880,#7881);
#6640=AXIS2_PLACEMENT_3D('',#9668,#7883,#7884);
#6641=AXIS2_PLACEMENT_3D('',#9670,#7886,#7887);
#6642=AXIS2_PLACEMENT_3D('',#9672,#7889,#7890);
#6643=AXIS2_PLACEMENT_3D('',#9674,#7892,#7893);
#6644=AXIS2_PLACEMENT_3D('',#9676,#7895,#7896);
#6645=AXIS2_PLACEMENT_3D('',#9678,#7898,#7899);
#6646=AXIS2_PLACEMENT_3D('',#9679,#7900,#7901);
#6647=AXIS2_PLACEMENT_3D('',#9682,#7904,#7905);
#6648=AXIS2_PLACEMENT_3D('',#9684,#7907,#7908);
#6649=AXIS2_PLACEMENT_3D('',#9686,#7910,#7911);
#6650=AXIS2_PLACEMENT_3D('',#9688,#7913,#7914);
#6651=AXIS2_PLACEMENT_3D('',#9690,#7916,#7917);
#6652=AXIS2_PLACEMENT_3D('',#9692,#7919,#7920);
#6653=AXIS2_PLACEMENT_3D('',#9694,#7922,#7923);
#6654=AXIS2_PLACEMENT_3D('',#9696,#7925,#7926);
#6655=AXIS2_PLACEMENT_3D('',#9698,#7928,#7929);
#6656=AXIS2_PLACEMENT_3D('',#9700,#7931,#7932);
#6657=AXIS2_PLACEMENT_3D('',#9702,#7934,#7935);
#6658=AXIS2_PLACEMENT_3D('',#9704,#7937,#7938);
#6659=AXIS2_PLACEMENT_3D('',#9706,#7940,#7941);
#6660=AXIS2_PLACEMENT_3D('',#9708,#7943,#7944);
#6661=AXIS2_PLACEMENT_3D('',#9710,#7946,#7947);
#6662=AXIS2_PLACEMENT_3D('',#9712,#7949,#7950);
#6663=AXIS2_PLACEMENT_3D('',#9714,#7952,#7953);
#6664=AXIS2_PLACEMENT_3D('',#9716,#7955,#7956);
#6665=AXIS2_PLACEMENT_3D('',#9718,#7958,#7959);
#6666=AXIS2_PLACEMENT_3D('',#9720,#7961,#7962);
#6667=AXIS2_PLACEMENT_3D('',#9722,#7964,#7965);
#6668=AXIS2_PLACEMENT_3D('',#9724,#7967,#7968);
#6669=AXIS2_PLACEMENT_3D('',#9726,#7970,#7971);
#6670=AXIS2_PLACEMENT_3D('',#9728,#7973,#7974);
#6671=AXIS2_PLACEMENT_3D('',#9730,#7976,#7977);
#6672=AXIS2_PLACEMENT_3D('',#9732,#7979,#7980);
#6673=AXIS2_PLACEMENT_3D('',#9734,#7982,#7983);
#6674=AXIS2_PLACEMENT_3D('',#9736,#7985,#7986);
#6675=AXIS2_PLACEMENT_3D('',#9738,#7988,#7989);
#6676=AXIS2_PLACEMENT_3D('',#9740,#7991,#7992);
#6677=AXIS2_PLACEMENT_3D('',#9742,#7994,#7995);
#6678=AXIS2_PLACEMENT_3D('',#9744,#7997,#7998);
#6679=AXIS2_PLACEMENT_3D('',#9746,#8000,#8001);
#6680=AXIS2_PLACEMENT_3D('',#9748,#8003,#8004);
#6681=AXIS2_PLACEMENT_3D('',#9750,#8006,#8007);
#6682=AXIS2_PLACEMENT_3D('',#9752,#8009,#8010);
#6683=AXIS2_PLACEMENT_3D('',#9754,#8012,#8013);
#6684=AXIS2_PLACEMENT_3D('',#9756,#8015,#8016);
#6685=AXIS2_PLACEMENT_3D('',#9758,#8018,#8019);
#6686=AXIS2_PLACEMENT_3D('',#9760,#8021,#8022);
#6687=AXIS2_PLACEMENT_3D('',#9762,#8024,#8025);
#6688=AXIS2_PLACEMENT_3D('',#9764,#8027,#8028);
#6689=AXIS2_PLACEMENT_3D('',#9766,#8030,#8031);
#6690=AXIS2_PLACEMENT_3D('',#9768,#8033,#8034);
#6691=AXIS2_PLACEMENT_3D('',#9770,#8036,#8037);
#6692=AXIS2_PLACEMENT_3D('',#9772,#8039,#8040);
#6693=AXIS2_PLACEMENT_3D('',#9774,#8042,#8043);
#6694=AXIS2_PLACEMENT_3D('',#9775,#8044,#8045);
#6695=AXIS2_PLACEMENT_3D('',#9777,#8047,#8048);
#6696=AXIS2_PLACEMENT_3D('',#9781,#8051,#8052);
#6697=AXIS2_PLACEMENT_3D('',#9785,#8055,#8056);
#6698=AXIS2_PLACEMENT_3D('',#9787,#8058,#8059);
#6699=AXIS2_PLACEMENT_3D('',#9792,#8063,#8064);
#6700=AXIS2_PLACEMENT_3D('',#9793,#8065,#8066);
#6701=AXIS2_PLACEMENT_3D('',#9796,#8069,#8070);
#6702=AXIS2_PLACEMENT_3D('',#9797,#8071,#8072);
#6703=AXIS2_PLACEMENT_3D('',#9801,#8075,#8076);
#6704=AXIS2_PLACEMENT_3D('',#9805,#8079,#8080);
#6705=AXIS2_PLACEMENT_3D('',#9807,#8082,#8083);
#6706=AXIS2_PLACEMENT_3D('',#9811,#8086,#8087);
#6707=AXIS2_PLACEMENT_3D('',#9813,#8089,#8090);
#6708=AXIS2_PLACEMENT_3D('',#9817,#8093,#8094);
#6709=AXIS2_PLACEMENT_3D('',#9819,#8096,#8097);
#6710=AXIS2_PLACEMENT_3D('',#9823,#8100,#8101);
#6711=AXIS2_PLACEMENT_3D('',#9825,#8103,#8104);
#6712=AXIS2_PLACEMENT_3D('',#9829,#8107,#8108);
#6713=AXIS2_PLACEMENT_3D('',#9831,#8110,#8111);
#6714=AXIS2_PLACEMENT_3D('',#9835,#8114,#8115);
#6715=AXIS2_PLACEMENT_3D('',#9837,#8117,#8118);
#6716=AXIS2_PLACEMENT_3D('',#9841,#8121,#8122);
#6717=AXIS2_PLACEMENT_3D('',#9843,#8124,#8125);
#6718=AXIS2_PLACEMENT_3D('',#9847,#8128,#8129);
#6719=AXIS2_PLACEMENT_3D('',#9849,#8131,#8132);
#6720=AXIS2_PLACEMENT_3D('',#9853,#8135,#8136);
#6721=AXIS2_PLACEMENT_3D('',#9855,#8138,#8139);
#6722=AXIS2_PLACEMENT_3D('',#9859,#8142,#8143);
#6723=AXIS2_PLACEMENT_3D('',#9861,#8145,#8146);
#6724=AXIS2_PLACEMENT_3D('',#9865,#8149,#8150);
#6725=AXIS2_PLACEMENT_3D('',#9867,#8152,#8153);
#6726=AXIS2_PLACEMENT_3D('',#9871,#8156,#8157);
#6727=AXIS2_PLACEMENT_3D('',#9873,#8159,#8160);
#6728=AXIS2_PLACEMENT_3D('',#9877,#8163,#8164);
#6729=AXIS2_PLACEMENT_3D('',#9879,#8166,#8167);
#6730=AXIS2_PLACEMENT_3D('',#9883,#8170,#8171);
#6731=AXIS2_PLACEMENT_3D('',#9885,#8173,#8174);
#6732=AXIS2_PLACEMENT_3D('',#9889,#8177,#8178);
#6733=AXIS2_PLACEMENT_3D('',#9891,#8180,#8181);
#6734=AXIS2_PLACEMENT_3D('',#9895,#8184,#8185);
#6735=AXIS2_PLACEMENT_3D('',#9897,#8187,#8188);
#6736=AXIS2_PLACEMENT_3D('',#9901,#8191,#8192);
#6737=AXIS2_PLACEMENT_3D('',#9903,#8194,#8195);
#6738=AXIS2_PLACEMENT_3D('',#9907,#8198,#8199);
#6739=AXIS2_PLACEMENT_3D('',#9909,#8201,#8202);
#6740=AXIS2_PLACEMENT_3D('',#9913,#8205,#8206);
#6741=AXIS2_PLACEMENT_3D('',#9915,#8208,#8209);
#6742=AXIS2_PLACEMENT_3D('',#9919,#8212,#8213);
#6743=AXIS2_PLACEMENT_3D('',#9921,#8215,#8216);
#6744=AXIS2_PLACEMENT_3D('',#9925,#8219,#8220);
#6745=AXIS2_PLACEMENT_3D('',#9927,#8222,#8223);
#6746=AXIS2_PLACEMENT_3D('',#9931,#8226,#8227);
#6747=AXIS2_PLACEMENT_3D('',#9933,#8229,#8230);
#6748=AXIS2_PLACEMENT_3D('',#9937,#8233,#8234);
#6749=AXIS2_PLACEMENT_3D('',#9939,#8236,#8237);
#6750=AXIS2_PLACEMENT_3D('',#9941,#8239,#8240);
#6751=AXIS2_PLACEMENT_3D('',#9945,#8243,#8244);
#6752=AXIS2_PLACEMENT_3D('',#9949,#8247,#8248);
#6753=AXIS2_PLACEMENT_3D('',#9951,#8250,#8251);
#6754=AXIS2_PLACEMENT_3D('',#9955,#8254,#8255);
#6755=AXIS2_PLACEMENT_3D('',#9957,#8257,#8258);
#6756=AXIS2_PLACEMENT_3D('',#9961,#8261,#8262);
#6757=AXIS2_PLACEMENT_3D('',#9963,#8264,#8265);
#6758=AXIS2_PLACEMENT_3D('',#9967,#8268,#8269);
#6759=AXIS2_PLACEMENT_3D('',#9969,#8271,#8272);
#6760=AXIS2_PLACEMENT_3D('',#9973,#8275,#8276);
#6761=AXIS2_PLACEMENT_3D('',#9975,#8278,#8279);
#6762=AXIS2_PLACEMENT_3D('',#9979,#8282,#8283);
#6763=AXIS2_PLACEMENT_3D('',#9981,#8285,#8286);
#6764=AXIS2_PLACEMENT_3D('',#9985,#8289,#8290);
#6765=AXIS2_PLACEMENT_3D('',#9987,#8292,#8293);
#6766=AXIS2_PLACEMENT_3D('',#9991,#8296,#8297);
#6767=AXIS2_PLACEMENT_3D('',#9993,#8299,#8300);
#6768=AXIS2_PLACEMENT_3D('',#9997,#8303,#8304);
#6769=AXIS2_PLACEMENT_3D('',#9999,#8306,#8307);
#6770=AXIS2_PLACEMENT_3D('',#10003,#8310,#8311);
#6771=AXIS2_PLACEMENT_3D('',#10005,#8313,#8314);
#6772=AXIS2_PLACEMENT_3D('',#10009,#8317,#8318);
#6773=AXIS2_PLACEMENT_3D('',#10011,#8320,#8321);
#6774=AXIS2_PLACEMENT_3D('',#10015,#8324,#8325);
#6775=AXIS2_PLACEMENT_3D('',#10017,#8327,#8328);
#6776=AXIS2_PLACEMENT_3D('',#10021,#8331,#8332);
#6777=AXIS2_PLACEMENT_3D('',#10023,#8334,#8335);
#6778=AXIS2_PLACEMENT_3D('',#10027,#8338,#8339);
#6779=AXIS2_PLACEMENT_3D('',#10029,#8341,#8342);
#6780=AXIS2_PLACEMENT_3D('',#10033,#8345,#8346);
#6781=AXIS2_PLACEMENT_3D('',#10035,#8348,#8349);
#6782=AXIS2_PLACEMENT_3D('',#10039,#8352,#8353);
#6783=AXIS2_PLACEMENT_3D('',#10041,#8355,#8356);
#6784=AXIS2_PLACEMENT_3D('',#10045,#8359,#8360);
#6785=AXIS2_PLACEMENT_3D('',#10047,#8362,#8363);
#6786=AXIS2_PLACEMENT_3D('',#10051,#8366,#8367);
#6787=AXIS2_PLACEMENT_3D('',#10053,#8369,#8370);
#6788=AXIS2_PLACEMENT_3D('',#10057,#8373,#8374);
#6789=AXIS2_PLACEMENT_3D('',#10059,#8376,#8377);
#6790=AXIS2_PLACEMENT_3D('',#10063,#8380,#8381);
#6791=AXIS2_PLACEMENT_3D('',#10065,#8383,#8384);
#6792=AXIS2_PLACEMENT_3D('',#10069,#8387,#8388);
#6793=AXIS2_PLACEMENT_3D('',#10071,#8390,#8391);
#6794=AXIS2_PLACEMENT_3D('',#10075,#8394,#8395);
#6795=AXIS2_PLACEMENT_3D('',#10077,#8397,#8398);
#6796=AXIS2_PLACEMENT_3D('',#10081,#8401,#8402);
#6797=AXIS2_PLACEMENT_3D('',#10083,#8404,#8405);
#6798=AXIS2_PLACEMENT_3D('',#10085,#8407,#8408);
#6799=AXIS2_PLACEMENT_3D('',#10091,#8412,#8413);
#6800=AXIS2_PLACEMENT_3D('',#10093,#8415,#8416);
#6801=AXIS2_PLACEMENT_3D('',#10098,#8420,#8421);
#6802=AXIS2_PLACEMENT_3D('',#10099,#8422,#8423);
#6803=AXIS2_PLACEMENT_3D('',#10106,#8427,#8428);
#6804=AXIS2_PLACEMENT_3D('',#10110,#8431,#8432);
#6805=AXIS2_PLACEMENT_3D('',#10114,#8435,#8436);
#6806=AXIS2_PLACEMENT_3D('',#10117,#8439,#8440);
#6807=AXIS2_PLACEMENT_3D('',#10122,#8444,#8445);
#6808=AXIS2_PLACEMENT_3D('',#10124,#8447,#8448);
#6809=AXIS2_PLACEMENT_3D('',#10127,#8451,#8452);
#6810=AXIS2_PLACEMENT_3D('',#10131,#8455,#8456);
#6811=AXIS2_PLACEMENT_3D('',#10133,#8458,#8459);
#6812=AXIS2_PLACEMENT_3D('',#10137,#8462,#8463);
#6813=AXIS2_PLACEMENT_3D('',#10142,#8467,#8468);
#6814=AXIS2_PLACEMENT_3D('',#10144,#8470,#8471);
#6815=AXIS2_PLACEMENT_3D('',#10148,#8474,#8475);
#6816=AXIS2_PLACEMENT_3D('',#10150,#8477,#8478);
#6817=AXIS2_PLACEMENT_3D('',#10153,#8481,#8482);
#6818=AXIS2_PLACEMENT_3D('',#10155,#8484,#8485);
#6819=AXIS2_PLACEMENT_3D('',#10157,#8487,#8488);
#6820=AXIS2_PLACEMENT_3D('',#10159,#8490,#8491);
#6821=AXIS2_PLACEMENT_3D('',#10161,#8493,#8494);
#6822=AXIS2_PLACEMENT_3D('',#10163,#8496,#8497);
#6823=AXIS2_PLACEMENT_3D('',#10165,#8499,#8500);
#6824=AXIS2_PLACEMENT_3D('',#10167,#8502,#8503);
#6825=AXIS2_PLACEMENT_3D('',#10169,#8505,#8506);
#6826=AXIS2_PLACEMENT_3D('',#10171,#8508,#8509);
#6827=AXIS2_PLACEMENT_3D('',#10173,#8511,#8512);
#6828=AXIS2_PLACEMENT_3D('',#10175,#8514,#8515);
#6829=AXIS2_PLACEMENT_3D('',#10177,#8517,#8518);
#6830=AXIS2_PLACEMENT_3D('',#10179,#8520,#8521);
#6831=AXIS2_PLACEMENT_3D('',#10181,#8523,#8524);
#6832=AXIS2_PLACEMENT_3D('',#10183,#8526,#8527);
#6833=AXIS2_PLACEMENT_3D('',#10185,#8529,#8530);
#6834=AXIS2_PLACEMENT_3D('',#10187,#8532,#8533);
#6835=AXIS2_PLACEMENT_3D('',#10189,#8535,#8536);
#6836=AXIS2_PLACEMENT_3D('',#10191,#8538,#8539);
#6837=AXIS2_PLACEMENT_3D('',#10193,#8541,#8542);
#6838=AXIS2_PLACEMENT_3D('',#10195,#8544,#8545);
#6839=AXIS2_PLACEMENT_3D('',#10197,#8547,#8548);
#6840=AXIS2_PLACEMENT_3D('',#10199,#8550,#8551);
#6841=AXIS2_PLACEMENT_3D('',#10201,#8553,#8554);
#6842=AXIS2_PLACEMENT_3D('',#10203,#8556,#8557);
#6843=AXIS2_PLACEMENT_3D('',#10205,#8559,#8560);
#6844=AXIS2_PLACEMENT_3D('',#10207,#8562,#8563);
#6845=AXIS2_PLACEMENT_3D('',#10209,#8565,#8566);
#6846=AXIS2_PLACEMENT_3D('',#10211,#8568,#8569);
#6847=AXIS2_PLACEMENT_3D('',#10213,#8571,#8572);
#6848=AXIS2_PLACEMENT_3D('',#10215,#8574,#8575);
#6849=AXIS2_PLACEMENT_3D('',#10217,#8577,#8578);
#6850=AXIS2_PLACEMENT_3D('',#10219,#8580,#8581);
#6851=AXIS2_PLACEMENT_3D('',#10221,#8583,#8584);
#6852=AXIS2_PLACEMENT_3D('',#10223,#8586,#8587);
#6853=AXIS2_PLACEMENT_3D('',#10225,#8589,#8590);
#6854=AXIS2_PLACEMENT_3D('',#10227,#8592,#8593);
#6855=AXIS2_PLACEMENT_3D('',#10229,#8595,#8596);
#6856=AXIS2_PLACEMENT_3D('',#10231,#8598,#8599);
#6857=AXIS2_PLACEMENT_3D('',#10233,#8601,#8602);
#6858=AXIS2_PLACEMENT_3D('',#10235,#8604,#8605);
#6859=AXIS2_PLACEMENT_3D('',#10237,#8607,#8608);
#6860=AXIS2_PLACEMENT_3D('',#10239,#8610,#8611);
#6861=AXIS2_PLACEMENT_3D('',#10241,#8613,#8614);
#6862=AXIS2_PLACEMENT_3D('',#10243,#8616,#8617);
#6863=AXIS2_PLACEMENT_3D('',#10245,#8619,#8620);
#6864=AXIS2_PLACEMENT_3D('',#10247,#8622,#8623);
#6865=AXIS2_PLACEMENT_3D('',#10249,#8625,#8626);
#6866=AXIS2_PLACEMENT_3D('',#10251,#8628,#8629);
#6867=AXIS2_PLACEMENT_3D('',#10253,#8631,#8632);
#6868=AXIS2_PLACEMENT_3D('',#10255,#8634,#8635);
#6869=AXIS2_PLACEMENT_3D('',#10257,#8637,#8638);
#6870=AXIS2_PLACEMENT_3D('',#10259,#8640,#8641);
#6871=AXIS2_PLACEMENT_3D('',#10260,#8642,#8643);
#6872=AXIS2_PLACEMENT_3D('',#10262,#8645,#8646);
#6873=AXIS2_PLACEMENT_3D('',#10264,#8648,#8649);
#6874=AXIS2_PLACEMENT_3D('',#10267,#8652,#8653);
#6875=AXIS2_PLACEMENT_3D('',#10269,#8655,#8656);
#6876=AXIS2_PLACEMENT_3D('',#10271,#8658,#8659);
#6877=AXIS2_PLACEMENT_3D('',#10273,#8661,#8662);
#6878=AXIS2_PLACEMENT_3D('',#10275,#8664,#8665);
#6879=AXIS2_PLACEMENT_3D('',#10276,#8666,#8667);
#6880=AXIS2_PLACEMENT_3D('',#10278,#8669,#8670);
#6881=AXIS2_PLACEMENT_3D('',#10279,#8671,#8672);
#6882=AXIS2_PLACEMENT_3D('',#10281,#8674,#8675);
#6883=AXIS2_PLACEMENT_3D('',#10285,#8678,#8679);
#6884=AXIS2_PLACEMENT_3D('',#10287,#8681,#8682);
#6885=AXIS2_PLACEMENT_3D('',#10289,#8684,#8685);
#6886=AXIS2_PLACEMENT_3D('',#10291,#8687,#8688);
#6887=AXIS2_PLACEMENT_3D('',#10292,#8689,#8690);
#6888=AXIS2_PLACEMENT_3D('',#10299,#8694,#8695);
#6889=AXIS2_PLACEMENT_3D('',#10303,#8698,#8699);
#6890=AXIS2_PLACEMENT_3D('',#10306,#8702,#8703);
#6891=AXIS2_PLACEMENT_3D('',#10308,#8705,#8706);
#6892=AXIS2_PLACEMENT_3D('',#10311,#8709,#8710);
#6893=AXIS2_PLACEMENT_3D('',#10312,#8711,#8712);
#6894=AXIS2_PLACEMENT_3D('',#10315,#8715,#8716);
#6895=AXIS2_PLACEMENT_3D('',#10316,#8717,#8718);
#6896=AXIS2_PLACEMENT_3D('',#10318,#8720,#8721);
#6897=AXIS2_PLACEMENT_3D('',#10319,#8722,#8723);
#6898=AXIS2_PLACEMENT_3D('',#10326,#8727,#8728);
#6899=AXIS2_PLACEMENT_3D('',#10330,#8731,#8732);
#6900=AXIS2_PLACEMENT_3D('',#10333,#8735,#8736);
#6901=AXIS2_PLACEMENT_3D('',#10335,#8738,#8739);
#6902=AXIS2_PLACEMENT_3D('',#10338,#8742,#8743);
#6903=AXIS2_PLACEMENT_3D('',#10339,#8744,#8745);
#6904=AXIS2_PLACEMENT_3D('',#10342,#8748,#8749);
#6905=AXIS2_PLACEMENT_3D('',#10343,#8750,#8751);
#6906=AXIS2_PLACEMENT_3D('',#10345,#8753,#8754);
#6907=DIRECTION('axis',(0.,0.,1.));
#6908=DIRECTION('refdir',(1.,0.,0.));
#6909=DIRECTION('center_axis',(0.,-1.,0.));
#6910=DIRECTION('ref_axis',(0.,0.,-1.));
#6911=DIRECTION('',(0.,0.,-1.));
#6912=DIRECTION('',(0.9923909275612,0.,-0.123126954377265));
#6913=DIRECTION('',(0.970565314876066,0.,-0.240838056709323));
#6914=DIRECTION('center_axis',(0.,-1.,0.));
#6915=DIRECTION('ref_axis',(0.,0.,-1.));
#6916=DIRECTION('',(0.,0.,1.));
#6917=DIRECTION('',(0.970565314876066,0.,-0.240838056709323));
#6918=DIRECTION('',(0.,0.,1.));
#6919=DIRECTION('',(0.9923909275612,0.,-0.123126954377265));
#6920=DIRECTION('center_axis',(0.,-1.,0.));
#6921=DIRECTION('ref_axis',(0.,0.,-1.));
#6922=DIRECTION('',(0.,0.,-1.));
#6923=DIRECTION('',(0.998902916044198,0.,-0.0468290969205879));
#6924=DIRECTION('center_axis',(0.,1.,0.));
#6925=DIRECTION('ref_axis',(0.,0.,1.));
#6926=DIRECTION('',(0.,0.,-1.));
#6927=DIRECTION('',(1.,0.,0.));
#6928=DIRECTION('',(0.993355775029556,0.,0.115083900765619));
#6929=DIRECTION('',(0.,0.,1.));
#6930=DIRECTION('',(1.,0.,0.));
#6931=DIRECTION('',(-3.08148791101958E-33,0.,1.));
#6932=DIRECTION('',(-1.,0.,0.));
#6933=DIRECTION('center_axis',(0.,-1.,0.));
#6934=DIRECTION('ref_axis',(0.,0.,-1.));
#6935=DIRECTION('',(0.,0.,-1.));
#6936=DIRECTION('',(1.,0.,0.));
#6937=DIRECTION('center_axis',(0.,0.,-1.));
#6938=DIRECTION('ref_axis',(-1.,0.,0.));
#6939=DIRECTION('',(0.,1.,0.));
#6940=DIRECTION('',(0.999687646408123,0.0249921911602031,0.));
#6941=DIRECTION('',(0.,1.,0.));
#6942=DIRECTION('center_axis',(0.,0.,-1.));
#6943=DIRECTION('ref_axis',(-1.,0.,0.));
#6944=DIRECTION('',(0.,-1.,0.));
#6945=DIRECTION('',(1.,0.,0.));
#6946=DIRECTION('',(0.999687646408123,0.0249921911602031,0.));
#6947=DIRECTION('center_axis',(0.,0.,-1.));
#6948=DIRECTION('ref_axis',(-1.,0.,0.));
#6949=DIRECTION('',(0.,1.,0.));
#6950=DIRECTION('center_axis',(-1.,0.,-3.08148791101958E-33));
#6951=DIRECTION('ref_axis',(3.08148791101958E-33,2.77555756156289E-17,-1.));
#6952=DIRECTION('',(0.,0.,1.));
#6953=DIRECTION('',(0.,0.,1.));
#6954=DIRECTION('',(0.,-1.,0.));
#6955=DIRECTION('',(0.,-1.,0.));
#6956=DIRECTION('',(-3.08148791101958E-33,0.,1.));
#6957=DIRECTION('center_axis',(1.,0.,3.08148791101958E-33));
#6958=DIRECTION('ref_axis',(-3.08148791101958E-33,-2.77555756156289E-17,
1.));
#6959=DIRECTION('',(3.08148791101958E-33,0.,-1.));
#6960=DIRECTION('',(0.,-1.,0.));
#6961=DIRECTION('center_axis',(0.,0.,1.));
#6962=DIRECTION('ref_axis',(-1.,1.11022302462516E-16,0.));
#6963=DIRECTION('',(1.,0.,0.));
#6964=DIRECTION('center_axis',(0.,0.,-1.));
#6965=DIRECTION('ref_axis',(-1.,0.,0.));
#6966=DIRECTION('',(0.0174645848472884,0.999847482507263,0.));
#6967=DIRECTION('',(0.,1.,0.));
#6968=DIRECTION('',(1.,0.,0.));
#6969=DIRECTION('center_axis',(0.,0.,-1.));
#6970=DIRECTION('ref_axis',(-1.,0.,0.));
#6971=DIRECTION('',(0.707106781186548,-0.707106781186548,0.));
#6972=DIRECTION('',(0.,1.,0.));
#6973=DIRECTION('center_axis',(0.,0.,-1.));
#6974=DIRECTION('ref_axis',(-1.,0.,0.));
#6975=DIRECTION('center_axis',(1.,0.,0.));
#6976=DIRECTION('ref_axis',(0.,0.,-1.));
#6977=DIRECTION('',(0.,0.107481842980092,0.994207047565849));
#6978=DIRECTION('',(0.,1.,0.));
#6979=DIRECTION('',(0.,0.,1.));
#6980=DIRECTION('center_axis',(1.,0.,0.));
#6981=DIRECTION('ref_axis',(0.,0.,-1.));
#6982=DIRECTION('',(0.,0.,1.));
#6983=DIRECTION('',(0.,1.,0.));
#6984=DIRECTION('center_axis',(0.,1.,0.));
#6985=DIRECTION('ref_axis',(0.,0.,1.));
#6986=DIRECTION('',(0.97548220917709,0.,-0.220078303289953));
#6987=DIRECTION('',(1.,0.,0.));
#6988=DIRECTION('center_axis',(0.,1.,0.));
#6989=DIRECTION('ref_axis',(0.,0.,1.));
#6990=DIRECTION('',(0.,0.,1.));
#6991=DIRECTION('',(0.965842837234668,0.,0.25912856608735));
#6992=DIRECTION('center_axis',(0.,1.,0.));
#6993=DIRECTION('ref_axis',(0.,0.,1.));
#6994=DIRECTION('',(0.503871025524086,0.,-0.863778900898433));
#6995=DIRECTION('',(0.130540192224243,0.,-0.991443018137733));
#6996=DIRECTION('',(0.485862538163977,0.,-0.874035236136884));
#6997=DIRECTION('center_axis',(0.,1.,0.));
#6998=DIRECTION('ref_axis',(0.,0.,1.));
#6999=DIRECTION('',(0.534729146530573,0.,-0.845023514377372));
#7000=DIRECTION('',(0.130540192224243,0.,0.991443018137733));
#7001=DIRECTION('center_axis',(0.,1.,0.));
#7002=DIRECTION('ref_axis',(0.,0.,1.));
#7003=DIRECTION('',(0.382663829839119,0.,0.923887651899763));
#7004=DIRECTION('',(0.576171432789038,0.,-0.817328868961465));
#7005=DIRECTION('center_axis',(0.,1.,0.));
#7006=DIRECTION('ref_axis',(0.,0.,1.));
#7007=DIRECTION('',(0.623524162782611,0.,-0.781804079310311));
#7008=DIRECTION('',(0.608776296270778,0.,0.793341932018492));
#7009=DIRECTION('center_axis',(0.,1.,0.));
#7010=DIRECTION('ref_axis',(0.,0.,1.));
#7011=DIRECTION('',(0.670631158860734,0.,-0.741790973768965));
#7012=DIRECTION('',(0.793348826239951,0.,0.608767311789728));
#7013=DIRECTION('center_axis',(0.,1.,0.));
#7014=DIRECTION('ref_axis',(0.,0.,1.));
#7015=DIRECTION('',(0.923880763494247,0.,0.382680460495814));
#7016=DIRECTION('',(0.711772171252696,0.,-0.702410404414843));
#7017=DIRECTION('center_axis',(0.,1.,0.));
#7018=DIRECTION('ref_axis',(0.,0.,1.));
#7019=DIRECTION('',(0.576171432789038,0.,0.817328868961465));
#7020=DIRECTION('',(0.534729146530573,0.,0.845023514377372));
#7021=DIRECTION('',(0.382663829839119,0.,-0.923887651899763));
#7022=DIRECTION('center_axis',(0.,1.,0.));
#7023=DIRECTION('ref_axis',(0.,0.,1.));
#7024=DIRECTION('',(0.623524162782611,0.,0.781804079310311));
#7025=DIRECTION('',(0.608776296270778,0.,-0.793341932018492));
#7026=DIRECTION('center_axis',(0.,1.,0.));
#7027=DIRECTION('ref_axis',(0.,0.,1.));
#7028=DIRECTION('',(0.670631158860734,0.,0.741790973768965));
#7029=DIRECTION('',(0.793348826239951,0.,-0.608767311789728));
#7030=DIRECTION('center_axis',(0.,1.,0.));
#7031=DIRECTION('ref_axis',(0.,0.,1.));
#7032=DIRECTION('',(0.711772171252696,0.,0.702410404414843));
#7033=DIRECTION('',(0.923880763494247,0.,-0.382680460495814));
#7034=DIRECTION('center_axis',(0.,1.,0.));
#7035=DIRECTION('ref_axis',(0.,0.,1.));
#7036=DIRECTION('',(0.743294146247166,0.,0.66896473162245));
#7037=DIRECTION('',(0.991444278908352,0.,-0.130530616408177));
#7038=DIRECTION('center_axis',(0.,1.,0.));
#7039=DIRECTION('ref_axis',(0.,0.,1.));
#7040=DIRECTION('',(0.743294146247166,0.,-0.66896473162245));
#7041=DIRECTION('',(1.,0.,0.));
#7042=DIRECTION('center_axis',(0.,1.,0.));
#7043=DIRECTION('ref_axis',(0.,0.,1.));
#7044=DIRECTION('',(0.991444278908352,0.,0.130530616408177));
#7045=DIRECTION('center_axis',(0.,1.,0.));
#7046=DIRECTION('ref_axis',(0.,0.,1.));
#7047=DIRECTION('',(0.503871025524086,0.,-0.863778900898433));
#7048=DIRECTION('',(0.130540192224243,0.,-0.991443018137733));
#7049=DIRECTION('',(0.485862538163977,0.,-0.874035236136884));
#7050=DIRECTION('center_axis',(0.,1.,0.));
#7051=DIRECTION('ref_axis',(0.,0.,1.));
#7052=DIRECTION('',(0.130540192224243,0.,0.991443018137733));
#7053=DIRECTION('',(0.534729146530573,0.,-0.845023514377372));
#7054=DIRECTION('center_axis',(0.,1.,0.));
#7055=DIRECTION('ref_axis',(0.,0.,1.));
#7056=DIRECTION('',(0.576171432789038,0.,-0.817328868961465));
#7057=DIRECTION('',(0.382663829839119,0.,0.923887651899763));
#7058=DIRECTION('center_axis',(0.,1.,0.));
#7059=DIRECTION('ref_axis',(0.,0.,1.));
#7060=DIRECTION('',(0.623524015615638,0.,-0.781804196682615));
#7061=DIRECTION('',(0.608778648732915,0.,0.793340126835222));
#7062=DIRECTION('center_axis',(0.,1.,0.));
#7063=DIRECTION('ref_axis',(0.,0.,1.));
#7064=DIRECTION('',(0.793346473721339,0.,0.608770377592338));
#7065=DIRECTION('',(0.670631158860734,0.,-0.741790973768965));
#7066=DIRECTION('center_axis',(0.,1.,0.));
#7067=DIRECTION('ref_axis',(0.,0.,1.));
#7068=DIRECTION('',(0.711772318428146,0.,-0.702410255277799));
#7069=DIRECTION('',(0.923879041362142,0.,0.382684618101864));
#7070=DIRECTION('center_axis',(0.,1.,0.));
#7071=DIRECTION('ref_axis',(0.,0.,1.));
#7072=DIRECTION('',(0.743294146247166,0.,-0.66896473162245));
#7073=DIRECTION('',(0.99144490926018,0.,0.130525828486445));
#7074=DIRECTION('center_axis',(0.,1.,0.));
#7075=DIRECTION('ref_axis',(0.,0.,1.));
#7076=DIRECTION('',(0.743294146247166,0.,0.66896473162245));
#7077=DIRECTION('',(1.,0.,0.));
#7078=DIRECTION('center_axis',(0.,1.,0.));
#7079=DIRECTION('ref_axis',(0.,0.,1.));
#7080=DIRECTION('',(0.99144490926018,0.,-0.130525828486445));
#7081=DIRECTION('',(0.711772318428146,0.,0.702410255277799));
#7082=DIRECTION('center_axis',(0.,1.,0.));
#7083=DIRECTION('ref_axis',(0.,0.,1.));
#7084=DIRECTION('',(0.670631158860734,0.,0.741790973768965));
#7085=DIRECTION('',(0.923879041362142,0.,-0.382684618101864));
#7086=DIRECTION('center_axis',(0.,1.,0.));
#7087=DIRECTION('ref_axis',(0.,0.,1.));
#7088=DIRECTION('',(0.623524015615638,0.,0.781804196682615));
#7089=DIRECTION('',(0.793346473721339,0.,-0.608770377592338));
#7090=DIRECTION('center_axis',(0.,1.,0.));
#7091=DIRECTION('ref_axis',(0.,0.,1.));
#7092=DIRECTION('',(0.608778648732915,0.,-0.793340126835222));
#7093=DIRECTION('',(0.576171432789038,0.,0.817328868961465));
#7094=DIRECTION('center_axis',(0.,1.,0.));
#7095=DIRECTION('ref_axis',(0.,0.,1.));
#7096=DIRECTION('',(0.534729146530573,0.,0.845023514377372));
#7097=DIRECTION('',(0.382663829839119,0.,-0.923887651899763));
#7098=DIRECTION('center_axis',(0.,1.,0.));
#7099=DIRECTION('ref_axis',(0.,0.,1.));
#7100=DIRECTION('',(0.503871025524086,0.,0.863778900898433));
#7101=DIRECTION('',(0.130540192224243,0.,-0.991443018137733));
#7102=DIRECTION('center_axis',(0.,1.,0.));
#7103=DIRECTION('ref_axis',(0.,0.,1.));
#7104=DIRECTION('',(0.130540192224243,0.,0.991443018137733));
#7105=DIRECTION('',(0.485862538163977,0.,0.874035236136884));
#7106=DIRECTION('center_axis',(0.,1.,0.));
#7107=DIRECTION('ref_axis',(0.,0.,1.));
#7108=DIRECTION('',(0.,0.,1.));
#7109=DIRECTION('center_axis',(0.,1.,0.));
#7110=DIRECTION('ref_axis',(0.,0.,1.));
#7111=DIRECTION('',(0.18741858155204,0.,-0.982280140941993));
#7112=DIRECTION('center_axis',(0.,1.,0.));
#7113=DIRECTION('ref_axis',(0.,0.,1.));
#7114=DIRECTION('',(0.,0.,1.));
#7115=DIRECTION('center_axis',(0.,1.,0.));
#7116=DIRECTION('ref_axis',(0.,0.,1.));
#7117=DIRECTION('',(0.012631280713275,0.,-0.999920222191522));
#7118=DIRECTION('',(0.382663829839119,0.,0.923887651899763));
#7119=DIRECTION('center_axis',(0.,1.,0.));
#7120=DIRECTION('ref_axis',(0.,0.,1.));
#7121=DIRECTION('',(0.,0.,1.));
#7122=DIRECTION('',(0.382663829839119,0.,-0.923887651899763));
#7123=DIRECTION('center_axis',(0.,1.,0.));
#7124=DIRECTION('ref_axis',(0.,0.,1.));
#7125=DIRECTION('',(0.0213000914429908,0.,-0.999773127316653));
#7126=DIRECTION('',(0.608778648732915,0.,0.793340126835222));
#7127=DIRECTION('center_axis',(0.,1.,0.));
#7128=DIRECTION('ref_axis',(0.,0.,1.));
#7129=DIRECTION('',(0.,0.,1.));
#7130=DIRECTION('',(0.608776296270778,0.,-0.793341932018492));
#7131=DIRECTION('center_axis',(0.,1.,0.));
#7132=DIRECTION('ref_axis',(0.,0.,1.));
#7133=DIRECTION('',(0.0291835143798877,0.,-0.999574070536266));
#7134=DIRECTION('',(0.793346473721339,0.,0.608770377592338));
#7135=DIRECTION('center_axis',(0.,1.,0.));
#7136=DIRECTION('ref_axis',(0.,0.,1.));
#7137=DIRECTION('',(0.,0.,1.));
#7138=DIRECTION('',(0.793348826239951,0.,-0.608767311789728));
#7139=DIRECTION('center_axis',(0.,1.,0.));
#7140=DIRECTION('ref_axis',(0.,0.,1.));
#7141=DIRECTION('',(0.0352656081697098,0.,-0.999377974982649));
#7142=DIRECTION('',(0.923879041362142,0.,0.382684618101864));
#7143=DIRECTION('center_axis',(0.,1.,0.));
#7144=DIRECTION('ref_axis',(0.,0.,1.));
#7145=DIRECTION('',(0.,0.,1.));
#7146=DIRECTION('',(0.923880763494247,0.,-0.382680460495814));
#7147=DIRECTION('center_axis',(0.,1.,0.));
#7148=DIRECTION('ref_axis',(0.,0.,1.));
#7149=DIRECTION('',(0.503871025524086,0.,0.863778900898433));
#7150=DIRECTION('',(0.130540192224243,0.,-0.991443018137733));
#7151=DIRECTION('center_axis',(0.,1.,0.));
#7152=DIRECTION('ref_axis',(0.,0.,1.));
#7153=DIRECTION('',(0.485862538163977,0.,0.874035236136884));
#7154=DIRECTION('',(0.130540192224243,0.,0.991443018137733));
#7155=DIRECTION('center_axis',(0.,1.,0.));
#7156=DIRECTION('ref_axis',(0.,0.,1.));
#7157=DIRECTION('',(0.18741858155204,0.,-0.982280140941993));
#7158=DIRECTION('',(0.,0.,1.));
#7159=DIRECTION('center_axis',(0.,1.,0.));
#7160=DIRECTION('ref_axis',(0.,0.,1.));
#7161=DIRECTION('',(0.,0.,1.));
#7162=DIRECTION('center_axis',(0.,1.,0.));
#7163=DIRECTION('ref_axis',(0.,0.,1.));
#7164=DIRECTION('',(0.012631280713275,0.,-0.999920222191522));
#7165=DIRECTION('',(0.382663829839119,0.,0.923887651899763));
#7166=DIRECTION('center_axis',(0.,1.,0.));
#7167=DIRECTION('ref_axis',(0.,0.,1.));
#7168=DIRECTION('',(0.,0.,1.));
#7169=DIRECTION('',(0.382663829839119,0.,-0.923887651899763));
#7170=DIRECTION('center_axis',(0.,1.,0.));
#7171=DIRECTION('ref_axis',(0.,0.,1.));
#7172=DIRECTION('',(0.0213000950721837,0.,-0.999773127239333));
#7173=DIRECTION('',(0.608776296270778,0.,0.793341932018492));
#7174=DIRECTION('center_axis',(0.,1.,0.));
#7175=DIRECTION('ref_axis',(0.,0.,1.));
#7176=DIRECTION('',(0.,0.,1.));
#7177=DIRECTION('',(0.608778648732915,0.,-0.793340126835222));
#7178=DIRECTION('center_axis',(0.,1.,0.));
#7179=DIRECTION('ref_axis',(0.,0.,1.));
#7180=DIRECTION('',(0.0291835091529942,0.,-0.99957407068887));
#7181=DIRECTION('',(0.793348826239951,0.,0.608767311789728));
#7182=DIRECTION('center_axis',(0.,1.,0.));
#7183=DIRECTION('ref_axis',(0.,0.,1.));
#7184=DIRECTION('',(0.,0.,1.));
#7185=DIRECTION('',(0.793346473721339,0.,-0.608770377592338));
#7186=DIRECTION('center_axis',(0.,1.,0.));
#7187=DIRECTION('ref_axis',(0.,0.,1.));
#7188=DIRECTION('',(0.035265601616875,0.,-0.999377975213883));
#7189=DIRECTION('',(0.923880763494247,0.,0.382680460495814));
#7190=DIRECTION('center_axis',(0.,1.,0.));
#7191=DIRECTION('ref_axis',(0.,0.,1.));
#7192=DIRECTION('',(0.,0.,1.));
#7193=DIRECTION('',(0.923879041362142,0.,-0.382684618101864));
#7194=DIRECTION('center_axis',(0.,1.,0.));
#7195=DIRECTION('ref_axis',(0.,0.,1.));
#7196=DIRECTION('',(0.0385967361807941,0.,-0.99925486836752));
#7197=DIRECTION('',(0.991444278908352,0.,0.130530616408177));
#7198=DIRECTION('center_axis',(0.,1.,0.));
#7199=DIRECTION('ref_axis',(0.,0.,1.));
#7200=DIRECTION('',(0.,0.,1.));
#7201=DIRECTION('',(0.99144490926018,0.,-0.130525828486445));
#7202=DIRECTION('center_axis',(0.,1.,0.));
#7203=DIRECTION('ref_axis',(0.,0.,1.));
#7204=DIRECTION('',(0.0385967288673988,0.,-0.999254868650004));
#7205=DIRECTION('',(0.991444278908352,0.,-0.130530616408177));
#7206=DIRECTION('center_axis',(0.,1.,0.));
#7207=DIRECTION('ref_axis',(0.,0.,1.));
#7208=DIRECTION('',(0.99144490926018,0.,0.130525828486445));
#7209=DIRECTION('center_axis',(-1.,0.,0.));
#7210=DIRECTION('ref_axis',(0.,0.,1.));
#7211=DIRECTION('',(0.,0.,1.));
#7212=DIRECTION('',(0.,0.996685688067884,-0.0813488733827888));
#7213=DIRECTION('center_axis',(-1.,0.,0.));
#7214=DIRECTION('ref_axis',(0.,0.,1.));
#7215=DIRECTION('',(0.,0.987636474743985,0.156761582523506));
#7216=DIRECTION('',(0.,0.98261932968776,-0.185632036362199));
#7217=DIRECTION('center_axis',(-1.,0.,0.));
#7218=DIRECTION('ref_axis',(0.,0.,1.));
#7219=DIRECTION('',(0.,1.,0.));
#7220=DIRECTION('',(0.,0.,1.));
#7221=DIRECTION('center_axis',(-1.,0.,0.));
#7222=DIRECTION('ref_axis',(0.,0.,1.));
#7223=DIRECTION('',(0.,0.576171829515408,-0.817328589291276));
#7224=DIRECTION('',(0.,0.382684618101864,0.923879041362142));
#7225=DIRECTION('',(0.,0.534728531271385,-0.845023903711811));
#7226=DIRECTION('center_axis',(-1.,0.,0.));
#7227=DIRECTION('ref_axis',(0.,0.,1.));
#7228=DIRECTION('',(0.,0.623523516944683,-0.781804594394874));
#7229=DIRECTION('',(0.,0.608759434722626,0.793354870556795));
#7230=DIRECTION('center_axis',(-1.,0.,0.));
#7231=DIRECTION('ref_axis',(0.,0.,1.));
#7232=DIRECTION('',(0.,0.793355144240173,0.608759078049481));
#7233=DIRECTION('',(0.,0.670631158860734,-0.741790973768965));
#7234=DIRECTION('center_axis',(-1.,0.,0.));
#7235=DIRECTION('ref_axis',(0.,0.,1.));
#7236=DIRECTION('',(0.,0.711772538223418,-0.70241003255292));
#7237=DIRECTION('',(0.,0.923877675891434,0.382687914611166));
#7238=DIRECTION('center_axis',(-1.,0.,0.));
#7239=DIRECTION('ref_axis',(0.,0.,1.));
#7240=DIRECTION('',(0.,0.743294146247166,-0.66896473162245));
#7241=DIRECTION('',(0.,0.991445498099712,0.13052135571551));
#7242=DIRECTION('center_axis',(-1.,0.,0.));
#7243=DIRECTION('ref_axis',(0.,0.,1.));
#7244=DIRECTION('',(0.,0.743294146247166,0.66896473162245));
#7245=DIRECTION('',(0.,1.,0.));
#7246=DIRECTION('center_axis',(-1.,0.,0.));
#7247=DIRECTION('ref_axis',(0.,0.,1.));
#7248=DIRECTION('',(0.,0.711772538223418,0.70241003255292));
#7249=DIRECTION('',(0.,0.991445498099712,-0.13052135571551));
#7250=DIRECTION('center_axis',(-1.,0.,0.));
#7251=DIRECTION('ref_axis',(0.,0.,1.));
#7252=DIRECTION('',(0.,0.923877675891434,-0.382687914611166));
#7253=DIRECTION('',(0.,0.670631158860734,0.741790973768965));
#7254=DIRECTION('center_axis',(-1.,0.,0.));
#7255=DIRECTION('ref_axis',(0.,0.,1.));
#7256=DIRECTION('',(0.,0.623523516944683,0.781804594394874));
#7257=DIRECTION('',(0.,0.793355144240173,-0.608759078049481));
#7258=DIRECTION('center_axis',(-1.,0.,0.));
#7259=DIRECTION('ref_axis',(0.,0.,1.));
#7260=DIRECTION('',(0.,0.576171829515408,0.817328589291276));
#7261=DIRECTION('',(0.,0.608759434722626,-0.793354870556795));
#7262=DIRECTION('center_axis',(-1.,0.,0.));
#7263=DIRECTION('ref_axis',(0.,0.,1.));
#7264=DIRECTION('',(0.,0.382684618101864,-0.923879041362142));
#7265=DIRECTION('',(0.,0.534728531271385,0.845023903711811));
#7266=DIRECTION('center_axis',(-1.,0.,0.));
#7267=DIRECTION('ref_axis',(0.,0.,1.));
#7268=DIRECTION('',(0.,0.503871025524086,-0.863778900898433));
#7269=DIRECTION('',(0.,0.130527089179853,-0.9914447432864));
#7270=DIRECTION('',(0.,0.485862161727242,-0.87403544539208));
#7271=DIRECTION('center_axis',(-1.,0.,0.));
#7272=DIRECTION('ref_axis',(0.,0.,1.));
#7273=DIRECTION('',(0.,0.130525828486445,0.99144490926018));
#7274=DIRECTION('center_axis',(-1.,0.,0.));
#7275=DIRECTION('ref_axis',(0.,0.,1.));
#7276=DIRECTION('',(0.,0.187418290165307,-0.982280196538398));
#7277=DIRECTION('',(0.,0.485862050906533,0.87403550699551));
#7278=DIRECTION('',(0.,0.,1.));
#7279=DIRECTION('center_axis',(-1.,0.,0.));
#7280=DIRECTION('ref_axis',(0.,0.,1.));
#7281=DIRECTION('',(0.,0.,1.));
#7282=DIRECTION('center_axis',(-1.,0.,0.));
#7283=DIRECTION('ref_axis',(0.,0.,1.));
#7284=DIRECTION('',(0.,0.0126320824798152,-0.999920212063054));
#7285=DIRECTION('',(0.,0.3826828959707,0.923879754692936));
#7286=DIRECTION('center_axis',(-1.,0.,0.));
#7287=DIRECTION('ref_axis',(0.,0.,1.));
#7288=DIRECTION('',(0.,0.,1.));
#7289=DIRECTION('',(0.,0.382681173853705,-0.923880468014099));
#7290=DIRECTION('center_axis',(-1.,0.,0.));
#7291=DIRECTION('ref_axis',(0.,0.,1.));
#7292=DIRECTION('',(0.,0.0212991581732533,-0.999773147199459));
#7293=DIRECTION('',(0.,0.608761787196336,0.793353065444083));
#7294=DIRECTION('center_axis',(-1.,0.,0.));
#7295=DIRECTION('ref_axis',(0.,0.,1.));
#7296=DIRECTION('',(0.,0.,1.));
#7297=DIRECTION('',(0.,0.608764139682876,-0.793351260310443));
#7298=DIRECTION('center_axis',(-1.,0.,0.));
#7299=DIRECTION('ref_axis',(0.,0.,1.));
#7300=DIRECTION('',(0.,0.0291841357511017,-0.999574052394549));
#7301=DIRECTION('',(0.,0.793352791766462,0.608762143859455));
#7302=DIRECTION('center_axis',(-1.,0.,0.));
#7303=DIRECTION('ref_axis',(0.,0.,1.));
#7304=DIRECTION('',(0.,0.,1.));
#7305=DIRECTION('',(0.,0.793350439294856,-0.608765209642157));
#7306=DIRECTION('center_axis',(-1.,0.,0.));
#7307=DIRECTION('ref_axis',(0.,0.,1.));
#7308=DIRECTION('',(0.,0.0352657075716656,-0.999377971474992));
#7309=DIRECTION('',(0.,0.923879398028743,0.38268375703451));
#7310=DIRECTION('center_axis',(-1.,0.,0.));
#7311=DIRECTION('ref_axis',(0.,0.,1.));
#7312=DIRECTION('',(0.,0.,1.));
#7313=DIRECTION('',(0.,0.923881120153762,-0.382679599434605));
#7314=DIRECTION('center_axis',(-1.,0.,0.));
#7315=DIRECTION('ref_axis',(0.,0.,1.));
#7316=DIRECTION('',(0.,0.0385966415102597,-0.999254872024214));
#7317=DIRECTION('',(0.,0.991444867767186,0.130526143657534));
#7318=DIRECTION('center_axis',(-1.,0.,0.));
#7319=DIRECTION('ref_axis',(0.,0.,1.));
#7320=DIRECTION('',(0.,0.,1.));
#7321=DIRECTION('',(0.,0.99144423741234,-0.130530931590426));
#7322=DIRECTION('center_axis',(-1.,0.,0.));
#7323=DIRECTION('ref_axis',(0.,0.,1.));
#7324=DIRECTION('',(0.,0.0385966488236399,-0.999254871741732));
#7325=DIRECTION('',(0.,0.991444867767186,-0.130526143657534));
#7326=DIRECTION('center_axis',(-1.,0.,0.));
#7327=DIRECTION('ref_axis',(0.,0.,1.));
#7328=DIRECTION('',(0.,0.,1.));
#7329=DIRECTION('',(0.,0.99144423741234,0.130530931590426));
#7330=DIRECTION('center_axis',(-1.,0.,0.));
#7331=DIRECTION('ref_axis',(0.,0.,1.));
#7332=DIRECTION('',(0.,0.0352657010188111,-0.999377971706227));
#7333=DIRECTION('',(0.,0.923879398028743,-0.38268375703451));
#7334=DIRECTION('center_axis',(-1.,0.,0.));
#7335=DIRECTION('ref_axis',(0.,0.,1.));
#7336=DIRECTION('',(0.,0.,1.));
#7337=DIRECTION('',(0.,0.923881120153762,0.382679599434605));
#7338=DIRECTION('center_axis',(-1.,0.,0.));
#7339=DIRECTION('ref_axis',(0.,0.,1.));
#7340=DIRECTION('',(0.,0.0291841409781073,-0.999574052241939));
#7341=DIRECTION('',(0.,0.793352791766462,-0.608762143859455));
#7342=DIRECTION('center_axis',(-1.,0.,0.));
#7343=DIRECTION('ref_axis',(0.,0.,1.));
#7344=DIRECTION('',(0.,0.,1.));
#7345=DIRECTION('',(0.,0.793350439294856,0.608765209642157));
#7346=DIRECTION('center_axis',(-1.,0.,0.));
#7347=DIRECTION('ref_axis',(0.,0.,1.));
#7348=DIRECTION('',(0.,0.0212991545442199,-0.999773147276772));
#7349=DIRECTION('',(0.,0.608761787196336,-0.793353065444083));
#7350=DIRECTION('center_axis',(-1.,0.,0.));
#7351=DIRECTION('ref_axis',(0.,0.,1.));
#7352=DIRECTION('',(0.,0.,1.));
#7353=DIRECTION('',(0.,0.608764139682876,0.793351260310443));
#7354=DIRECTION('center_axis',(-1.,0.,0.));
#7355=DIRECTION('ref_axis',(0.,0.,1.));
#7356=DIRECTION('',(0.,0.0126320845107043,-0.999920212037398));
#7357=DIRECTION('',(0.,0.3826828959707,-0.923879754692936));
#7358=DIRECTION('center_axis',(-1.,0.,0.));
#7359=DIRECTION('ref_axis',(0.,0.,1.));
#7360=DIRECTION('',(0.,0.,1.));
#7361=DIRECTION('',(0.,0.382681173853705,0.923880468014099));
#7362=DIRECTION('center_axis',(-1.,0.,0.));
#7363=DIRECTION('ref_axis',(0.,0.,1.));
#7364=DIRECTION('',(0.,0.503871025524086,0.863778900898433));
#7365=DIRECTION('',(0.,0.130525828486445,-0.99144490926018));
#7366=DIRECTION('center_axis',(-1.,0.,0.));
#7367=DIRECTION('ref_axis',(0.,0.,1.));
#7368=DIRECTION('',(0.,0.485862161727242,0.87403544539208));
#7369=DIRECTION('',(0.,0.130527089179853,0.9914447432864));
#7370=DIRECTION('center_axis',(-1.,0.,0.));
#7371=DIRECTION('ref_axis',(0.,0.,1.));
#7372=DIRECTION('',(0.,0.987582924576489,-0.15709859033406));
#7373=DIRECTION('center_axis',(-1.,0.,0.));
#7374=DIRECTION('ref_axis',(0.,0.,1.));
#7375=DIRECTION('',(0.,0.994282059313968,-0.106785703754643));
#7376=DIRECTION('center_axis',(-1.,0.,0.));
#7377=DIRECTION('ref_axis',(0.,0.,1.));
#7378=DIRECTION('',(0.,0.485862050906533,-0.87403550699551));
#7379=DIRECTION('center_axis',(-1.,0.,0.));
#7380=DIRECTION('ref_axis',(0.,0.,1.));
#7381=DIRECTION('',(0.,0.503871025524086,-0.863778900898433));
#7382=DIRECTION('',(0.,0.130526458830132,-0.991444826273891));
#7383=DIRECTION('center_axis',(-1.,0.,0.));
#7384=DIRECTION('ref_axis',(0.,0.,1.));
#7385=DIRECTION('',(0.,0.130525828486445,0.99144490926018));
#7386=DIRECTION('',(0.,0.534728531271385,-0.845023903711811));
#7387=DIRECTION('center_axis',(-1.,0.,0.));
#7388=DIRECTION('ref_axis',(0.,0.,1.));
#7389=DIRECTION('',(0.,0.576171829515408,-0.817328589291276));
#7390=DIRECTION('',(0.,0.382684618101864,0.923879041362142));
#7391=DIRECTION('center_axis',(-1.,0.,0.));
#7392=DIRECTION('ref_axis',(0.,0.,1.));
#7393=DIRECTION('',(0.,0.623523369777668,-0.781804711767012));
#7394=DIRECTION('',(0.,0.608761787196336,0.793353065444083));
#7395=DIRECTION('center_axis',(-1.,0.,0.));
#7396=DIRECTION('ref_axis',(0.,0.,1.));
#7397=DIRECTION('',(0.,0.793352791766462,0.608762143859455));
#7398=DIRECTION('',(0.,0.670631158860734,-0.741790973768965));
#7399=DIRECTION('center_axis',(-1.,0.,0.));
#7400=DIRECTION('ref_axis',(0.,0.,1.));
#7401=DIRECTION('',(0.,0.711772391047954,-0.702410181690071));
#7402=DIRECTION('',(0.,0.923879398028743,0.38268375703451));
#7403=DIRECTION('center_axis',(-1.,0.,0.));
#7404=DIRECTION('ref_axis',(0.,0.,1.));
#7405=DIRECTION('',(0.,0.743294146247166,-0.66896473162245));
#7406=DIRECTION('',(0.,0.991444867767186,0.130526143657534));
#7407=DIRECTION('center_axis',(-1.,0.,0.));
#7408=DIRECTION('ref_axis',(0.,0.,1.));
#7409=DIRECTION('',(0.,0.743294146247166,0.66896473162245));
#7410=DIRECTION('',(0.,1.,0.));
#7411=DIRECTION('center_axis',(-1.,0.,0.));
#7412=DIRECTION('ref_axis',(0.,0.,1.));
#7413=DIRECTION('',(0.,0.991444867767186,-0.130526143657534));
#7414=DIRECTION('',(0.,0.711772391047954,0.702410181690071));
#7415=DIRECTION('center_axis',(-1.,0.,0.));
#7416=DIRECTION('ref_axis',(0.,0.,1.));
#7417=DIRECTION('',(0.,0.670631158860734,0.741790973768965));
#7418=DIRECTION('',(0.,0.923879398028743,-0.38268375703451));
#7419=DIRECTION('center_axis',(-1.,0.,0.));
#7420=DIRECTION('ref_axis',(0.,0.,1.));
#7421=DIRECTION('',(0.,0.623523369777668,0.781804711767012));
#7422=DIRECTION('',(0.,0.793352791766462,-0.608762143859455));
#7423=DIRECTION('center_axis',(-1.,0.,0.));
#7424=DIRECTION('ref_axis',(0.,0.,1.));
#7425=DIRECTION('',(0.,0.608761787196336,-0.793353065444083));
#7426=DIRECTION('',(0.,0.576171829515408,0.817328589291276));
#7427=DIRECTION('center_axis',(-1.,0.,0.));
#7428=DIRECTION('ref_axis',(0.,0.,1.));
#7429=DIRECTION('',(0.,0.534728531271385,0.845023903711811));
#7430=DIRECTION('',(0.,0.382684618101864,-0.923879041362142));
#7431=DIRECTION('center_axis',(-1.,0.,0.));
#7432=DIRECTION('ref_axis',(0.,0.,1.));
#7433=DIRECTION('',(0.,0.503871025524086,0.863778900898433));
#7434=DIRECTION('',(0.,0.130525828486445,-0.99144490926018));
#7435=DIRECTION('center_axis',(-1.,0.,0.));
#7436=DIRECTION('ref_axis',(0.,0.,1.));
#7437=DIRECTION('',(0.,0.130526458830132,0.991444826273891));
#7438=DIRECTION('center_axis',(0.,0.,1.));
#7439=DIRECTION('ref_axis',(1.,0.,0.));
#7440=DIRECTION('',(1.,0.,0.));
#7441=DIRECTION('',(0.,1.,0.));
#7442=DIRECTION('',(0.0174645848472884,0.999847482507263,0.));
#7443=DIRECTION('center_axis',(0.,0.,1.));
#7444=DIRECTION('ref_axis',(1.,0.,0.));
#7445=DIRECTION('',(0.707106781186548,-0.707106781186548,0.));
#7446=DIRECTION('center_axis',(0.,0.,1.));
#7447=DIRECTION('ref_axis',(1.,0.,0.));
#7448=DIRECTION('',(0.999687646408123,0.0249921911602031,0.));
#7449=DIRECTION('center_axis',(0.,0.,1.));
#7450=DIRECTION('ref_axis',(1.,0.,0.));
#7451=DIRECTION('',(1.,0.,0.));
#7452=DIRECTION('center_axis',(1.,0.,0.));
#7453=DIRECTION('ref_axis',(0.,0.,-1.));
#7454=DIRECTION('',(0.,0.576171829515408,0.817328589291276));
#7455=DIRECTION('',(0.,0.382684618101864,-0.923879041362142));
#7456=DIRECTION('',(0.,0.534728531271385,0.845023903711811));
#7457=DIRECTION('center_axis',(1.,0.,0.));
#7458=DIRECTION('ref_axis',(0.,0.,-1.));
#7459=DIRECTION('',(0.,0.623523516944683,0.781804594394874));
#7460=DIRECTION('',(0.,0.608759434722626,-0.793354870556795));
#7461=DIRECTION('center_axis',(1.,0.,0.));
#7462=DIRECTION('ref_axis',(0.,0.,-1.));
#7463=DIRECTION('',(0.,0.793355144240173,-0.608759078049481));
#7464=DIRECTION('',(0.,0.670631158860734,0.741790973768965));
#7465=DIRECTION('center_axis',(1.,0.,0.));
#7466=DIRECTION('ref_axis',(0.,0.,-1.));
#7467=DIRECTION('',(0.,0.711772538223418,0.70241003255292));
#7468=DIRECTION('',(0.,0.923877675891434,-0.382687914611166));
#7469=DIRECTION('center_axis',(1.,0.,0.));
#7470=DIRECTION('ref_axis',(0.,0.,-1.));
#7471=DIRECTION('',(0.,0.743294146247166,0.66896473162245));
#7472=DIRECTION('',(0.,0.991445498099712,-0.13052135571551));
#7473=DIRECTION('center_axis',(1.,0.,0.));
#7474=DIRECTION('ref_axis',(0.,0.,-1.));
#7475=DIRECTION('',(0.,0.743294146247166,-0.66896473162245));
#7476=DIRECTION('',(0.,1.,0.));
#7477=DIRECTION('center_axis',(1.,0.,0.));
#7478=DIRECTION('ref_axis',(0.,0.,-1.));
#7479=DIRECTION('',(0.,0.711772538223418,-0.70241003255292));
#7480=DIRECTION('',(0.,0.991445498099712,0.13052135571551));
#7481=DIRECTION('center_axis',(1.,0.,0.));
#7482=DIRECTION('ref_axis',(0.,0.,-1.));
#7483=DIRECTION('',(0.,0.923877675891434,0.382687914611166));
#7484=DIRECTION('',(0.,0.670631158860734,-0.741790973768965));
#7485=DIRECTION('center_axis',(1.,0.,0.));
#7486=DIRECTION('ref_axis',(0.,0.,-1.));
#7487=DIRECTION('',(0.,0.623523516944683,-0.781804594394874));
#7488=DIRECTION('',(0.,0.793355144240173,0.608759078049481));
#7489=DIRECTION('center_axis',(1.,0.,0.));
#7490=DIRECTION('ref_axis',(0.,0.,-1.));
#7491=DIRECTION('',(0.,0.576171829515408,-0.817328589291276));
#7492=DIRECTION('',(0.,0.608759434722626,0.793354870556795));
#7493=DIRECTION('center_axis',(1.,0.,0.));
#7494=DIRECTION('ref_axis',(0.,0.,-1.));
#7495=DIRECTION('',(0.,0.382684618101864,0.923879041362142));
#7496=DIRECTION('',(0.,0.534728531271385,-0.845023903711811));
#7497=DIRECTION('center_axis',(1.,0.,0.));
#7498=DIRECTION('ref_axis',(0.,0.,-1.));
#7499=DIRECTION('',(0.,0.503871025524086,-0.863778900898433));
#7500=DIRECTION('',(0.,0.130525828486445,0.99144490926018));
#7501=DIRECTION('center_axis',(1.,0.,0.));
#7502=DIRECTION('ref_axis',(0.,0.,-1.));
#7503=DIRECTION('',(0.,0.485862161727242,-0.87403544539208));
#7504=DIRECTION('',(0.,0.130527089179853,-0.9914447432864));
#7505=DIRECTION('center_axis',(1.,0.,0.));
#7506=DIRECTION('ref_axis',(0.,0.,-1.));
#7507=DIRECTION('',(0.,0.187418271633187,0.982280200074311));
#7508=DIRECTION('',(0.,0.,1.));
#7509=DIRECTION('center_axis',(1.,0.,0.));
#7510=DIRECTION('ref_axis',(0.,0.,-1.));
#7511=DIRECTION('',(0.,0.503871025524086,0.863778900898433));
#7512=DIRECTION('',(0.,0.130527089179853,0.9914447432864));
#7513=DIRECTION('',(0.,0.485862161727242,0.87403544539208));
#7514=DIRECTION('center_axis',(1.,0.,0.));
#7515=DIRECTION('ref_axis',(0.,0.,-1.));
#7516=DIRECTION('',(0.,0.130525828486445,-0.99144490926018));
#7517=DIRECTION('center_axis',(1.,0.,0.));
#7518=DIRECTION('ref_axis',(0.,0.,-1.));
#7519=DIRECTION('',(0.,0.,1.));
#7520=DIRECTION('',(0.,0.981920264478097,0.189294992557287));
#7521=DIRECTION('',(0.,0.994908961317447,0.10077776882943));
#7522=DIRECTION('center_axis',(1.,0.,0.));
#7523=DIRECTION('ref_axis',(0.,0.,-1.));
#7524=DIRECTION('',(0.,0.0212991581732533,0.999773147199459));
#7525=DIRECTION('',(0.,0.608761787196336,-0.793353065444083));
#7526=DIRECTION('center_axis',(1.,0.,0.));
#7527=DIRECTION('ref_axis',(0.,0.,-1.));
#7528=DIRECTION('',(0.,0.,1.));
#7529=DIRECTION('',(0.,0.608764139682876,0.793351260310443));
#7530=DIRECTION('center_axis',(1.,0.,0.));
#7531=DIRECTION('ref_axis',(0.,0.,-1.));
#7532=DIRECTION('',(0.,0.0291841357511017,0.999574052394549));
#7533=DIRECTION('',(0.,0.793352791766462,-0.608762143859455));
#7534=DIRECTION('center_axis',(1.,0.,0.));
#7535=DIRECTION('ref_axis',(0.,0.,-1.));
#7536=DIRECTION('',(0.,0.,1.));
#7537=DIRECTION('',(0.,0.793350439294856,0.608765209642157));
#7538=DIRECTION('center_axis',(1.,0.,0.));
#7539=DIRECTION('ref_axis',(0.,0.,-1.));
#7540=DIRECTION('',(0.,0.0352657075716656,0.999377971474992));
#7541=DIRECTION('',(0.,0.923879398028743,-0.38268375703451));
#7542=DIRECTION('center_axis',(1.,0.,0.));
#7543=DIRECTION('ref_axis',(0.,0.,-1.));
#7544=DIRECTION('',(0.,0.,1.));
#7545=DIRECTION('',(0.,0.923881120153762,0.382679599434605));
#7546=DIRECTION('center_axis',(1.,0.,0.));
#7547=DIRECTION('ref_axis',(0.,0.,-1.));
#7548=DIRECTION('',(0.,0.0385966415102597,0.999254872024214));
#7549=DIRECTION('',(0.,0.991444867767186,-0.130526143657534));
#7550=DIRECTION('center_axis',(1.,0.,0.));
#7551=DIRECTION('ref_axis',(0.,0.,-1.));
#7552=DIRECTION('',(0.,0.,1.));
#7553=DIRECTION('',(0.,0.99144423741234,0.130530931590426));
#7554=DIRECTION('center_axis',(1.,0.,0.));
#7555=DIRECTION('ref_axis',(0.,0.,-1.));
#7556=DIRECTION('',(0.,0.0385966488236399,0.999254871741732));
#7557=DIRECTION('',(0.,0.991444867767186,0.130526143657534));
#7558=DIRECTION('center_axis',(1.,0.,0.));
#7559=DIRECTION('ref_axis',(0.,0.,-1.));
#7560=DIRECTION('',(0.,0.,1.));
#7561=DIRECTION('',(0.,0.99144423741234,-0.130530931590426));
#7562=DIRECTION('center_axis',(1.,0.,0.));
#7563=DIRECTION('ref_axis',(0.,0.,-1.));
#7564=DIRECTION('',(0.,0.0352657010188111,0.999377971706227));
#7565=DIRECTION('',(0.,0.923879398028743,0.38268375703451));
#7566=DIRECTION('center_axis',(1.,0.,0.));
#7567=DIRECTION('ref_axis',(0.,0.,-1.));
#7568=DIRECTION('',(0.,0.,1.));
#7569=DIRECTION('',(0.,0.923881120153762,-0.382679599434605));
#7570=DIRECTION('center_axis',(1.,0.,0.));
#7571=DIRECTION('ref_axis',(0.,0.,-1.));
#7572=DIRECTION('',(0.,0.0291841409781073,0.999574052241939));
#7573=DIRECTION('',(0.,0.793352791766462,0.608762143859455));
#7574=DIRECTION('center_axis',(1.,0.,0.));
#7575=DIRECTION('ref_axis',(0.,0.,-1.));
#7576=DIRECTION('',(0.,0.,1.));
#7577=DIRECTION('',(0.,0.793350439294856,-0.608765209642157));
#7578=DIRECTION('center_axis',(1.,0.,0.));
#7579=DIRECTION('ref_axis',(0.,0.,-1.));
#7580=DIRECTION('',(0.,0.0212991545442199,0.999773147276772));
#7581=DIRECTION('',(0.,0.608761787196336,0.793353065444083));
#7582=DIRECTION('center_axis',(1.,0.,0.));
#7583=DIRECTION('ref_axis',(0.,0.,-1.));
#7584=DIRECTION('',(0.,0.,1.));
#7585=DIRECTION('',(0.,0.608764139682876,-0.793351260310443));
#7586=DIRECTION('center_axis',(1.,0.,0.));
#7587=DIRECTION('ref_axis',(0.,0.,-1.));
#7588=DIRECTION('',(0.,0.0126320824798152,-0.999920212063054));
#7589=DIRECTION('',(0.,0.382681173853705,-0.923880468014099));
#7590=DIRECTION('center_axis',(1.,0.,0.));
#7591=DIRECTION('ref_axis',(0.,0.,-1.));
#7592=DIRECTION('',(0.,0.,1.));
#7593=DIRECTION('',(0.,0.3826828959707,0.923879754692936));
#7594=DIRECTION('center_axis',(1.,0.,0.));
#7595=DIRECTION('ref_axis',(0.,0.,-1.));
#7596=DIRECTION('',(0.,0.485862050906533,0.87403550699551));
#7597=DIRECTION('center_axis',(1.,0.,0.));
#7598=DIRECTION('ref_axis',(0.,0.,-1.));
#7599=DIRECTION('',(0.,0.503871025524086,0.863778900898433));
#7600=DIRECTION('',(0.,0.130526458830132,0.991444826273891));
#7601=DIRECTION('center_axis',(1.,0.,0.));
#7602=DIRECTION('ref_axis',(0.,0.,-1.));
#7603=DIRECTION('',(0.,0.130525828486445,-0.99144490926018));
#7604=DIRECTION('',(0.,0.534728531271385,0.845023903711811));
#7605=DIRECTION('center_axis',(1.,0.,0.));
#7606=DIRECTION('ref_axis',(0.,0.,-1.));
#7607=DIRECTION('',(0.,0.576171829515408,0.817328589291276));
#7608=DIRECTION('',(0.,0.382684618101864,-0.923879041362142));
#7609=DIRECTION('center_axis',(1.,0.,0.));
#7610=DIRECTION('ref_axis',(0.,0.,-1.));
#7611=DIRECTION('',(0.,0.623523369777668,0.781804711767012));
#7612=DIRECTION('',(0.,0.608761787196336,-0.793353065444083));
#7613=DIRECTION('center_axis',(1.,0.,0.));
#7614=DIRECTION('ref_axis',(0.,0.,-1.));
#7615=DIRECTION('',(0.,0.793352791766462,-0.608762143859455));
#7616=DIRECTION('',(0.,0.670631158860734,0.741790973768965));
#7617=DIRECTION('center_axis',(1.,0.,0.));
#7618=DIRECTION('ref_axis',(0.,0.,-1.));
#7619=DIRECTION('',(0.,0.711772391047954,0.702410181690071));
#7620=DIRECTION('',(0.,0.923879398028743,-0.38268375703451));
#7621=DIRECTION('center_axis',(1.,0.,0.));
#7622=DIRECTION('ref_axis',(0.,0.,-1.));
#7623=DIRECTION('',(0.,0.743294146247166,0.66896473162245));
#7624=DIRECTION('',(0.,0.991444867767186,-0.130526143657534));
#7625=DIRECTION('center_axis',(1.,0.,0.));
#7626=DIRECTION('ref_axis',(0.,0.,-1.));
#7627=DIRECTION('',(0.,0.743294146247166,-0.66896473162245));
#7628=DIRECTION('',(0.,1.,0.));
#7629=DIRECTION('center_axis',(1.,0.,0.));
#7630=DIRECTION('ref_axis',(0.,0.,-1.));
#7631=DIRECTION('',(0.,0.711772391047954,-0.702410181690071));
#7632=DIRECTION('',(0.,0.991444867767186,0.130526143657534));
#7633=DIRECTION('center_axis',(1.,0.,0.));
#7634=DIRECTION('ref_axis',(0.,0.,-1.));
#7635=DIRECTION('',(0.,0.670631158860734,-0.741790973768965));
#7636=DIRECTION('',(0.,0.923879398028743,0.38268375703451));
#7637=DIRECTION('center_axis',(1.,0.,0.));
#7638=DIRECTION('ref_axis',(0.,0.,-1.));
#7639=DIRECTION('',(0.,0.793352791766462,0.608762143859455));
#7640=DIRECTION('',(0.,0.623523369777668,-0.781804711767012));
#7641=DIRECTION('center_axis',(1.,0.,0.));
#7642=DIRECTION('ref_axis',(0.,0.,-1.));
#7643=DIRECTION('',(0.,0.576171829515408,-0.817328589291276));
#7644=DIRECTION('',(0.,0.608761787196336,0.793353065444083));
#7645=DIRECTION('center_axis',(1.,0.,0.));
#7646=DIRECTION('ref_axis',(0.,0.,-1.));
#7647=DIRECTION('',(0.,0.534728531271385,-0.845023903711811));
#7648=DIRECTION('',(0.,0.382684618101864,0.923879041362142));
#7649=DIRECTION('center_axis',(1.,0.,0.));
#7650=DIRECTION('ref_axis',(0.,0.,-1.));
#7651=DIRECTION('',(0.,0.130525828486445,0.99144490926018));
#7652=DIRECTION('',(0.,0.503871025524086,-0.863778900898433));
#7653=DIRECTION('center_axis',(1.,0.,0.));
#7654=DIRECTION('ref_axis',(0.,0.,-1.));
#7655=DIRECTION('',(0.,0.485862050906533,-0.87403550699551));
#7656=DIRECTION('',(0.,0.130526458830132,-0.991444826273891));
#7657=DIRECTION('center_axis',(1.,0.,0.));
#7658=DIRECTION('ref_axis',(0.,0.,-1.));
#7659=DIRECTION('',(0.,0.997279617253797,-0.0737113628290814));
#7660=DIRECTION('',(0.,0.992555896452275,-0.121789952039654));
#7661=DIRECTION('center_axis',(1.,0.,0.));
#7662=DIRECTION('ref_axis',(0.,0.,-1.));
#7663=DIRECTION('',(0.,0.996657521232313,0.0816932394452715));
#7664=DIRECTION('',(0.,0.,1.));
#7665=DIRECTION('center_axis',(1.,0.,0.));
#7666=DIRECTION('ref_axis',(0.,0.,-1.));
#7667=DIRECTION('',(0.,0.999161228484711,0.0409492306756029));
#7668=DIRECTION('',(0.,0.,1.));
#7669=DIRECTION('center_axis',(1.,0.,0.));
#7670=DIRECTION('ref_axis',(0.,0.,-1.));
#7671=DIRECTION('',(0.,0.998909986377892,-0.0466780367466305));
#7672=DIRECTION('center_axis',(1.,0.,0.));
#7673=DIRECTION('ref_axis',(0.,0.,-1.));
#7674=DIRECTION('',(0.,1.,0.));
#7675=DIRECTION('',(0.,0.992988274194944,-0.118212889785112));
#7676=DIRECTION('center_axis',(1.,0.,0.));
#7677=DIRECTION('ref_axis',(0.,0.,-1.));
#7678=DIRECTION('',(0.,0.992224647304149,-0.124459829994085));
#7679=DIRECTION('',(0.,0.3826828959707,-0.923879754692936));
#7680=DIRECTION('center_axis',(1.,0.,0.));
#7681=DIRECTION('ref_axis',(0.,0.,-1.));
#7682=DIRECTION('',(0.,0.,1.));
#7683=DIRECTION('center_axis',(1.,0.,0.));
#7684=DIRECTION('ref_axis',(0.,0.,-1.));
#7685=DIRECTION('',(0.,0.851658316704544,-0.524097425664335));
#7686=DIRECTION('',(0.,1.,0.));
#7687=DIRECTION('center_axis',(1.,0.,0.));
#7688=DIRECTION('ref_axis',(0.,0.,-1.));
#7689=DIRECTION('',(0.,1.,0.));
#7690=DIRECTION('',(0.,0.,1.));
#7691=DIRECTION('center_axis',(1.,0.,0.));
#7692=DIRECTION('ref_axis',(0.,0.,-1.));
#7693=DIRECTION('',(0.,0.972806214685367,-0.23162052730604));
#7694=DIRECTION('',(0.,0.,1.));
#7695=DIRECTION('center_axis',(1.,0.,0.));
#7696=DIRECTION('ref_axis',(0.,0.,-1.));
#7697=DIRECTION('',(0.,0.643192086423273,-0.765704864789611));
#7698=DIRECTION('center_axis',(1.,0.,0.));
#7699=DIRECTION('ref_axis',(0.,0.,-1.));
#7700=DIRECTION('',(0.,0.804574079585767,0.593852296837114));
#7701=DIRECTION('',(0.,0.,1.));
#7702=DIRECTION('center_axis',(1.,0.,0.));
#7703=DIRECTION('ref_axis',(0.,0.,-1.));
#7704=DIRECTION('',(0.,0.,1.));
#7705=DIRECTION('',(0.,0.850265146687862,0.526354614616295));
#7706=DIRECTION('center_axis',(1.,0.,0.));
#7707=DIRECTION('ref_axis',(0.,0.,-1.));
#7708=DIRECTION('',(0.,0.97803643588717,-0.208433994533331));
#7709=DIRECTION('',(0.,0.,1.));
#7710=DIRECTION('',(0.,0.99597248163164,0.0896594436326313));
#7711=DIRECTION('center_axis',(1.,0.,0.));
#7712=DIRECTION('ref_axis',(0.,0.,-1.));
#7713=DIRECTION('',(0.,0.97172394365911,0.23611983677698));
#7714=DIRECTION('center_axis',(1.,0.,0.));
#7715=DIRECTION('ref_axis',(0.,0.,-1.));
#7716=DIRECTION('',(0.,1.,0.));
#7717=DIRECTION('center_axis',(1.,0.,0.));
#7718=DIRECTION('ref_axis',(0.,0.,-1.));
#7719=DIRECTION('',(0.,0.995180700978787,0.0980580052793718));
#7720=DIRECTION('',(0.,0.382681173853705,0.923880468014099));
#7721=DIRECTION('center_axis',(1.,0.,0.));
#7722=DIRECTION('ref_axis',(0.,0.,-1.));
#7723=DIRECTION('',(0.,0.9987997817952,0.0489795455865065));
#7724=DIRECTION('center_axis',(1.,0.,0.));
#7725=DIRECTION('ref_axis',(0.,0.,-1.));
#7726=DIRECTION('',(0.,0.,1.));
#7727=DIRECTION('center_axis',(0.,-1.,0.));
#7728=DIRECTION('ref_axis',(0.,0.,-1.));
#7729=DIRECTION('',(0.107531583128498,0.,0.99420166899371));
#7730=DIRECTION('center_axis',(0.,-1.,0.));
#7731=DIRECTION('ref_axis',(0.,0.,-1.));
#7732=DIRECTION('',(1.,0.,0.));
#7733=DIRECTION('center_axis',(0.,-1.,0.));
#7734=DIRECTION('ref_axis',(0.,0.,-1.));
#7735=DIRECTION('',(0.205830842643654,0.,0.97858758637978));
#7736=DIRECTION('center_axis',(0.,-1.,0.));
#7737=DIRECTION('ref_axis',(0.,0.,-1.));
#7738=DIRECTION('',(1.,0.,0.));
#7739=DIRECTION('center_axis',(0.,-1.,0.));
#7740=DIRECTION('ref_axis',(0.,0.,-1.));
#7741=DIRECTION('',(0.15799051285952,0.,0.98744063003625));
#7742=DIRECTION('',(1.,0.,0.));
#7743=DIRECTION('center_axis',(0.,-1.,0.));
#7744=DIRECTION('ref_axis',(0.,0.,-1.));
#7745=DIRECTION('',(1.,0.,0.));
#7746=DIRECTION('center_axis',(0.,0.,-1.));
#7747=DIRECTION('ref_axis',(-1.,0.,0.));
#7748=DIRECTION('',(0.371390676354104,0.928476690885259,0.));
#7749=DIRECTION('center_axis',(0.,0.,-1.));
#7750=DIRECTION('ref_axis',(-1.,0.,0.));
#7751=DIRECTION('center_axis',(0.,0.,1.));
#7752=DIRECTION('ref_axis',(1.,0.,0.));
#7753=DIRECTION('',(0.371390676354104,-0.928476690885259,0.));
#7754=DIRECTION('center_axis',(0.,0.,1.));
#7755=DIRECTION('ref_axis',(1.,0.,0.));
#7756=DIRECTION('center_axis',(0.,-0.923879041362142,-0.382684618101864));
#7757=DIRECTION('ref_axis',(0.,0.382684618101864,-0.923879041362142));
#7758=DIRECTION('',(0.9952425028023,0.0372844825900377,-0.0900123767812337));
#7759=DIRECTION('',(1.,0.,0.));
#7760=DIRECTION('center_axis',(0.,-0.923879041362142,-0.382684618101864));
#7761=DIRECTION('ref_axis',(0.,0.382684618101864,-0.923879041362142));
#7762=DIRECTION('',(1.,0.,0.));
#7763=DIRECTION('center_axis',(0.,-0.793354870556795,-0.608759434722626));
#7764=DIRECTION('ref_axis',(-1.,0.,0.));
#7765=DIRECTION('',(0.995242470298158,0.0593108706827919,-0.0772958338700689));
#7766=DIRECTION('center_axis',(0.,-0.793354870556795,-0.608759434722626));
#7767=DIRECTION('ref_axis',(-1.,0.,0.));
#7768=DIRECTION('',(1.,0.,0.));
#7769=DIRECTION('center_axis',(0.,-0.608759078049481,-0.793355144240173));
#7770=DIRECTION('ref_axis',(-1.,0.,0.));
#7771=DIRECTION('',(0.995242502558516,0.0772955990912769,-0.059310635321025));
#7772=DIRECTION('center_axis',(0.,-0.608759078049481,-0.793355144240173));
#7773=DIRECTION('ref_axis',(-1.,0.,0.));
#7774=DIRECTION('',(1.,0.,0.));
#7775=DIRECTION('center_axis',(0.,-0.382687914611166,-0.923877675891434));
#7776=DIRECTION('ref_axis',(-1.,0.,0.));
#7777=DIRECTION('',(0.995242463935386,0.0900126105503008,-0.0372849557025659));
#7778=DIRECTION('center_axis',(0.,-0.382687914611166,-0.923877675891434));
#7779=DIRECTION('ref_axis',(-1.,0.,0.));
#7780=DIRECTION('',(1.,0.,0.));
#7781=DIRECTION('center_axis',(0.,-0.13052135571551,-0.991445498099712));
#7782=DIRECTION('ref_axis',(-1.,0.,0.));
#7783=DIRECTION('',(0.995242496616013,0.096595354609471,-0.0127165403076757));
#7784=DIRECTION('center_axis',(0.,-0.13052135571551,-0.991445498099712));
#7785=DIRECTION('ref_axis',(-1.,0.,0.));
#7786=DIRECTION('',(1.,0.,0.));
#7787=DIRECTION('center_axis',(0.,0.13052135571551,-0.991445498099712));
#7788=DIRECTION('ref_axis',(-1.,0.,0.));
#7789=DIRECTION('',(0.995242496616013,0.096595354609471,0.0127165403076757));
#7790=DIRECTION('center_axis',(0.,0.13052135571551,-0.991445498099712));
#7791=DIRECTION('ref_axis',(-1.,0.,0.));
#7792=DIRECTION('',(1.,0.,0.));
#7793=DIRECTION('center_axis',(0.,0.382687914611166,-0.923877675891434));
#7794=DIRECTION('ref_axis',(-1.,0.,0.));
#7795=DIRECTION('',(0.995242463935386,0.0900126105503008,0.0372849557025659));
#7796=DIRECTION('center_axis',(0.,0.382687914611166,-0.923877675891434));
#7797=DIRECTION('ref_axis',(-1.,0.,0.));
#7798=DIRECTION('',(1.,0.,0.));
#7799=DIRECTION('center_axis',(0.,0.608759078049481,-0.793355144240173));
#7800=DIRECTION('ref_axis',(-1.,0.,0.));
#7801=DIRECTION('',(0.995242502558516,0.0772955990912769,0.059310635321025));
#7802=DIRECTION('center_axis',(0.,0.608759078049481,-0.793355144240173));
#7803=DIRECTION('ref_axis',(-1.,0.,0.));
#7804=DIRECTION('',(1.,0.,0.));
#7805=DIRECTION('center_axis',(0.,0.793354870556795,-0.608759434722626));
#7806=DIRECTION('ref_axis',(-1.,0.,0.));
#7807=DIRECTION('',(0.995242470298158,0.0593108706827919,0.0772958338700689));
#7808=DIRECTION('center_axis',(0.,0.793354870556795,-0.608759434722626));
#7809=DIRECTION('ref_axis',(-1.,0.,0.));
#7810=DIRECTION('',(1.,0.,0.));
#7811=DIRECTION('center_axis',(0.,0.923879041362142,-0.382684618101864));
#7812=DIRECTION('ref_axis',(0.,0.382684618101864,0.923879041362142));
#7813=DIRECTION('',(0.9952425028023,0.0372844825900377,0.0900123767812337));
#7814=DIRECTION('center_axis',(0.,0.923879041362142,-0.382684618101864));
#7815=DIRECTION('ref_axis',(0.,0.382684618101864,0.923879041362142));
#7816=DIRECTION('',(1.,0.,0.));
#7817=DIRECTION('center_axis',(0.,0.99144490926018,-0.130525828486445));
#7818=DIRECTION('ref_axis',(0.,0.130525828486445,0.99144490926018));
#7819=DIRECTION('',(0.995242467798197,0.0127170145080511,0.0965955890967923));
#7820=DIRECTION('center_axis',(0.,0.99144490926018,-0.130525828486445));
#7821=DIRECTION('ref_axis',(0.,0.130525828486445,0.99144490926018));
#7822=DIRECTION('',(1.,0.,0.));
#7823=DIRECTION('center_axis',(0.,0.9914447432864,0.130527089179853));
#7824=DIRECTION('ref_axis',(0.,-0.130527089179853,0.9914447432864));
#7825=DIRECTION('',(0.995242559044044,-0.0127170156739727,0.0965946488156046));
#7826=DIRECTION('center_axis',(0.,0.9914447432864,0.130527089179853));
#7827=DIRECTION('ref_axis',(0.,-0.130527089179853,0.9914447432864));
#7828=DIRECTION('',(1.,0.,0.));
#7829=DIRECTION('center_axis',(0.,0.923880468014099,0.382681173853705));
#7830=DIRECTION('ref_axis',(0.,-0.382681173853705,0.923880468014099));
#7831=DIRECTION('',(0.995242417774219,-0.0372844794046552,0.0900133182282005));
#7832=DIRECTION('center_axis',(0.,0.923880468014099,0.382681173853705));
#7833=DIRECTION('ref_axis',(0.,-0.382681173853705,0.923880468014099));
#7834=DIRECTION('',(1.,0.,0.));
#7835=DIRECTION('center_axis',(0.,0.793351260310443,0.608764139682876));
#7836=DIRECTION('ref_axis',(1.,0.,0.));
#7837=DIRECTION('',(0.995242543313035,-0.0593108750340691,0.0772948904035412));
#7838=DIRECTION('center_axis',(0.,0.793351260310443,0.608764139682876));
#7839=DIRECTION('ref_axis',(1.,0.,0.));
#7840=DIRECTION('',(1.,0.,0.));
#7841=DIRECTION('center_axis',(0.,0.608765209642157,0.793350439294856));
#7842=DIRECTION('ref_axis',(1.,0.,0.));
#7843=DIRECTION('',(0.995242446531959,-0.0772955947399693,0.0593115811193296));
#7844=DIRECTION('center_axis',(0.,0.608765209642157,0.793350439294856));
#7845=DIRECTION('ref_axis',(1.,0.,0.));
#7846=DIRECTION('',(1.,0.,0.));
#7847=DIRECTION('center_axis',(0.,0.382679599434605,0.923881120153762));
#7848=DIRECTION('ref_axis',(1.,0.,0.));
#7849=DIRECTION('',(0.995242499155115,-0.0900126137356751,0.0372840078847992));
#7850=DIRECTION('center_axis',(0.,0.382679599434605,0.923881120153762));
#7851=DIRECTION('ref_axis',(1.,0.,0.));
#7852=DIRECTION('',(1.,0.,0.));
#7853=DIRECTION('center_axis',(0.,0.130530931590426,0.99144423741234));
#7854=DIRECTION('ref_axis',(1.,0.,0.));
#7855=DIRECTION('',(0.995242484603245,-0.0965953534435466,0.0127174892913808));
#7856=DIRECTION('center_axis',(0.,0.130530931590426,0.99144423741234));
#7857=DIRECTION('ref_axis',(1.,0.,0.));
#7858=DIRECTION('',(1.,0.,0.));
#7859=DIRECTION('center_axis',(0.,-0.130530931590426,0.99144423741234));
#7860=DIRECTION('ref_axis',(1.,0.,0.));
#7861=DIRECTION('',(0.995242484603245,-0.0965953534435466,-0.0127174892913808));
#7862=DIRECTION('center_axis',(0.,-0.130530931590426,0.99144423741234));
#7863=DIRECTION('ref_axis',(1.,0.,0.));
#7864=DIRECTION('',(1.,0.,0.));
#7865=DIRECTION('center_axis',(0.,-0.382679599434605,0.923881120153762));
#7866=DIRECTION('ref_axis',(1.,0.,0.));
#7867=DIRECTION('',(0.995242499155115,-0.0900126137356751,-0.0372840078847992));
#7868=DIRECTION('center_axis',(0.,-0.382679599434605,0.923881120153762));
#7869=DIRECTION('ref_axis',(1.,0.,0.));
#7870=DIRECTION('',(1.,0.,0.));
#7871=DIRECTION('center_axis',(0.,-0.608765209642157,0.793350439294856));
#7872=DIRECTION('ref_axis',(1.,0.,0.));
#7873=DIRECTION('',(0.995242446531959,-0.0772955947399693,-0.0593115811193296));
#7874=DIRECTION('center_axis',(0.,-0.608765209642157,0.793350439294856));
#7875=DIRECTION('ref_axis',(1.,0.,0.));
#7876=DIRECTION('',(1.,0.,0.));
#7877=DIRECTION('center_axis',(0.,-0.793351260310443,0.608764139682876));
#7878=DIRECTION('ref_axis',(1.,0.,0.));
#7879=DIRECTION('',(0.995242543313035,-0.0593108750340691,-0.0772948904035412));
#7880=DIRECTION('center_axis',(0.,-0.793351260310443,0.608764139682876));
#7881=DIRECTION('ref_axis',(1.,0.,0.));
#7882=DIRECTION('',(1.,0.,0.));
#7883=DIRECTION('center_axis',(0.,-0.923880468014099,0.382681173853705));
#7884=DIRECTION('ref_axis',(0.,-0.382681173853705,-0.923880468014099));
#7885=DIRECTION('',(0.995242417774219,-0.0372844794046552,-0.0900133182282005));
#7886=DIRECTION('center_axis',(0.,-0.923880468014099,0.382681173853705));
#7887=DIRECTION('ref_axis',(0.,-0.382681173853705,-0.923880468014099));
#7888=DIRECTION('',(1.,0.,0.));
#7889=DIRECTION('center_axis',(0.,-0.9914447432864,0.130527089179853));
#7890=DIRECTION('ref_axis',(0.,-0.130527089179853,-0.9914447432864));
#7891=DIRECTION('',(0.995242559044044,-0.0127170156739727,-0.0965946488156046));
#7892=DIRECTION('center_axis',(0.,-0.9914447432864,0.130527089179853));
#7893=DIRECTION('ref_axis',(0.,-0.130527089179853,-0.9914447432864));
#7894=DIRECTION('',(1.,0.,0.));
#7895=DIRECTION('center_axis',(0.,-0.99144490926018,-0.130525828486445));
#7896=DIRECTION('ref_axis',(0.,0.130525828486445,-0.99144490926018));
#7897=DIRECTION('',(0.995242467798197,0.0127170145080511,-0.0965955890967923));
#7898=DIRECTION('center_axis',(0.,-0.99144490926018,-0.130525828486445));
#7899=DIRECTION('ref_axis',(0.,0.130525828486445,-0.99144490926018));
#7900=DIRECTION('center_axis',(0.,-0.923879754692936,-0.382682895970699));
#7901=DIRECTION('ref_axis',(0.,0.3826828959707,-0.923879754692936));
#7902=DIRECTION('',(0.995242460288369,0.0372844809973506,-0.0900128475047473));
#7903=DIRECTION('',(1.,0.,0.));
#7904=DIRECTION('center_axis',(0.,-0.923879754692936,-0.382682895970699));
#7905=DIRECTION('ref_axis',(0.,0.3826828959707,-0.923879754692936));
#7906=DIRECTION('',(1.,0.,0.));
#7907=DIRECTION('center_axis',(0.,-0.793353065444083,-0.608761787196336));
#7908=DIRECTION('ref_axis',(-1.,0.,0.));
#7909=DIRECTION('',(0.995242506805706,0.0593108728584371,-0.077295362136831));
#7910=DIRECTION('center_axis',(0.,-0.793353065444083,-0.608761787196336));
#7911=DIRECTION('ref_axis',(-1.,0.,0.));
#7912=DIRECTION('',(1.,0.,0.));
#7913=DIRECTION('center_axis',(0.,-0.608762143859455,-0.793352791766462));
#7914=DIRECTION('ref_axis',(-1.,0.,0.));
#7915=DIRECTION('',(0.995242474545348,0.0772955969156317,-0.0593111082201972));
#7916=DIRECTION('center_axis',(0.,-0.608762143859455,-0.793352791766462));
#7917=DIRECTION('ref_axis',(-1.,0.,0.));
#7918=DIRECTION('',(1.,0.,0.));
#7919=DIRECTION('center_axis',(0.,-0.38268375703451,-0.923879398028743));
#7920=DIRECTION('ref_axis',(-1.,0.,0.));
#7921=DIRECTION('',(0.995242481545362,0.090012612142998,-0.0372844817936951));
#7922=DIRECTION('center_axis',(0.,-0.38268375703451,-0.923879398028743));
#7923=DIRECTION('ref_axis',(-1.,0.,0.));
#7924=DIRECTION('',(1.,0.,0.));
#7925=DIRECTION('center_axis',(0.,-0.130526143657534,-0.991444867767186));
#7926=DIRECTION('ref_axis',(-1.,0.,0.));
#7927=DIRECTION('',(0.995242490609741,0.0965953540265197,-0.0127170147995325));
#7928=DIRECTION('center_axis',(0.,-0.130526143657534,-0.991444867767186));
#7929=DIRECTION('ref_axis',(-1.,0.,0.));
#7930=DIRECTION('',(1.,0.,0.));
#7931=DIRECTION('center_axis',(0.,0.130526143657534,-0.991444867767186));
#7932=DIRECTION('ref_axis',(-1.,0.,0.));
#7933=DIRECTION('',(0.995242490609741,0.0965953540265197,0.0127170147995325));
#7934=DIRECTION('center_axis',(0.,0.130526143657534,-0.991444867767186));
#7935=DIRECTION('ref_axis',(-1.,0.,0.));
#7936=DIRECTION('',(1.,0.,0.));
#7937=DIRECTION('center_axis',(0.,0.38268375703451,-0.923879398028743));
#7938=DIRECTION('ref_axis',(-1.,0.,0.));
#7939=DIRECTION('',(0.995242481545362,0.090012612142998,0.0372844817936951));
#7940=DIRECTION('center_axis',(0.,0.38268375703451,-0.923879398028743));
#7941=DIRECTION('ref_axis',(-1.,0.,0.));
#7942=DIRECTION('',(1.,0.,0.));
#7943=DIRECTION('center_axis',(0.,0.608762143859455,-0.793352791766462));
#7944=DIRECTION('ref_axis',(-1.,0.,0.));
#7945=DIRECTION('',(0.995242474545348,0.0772955969156317,0.0593111082201972));
#7946=DIRECTION('center_axis',(0.,0.608762143859455,-0.793352791766462));
#7947=DIRECTION('ref_axis',(-1.,0.,0.));
#7948=DIRECTION('',(1.,0.,0.));
#7949=DIRECTION('center_axis',(0.,0.793353065444083,-0.608761787196336));
#7950=DIRECTION('ref_axis',(-1.,0.,0.));
#7951=DIRECTION('',(0.995242506805706,0.0593108728584371,0.077295362136831));
#7952=DIRECTION('center_axis',(0.,0.793353065444083,-0.608761787196336));
#7953=DIRECTION('ref_axis',(-1.,0.,0.));
#7954=DIRECTION('',(1.,0.,0.));
#7955=DIRECTION('center_axis',(0.,0.923879754692936,-0.382682895970699));
#7956=DIRECTION('ref_axis',(0.,0.3826828959707,0.923879754692936));
#7957=DIRECTION('',(0.995242460288369,0.0372844809973506,0.0900128475047473));
#7958=DIRECTION('center_axis',(0.,0.923879754692936,-0.382682895970699));
#7959=DIRECTION('ref_axis',(0.,0.3826828959707,0.923879754692936));
#7960=DIRECTION('',(1.,0.,0.));
#7961=DIRECTION('center_axis',(0.,0.991444826273891,-0.130526458830132));
#7962=DIRECTION('ref_axis',(0.,0.130526458830132,0.991444826273891));
#7963=DIRECTION('',(0.99524251342123,0.0127170150910133,0.0965951189562308));
#7964=DIRECTION('center_axis',(0.,0.991444826273891,-0.130526458830132));
#7965=DIRECTION('ref_axis',(0.,0.130526458830132,0.991444826273891));
#7966=DIRECTION('',(1.,0.,0.));
#7967=DIRECTION('center_axis',(0.,0.99144490926018,0.130525828486445));
#7968=DIRECTION('ref_axis',(0.,-0.130525828486445,0.99144490926018));
#7969=DIRECTION('',(0.995242467798197,-0.0127170145080511,0.0965955890967923));
#7970=DIRECTION('center_axis',(0.,0.99144490926018,0.130525828486445));
#7971=DIRECTION('ref_axis',(0.,-0.130525828486445,0.99144490926018));
#7972=DIRECTION('',(1.,0.,0.));
#7973=DIRECTION('center_axis',(0.,0.923879041362142,0.382684618101864));
#7974=DIRECTION('ref_axis',(0.,-0.382684618101864,0.923879041362142));
#7975=DIRECTION('',(0.9952425028023,-0.0372844825900377,0.0900123767812337));
#7976=DIRECTION('center_axis',(0.,0.923879041362142,0.382684618101864));
#7977=DIRECTION('ref_axis',(0.,-0.382684618101864,0.923879041362142));
#7978=DIRECTION('',(1.,0.,0.));
#7979=DIRECTION('center_axis',(0.,0.793353065444083,0.608761787196336));
#7980=DIRECTION('ref_axis',(1.,0.,0.));
#7981=DIRECTION('',(0.995242506805706,-0.0593108728584371,0.077295362136831));
#7982=DIRECTION('center_axis',(0.,0.793353065444083,0.608761787196336));
#7983=DIRECTION('ref_axis',(1.,0.,0.));
#7984=DIRECTION('',(1.,0.,0.));
#7985=DIRECTION('center_axis',(0.,0.608762143859455,0.793352791766462));
#7986=DIRECTION('ref_axis',(1.,0.,0.));
#7987=DIRECTION('',(0.995242474545348,-0.0772955969156317,0.0593111082201972));
#7988=DIRECTION('center_axis',(0.,0.608762143859455,0.793352791766462));
#7989=DIRECTION('ref_axis',(1.,0.,0.));
#7990=DIRECTION('',(1.,0.,0.));
#7991=DIRECTION('center_axis',(0.,0.38268375703451,0.923879398028743));
#7992=DIRECTION('ref_axis',(1.,0.,0.));
#7993=DIRECTION('',(0.995242481545362,-0.090012612142998,0.0372844817936951));
#7994=DIRECTION('center_axis',(0.,0.38268375703451,0.923879398028743));
#7995=DIRECTION('ref_axis',(1.,0.,0.));
#7996=DIRECTION('',(1.,0.,0.));
#7997=DIRECTION('center_axis',(0.,0.130526143657534,0.991444867767186));
#7998=DIRECTION('ref_axis',(1.,0.,0.));
#7999=DIRECTION('',(0.995242490609741,-0.0965953540265197,0.0127170147995325));
#8000=DIRECTION('center_axis',(0.,0.130526143657534,0.991444867767186));
#8001=DIRECTION('ref_axis',(1.,0.,0.));
#8002=DIRECTION('',(1.,0.,0.));
#8003=DIRECTION('center_axis',(0.,-0.130526143657534,0.991444867767186));
#8004=DIRECTION('ref_axis',(1.,0.,0.));
#8005=DIRECTION('',(0.995242490609741,-0.0965953540265197,-0.0127170147995325));
#8006=DIRECTION('center_axis',(0.,-0.130526143657534,0.991444867767186));
#8007=DIRECTION('ref_axis',(1.,0.,0.));
#8008=DIRECTION('',(1.,0.,0.));
#8009=DIRECTION('center_axis',(0.,-0.38268375703451,0.923879398028743));
#8010=DIRECTION('ref_axis',(1.,0.,0.));
#8011=DIRECTION('',(0.995242481545362,-0.090012612142998,-0.0372844817936951));
#8012=DIRECTION('center_axis',(0.,-0.38268375703451,0.923879398028743));
#8013=DIRECTION('ref_axis',(1.,0.,0.));
#8014=DIRECTION('',(1.,0.,0.));
#8015=DIRECTION('center_axis',(0.,-0.608762143859455,0.793352791766462));
#8016=DIRECTION('ref_axis',(1.,0.,0.));
#8017=DIRECTION('',(0.995242474545348,-0.0772955969156317,-0.0593111082201972));
#8018=DIRECTION('center_axis',(0.,-0.608762143859455,0.793352791766462));
#8019=DIRECTION('ref_axis',(1.,0.,0.));
#8020=DIRECTION('',(1.,0.,0.));
#8021=DIRECTION('center_axis',(0.,-0.793353065444083,0.608761787196336));
#8022=DIRECTION('ref_axis',(1.,0.,0.));
#8023=DIRECTION('',(0.995242506805706,-0.0593108728584371,-0.077295362136831));
#8024=DIRECTION('center_axis',(0.,-0.793353065444083,0.608761787196336));
#8025=DIRECTION('ref_axis',(1.,0.,0.));
#8026=DIRECTION('',(1.,0.,0.));
#8027=DIRECTION('center_axis',(0.,-0.923879041362142,0.382684618101864));
#8028=DIRECTION('ref_axis',(0.,-0.382684618101864,-0.923879041362142));
#8029=DIRECTION('',(0.9952425028023,-0.0372844825900377,-0.0900123767812337));
#8030=DIRECTION('center_axis',(0.,-0.923879041362142,0.382684618101864));
#8031=DIRECTION('ref_axis',(0.,-0.382684618101864,-0.923879041362142));
#8032=DIRECTION('',(1.,0.,0.));
#8033=DIRECTION('center_axis',(0.,-0.99144490926018,0.130525828486445));
#8034=DIRECTION('ref_axis',(0.,-0.130525828486445,-0.99144490926018));
#8035=DIRECTION('',(0.995242467798197,-0.0127170145080511,-0.0965955890967923));
#8036=DIRECTION('center_axis',(0.,-0.99144490926018,0.130525828486445));
#8037=DIRECTION('ref_axis',(0.,-0.130525828486445,-0.99144490926018));
#8038=DIRECTION('',(1.,0.,0.));
#8039=DIRECTION('center_axis',(0.,-0.991444826273891,-0.130526458830132));
#8040=DIRECTION('ref_axis',(0.,0.130526458830132,-0.991444826273891));
#8041=DIRECTION('',(0.99524251342123,0.0127170150910133,-0.0965951189562308));
#8042=DIRECTION('center_axis',(0.,-0.991444826273891,-0.130526458830132));
#8043=DIRECTION('ref_axis',(0.,0.130526458830132,-0.991444826273891));
#8044=DIRECTION('center_axis',(1.,0.,0.));
#8045=DIRECTION('ref_axis',(0.,0.,-1.));
#8046=DIRECTION('',(0.,0.206010481049842,0.978549784986749));
#8047=DIRECTION('center_axis',(1.,0.,0.));
#8048=DIRECTION('ref_axis',(0.,0.,-1.));
#8049=DIRECTION('',(0.,0.,1.));
#8050=DIRECTION('',(0.,1.,0.));
#8051=DIRECTION('center_axis',(0.,0.,-1.));
#8052=DIRECTION('ref_axis',(-1.,0.,0.));
#8053=DIRECTION('',(0.928476690885259,-0.371390676354104,0.));
#8054=DIRECTION('',(0.,1.,0.));
#8055=DIRECTION('center_axis',(0.,0.,-1.));
#8056=DIRECTION('ref_axis',(-1.,0.,0.));
#8057=DIRECTION('',(1.,0.,0.));
#8058=DIRECTION('center_axis',(0.,0.,1.));
#8059=DIRECTION('ref_axis',(1.,0.,0.));
#8060=DIRECTION('',(0.928476690885259,0.371390676354104,0.));
#8061=DIRECTION('',(1.,0.,0.));
#8062=DIRECTION('',(0.,1.,0.));
#8063=DIRECTION('center_axis',(0.,0.,1.));
#8064=DIRECTION('ref_axis',(1.,0.,0.));
#8065=DIRECTION('center_axis',(1.,0.,0.));
#8066=DIRECTION('ref_axis',(0.,0.,-1.));
#8067=DIRECTION('',(0.,0.157990501106673,0.987440631916705));
#8068=DIRECTION('',(0.,0.,1.));
#8069=DIRECTION('center_axis',(1.,0.,0.));
#8070=DIRECTION('ref_axis',(0.,0.,-1.));
#8071=DIRECTION('center_axis',(-0.382680460495814,0.,0.923880763494247));
#8072=DIRECTION('ref_axis',(0.923880763494247,0.,0.382680460495814));
#8073=DIRECTION('',(0.0900123783739067,0.995242520412054,0.0372840086811317));
#8074=DIRECTION('',(0.,1.,0.));
#8075=DIRECTION('center_axis',(-0.382680460495814,0.,0.923880763494247));
#8076=DIRECTION('ref_axis',(0.923880763494247,0.,0.382680460495814));
#8077=DIRECTION('',(0.,1.,0.));
#8078=DIRECTION('',(0.923880763494247,0.,0.382680460495814));
#8079=DIRECTION('center_axis',(-0.608767311789728,0.,0.793348826239951));
#8080=DIRECTION('ref_axis',(0.793348826239951,0.,0.608767311789728));
#8081=DIRECTION('',(0.0772939480246033,0.995242630333592,0.0593106429356726));
#8082=DIRECTION('center_axis',(-0.608767311789728,0.,0.793348826239951));
#8083=DIRECTION('ref_axis',(0.793348826239951,0.,0.608767311789728));
#8084=DIRECTION('',(0.,1.,0.));
#8085=DIRECTION('',(0.793348826239951,0.,0.608767311789728));
#8086=DIRECTION('center_axis',(-0.793341932018492,0.,0.608776296270778));
#8087=DIRECTION('ref_axis',(0.608776296270778,0.,0.793341932018492));
#8088=DIRECTION('',(0.059313471627588,0.995242316222392,0.0772958219037239));
#8089=DIRECTION('center_axis',(-0.793341932018492,0.,0.608776296270778));
#8090=DIRECTION('ref_axis',(0.608776296270778,0.,0.793341932018492));
#8091=DIRECTION('',(0.,1.,0.));
#8092=DIRECTION('',(0.608776296270778,0.,0.793341932018492));
#8093=DIRECTION('center_axis',(-0.923887651899763,0.,0.382663829839119));
#8094=DIRECTION('ref_axis',(0.382663829839119,0.,0.923887651899763));
#8095=DIRECTION('',(0.037282113045256,0.995242590848838,0.0900123847443966));
#8096=DIRECTION('center_axis',(-0.923887651899763,0.,0.382663829839119));
#8097=DIRECTION('ref_axis',(0.382663829839119,0.,0.923887651899763));
#8098=DIRECTION('',(0.,1.,0.));
#8099=DIRECTION('',(0.382663829839119,0.,0.923887651899763));
#8100=DIRECTION('center_axis',(-0.991443018137733,0.,0.130540192224243));
#8101=DIRECTION('ref_axis',(0.130540192224243,0.,0.991443018137733));
#8102=DIRECTION('',(0.0127184379835374,0.995242449778039,0.0965955873478036));
#8103=DIRECTION('center_axis',(-0.991443018137733,0.,0.130540192224243));
#8104=DIRECTION('ref_axis',(0.130540192224243,0.,0.991443018137733));
#8105=DIRECTION('',(0.,1.,0.));
#8106=DIRECTION('',(0.130540192224243,0.,0.991443018137733));
#8107=DIRECTION('center_axis',(-0.991443018137733,0.,-0.130540192224243));
#8108=DIRECTION('ref_axis',(-0.130540192224243,0.,0.991443018137733));
#8109=DIRECTION('',(0.0127184379835374,-0.995242449778039,-0.0965955873478036));
#8110=DIRECTION('center_axis',(-0.991443018137733,0.,-0.130540192224243));
#8111=DIRECTION('ref_axis',(-0.130540192224243,0.,0.991443018137733));
#8112=DIRECTION('',(0.,1.,0.));
#8113=DIRECTION('',(0.130540192224243,0.,-0.991443018137733));
#8114=DIRECTION('center_axis',(-0.923887651899763,0.,-0.382663829839119));
#8115=DIRECTION('ref_axis',(-0.382663829839119,0.,0.923887651899763));
#8116=DIRECTION('',(0.037282113045256,-0.995242590848838,-0.0900123847443966));
#8117=DIRECTION('center_axis',(-0.923887651899763,0.,-0.382663829839119));
#8118=DIRECTION('ref_axis',(-0.382663829839119,0.,0.923887651899763));
#8119=DIRECTION('',(0.,1.,0.));
#8120=DIRECTION('',(0.382663829839119,0.,-0.923887651899763));
#8121=DIRECTION('center_axis',(-0.793341932018492,0.,-0.608776296270778));
#8122=DIRECTION('ref_axis',(-0.608776296270778,0.,0.793341932018492));
#8123=DIRECTION('',(0.059313471627588,-0.995242316222392,-0.0772958219037239));
#8124=DIRECTION('center_axis',(-0.793341932018492,0.,-0.608776296270778));
#8125=DIRECTION('ref_axis',(-0.608776296270778,0.,0.793341932018492));
#8126=DIRECTION('',(0.,1.,0.));
#8127=DIRECTION('',(0.608776296270778,0.,-0.793341932018492));
#8128=DIRECTION('center_axis',(-0.608767311789728,0.,-0.793348826239951));
#8129=DIRECTION('ref_axis',(-0.793348826239951,0.,0.608767311789728));
#8130=DIRECTION('',(0.0772939480246033,-0.995242630333592,-0.0593106429356726));
#8131=DIRECTION('center_axis',(-0.608767311789728,0.,-0.793348826239951));
#8132=DIRECTION('ref_axis',(-0.793348826239951,0.,0.608767311789728));
#8133=DIRECTION('',(0.,1.,0.));
#8134=DIRECTION('',(0.793348826239951,0.,-0.608767311789728));
#8135=DIRECTION('center_axis',(-0.382680460495814,0.,-0.923880763494247));
#8136=DIRECTION('ref_axis',(-0.923880763494247,0.,0.382680460495814));
#8137=DIRECTION('',(0.0900123783739067,-0.995242520412054,-0.0372840086811317));
#8138=DIRECTION('center_axis',(-0.382680460495814,0.,-0.923880763494247));
#8139=DIRECTION('ref_axis',(-0.923880763494247,0.,0.382680460495814));
#8140=DIRECTION('',(0.,1.,0.));
#8141=DIRECTION('',(0.923880763494247,0.,-0.382680460495814));
#8142=DIRECTION('center_axis',(-0.130530616408177,0.,-0.991444278908352));
#8143=DIRECTION('ref_axis',(-0.991444278908352,0.,0.130530616408177));
#8144=DIRECTION('',(0.0965955885138179,-0.995242461791702,-0.0127174889998884));
#8145=DIRECTION('center_axis',(-0.130530616408177,0.,-0.991444278908352));
#8146=DIRECTION('ref_axis',(-0.991444278908352,0.,0.130530616408177));
#8147=DIRECTION('',(0.,1.,0.));
#8148=DIRECTION('',(0.991444278908352,0.,-0.130530616408177));
#8149=DIRECTION('center_axis',(0.130530616408177,0.,-0.991444278908352));
#8150=DIRECTION('ref_axis',(-0.991444278908352,0.,-0.130530616408177));
#8151=DIRECTION('',(0.0965955885138179,-0.995242461791702,0.0127174889998884));
#8152=DIRECTION('center_axis',(0.130530616408177,0.,-0.991444278908352));
#8153=DIRECTION('ref_axis',(-0.991444278908352,0.,-0.130530616408177));
#8154=DIRECTION('',(0.,1.,0.));
#8155=DIRECTION('',(0.991444278908352,0.,0.130530616408177));
#8156=DIRECTION('center_axis',(0.382680460495814,0.,-0.923880763494247));
#8157=DIRECTION('ref_axis',(-0.923880763494247,0.,-0.382680460495814));
#8158=DIRECTION('',(0.0900123783739067,-0.995242520412054,0.0372840086811317));
#8159=DIRECTION('center_axis',(0.382680460495814,0.,-0.923880763494247));
#8160=DIRECTION('ref_axis',(-0.923880763494247,0.,-0.382680460495814));
#8161=DIRECTION('',(0.,1.,0.));
#8162=DIRECTION('',(0.923880763494247,0.,0.382680460495814));
#8163=DIRECTION('center_axis',(0.608767311789728,0.,-0.793348826239951));
#8164=DIRECTION('ref_axis',(-0.793348826239951,0.,-0.608767311789728));
#8165=DIRECTION('',(0.0772939480246033,-0.995242630333592,0.0593106429356726));
#8166=DIRECTION('center_axis',(0.608767311789728,0.,-0.793348826239951));
#8167=DIRECTION('ref_axis',(-0.793348826239951,0.,-0.608767311789728));
#8168=DIRECTION('',(0.,1.,0.));
#8169=DIRECTION('',(0.793348826239951,0.,0.608767311789728));
#8170=DIRECTION('center_axis',(0.793341932018492,0.,-0.608776296270778));
#8171=DIRECTION('ref_axis',(-0.608776296270778,0.,-0.793341932018492));
#8172=DIRECTION('',(0.059313471627588,-0.995242316222392,0.0772958219037239));
#8173=DIRECTION('center_axis',(0.793341932018492,0.,-0.608776296270778));
#8174=DIRECTION('ref_axis',(-0.608776296270778,0.,-0.793341932018492));
#8175=DIRECTION('',(0.,1.,0.));
#8176=DIRECTION('',(0.608776296270778,0.,0.793341932018492));
#8177=DIRECTION('center_axis',(0.923887651899763,0.,-0.382663829839119));
#8178=DIRECTION('ref_axis',(-0.382663829839119,0.,-0.923887651899763));
#8179=DIRECTION('',(0.037282113045256,-0.995242590848838,0.0900123847443966));
#8180=DIRECTION('center_axis',(0.923887651899763,0.,-0.382663829839119));
#8181=DIRECTION('ref_axis',(-0.382663829839119,0.,-0.923887651899763));
#8182=DIRECTION('',(0.,1.,0.));
#8183=DIRECTION('',(0.382663829839119,0.,0.923887651899763));
#8184=DIRECTION('center_axis',(0.991443018137733,0.,-0.130540192224243));
#8185=DIRECTION('ref_axis',(-0.130540192224243,0.,-0.991443018137733));
#8186=DIRECTION('',(0.0127184379835374,-0.995242449778039,0.0965955873478036));
#8187=DIRECTION('center_axis',(0.991443018137733,0.,-0.130540192224243));
#8188=DIRECTION('ref_axis',(-0.130540192224243,0.,-0.991443018137733));
#8189=DIRECTION('',(0.,1.,0.));
#8190=DIRECTION('',(0.130540192224243,0.,0.991443018137733));
#8191=DIRECTION('center_axis',(0.991443018137733,0.,0.130540192224243));
#8192=DIRECTION('ref_axis',(0.130540192224243,0.,-0.991443018137733));
#8193=DIRECTION('',(0.0127184379835374,0.995242449778039,-0.0965955873478036));
#8194=DIRECTION('center_axis',(0.991443018137733,0.,0.130540192224243));
#8195=DIRECTION('ref_axis',(0.130540192224243,0.,-0.991443018137733));
#8196=DIRECTION('',(0.,1.,0.));
#8197=DIRECTION('',(0.130540192224243,0.,-0.991443018137733));
#8198=DIRECTION('center_axis',(0.923887651899763,0.,0.382663829839119));
#8199=DIRECTION('ref_axis',(0.382663829839119,0.,-0.923887651899763));
#8200=DIRECTION('',(0.037282113045256,0.995242590848838,-0.0900123847443966));
#8201=DIRECTION('center_axis',(0.923887651899763,0.,0.382663829839119));
#8202=DIRECTION('ref_axis',(0.382663829839119,0.,-0.923887651899763));
#8203=DIRECTION('',(0.,1.,0.));
#8204=DIRECTION('',(0.382663829839119,0.,-0.923887651899763));
#8205=DIRECTION('center_axis',(0.793341932018492,0.,0.608776296270778));
#8206=DIRECTION('ref_axis',(0.608776296270778,0.,-0.793341932018492));
#8207=DIRECTION('',(0.059313471627588,0.995242316222392,-0.0772958219037239));
#8208=DIRECTION('center_axis',(0.793341932018492,0.,0.608776296270778));
#8209=DIRECTION('ref_axis',(0.608776296270778,0.,-0.793341932018492));
#8210=DIRECTION('',(0.,1.,0.));
#8211=DIRECTION('',(0.608776296270778,0.,-0.793341932018492));
#8212=DIRECTION('center_axis',(0.608767311789728,0.,0.793348826239951));
#8213=DIRECTION('ref_axis',(0.793348826239951,0.,-0.608767311789728));
#8214=DIRECTION('',(0.0772939480246033,0.995242630333592,-0.0593106429356726));
#8215=DIRECTION('center_axis',(0.608767311789728,0.,0.793348826239951));
#8216=DIRECTION('ref_axis',(0.793348826239951,0.,-0.608767311789728));
#8217=DIRECTION('',(0.,1.,0.));
#8218=DIRECTION('',(0.793348826239951,0.,-0.608767311789728));
#8219=DIRECTION('center_axis',(0.382680460495814,0.,0.923880763494247));
#8220=DIRECTION('ref_axis',(0.923880763494247,0.,-0.382680460495814));
#8221=DIRECTION('',(0.0900123783739067,0.995242520412054,-0.0372840086811317));
#8222=DIRECTION('center_axis',(0.382680460495814,0.,0.923880763494247));
#8223=DIRECTION('ref_axis',(0.923880763494247,0.,-0.382680460495814));
#8224=DIRECTION('',(0.,1.,0.));
#8225=DIRECTION('',(0.923880763494247,0.,-0.382680460495814));
#8226=DIRECTION('center_axis',(0.130530616408177,0.,0.991444278908352));
#8227=DIRECTION('ref_axis',(0.991444278908352,0.,-0.130530616408177));
#8228=DIRECTION('',(0.0965955885138179,0.995242461791702,-0.0127174889998884));
#8229=DIRECTION('center_axis',(0.130530616408177,0.,0.991444278908352));
#8230=DIRECTION('ref_axis',(0.991444278908352,0.,-0.130530616408177));
#8231=DIRECTION('',(0.,1.,0.));
#8232=DIRECTION('',(0.991444278908352,0.,-0.130530616408177));
#8233=DIRECTION('center_axis',(-0.130530616408177,0.,0.991444278908352));
#8234=DIRECTION('ref_axis',(0.991444278908352,0.,0.130530616408177));
#8235=DIRECTION('',(0.0965955885138179,0.995242461791702,0.0127174889998884));
#8236=DIRECTION('center_axis',(-0.130530616408177,0.,0.991444278908352));
#8237=DIRECTION('ref_axis',(0.991444278908352,0.,0.130530616408177));
#8238=DIRECTION('',(0.991444278908352,0.,0.130530616408177));
#8239=DIRECTION('center_axis',(-0.382684618101864,0.,0.923879041362142));
#8240=DIRECTION('ref_axis',(0.923879041362142,0.,0.382684618101864));
#8241=DIRECTION('',(0.0900123767812337,0.9952425028023,0.0372844825900377));
#8242=DIRECTION('',(0.,1.,0.));
#8243=DIRECTION('center_axis',(-0.382684618101864,0.,0.923879041362142));
#8244=DIRECTION('ref_axis',(0.923879041362142,0.,0.382684618101864));
#8245=DIRECTION('',(0.,1.,0.));
#8246=DIRECTION('',(0.923879041362142,0.,0.382684618101864));
#8247=DIRECTION('center_axis',(-0.608770377592338,0.,0.793346473721339));
#8248=DIRECTION('ref_axis',(0.793346473721339,0.,0.608770377592338));
#8249=DIRECTION('',(0.077293945849004,0.995242602320414,0.0593111158349051));
#8250=DIRECTION('center_axis',(-0.608770377592338,0.,0.793346473721339));
#8251=DIRECTION('ref_axis',(0.793346473721339,0.,0.608770377592338));
#8252=DIRECTION('',(0.,1.,0.));
#8253=DIRECTION('',(0.793346473721339,0.,0.608770377592338));
#8254=DIRECTION('center_axis',(-0.793340126835222,0.,0.608778648732914));
#8255=DIRECTION('ref_axis',(0.608778648732915,0.,0.793340126835222));
#8256=DIRECTION('',(0.0593134738033279,0.995242352729923,0.0772953501705581));
#8257=DIRECTION('center_axis',(-0.793340126835222,0.,0.608778648732914));
#8258=DIRECTION('ref_axis',(0.608778648732915,0.,0.793340126835222));
#8259=DIRECTION('',(0.,1.,0.));
#8260=DIRECTION('',(0.608778648732915,0.,0.793340126835222));
#8261=DIRECTION('center_axis',(-0.923887651899763,0.,0.382663829839119));
#8262=DIRECTION('ref_axis',(0.382663829839119,0.,0.923887651899763));
#8263=DIRECTION('',(0.037282113045256,0.995242590848838,0.0900123847443966));
#8264=DIRECTION('center_axis',(-0.923887651899763,0.,0.382663829839119));
#8265=DIRECTION('ref_axis',(0.382663829839119,0.,0.923887651899763));
#8266=DIRECTION('',(0.,1.,0.));
#8267=DIRECTION('',(0.382663829839119,0.,0.923887651899763));
#8268=DIRECTION('center_axis',(-0.991443018137733,0.,0.130540192224243));
#8269=DIRECTION('ref_axis',(0.130540192224243,0.,0.991443018137733));
#8270=DIRECTION('',(0.0127184379835374,0.995242449778039,0.0965955873478036));
#8271=DIRECTION('center_axis',(-0.991443018137733,0.,0.130540192224243));
#8272=DIRECTION('ref_axis',(0.130540192224243,0.,0.991443018137733));
#8273=DIRECTION('',(0.,1.,0.));
#8274=DIRECTION('',(0.130540192224243,0.,0.991443018137733));
#8275=DIRECTION('center_axis',(-0.991443018137733,0.,-0.130540192224243));
#8276=DIRECTION('ref_axis',(-0.130540192224243,0.,0.991443018137733));
#8277=DIRECTION('',(0.0127184379835374,-0.995242449778039,-0.0965955873478036));
#8278=DIRECTION('center_axis',(-0.991443018137733,0.,-0.130540192224243));
#8279=DIRECTION('ref_axis',(-0.130540192224243,0.,0.991443018137733));
#8280=DIRECTION('',(0.,1.,0.));
#8281=DIRECTION('',(0.130540192224243,0.,-0.991443018137733));
#8282=DIRECTION('center_axis',(-0.923887651899763,0.,-0.382663829839119));
#8283=DIRECTION('ref_axis',(-0.382663829839119,0.,0.923887651899763));
#8284=DIRECTION('',(0.037282113045256,-0.995242590848838,-0.0900123847443966));
#8285=DIRECTION('center_axis',(-0.923887651899763,0.,-0.382663829839119));
#8286=DIRECTION('ref_axis',(-0.382663829839119,0.,0.923887651899763));
#8287=DIRECTION('',(0.,1.,0.));
#8288=DIRECTION('',(0.382663829839119,0.,-0.923887651899763));
#8289=DIRECTION('center_axis',(-0.793340126835222,0.,-0.608778648732914));
#8290=DIRECTION('ref_axis',(-0.608778648732915,0.,0.793340126835222));
#8291=DIRECTION('',(0.0593134738033279,-0.995242352729923,-0.0772953501705581));
#8292=DIRECTION('center_axis',(-0.793340126835222,0.,-0.608778648732914));
#8293=DIRECTION('ref_axis',(-0.608778648732915,0.,0.793340126835222));
#8294=DIRECTION('',(0.,1.,0.));
#8295=DIRECTION('',(0.608778648732915,0.,-0.793340126835222));
#8296=DIRECTION('center_axis',(-0.608770377592338,0.,-0.793346473721339));
#8297=DIRECTION('ref_axis',(-0.793346473721339,0.,0.608770377592338));
#8298=DIRECTION('',(0.077293945849004,-0.995242602320414,-0.0593111158349051));
#8299=DIRECTION('center_axis',(-0.608770377592338,0.,-0.793346473721339));
#8300=DIRECTION('ref_axis',(-0.793346473721339,0.,0.608770377592338));
#8301=DIRECTION('',(0.,1.,0.));
#8302=DIRECTION('',(0.793346473721339,0.,-0.608770377592338));
#8303=DIRECTION('center_axis',(-0.382684618101864,0.,-0.923879041362142));
#8304=DIRECTION('ref_axis',(-0.923879041362142,0.,0.382684618101864));
#8305=DIRECTION('',(0.0900123767812337,-0.9952425028023,-0.0372844825900377));
#8306=DIRECTION('center_axis',(-0.382684618101864,0.,-0.923879041362142));
#8307=DIRECTION('ref_axis',(-0.923879041362142,0.,0.382684618101864));
#8308=DIRECTION('',(0.,1.,0.));
#8309=DIRECTION('',(0.923879041362142,0.,-0.382684618101864));
#8310=DIRECTION('center_axis',(-0.130525828486445,0.,-0.99144490926018));
#8311=DIRECTION('ref_axis',(-0.99144490926018,0.,0.130525828486445));
#8312=DIRECTION('',(0.0965955890967923,-0.995242467798197,-0.0127170145080511));
#8313=DIRECTION('center_axis',(-0.130525828486445,0.,-0.99144490926018));
#8314=DIRECTION('ref_axis',(-0.99144490926018,0.,0.130525828486445));
#8315=DIRECTION('',(0.,1.,0.));
#8316=DIRECTION('',(0.99144490926018,0.,-0.130525828486445));
#8317=DIRECTION('center_axis',(0.130525828486445,0.,-0.99144490926018));
#8318=DIRECTION('ref_axis',(-0.99144490926018,0.,-0.130525828486445));
#8319=DIRECTION('',(0.0965955890967923,-0.995242467798197,0.0127170145080511));
#8320=DIRECTION('center_axis',(0.130525828486445,0.,-0.99144490926018));
#8321=DIRECTION('ref_axis',(-0.99144490926018,0.,-0.130525828486445));
#8322=DIRECTION('',(0.,1.,0.));
#8323=DIRECTION('',(0.99144490926018,0.,0.130525828486445));
#8324=DIRECTION('center_axis',(0.382684618101864,0.,-0.923879041362142));
#8325=DIRECTION('ref_axis',(-0.923879041362142,0.,-0.382684618101864));
#8326=DIRECTION('',(0.0900123767812337,-0.9952425028023,0.0372844825900377));
#8327=DIRECTION('center_axis',(0.382684618101864,0.,-0.923879041362142));
#8328=DIRECTION('ref_axis',(-0.923879041362142,0.,-0.382684618101864));
#8329=DIRECTION('',(0.,1.,0.));
#8330=DIRECTION('',(0.923879041362142,0.,0.382684618101864));
#8331=DIRECTION('center_axis',(0.608770377592338,0.,-0.793346473721339));
#8332=DIRECTION('ref_axis',(-0.793346473721339,0.,-0.608770377592338));
#8333=DIRECTION('',(0.077293945849004,-0.995242602320414,0.0593111158349051));
#8334=DIRECTION('center_axis',(0.608770377592338,0.,-0.793346473721339));
#8335=DIRECTION('ref_axis',(-0.793346473721339,0.,-0.608770377592338));
#8336=DIRECTION('',(0.,1.,0.));
#8337=DIRECTION('',(0.793346473721339,0.,0.608770377592338));
#8338=DIRECTION('center_axis',(0.793340126835222,0.,-0.608778648732914));
#8339=DIRECTION('ref_axis',(-0.608778648732915,0.,-0.793340126835222));
#8340=DIRECTION('',(0.0593134738033279,-0.995242352729923,0.0772953501705581));
#8341=DIRECTION('center_axis',(0.793340126835222,0.,-0.608778648732914));
#8342=DIRECTION('ref_axis',(-0.608778648732915,0.,-0.793340126835222));
#8343=DIRECTION('',(0.,1.,0.));
#8344=DIRECTION('',(0.608778648732915,0.,0.793340126835222));
#8345=DIRECTION('center_axis',(0.923887651899763,0.,-0.382663829839119));
#8346=DIRECTION('ref_axis',(-0.382663829839119,0.,-0.923887651899763));
#8347=DIRECTION('',(0.037282113045256,-0.995242590848838,0.0900123847443966));
#8348=DIRECTION('center_axis',(0.923887651899763,0.,-0.382663829839119));
#8349=DIRECTION('ref_axis',(-0.382663829839119,0.,-0.923887651899763));
#8350=DIRECTION('',(0.,1.,0.));
#8351=DIRECTION('',(0.382663829839119,0.,0.923887651899763));
#8352=DIRECTION('center_axis',(0.991443018137733,0.,-0.130540192224243));
#8353=DIRECTION('ref_axis',(-0.130540192224243,0.,-0.991443018137733));
#8354=DIRECTION('',(0.0127184379835374,-0.995242449778039,0.0965955873478036));
#8355=DIRECTION('center_axis',(0.991443018137733,0.,-0.130540192224243));
#8356=DIRECTION('ref_axis',(-0.130540192224243,0.,-0.991443018137733));
#8357=DIRECTION('',(0.,1.,0.));
#8358=DIRECTION('',(0.130540192224243,0.,0.991443018137733));
#8359=DIRECTION('center_axis',(0.991443018137733,0.,0.130540192224243));
#8360=DIRECTION('ref_axis',(0.130540192224243,0.,-0.991443018137733));
#8361=DIRECTION('',(0.0127184379835374,0.995242449778039,-0.0965955873478036));
#8362=DIRECTION('center_axis',(0.991443018137733,0.,0.130540192224243));
#8363=DIRECTION('ref_axis',(0.130540192224243,0.,-0.991443018137733));
#8364=DIRECTION('',(0.,1.,0.));
#8365=DIRECTION('',(0.130540192224243,0.,-0.991443018137733));
#8366=DIRECTION('center_axis',(0.923887651899763,0.,0.382663829839119));
#8367=DIRECTION('ref_axis',(0.382663829839119,0.,-0.923887651899763));
#8368=DIRECTION('',(0.037282113045256,0.995242590848838,-0.0900123847443966));
#8369=DIRECTION('center_axis',(0.923887651899763,0.,0.382663829839119));
#8370=DIRECTION('ref_axis',(0.382663829839119,0.,-0.923887651899763));
#8371=DIRECTION('',(0.,1.,0.));
#8372=DIRECTION('',(0.382663829839119,0.,-0.923887651899763));
#8373=DIRECTION('center_axis',(0.793340126835222,0.,0.608778648732914));
#8374=DIRECTION('ref_axis',(0.608778648732915,0.,-0.793340126835222));
#8375=DIRECTION('',(0.0593134738033279,0.995242352729923,-0.0772953501705581));
#8376=DIRECTION('center_axis',(0.793340126835222,0.,0.608778648732914));
#8377=DIRECTION('ref_axis',(0.608778648732915,0.,-0.793340126835222));
#8378=DIRECTION('',(0.,1.,0.));
#8379=DIRECTION('',(0.608778648732915,0.,-0.793340126835222));
#8380=DIRECTION('center_axis',(0.608770377592338,0.,0.793346473721339));
#8381=DIRECTION('ref_axis',(0.793346473721339,0.,-0.608770377592338));
#8382=DIRECTION('',(0.077293945849004,0.995242602320414,-0.0593111158349051));
#8383=DIRECTION('center_axis',(0.608770377592338,0.,0.793346473721339));
#8384=DIRECTION('ref_axis',(0.793346473721339,0.,-0.608770377592338));
#8385=DIRECTION('',(0.,1.,0.));
#8386=DIRECTION('',(0.793346473721339,0.,-0.608770377592338));
#8387=DIRECTION('center_axis',(0.382684618101864,0.,0.923879041362142));
#8388=DIRECTION('ref_axis',(0.923879041362142,0.,-0.382684618101864));
#8389=DIRECTION('',(0.0900123767812337,0.9952425028023,-0.0372844825900377));
#8390=DIRECTION('center_axis',(0.382684618101864,0.,0.923879041362142));
#8391=DIRECTION('ref_axis',(0.923879041362142,0.,-0.382684618101864));
#8392=DIRECTION('',(0.,1.,0.));
#8393=DIRECTION('',(0.923879041362142,0.,-0.382684618101864));
#8394=DIRECTION('center_axis',(0.130525828486445,0.,0.99144490926018));
#8395=DIRECTION('ref_axis',(0.99144490926018,0.,-0.130525828486445));
#8396=DIRECTION('',(0.0965955890967923,0.995242467798197,-0.0127170145080511));
#8397=DIRECTION('center_axis',(0.130525828486445,0.,0.99144490926018));
#8398=DIRECTION('ref_axis',(0.99144490926018,0.,-0.130525828486445));
#8399=DIRECTION('',(0.,1.,0.));
#8400=DIRECTION('',(0.99144490926018,0.,-0.130525828486445));
#8401=DIRECTION('center_axis',(-0.130525828486445,0.,0.99144490926018));
#8402=DIRECTION('ref_axis',(0.99144490926018,0.,0.130525828486445));
#8403=DIRECTION('',(0.0965955890967923,0.995242467798197,0.0127170145080511));
#8404=DIRECTION('center_axis',(-0.130525828486445,0.,0.99144490926018));
#8405=DIRECTION('ref_axis',(0.99144490926018,0.,0.130525828486445));
#8406=DIRECTION('',(0.99144490926018,0.,0.130525828486445));
#8407=DIRECTION('center_axis',(0.,0.,1.));
#8408=DIRECTION('ref_axis',(1.,0.,0.));
#8409=DIRECTION('',(0.152057184253941,0.988371697650617,0.));
#8410=DIRECTION('',(1.,0.,0.));
#8411=DIRECTION('',(0.,1.,0.));
#8412=DIRECTION('center_axis',(0.,0.,1.));
#8413=DIRECTION('ref_axis',(1.,0.,0.));
#8414=DIRECTION('',(1.,0.,0.));
#8415=DIRECTION('center_axis',(0.,-1.,0.));
#8416=DIRECTION('ref_axis',(0.,0.,-1.));
#8417=DIRECTION('',(0.894427190999916,0.,0.447213595499958));
#8418=DIRECTION('',(1.,0.,0.));
#8419=DIRECTION('',(0.,0.,1.));
#8420=DIRECTION('center_axis',(0.,-1.,0.));
#8421=DIRECTION('ref_axis',(0.,0.,-1.));
#8422=DIRECTION('center_axis',(0.,-1.,0.));
#8423=DIRECTION('ref_axis',(0.,0.,-1.));
#8424=DIRECTION('',(0.997173015377816,0.,0.0751397192057223));
#8425=DIRECTION('',(1.,0.,0.));
#8426=DIRECTION('',(0.,0.,1.));
#8427=DIRECTION('center_axis',(0.,-1.,0.));
#8428=DIRECTION('ref_axis',(0.,0.,-1.));
#8429=DIRECTION('',(0.,0.,1.));
#8430=DIRECTION('',(1.,0.,0.));
#8431=DIRECTION('center_axis',(0.,0.,1.));
#8432=DIRECTION('ref_axis',(1.,0.,0.));
#8433=DIRECTION('',(0.988833779691375,-0.149022669890423,0.));
#8434=DIRECTION('',(0.,1.,0.));
#8435=DIRECTION('center_axis',(0.,0.,1.));
#8436=DIRECTION('ref_axis',(1.,0.,0.));
#8437=DIRECTION('',(1.,0.,0.));
#8438=DIRECTION('',(0.,1.,0.));
#8439=DIRECTION('center_axis',(0.,0.,-1.));
#8440=DIRECTION('ref_axis',(-1.,0.,0.));
#8441=DIRECTION('',(0.988833779691375,0.149022669890423,0.));
#8442=DIRECTION('',(0.,1.,0.));
#8443=DIRECTION('',(1.,0.,0.));
#8444=DIRECTION('center_axis',(0.,0.,-1.));
#8445=DIRECTION('ref_axis',(-1.,0.,0.));
#8446=DIRECTION('',(0.,1.,0.));
#8447=DIRECTION('center_axis',(0.,-1.,0.));
#8448=DIRECTION('ref_axis',(0.,0.,-1.));
#8449=DIRECTION('',(0.941500724568427,0.,0.337010957740438));
#8450=DIRECTION('',(0.943586212383905,0.,0.331126954201852));
#8451=DIRECTION('center_axis',(0.,-1.,0.));
#8452=DIRECTION('ref_axis',(0.,0.,-1.));
#8453=DIRECTION('',(0.,0.,1.));
#8454=DIRECTION('',(0.875797451047312,0.,-0.482678800797208));
#8455=DIRECTION('center_axis',(0.,-1.,0.));
#8456=DIRECTION('ref_axis',(0.,0.,-1.));
#8457=DIRECTION('',(0.856424864920261,0.,0.516271683076182));
#8458=DIRECTION('center_axis',(0.,-1.,0.));
#8459=DIRECTION('ref_axis',(0.,0.,-1.));
#8460=DIRECTION('',(0.,0.,1.));
#8461=DIRECTION('',(1.,0.,0.));
#8462=DIRECTION('center_axis',(0.,-1.,0.));
#8463=DIRECTION('ref_axis',(0.,0.,-1.));
#8464=DIRECTION('',(0.96470772729579,0.,-0.263322997278611));
#8465=DIRECTION('',(0.,0.,1.));
#8466=DIRECTION('',(0.98909751884116,0.,-0.147262005358683));
#8467=DIRECTION('center_axis',(0.,-1.,0.));
#8468=DIRECTION('ref_axis',(0.,0.,-1.));
#8469=DIRECTION('',(0.840293581116187,0.,0.542131623810062));
#8470=DIRECTION('center_axis',(0.,-1.,0.));
#8471=DIRECTION('ref_axis',(0.,0.,-1.));
#8472=DIRECTION('',(0.971547996244447,0.,0.236842755838976));
#8473=DIRECTION('',(1.,0.,0.));
#8474=DIRECTION('center_axis',(0.,-1.,0.));
#8475=DIRECTION('ref_axis',(0.,0.,-1.));
#8476=DIRECTION('',(0.898917104376223,0.,-0.438118750408913));
#8477=DIRECTION('center_axis',(0.,-1.,0.));
#8478=DIRECTION('ref_axis',(0.,0.,-1.));
#8479=DIRECTION('',(0.012631280713275,0.,0.999920222191522));
#8480=DIRECTION('',(0.,0.,1.));
#8481=DIRECTION('center_axis',(0.,-1.,0.));
#8482=DIRECTION('ref_axis',(0.,0.,-1.));
#8483=DIRECTION('',(0.,0.,1.));
#8484=DIRECTION('center_axis',(0.,-1.,0.));
#8485=DIRECTION('ref_axis',(0.,0.,-1.));
#8486=DIRECTION('',(0.0213000914429908,0.,0.999773127316653));
#8487=DIRECTION('center_axis',(0.,-1.,0.));
#8488=DIRECTION('ref_axis',(0.,0.,-1.));
#8489=DIRECTION('',(0.,0.,1.));
#8490=DIRECTION('center_axis',(0.,-1.,0.));
#8491=DIRECTION('ref_axis',(0.,0.,-1.));
#8492=DIRECTION('',(0.0291835143798877,0.,0.999574070536266));
#8493=DIRECTION('center_axis',(0.,-1.,0.));
#8494=DIRECTION('ref_axis',(0.,0.,-1.));
#8495=DIRECTION('',(0.,0.,1.));
#8496=DIRECTION('center_axis',(0.,-1.,0.));
#8497=DIRECTION('ref_axis',(0.,0.,-1.));
#8498=DIRECTION('',(0.0352656081697098,0.,0.999377974982649));
#8499=DIRECTION('center_axis',(0.,-1.,0.));
#8500=DIRECTION('ref_axis',(0.,0.,-1.));
#8501=DIRECTION('',(0.,0.,1.));
#8502=DIRECTION('center_axis',(0.,-1.,0.));
#8503=DIRECTION('ref_axis',(0.,0.,-1.));
#8504=DIRECTION('',(0.0385967288673988,0.,0.999254868650004));
#8505=DIRECTION('center_axis',(0.,-1.,0.));
#8506=DIRECTION('ref_axis',(0.,0.,-1.));
#8507=DIRECTION('',(0.,0.,1.));
#8508=DIRECTION('center_axis',(0.,-1.,0.));
#8509=DIRECTION('ref_axis',(0.,0.,-1.));
#8510=DIRECTION('',(0.0385967361807941,0.,0.99925486836752));
#8511=DIRECTION('center_axis',(0.,-1.,0.));
#8512=DIRECTION('ref_axis',(0.,0.,-1.));
#8513=DIRECTION('',(0.,0.,1.));
#8514=DIRECTION('center_axis',(0.,-1.,0.));
#8515=DIRECTION('ref_axis',(0.,0.,-1.));
#8516=DIRECTION('',(0.035265601616875,0.,0.999377975213883));
#8517=DIRECTION('center_axis',(0.,-1.,0.));
#8518=DIRECTION('ref_axis',(0.,0.,-1.));
#8519=DIRECTION('',(0.,0.,1.));
#8520=DIRECTION('center_axis',(0.,-1.,0.));
#8521=DIRECTION('ref_axis',(0.,0.,-1.));
#8522=DIRECTION('',(0.0291835091529942,0.,0.99957407068887));
#8523=DIRECTION('center_axis',(0.,-1.,0.));
#8524=DIRECTION('ref_axis',(0.,0.,-1.));
#8525=DIRECTION('',(0.,0.,1.));
#8526=DIRECTION('center_axis',(0.,-1.,0.));
#8527=DIRECTION('ref_axis',(0.,0.,-1.));
#8528=DIRECTION('',(0.0213000950721837,0.,0.999773127239333));
#8529=DIRECTION('center_axis',(0.,-1.,0.));
#8530=DIRECTION('ref_axis',(0.,0.,-1.));
#8531=DIRECTION('',(0.,0.,1.));
#8532=DIRECTION('center_axis',(0.,-1.,0.));
#8533=DIRECTION('ref_axis',(0.,0.,-1.));
#8534=DIRECTION('',(0.960488285656498,0.,-0.278320414480579));
#8535=DIRECTION('center_axis',(0.,-1.,0.));
#8536=DIRECTION('ref_axis',(0.,0.,-1.));
#8537=DIRECTION('',(0.962334303096042,0.,-0.271868882155819));
#8538=DIRECTION('center_axis',(0.,-1.,0.));
#8539=DIRECTION('ref_axis',(0.,0.,-1.));
#8540=DIRECTION('',(0.964457517367507,0.,-0.264237955625807));
#8541=DIRECTION('center_axis',(0.,-1.,0.));
#8542=DIRECTION('ref_axis',(0.,0.,-1.));
#8543=DIRECTION('',(0.503871025524086,0.,-0.863778900898433));
#8544=DIRECTION('center_axis',(0.,-1.,0.));
#8545=DIRECTION('ref_axis',(0.,0.,-1.));
#8546=DIRECTION('',(0.534729146530573,0.,-0.845023514377372));
#8547=DIRECTION('center_axis',(0.,-1.,0.));
#8548=DIRECTION('ref_axis',(0.,0.,-1.));
#8549=DIRECTION('',(0.576171432789038,0.,-0.817328868961465));
#8550=DIRECTION('center_axis',(0.,-1.,0.));
#8551=DIRECTION('ref_axis',(0.,0.,-1.));
#8552=DIRECTION('',(0.623524162782611,0.,-0.781804079310311));
#8553=DIRECTION('center_axis',(0.,-1.,0.));
#8554=DIRECTION('ref_axis',(0.,0.,-1.));
#8555=DIRECTION('',(0.670631158860734,0.,-0.741790973768965));
#8556=DIRECTION('center_axis',(0.,-1.,0.));
#8557=DIRECTION('ref_axis',(0.,0.,-1.));
#8558=DIRECTION('',(0.711772171252696,0.,-0.702410404414843));
#8559=DIRECTION('center_axis',(0.,-1.,0.));
#8560=DIRECTION('ref_axis',(0.,0.,-1.));
#8561=DIRECTION('',(0.743294146247166,0.,-0.66896473162245));
#8562=DIRECTION('center_axis',(0.,-1.,0.));
#8563=DIRECTION('ref_axis',(0.,0.,-1.));
#8564=DIRECTION('',(0.743294146247166,0.,0.66896473162245));
#8565=DIRECTION('center_axis',(0.,-1.,0.));
#8566=DIRECTION('ref_axis',(0.,0.,-1.));
#8567=DIRECTION('',(0.711772171252696,0.,0.702410404414843));
#8568=DIRECTION('center_axis',(0.,-1.,0.));
#8569=DIRECTION('ref_axis',(0.,0.,-1.));
#8570=DIRECTION('',(0.670631158860734,0.,0.741790973768965));
#8571=DIRECTION('center_axis',(0.,-1.,0.));
#8572=DIRECTION('ref_axis',(0.,0.,-1.));
#8573=DIRECTION('',(0.623524162782611,0.,0.781804079310311));
#8574=DIRECTION('center_axis',(0.,-1.,0.));
#8575=DIRECTION('ref_axis',(0.,0.,-1.));
#8576=DIRECTION('',(0.576171432789038,0.,0.817328868961465));
#8577=DIRECTION('center_axis',(0.,-1.,0.));
#8578=DIRECTION('ref_axis',(0.,0.,-1.));
#8579=DIRECTION('',(0.534729146530573,0.,0.845023514377372));
#8580=DIRECTION('center_axis',(0.,-1.,0.));
#8581=DIRECTION('ref_axis',(0.,0.,-1.));
#8582=DIRECTION('',(0.503871025524086,0.,0.863778900898433));
#8583=DIRECTION('center_axis',(0.,-1.,0.));
#8584=DIRECTION('ref_axis',(0.,0.,-1.));
#8585=DIRECTION('',(0.485862538163977,0.,0.874035236136884));
#8586=DIRECTION('center_axis',(0.,-1.,0.));
#8587=DIRECTION('ref_axis',(0.,0.,-1.));
#8588=DIRECTION('',(0.18741858155204,0.,0.982280140941993));
#8589=DIRECTION('center_axis',(0.,-1.,0.));
#8590=DIRECTION('ref_axis',(0.,0.,-1.));
#8591=DIRECTION('',(0.485862538163977,0.,-0.874035236136884));
#8592=DIRECTION('center_axis',(0.,-1.,0.));
#8593=DIRECTION('ref_axis',(0.,0.,-1.));
#8594=DIRECTION('',(0.503871025524086,0.,-0.863778900898433));
#8595=DIRECTION('center_axis',(0.,-1.,0.));
#8596=DIRECTION('ref_axis',(0.,0.,-1.));
#8597=DIRECTION('',(0.534729146530573,0.,-0.845023514377372));
#8598=DIRECTION('center_axis',(0.,-1.,0.));
#8599=DIRECTION('ref_axis',(0.,0.,-1.));
#8600=DIRECTION('',(0.576171432789038,0.,-0.817328868961465));
#8601=DIRECTION('center_axis',(0.,-1.,0.));
#8602=DIRECTION('ref_axis',(0.,0.,-1.));
#8603=DIRECTION('',(0.623524015615638,0.,-0.781804196682615));
#8604=DIRECTION('center_axis',(0.,-1.,0.));
#8605=DIRECTION('ref_axis',(0.,0.,-1.));
#8606=DIRECTION('',(0.670631158860734,0.,-0.741790973768965));
#8607=DIRECTION('center_axis',(0.,-1.,0.));
#8608=DIRECTION('ref_axis',(0.,0.,-1.));
#8609=DIRECTION('',(0.711772318428146,0.,-0.702410255277799));
#8610=DIRECTION('center_axis',(0.,-1.,0.));
#8611=DIRECTION('ref_axis',(0.,0.,-1.));
#8612=DIRECTION('',(0.743294146247166,0.,-0.66896473162245));
#8613=DIRECTION('center_axis',(0.,-1.,0.));
#8614=DIRECTION('ref_axis',(0.,0.,-1.));
#8615=DIRECTION('',(0.743294146247166,0.,0.66896473162245));
#8616=DIRECTION('center_axis',(0.,-1.,0.));
#8617=DIRECTION('ref_axis',(0.,0.,-1.));
#8618=DIRECTION('',(0.711772318428146,0.,0.702410255277799));
#8619=DIRECTION('center_axis',(0.,-1.,0.));
#8620=DIRECTION('ref_axis',(0.,0.,-1.));
#8621=DIRECTION('',(0.670631158860734,0.,0.741790973768965));
#8622=DIRECTION('center_axis',(0.,-1.,0.));
#8623=DIRECTION('ref_axis',(0.,0.,-1.));
#8624=DIRECTION('',(0.623524015615638,0.,0.781804196682615));
#8625=DIRECTION('center_axis',(0.,-1.,0.));
#8626=DIRECTION('ref_axis',(0.,0.,-1.));
#8627=DIRECTION('',(0.576171432789038,0.,0.817328868961465));
#8628=DIRECTION('center_axis',(0.,-1.,0.));
#8629=DIRECTION('ref_axis',(0.,0.,-1.));
#8630=DIRECTION('',(0.534729146530573,0.,0.845023514377372));
#8631=DIRECTION('center_axis',(0.,-1.,0.));
#8632=DIRECTION('ref_axis',(0.,0.,-1.));
#8633=DIRECTION('',(0.503871025524086,0.,0.863778900898433));
#8634=DIRECTION('center_axis',(0.,-1.,0.));
#8635=DIRECTION('ref_axis',(0.,0.,-1.));
#8636=DIRECTION('',(0.485862538163977,0.,0.874035236136884));
#8637=DIRECTION('center_axis',(0.,-1.,0.));
#8638=DIRECTION('ref_axis',(0.,0.,-1.));
#8639=DIRECTION('',(0.975958017698306,0.,0.217958591687486));
#8640=DIRECTION('center_axis',(0.,-1.,0.));
#8641=DIRECTION('ref_axis',(0.,0.,-1.));
#8642=DIRECTION('center_axis',(0.,-1.,0.));
#8643=DIRECTION('ref_axis',(0.,0.,-1.));
#8644=DIRECTION('',(0.998902916044198,0.,-0.0468290969205879));
#8645=DIRECTION('center_axis',(0.,-1.,0.));
#8646=DIRECTION('ref_axis',(0.,0.,-1.));
#8647=DIRECTION('',(0.995636271363042,0.,0.0933188895470765));
#8648=DIRECTION('center_axis',(0.,-1.,0.));
#8649=DIRECTION('ref_axis',(0.,0.,-1.));
#8650=DIRECTION('',(0.98288005763451,0.,0.184246553032567));
#8651=DIRECTION('',(0.,0.,1.));
#8652=DIRECTION('center_axis',(0.,-1.,0.));
#8653=DIRECTION('ref_axis',(0.,0.,-1.));
#8654=DIRECTION('',(0.729617681035715,0.,0.683855276736289));
#8655=DIRECTION('center_axis',(0.,-1.,0.));
#8656=DIRECTION('ref_axis',(0.,0.,-1.));
#8657=DIRECTION('',(0.864613267974686,0.,-0.502437953226201));
#8658=DIRECTION('center_axis',(0.,-1.,0.));
#8659=DIRECTION('ref_axis',(0.,0.,-1.));
#8660=DIRECTION('',(0.,0.,1.));
#8661=DIRECTION('center_axis',(-1.,0.,0.));
#8662=DIRECTION('ref_axis',(0.,0.,1.));
#8663=DIRECTION('',(0.,0.894427190999916,-0.447213595499958));
#8664=DIRECTION('center_axis',(-1.,0.,0.));
#8665=DIRECTION('ref_axis',(0.,0.,1.));
#8666=DIRECTION('center_axis',(1.,0.,0.));
#8667=DIRECTION('ref_axis',(0.,0.,-1.));
#8668=DIRECTION('',(0.,0.894427190999916,0.447213595499958));
#8669=DIRECTION('center_axis',(1.,0.,0.));
#8670=DIRECTION('ref_axis',(0.,0.,-1.));
#8671=DIRECTION('center_axis',(1.,0.,0.));
#8672=DIRECTION('ref_axis',(0.,0.,-1.));
#8673=DIRECTION('',(0.,0.997054485501582,0.076696498884737));
#8674=DIRECTION('center_axis',(1.,0.,0.));
#8675=DIRECTION('ref_axis',(0.,0.,-1.));
#8676=DIRECTION('',(0.,0.,1.));
#8677=DIRECTION('',(0.,1.,0.));
#8678=DIRECTION('center_axis',(0.,0.,-1.));
#8679=DIRECTION('ref_axis',(-1.,0.,0.));
#8680=DIRECTION('',(0.152057184253941,-0.988371697650617,0.));
#8681=DIRECTION('center_axis',(0.,0.,-1.));
#8682=DIRECTION('ref_axis',(-1.,0.,0.));
#8683=DIRECTION('',(1.,0.,0.));
#8684=DIRECTION('center_axis',(0.,1.,0.));
#8685=DIRECTION('ref_axis',(0.,0.,1.));
#8686=DIRECTION('',(0.894427190999916,0.,-0.447213595499958));
#8687=DIRECTION('center_axis',(0.,1.,0.));
#8688=DIRECTION('ref_axis',(0.,0.,1.));
#8689=DIRECTION('center_axis',(1.,0.,0.));
#8690=DIRECTION('ref_axis',(0.,0.,-1.));
#8691=DIRECTION('',(0.,0.997054485501582,0.076696498884737));
#8692=DIRECTION('',(0.,1.,0.));
#8693=DIRECTION('',(0.,0.,1.));
#8694=DIRECTION('center_axis',(1.,0.,0.));
#8695=DIRECTION('ref_axis',(0.,0.,-1.));
#8696=DIRECTION('',(0.,0.,1.));
#8697=DIRECTION('',(0.,1.,0.));
#8698=DIRECTION('center_axis',(0.,0.,-1.));
#8699=DIRECTION('ref_axis',(-1.,0.,0.));
#8700=DIRECTION('',(0.152057184253941,-0.988371697650617,0.));
#8701=DIRECTION('',(1.,0.,0.));
#8702=DIRECTION('center_axis',(0.,0.,-1.));
#8703=DIRECTION('ref_axis',(-1.,0.,0.));
#8704=DIRECTION('',(1.,0.,0.));
#8705=DIRECTION('center_axis',(0.,1.,0.));
#8706=DIRECTION('ref_axis',(0.,0.,1.));
#8707=DIRECTION('',(0.894427190999916,0.,-0.447213595499958));
#8708=DIRECTION('',(1.,0.,0.));
#8709=DIRECTION('center_axis',(0.,1.,0.));
#8710=DIRECTION('ref_axis',(0.,0.,1.));
#8711=DIRECTION('center_axis',(0.,0.,1.));
#8712=DIRECTION('ref_axis',(1.,0.,0.));
#8713=DIRECTION('',(0.152057184253941,0.988371697650617,0.));
#8714=DIRECTION('',(1.,0.,0.));
#8715=DIRECTION('center_axis',(0.,0.,1.));
#8716=DIRECTION('ref_axis',(1.,0.,0.));
#8717=DIRECTION('center_axis',(0.,-1.,0.));
#8718=DIRECTION('ref_axis',(0.,0.,-1.));
#8719=DIRECTION('',(0.894427190999916,0.,0.447213595499958));
#8720=DIRECTION('center_axis',(0.,-1.,0.));
#8721=DIRECTION('ref_axis',(0.,0.,-1.));
#8722=DIRECTION('center_axis',(0.,-1.,0.));
#8723=DIRECTION('ref_axis',(0.,0.,-1.));
#8724=DIRECTION('',(0.997173015377816,0.,0.0751397192057223));
#8725=DIRECTION('',(1.,0.,0.));
#8726=DIRECTION('',(0.,0.,1.));
#8727=DIRECTION('center_axis',(0.,-1.,0.));
#8728=DIRECTION('ref_axis',(0.,0.,-1.));
#8729=DIRECTION('',(0.,0.,1.));
#8730=DIRECTION('',(1.,0.,0.));
#8731=DIRECTION('center_axis',(0.,0.,-1.));
#8732=DIRECTION('ref_axis',(-1.,0.,0.));
#8733=DIRECTION('',(0.988833779691375,0.149022669890423,0.));
#8734=DIRECTION('',(0.,1.,0.));
#8735=DIRECTION('center_axis',(0.,0.,-1.));
#8736=DIRECTION('ref_axis',(-1.,0.,0.));
#8737=DIRECTION('',(0.,1.,0.));
#8738=DIRECTION('center_axis',(1.,0.,0.));
#8739=DIRECTION('ref_axis',(0.,0.,-1.));
#8740=DIRECTION('',(0.,0.894427190999916,0.447213595499958));
#8741=DIRECTION('',(0.,1.,0.));
#8742=DIRECTION('center_axis',(1.,0.,0.));
#8743=DIRECTION('ref_axis',(0.,0.,-1.));
#8744=DIRECTION('center_axis',(0.,0.,1.));
#8745=DIRECTION('ref_axis',(1.,0.,0.));
#8746=DIRECTION('',(0.988833779691375,-0.149022669890423,0.));
#8747=DIRECTION('',(0.,1.,0.));
#8748=DIRECTION('center_axis',(0.,0.,1.));
#8749=DIRECTION('ref_axis',(1.,0.,0.));
#8750=DIRECTION('center_axis',(-1.,0.,0.));
#8751=DIRECTION('ref_axis',(0.,0.,1.));
#8752=DIRECTION('',(0.,0.894427190999916,-0.447213595499958));
#8753=DIRECTION('center_axis',(-1.,0.,0.));
#8754=DIRECTION('ref_axis',(0.,0.,1.));
#8755=CARTESIAN_POINT('',(0.,0.,0.));
#8756=CARTESIAN_POINT('Origin',(-95.2994995117187,227.,6.));
#8757=CARTESIAN_POINT('',(-71.,227.,-0.0297273678678456));
#8758=CARTESIAN_POINT('',(-71.,227.,-2.01486368393393));
#8759=CARTESIAN_POINT('',(-71.,227.,3.00000000000001));
#8760=CARTESIAN_POINT('',(-55.,227.,-4.));
#8761=CARTESIAN_POINT('',(-95.2994995117187,227.,1.));
#8762=CARTESIAN_POINT('',(-95.2994995117187,227.,6.));
#8763=CARTESIAN_POINT('Origin',(-95.2994995117187,227.,6.));
#8764=CARTESIAN_POINT('',(-76.,227.,-1.39450858516328));
#8765=CARTESIAN_POINT('',(-76.,227.,1.21098282967345));
#8766=CARTESIAN_POINT('',(-76.,227.,3.00000000000001));
#8767=CARTESIAN_POINT('',(-95.2994995117187,227.,6.));
#8768=CARTESIAN_POINT('',(-95.2994995117187,227.,6.));
#8769=CARTESIAN_POINT('',(-95.2994995117187,227.,1.));
#8770=CARTESIAN_POINT('',(-95.2994995117187,227.,1.));
#8771=CARTESIAN_POINT('',(-95.2994995117187,227.,1.));
#8772=CARTESIAN_POINT('Origin',(-95.2994995117187,227.,1.));
#8773=CARTESIAN_POINT('',(-71.,227.,-3.24991153925488));
#8774=CARTESIAN_POINT('',(-71.,227.,0.500000000000013));
#8775=CARTESIAN_POINT('',(-161.65408706665,227.,1.));
#8776=CARTESIAN_POINT('Origin',(-55.,231.,-4.));
#8777=CARTESIAN_POINT('',(-76.,231.,5.00000000000002));
#8778=CARTESIAN_POINT('',(-76.,231.,-4.));
#8779=CARTESIAN_POINT('',(-76.,231.,-1.99999999999999));
#8780=CARTESIAN_POINT('',(-219.,231.,-4.));
#8781=CARTESIAN_POINT('',(-219.,231.,-4.));
#8782=CARTESIAN_POINT('',(-55.,231.,15.));
#8783=CARTESIAN_POINT('',(-219.,231.,-4.));
#8784=CARTESIAN_POINT('',(-55.,231.,-4.));
#8785=CARTESIAN_POINT('',(-55.,231.,-4.));
#8786=CARTESIAN_POINT('',(-71.,231.,-4.));
#8787=CARTESIAN_POINT('',(-219.,231.,-4.));
#8788=CARTESIAN_POINT('',(-71.,231.,5.00000000000002));
#8789=CARTESIAN_POINT('',(-71.,231.,-1.99999999999999));
#8790=CARTESIAN_POINT('',(-63.,231.,5.00000000000002));
#8791=CARTESIAN_POINT('Origin',(-55.,227.,-4.));
#8792=CARTESIAN_POINT('',(-71.,227.,-4.));
#8793=CARTESIAN_POINT('',(-71.,227.,-1.99999999999999));
#8794=CARTESIAN_POINT('',(-215.,227.,-4.));
#8795=CARTESIAN_POINT('Origin',(-55.,231.,-4.));
#8796=CARTESIAN_POINT('',(-71.,230.6,-4.));
#8797=CARTESIAN_POINT('',(-71.,231.,-4.));
#8798=CARTESIAN_POINT('',(-215.,227.,-4.));
#8799=CARTESIAN_POINT('',(-55.,227.,-4.));
#8800=CARTESIAN_POINT('Origin',(-55.,231.,-4.));
#8801=CARTESIAN_POINT('',(-76.,230.475,-4.));
#8802=CARTESIAN_POINT('',(-76.,227.,-4.));
#8803=CARTESIAN_POINT('',(-76.,229.,-4.));
#8804=CARTESIAN_POINT('',(-215.,227.,-4.));
#8805=CARTESIAN_POINT('',(-215.,227.,-4.));
#8806=CARTESIAN_POINT('',(-215.,227.,-4.));
#8807=CARTESIAN_POINT('Origin',(-219.,231.,-4.));
#8808=CARTESIAN_POINT('',(-71.,231.,-4.));
#8809=CARTESIAN_POINT('Origin',(-76.,231.,5.00000000000002));
#8810=CARTESIAN_POINT('',(-76.,227.,-3.01550889527202));
#8811=CARTESIAN_POINT('',(-76.,227.,0.500000000000013));
#8812=CARTESIAN_POINT('',(-76.,227.,-1.99999999999999));
#8813=CARTESIAN_POINT('',(-76.,229.,-4.));
#8814=CARTESIAN_POINT('',(-76.,227.,5.00000000000002));
#8815=CARTESIAN_POINT('',(-76.,231.,5.00000000000002));
#8816=CARTESIAN_POINT('',(-76.,227.,10.));
#8817=CARTESIAN_POINT('Origin',(-71.,231.,2.33146835171283E-14));
#8818=CARTESIAN_POINT('',(-71.,227.,5.00000000000002));
#8819=CARTESIAN_POINT('',(-71.,227.,7.50000000000001));
#8820=CARTESIAN_POINT('',(-71.,231.,5.00000000000002));
#8821=CARTESIAN_POINT('Origin',(-71.,231.,5.00000000000002));
#8822=CARTESIAN_POINT('',(-63.,227.,5.00000000000002));
#8823=CARTESIAN_POINT('Origin',(-215.,-2.00000000000003,-4.));
#8824=CARTESIAN_POINT('',(-219.,-2.00000000000003,-4.));
#8825=CARTESIAN_POINT('',(-219.,-2.00000000000003,-4.));
#8826=CARTESIAN_POINT('',(-215.,-2.00000000000003,-4.));
#8827=CARTESIAN_POINT('',(-215.,-2.00000000000003,-4.));
#8828=CARTESIAN_POINT('',(-219.,-2.00000000000003,-4.));
#8829=CARTESIAN_POINT('Origin',(-219.,-2.00000000000003,-4.));
#8830=CARTESIAN_POINT('',(-219.,231.,-4.));
#8831=CARTESIAN_POINT('',(-219.,-2.00000000000003,-4.));
#8832=CARTESIAN_POINT('Origin',(-219.,231.,-4.));
#8833=CARTESIAN_POINT('Origin',(-55.,227.,77.));
#8834=CARTESIAN_POINT('',(-55.,227.,40.));
#8835=CARTESIAN_POINT('',(-55.,231.,77.));
#8836=CARTESIAN_POINT('',(-55.,227.,40.));
#8837=CARTESIAN_POINT('',(-55.,227.,77.));
#8838=CARTESIAN_POINT('',(-55.,227.,77.));
#8839=CARTESIAN_POINT('',(-55.,227.,40.));
#8840=CARTESIAN_POINT('Origin',(-55.,227.,40.));
#8841=CARTESIAN_POINT('',(-55.,231.,40.));
#8842=CARTESIAN_POINT('',(-55.,231.,40.));
#8843=CARTESIAN_POINT('',(-55.,227.,40.));
#8844=CARTESIAN_POINT('Origin',(-55.,231.,77.));
#8845=CARTESIAN_POINT('',(-219.,231.,77.));
#8846=CARTESIAN_POINT('',(-219.,231.,77.));
#8847=CARTESIAN_POINT('',(-219.,231.,77.));
#8848=CARTESIAN_POINT('Origin',(-55.,231.,40.));
#8849=CARTESIAN_POINT('',(-219.,231.,-4.));
#8850=CARTESIAN_POINT('',(-219.,231.,-4.));
#8851=CARTESIAN_POINT('Origin',(-51.4488830566406,231.,33.6117706298828));
#8852=CARTESIAN_POINT('',(-51.5,231.,34.));
#8853=CARTESIAN_POINT('',(-55.,231.,40.));
#8854=CARTESIAN_POINT('',(-51.4488830566406,231.,33.6117706298828));
#8855=CARTESIAN_POINT('',(-51.5,231.,34.));
#8856=CARTESIAN_POINT('',(-55.,231.,40.));
#8857=CARTESIAN_POINT('Origin',(-51.5,231.,34.));
#8858=CARTESIAN_POINT('',(-51.4488830566406,231.,34.3882293701172));
#8859=CARTESIAN_POINT('',(-55.,231.,40.));
#8860=CARTESIAN_POINT('',(-51.5,231.,34.));
#8861=CARTESIAN_POINT('Origin',(-55.,231.,40.));
#8862=CARTESIAN_POINT('',(-51.2990417480468,231.,34.75));
#8863=CARTESIAN_POINT('',(-51.4488830566406,231.,34.3882293701172));
#8864=CARTESIAN_POINT('',(-55.,231.,40.));
#8865=CARTESIAN_POINT('Origin',(-51.2990417480468,231.,34.75));
#8866=CARTESIAN_POINT('',(-51.0606536865234,231.,35.060661315918));
#8867=CARTESIAN_POINT('',(-55.,231.,40.));
#8868=CARTESIAN_POINT('',(-51.2990417480468,231.,34.75));
#8869=CARTESIAN_POINT('Origin',(-51.0606536865234,231.,35.060661315918));
#8870=CARTESIAN_POINT('',(-50.75,231.,35.2990379333496));
#8871=CARTESIAN_POINT('',(-55.,231.,40.));
#8872=CARTESIAN_POINT('',(-51.0606536865234,231.,35.060661315918));
#8873=CARTESIAN_POINT('Origin',(-55.,231.,40.));
#8874=CARTESIAN_POINT('',(-50.3882293701172,231.,35.4488868713379));
#8875=CARTESIAN_POINT('',(-50.75,231.,35.2990379333496));
#8876=CARTESIAN_POINT('',(-55.,231.,40.));
#8877=CARTESIAN_POINT('Origin',(-48.5511169433594,231.,34.3882293701172));
#8878=CARTESIAN_POINT('',(-48.7009582519531,231.,34.75));
#8879=CARTESIAN_POINT('',(-45.,231.,40.));
#8880=CARTESIAN_POINT('',(-48.7009582519531,231.,34.75));
#8881=CARTESIAN_POINT('',(-48.5511169433594,231.,34.3882293701172));
#8882=CARTESIAN_POINT('',(-48.5511169433594,231.,34.3882293701172));
#8883=CARTESIAN_POINT('',(-48.7009582519531,231.,34.75));
#8884=CARTESIAN_POINT('Origin',(-48.7009582519531,231.,34.75));
#8885=CARTESIAN_POINT('',(-48.9393463134765,231.,35.060661315918));
#8886=CARTESIAN_POINT('',(-48.9393463134765,231.,35.060661315918));
#8887=CARTESIAN_POINT('',(-48.9393463134765,231.,35.060661315918));
#8888=CARTESIAN_POINT('Origin',(-48.9393463134765,231.,35.060661315918));
#8889=CARTESIAN_POINT('',(-49.25,231.,35.2990379333496));
#8890=CARTESIAN_POINT('',(-49.25,231.,35.2990379333496));
#8891=CARTESIAN_POINT('',(-49.25,231.,35.2990379333496));
#8892=CARTESIAN_POINT('Origin',(-49.25,231.,35.2990379333496));
#8893=CARTESIAN_POINT('',(-49.6117706298828,231.,35.4488868713379));
#8894=CARTESIAN_POINT('',(-49.6117706298828,231.,35.4488868713379));
#8895=CARTESIAN_POINT('',(-49.6117706298828,231.,35.4488868713379));
#8896=CARTESIAN_POINT('Origin',(-49.6117706298828,231.,35.4488868713379));
#8897=CARTESIAN_POINT('',(-50.,231.,35.5));
#8898=CARTESIAN_POINT('',(-50.,231.,35.5));
#8899=CARTESIAN_POINT('',(-50.,231.,35.5));
#8900=CARTESIAN_POINT('Origin',(-45.,231.,40.));
#8901=CARTESIAN_POINT('',(-55.,231.,40.));
#8902=CARTESIAN_POINT('',(-55.,231.,40.));
#8903=CARTESIAN_POINT('Origin',(-50.,231.,35.5));
#8904=CARTESIAN_POINT('',(-50.3882293701172,231.,35.4488868713379));
#8905=CARTESIAN_POINT('Origin',(-48.5511169433594,231.,21.3882293701172));
#8906=CARTESIAN_POINT('',(-48.5,231.,21.));
#8907=CARTESIAN_POINT('',(-45.,231.,15.));
#8908=CARTESIAN_POINT('',(-48.5,231.,21.));
#8909=CARTESIAN_POINT('',(-48.5511169433594,231.,21.3882293701172));
#8910=CARTESIAN_POINT('',(-48.5511169433594,231.,21.3882293701172));
#8911=CARTESIAN_POINT('',(-48.5511169433594,231.,21.3882293701172));
#8912=CARTESIAN_POINT('Origin',(-45.,231.,15.));
#8913=CARTESIAN_POINT('',(-48.5511169433594,231.,20.6117706298828));
#8914=CARTESIAN_POINT('',(-48.5511169433594,231.,20.6117706298828));
#8915=CARTESIAN_POINT('',(-48.5511169433594,231.,20.6117706298828));
#8916=CARTESIAN_POINT('Origin',(-48.5511169433594,231.,20.6117706298828));
#8917=CARTESIAN_POINT('',(-48.7009582519531,231.,20.25));
#8918=CARTESIAN_POINT('',(-48.7009582519531,231.,20.25));
#8919=CARTESIAN_POINT('',(-48.7009582519531,231.,20.25));
#8920=CARTESIAN_POINT('Origin',(-48.7009582519531,231.,20.25));
#8921=CARTESIAN_POINT('',(-48.9393463134765,231.,19.9393405914306));
#8922=CARTESIAN_POINT('',(-48.9393463134765,231.,19.9393405914306));
#8923=CARTESIAN_POINT('',(-48.9393463134765,231.,19.9393405914306));
#8924=CARTESIAN_POINT('Origin',(-45.,231.,15.));
#8925=CARTESIAN_POINT('',(-49.25,231.,19.7009620666504));
#8926=CARTESIAN_POINT('',(-49.25,231.,19.7009620666504));
#8927=CARTESIAN_POINT('',(-49.25,231.,19.7009620666504));
#8928=CARTESIAN_POINT('Origin',(-49.25,231.,19.7009620666504));
#8929=CARTESIAN_POINT('',(-49.6117706298828,231.,19.5511112213135));
#8930=CARTESIAN_POINT('',(-49.6117706298828,231.,19.5511112213135));
#8931=CARTESIAN_POINT('',(-49.6117706298828,231.,19.5511112213135));
#8932=CARTESIAN_POINT('Origin',(-49.6117706298828,231.,19.5511112213135));
#8933=CARTESIAN_POINT('',(-50.,231.,19.5));
#8934=CARTESIAN_POINT('',(-50.,231.,19.5));
#8935=CARTESIAN_POINT('',(-50.,231.,19.5));
#8936=CARTESIAN_POINT('Origin',(-45.,231.,15.));
#8937=CARTESIAN_POINT('',(-55.,231.,15.));
#8938=CARTESIAN_POINT('',(-55.,231.,15.));
#8939=CARTESIAN_POINT('Origin',(-55.,231.,15.));
#8940=CARTESIAN_POINT('',(-50.3882293701172,231.,19.5511112213135));
#8941=CARTESIAN_POINT('',(-50.3882293701172,231.,19.5511112213135));
#8942=CARTESIAN_POINT('',(-55.,231.,15.));
#8943=CARTESIAN_POINT('Origin',(-50.3882293701172,231.,19.5511112213135));
#8944=CARTESIAN_POINT('',(-50.75,231.,19.7009620666504));
#8945=CARTESIAN_POINT('',(-55.,231.,15.));
#8946=CARTESIAN_POINT('',(-50.75,231.,19.7009620666504));
#8947=CARTESIAN_POINT('Origin',(-50.75,231.,19.7009620666504));
#8948=CARTESIAN_POINT('',(-51.0606536865234,231.,19.9393405914306));
#8949=CARTESIAN_POINT('',(-55.,231.,15.));
#8950=CARTESIAN_POINT('',(-51.0606536865234,231.,19.9393405914306));
#8951=CARTESIAN_POINT('Origin',(-55.,231.,15.));
#8952=CARTESIAN_POINT('',(-51.2990417480468,231.,20.25));
#8953=CARTESIAN_POINT('',(-51.2990417480468,231.,20.25));
#8954=CARTESIAN_POINT('',(-55.,231.,15.));
#8955=CARTESIAN_POINT('Origin',(-51.2990417480468,231.,20.25));
#8956=CARTESIAN_POINT('',(-51.4488830566406,231.,20.6117706298828));
#8957=CARTESIAN_POINT('',(-55.,231.,15.));
#8958=CARTESIAN_POINT('',(-51.4488830566406,231.,20.6117706298828));
#8959=CARTESIAN_POINT('Origin',(-51.4488830566406,231.,20.6117706298828));
#8960=CARTESIAN_POINT('',(-51.5,231.,21.));
#8961=CARTESIAN_POINT('',(-55.,231.,15.));
#8962=CARTESIAN_POINT('',(-51.5,231.,21.));
#8963=CARTESIAN_POINT('Origin',(-55.,231.,15.));
#8964=CARTESIAN_POINT('',(-51.4488830566406,231.,21.3882293701172));
#8965=CARTESIAN_POINT('',(-51.5,231.,21.));
#8966=CARTESIAN_POINT('',(-55.,231.,15.));
#8967=CARTESIAN_POINT('Origin',(-219.,231.,-4.));
#8968=CARTESIAN_POINT('',(-55.,231.,15.));
#8969=CARTESIAN_POINT('Origin',(-55.,231.,15.));
#8970=CARTESIAN_POINT('',(-55.,231.,40.));
#8971=CARTESIAN_POINT('Origin',(-55.,231.,40.));
#8972=CARTESIAN_POINT('',(-51.4488830566406,231.,21.3882293701172));
#8973=CARTESIAN_POINT('Origin',(-51.4488830566406,231.,21.3882293701172));
#8974=CARTESIAN_POINT('',(-51.2990417480468,231.,21.75));
#8975=CARTESIAN_POINT('',(-51.4488830566406,231.,33.6117706298828));
#8976=CARTESIAN_POINT('',(-51.4488830566406,231.,21.3882293701172));
#8977=CARTESIAN_POINT('Origin',(-51.4488830566406,231.,33.6117706298828));
#8978=CARTESIAN_POINT('',(-51.2990417480468,231.,33.25));
#8979=CARTESIAN_POINT('',(-51.2990417480468,231.,21.75));
#8980=CARTESIAN_POINT('',(-51.4488830566406,231.,33.6117706298828));
#8981=CARTESIAN_POINT('Origin',(-51.2990417480468,231.,21.75));
#8982=CARTESIAN_POINT('',(-51.0606536865234,231.,22.0606594085694));
#8983=CARTESIAN_POINT('',(-51.2990417480468,231.,33.25));
#8984=CARTESIAN_POINT('',(-51.2990417480468,231.,21.75));
#8985=CARTESIAN_POINT('Origin',(-51.2990417480468,231.,33.25));
#8986=CARTESIAN_POINT('',(-51.0606536865234,231.,32.939338684082));
#8987=CARTESIAN_POINT('',(-51.0606536865234,231.,22.0606594085694));
#8988=CARTESIAN_POINT('',(-51.2990417480468,231.,33.25));
#8989=CARTESIAN_POINT('Origin',(-51.0606536865234,231.,22.0606594085694));
#8990=CARTESIAN_POINT('',(-50.75,231.,22.2990379333496));
#8991=CARTESIAN_POINT('',(-51.0606536865234,231.,32.939338684082));
#8992=CARTESIAN_POINT('',(-51.0606536865234,231.,22.0606594085694));
#8993=CARTESIAN_POINT('Origin',(-51.0606536865234,231.,32.939338684082));
#8994=CARTESIAN_POINT('',(-50.75,231.,32.7009620666504));
#8995=CARTESIAN_POINT('',(-50.75,231.,22.2990379333496));
#8996=CARTESIAN_POINT('',(-51.0606536865234,231.,32.939338684082));
#8997=CARTESIAN_POINT('Origin',(-50.75,231.,22.2990379333496));
#8998=CARTESIAN_POINT('',(-50.3882293701172,231.,22.4488887786865));
#8999=CARTESIAN_POINT('',(-50.75,231.,32.7009620666504));
#9000=CARTESIAN_POINT('',(-50.75,231.,22.2990379333496));
#9001=CARTESIAN_POINT('Origin',(-50.75,231.,32.7009620666504));
#9002=CARTESIAN_POINT('',(-50.3882293701172,231.,32.5511131286621));
#9003=CARTESIAN_POINT('',(-50.3882293701172,231.,22.4488887786865));
#9004=CARTESIAN_POINT('',(-50.75,231.,32.7009620666504));
#9005=CARTESIAN_POINT('Origin',(-48.5511169433594,231.,34.3882293701172));
#9006=CARTESIAN_POINT('',(-48.5,231.,34.));
#9007=CARTESIAN_POINT('',(-48.5,231.,34.));
#9008=CARTESIAN_POINT('',(-48.5511169433594,231.,34.3882293701172));
#9009=CARTESIAN_POINT('Origin',(-48.5,231.,34.));
#9010=CARTESIAN_POINT('',(-48.5511169433594,231.,33.6117706298828));
#9011=CARTESIAN_POINT('',(-48.5511169433594,231.,33.6117706298828));
#9012=CARTESIAN_POINT('',(-48.5511169433594,231.,33.6117706298828));
#9013=CARTESIAN_POINT('Origin',(-45.,231.,40.));
#9014=CARTESIAN_POINT('',(-48.5511169433594,231.,33.6117706298828));
#9015=CARTESIAN_POINT('',(-45.,231.,15.));
#9016=CARTESIAN_POINT('Origin',(-45.,231.,15.));
#9017=CARTESIAN_POINT('',(-48.5511169433594,231.,21.3882293701172));
#9018=CARTESIAN_POINT('Origin',(-48.5511169433594,231.,33.6117706298828));
#9019=CARTESIAN_POINT('',(-48.7009582519531,231.,33.25));
#9020=CARTESIAN_POINT('',(-48.7009582519531,231.,33.25));
#9021=CARTESIAN_POINT('',(-48.7009582519531,231.,33.25));
#9022=CARTESIAN_POINT('Origin',(-48.5511169433594,231.,21.3882293701172));
#9023=CARTESIAN_POINT('',(-48.7009582519531,231.,21.75));
#9024=CARTESIAN_POINT('',(-48.7009582519531,231.,21.75));
#9025=CARTESIAN_POINT('',(-48.7009582519531,231.,21.75));
#9026=CARTESIAN_POINT('Origin',(-48.7009582519531,231.,33.25));
#9027=CARTESIAN_POINT('',(-48.9393463134765,231.,32.939338684082));
#9028=CARTESIAN_POINT('',(-48.9393463134765,231.,32.939338684082));
#9029=CARTESIAN_POINT('',(-48.9393463134765,231.,32.939338684082));
#9030=CARTESIAN_POINT('Origin',(-48.7009582519531,231.,21.75));
#9031=CARTESIAN_POINT('',(-48.9393463134765,231.,22.0606594085694));
#9032=CARTESIAN_POINT('',(-48.9393463134765,231.,22.0606594085694));
#9033=CARTESIAN_POINT('',(-48.9393463134765,231.,22.0606594085694));
#9034=CARTESIAN_POINT('Origin',(-48.9393463134765,231.,32.939338684082));
#9035=CARTESIAN_POINT('',(-49.25,231.,32.7009620666504));
#9036=CARTESIAN_POINT('',(-49.25,231.,32.7009620666504));
#9037=CARTESIAN_POINT('',(-49.25,231.,32.7009620666504));
#9038=CARTESIAN_POINT('Origin',(-48.9393463134765,231.,22.0606594085694));
#9039=CARTESIAN_POINT('',(-49.25,231.,22.2990379333496));
#9040=CARTESIAN_POINT('',(-49.25,231.,22.2990379333496));
#9041=CARTESIAN_POINT('',(-49.25,231.,22.2990379333496));
#9042=CARTESIAN_POINT('Origin',(-49.25,231.,32.7009620666504));
#9043=CARTESIAN_POINT('',(-49.6117706298828,231.,32.5511131286621));
#9044=CARTESIAN_POINT('',(-49.6117706298828,231.,32.5511131286621));
#9045=CARTESIAN_POINT('',(-49.6117706298828,231.,32.5511131286621));
#9046=CARTESIAN_POINT('Origin',(-49.25,231.,22.2990379333496));
#9047=CARTESIAN_POINT('',(-49.6117706298828,231.,22.4488887786865));
#9048=CARTESIAN_POINT('',(-49.6117706298828,231.,22.4488887786865));
#9049=CARTESIAN_POINT('',(-49.6117706298828,231.,22.4488887786865));
#9050=CARTESIAN_POINT('Origin',(-49.6117706298828,231.,32.5511131286621));
#9051=CARTESIAN_POINT('',(-50.,231.,32.5));
#9052=CARTESIAN_POINT('',(-50.,231.,32.5));
#9053=CARTESIAN_POINT('',(-50.,231.,32.5));
#9054=CARTESIAN_POINT('Origin',(-49.6117706298828,231.,22.4488887786865));
#9055=CARTESIAN_POINT('',(-50.,231.,22.5));
#9056=CARTESIAN_POINT('',(-50.,231.,22.5));
#9057=CARTESIAN_POINT('',(-50.,231.,22.5));
#9058=CARTESIAN_POINT('Origin',(-50.,231.,32.5));
#9059=CARTESIAN_POINT('',(-50.3882293701172,231.,32.5511131286621));
#9060=CARTESIAN_POINT('',(-50.3882293701172,231.,32.5511131286621));
#9061=CARTESIAN_POINT('Origin',(-50.,231.,22.5));
#9062=CARTESIAN_POINT('',(-50.3882293701172,231.,22.4488887786865));
#9063=CARTESIAN_POINT('Origin',(-219.,-2.00000000000003,15.0173168182373));
#9064=CARTESIAN_POINT('',(-219.,-2.00000000000003,15.0173168182373));
#9065=CARTESIAN_POINT('',(-219.,-2.00000000000003,-4.));
#9066=CARTESIAN_POINT('',(-219.,-2.00000000000003,15.0173168182373));
#9067=CARTESIAN_POINT('Origin',(-219.,231.,-4.));
#9068=CARTESIAN_POINT('',(-219.,-2.00000000000003,40.0173149108887));
#9069=CARTESIAN_POINT('',(-219.,-2.00000000000003,40.0173149108887));
#9070=CARTESIAN_POINT('',(-219.,-2.00000000000003,40.0173149108887));
#9071=CARTESIAN_POINT('Origin',(-219.,-2.00000000000003,40.0173149108887));
#9072=CARTESIAN_POINT('',(-219.,-2.00000000000003,77.));
#9073=CARTESIAN_POINT('',(-219.,-2.00000000000003,77.));
#9074=CARTESIAN_POINT('',(-219.,-2.00000000000003,40.0173149108887));
#9075=CARTESIAN_POINT('Origin',(-219.,-8.44888877868655,34.4055442810059));
#9076=CARTESIAN_POINT('',(-219.,-12.,40.0173149108887));
#9077=CARTESIAN_POINT('',(-219.,-8.29903793334964,34.7673149108887));
#9078=CARTESIAN_POINT('',(-219.,-12.,40.0173149108887));
#9079=CARTESIAN_POINT('',(-219.,-8.44888877868655,34.4055442810059));
#9080=CARTESIAN_POINT('',(-219.,-8.44888877868655,34.4055442810059));
#9081=CARTESIAN_POINT('',(-219.,-12.,40.0173149108887));
#9082=CARTESIAN_POINT('Origin',(-219.,-8.29903793334964,34.7673149108887));
#9083=CARTESIAN_POINT('',(-219.,-8.06066036224365,35.0779762268066));
#9084=CARTESIAN_POINT('',(-219.,-12.,40.0173149108887));
#9085=CARTESIAN_POINT('',(-219.,-8.29903793334964,34.7673149108887));
#9086=CARTESIAN_POINT('Origin',(-219.,-12.,40.0173149108887));
#9087=CARTESIAN_POINT('',(-219.,-7.74999999999991,35.3163528442383));
#9088=CARTESIAN_POINT('',(-219.,-8.06066036224365,35.0779762268066));
#9089=CARTESIAN_POINT('',(-219.,-12.,40.0173149108887));
#9090=CARTESIAN_POINT('Origin',(-219.,-7.74999999999991,35.3163528442383));
#9091=CARTESIAN_POINT('',(-219.,-7.38822841644279,35.4662055969238));
#9092=CARTESIAN_POINT('',(-219.,-12.,40.0173149108887));
#9093=CARTESIAN_POINT('',(-219.,-7.74999999999991,35.3163528442383));
#9094=CARTESIAN_POINT('Origin',(-219.,-7.38822841644279,35.4662055969238));
#9095=CARTESIAN_POINT('',(-219.,-7.00000000000003,35.5173149108886));
#9096=CARTESIAN_POINT('',(-219.,-12.,40.0173149108887));
#9097=CARTESIAN_POINT('',(-219.,-7.38822841644279,35.4662055969238));
#9098=CARTESIAN_POINT('Origin',(-219.,-12.,40.0173149108887));
#9099=CARTESIAN_POINT('',(-219.,-7.00000000000003,35.5173149108886));
#9100=CARTESIAN_POINT('',(-219.,-12.,40.0173149108887));
#9101=CARTESIAN_POINT('Origin',(-219.,-7.00000000000003,35.5173149108886));
#9102=CARTESIAN_POINT('',(-219.,-6.61177158355713,35.4662055969238));
#9103=CARTESIAN_POINT('',(-219.,-6.61177158355713,35.4662055969238));
#9104=CARTESIAN_POINT('',(-219.,-7.00000000000003,35.5173149108886));
#9105=CARTESIAN_POINT('Origin',(-219.,-2.00000000000003,40.0173149108887));
#9106=CARTESIAN_POINT('',(-219.,-6.25,35.3163528442383));
#9107=CARTESIAN_POINT('',(-219.,-6.61177158355713,35.4662055969238));
#9108=CARTESIAN_POINT('',(-219.,-6.25,35.3163528442383));
#9109=CARTESIAN_POINT('Origin',(-219.,-6.25,35.3163528442383));
#9110=CARTESIAN_POINT('',(-219.,-5.93933963775626,35.0779762268066));
#9111=CARTESIAN_POINT('',(-219.,-5.93933963775626,35.0779762268066));
#9112=CARTESIAN_POINT('',(-219.,-6.25,35.3163528442383));
#9113=CARTESIAN_POINT('Origin',(-219.,-5.93933963775626,35.0779762268066));
#9114=CARTESIAN_POINT('',(-219.,-5.70096206665042,34.7673149108887));
#9115=CARTESIAN_POINT('',(-219.,-5.70096206665042,34.7673149108887));
#9116=CARTESIAN_POINT('',(-219.,-5.93933963775626,35.0779762268066));
#9117=CARTESIAN_POINT('Origin',(-219.,-2.00000000000003,40.0173149108887));
#9118=CARTESIAN_POINT('',(-219.,-5.5511112213135,34.4055442810059));
#9119=CARTESIAN_POINT('',(-219.,-5.70096206665042,34.7673149108887));
#9120=CARTESIAN_POINT('',(-219.,-5.5511112213135,34.4055442810059));
#9121=CARTESIAN_POINT('Origin',(-219.,-8.44888877868655,33.6290893554688));
#9122=CARTESIAN_POINT('',(-219.,-8.49999999999994,34.0173149108887));
#9123=CARTESIAN_POINT('',(-219.,-12.,40.0173149108887));
#9124=CARTESIAN_POINT('',(-219.,-8.44888877868655,33.6290893554688));
#9125=CARTESIAN_POINT('',(-219.,-8.49999999999994,34.0173149108887));
#9126=CARTESIAN_POINT('',(-219.,-12.,40.0173149108887));
#9127=CARTESIAN_POINT('Origin',(-219.,-12.,40.0173149108887));
#9128=CARTESIAN_POINT('',(-219.,-8.49999999999994,34.0173149108887));
#9129=CARTESIAN_POINT('Origin',(-219.,-12.,15.0173168182373));
#9130=CARTESIAN_POINT('',(-219.,-8.44888877868655,21.4055442810058));
#9131=CARTESIAN_POINT('',(-219.,-12.,40.0173149108887));
#9132=CARTESIAN_POINT('',(-219.,-12.,15.0173168182373));
#9133=CARTESIAN_POINT('',(-219.,-12.,15.0173168182373));
#9134=CARTESIAN_POINT('',(-219.,-12.,15.0173168182373));
#9135=CARTESIAN_POINT('Origin',(-219.,-12.,40.0173149108887));
#9136=CARTESIAN_POINT('',(-219.,-8.44888877868655,21.4055442810058));
#9137=CARTESIAN_POINT('Origin',(-219.,-8.44888877868655,21.4055442810058));
#9138=CARTESIAN_POINT('',(-219.,-8.29903793334964,21.7673168182373));
#9139=CARTESIAN_POINT('',(-219.,-8.44888877868655,33.6290893554688));
#9140=CARTESIAN_POINT('',(-219.,-8.44888877868655,21.4055442810058));
#9141=CARTESIAN_POINT('Origin',(-219.,-8.44888877868655,33.6290893554688));
#9142=CARTESIAN_POINT('',(-219.,-8.29903793334964,33.2673149108887));
#9143=CARTESIAN_POINT('',(-219.,-8.29903793334964,21.7673168182373));
#9144=CARTESIAN_POINT('',(-219.,-8.44888877868655,33.6290893554688));
#9145=CARTESIAN_POINT('Origin',(-219.,-8.29903793334964,21.7673168182373));
#9146=CARTESIAN_POINT('',(-219.,-8.06066036224365,22.0779762268066));
#9147=CARTESIAN_POINT('',(-219.,-8.29903793334964,33.2673149108887));
#9148=CARTESIAN_POINT('',(-219.,-8.29903793334964,21.7673168182373));
#9149=CARTESIAN_POINT('Origin',(-219.,-8.29903793334964,33.2673149108887));
#9150=CARTESIAN_POINT('',(-219.,-8.06066036224365,32.956657409668));
#9151=CARTESIAN_POINT('',(-219.,-8.06066036224365,22.0779762268066));
#9152=CARTESIAN_POINT('',(-219.,-8.29903793334964,33.2673149108887));
#9153=CARTESIAN_POINT('Origin',(-219.,-8.06066036224365,22.0779762268066));
#9154=CARTESIAN_POINT('',(-219.,-7.74999999999991,22.3163547515869));
#9155=CARTESIAN_POINT('',(-219.,-8.06066036224365,32.956657409668));
#9156=CARTESIAN_POINT('',(-219.,-8.06066036224365,22.0779762268066));
#9157=CARTESIAN_POINT('Origin',(-219.,-8.06066036224365,32.956657409668));
#9158=CARTESIAN_POINT('',(-219.,-7.74999999999991,32.718276977539));
#9159=CARTESIAN_POINT('',(-219.,-7.74999999999991,22.3163547515869));
#9160=CARTESIAN_POINT('',(-219.,-8.06066036224365,32.956657409668));
#9161=CARTESIAN_POINT('Origin',(-219.,-7.74999999999991,22.3163547515869));
#9162=CARTESIAN_POINT('',(-219.,-7.38822841644279,22.4662055969238));
#9163=CARTESIAN_POINT('',(-219.,-7.74999999999991,32.718276977539));
#9164=CARTESIAN_POINT('',(-219.,-7.74999999999991,22.3163547515869));
#9165=CARTESIAN_POINT('Origin',(-219.,-7.74999999999991,32.718276977539));
#9166=CARTESIAN_POINT('',(-219.,-7.38822841644279,32.5684280395508));
#9167=CARTESIAN_POINT('',(-219.,-7.38822841644279,22.4662055969238));
#9168=CARTESIAN_POINT('',(-219.,-7.74999999999991,32.718276977539));
#9169=CARTESIAN_POINT('Origin',(-219.,-7.38822841644279,22.4662055969238));
#9170=CARTESIAN_POINT('',(-219.,-7.00000000000003,22.5173168182373));
#9171=CARTESIAN_POINT('',(-219.,-7.38822841644279,32.5684280395508));
#9172=CARTESIAN_POINT('',(-219.,-7.38822841644279,22.4662055969238));
#9173=CARTESIAN_POINT('Origin',(-219.,-7.38822841644279,32.5684280395508));
#9174=CARTESIAN_POINT('',(-219.,-7.00000000000003,32.5173149108887));
#9175=CARTESIAN_POINT('',(-219.,-7.00000000000003,22.5173168182373));
#9176=CARTESIAN_POINT('',(-219.,-7.38822841644279,32.5684280395508));
#9177=CARTESIAN_POINT('Origin',(-219.,-7.00000000000003,22.5173168182373));
#9178=CARTESIAN_POINT('',(-219.,-6.61177158355713,22.4662055969238));
#9179=CARTESIAN_POINT('',(-219.,-7.00000000000003,32.5173149108887));
#9180=CARTESIAN_POINT('',(-219.,-7.00000000000003,22.5173168182373));
#9181=CARTESIAN_POINT('Origin',(-219.,-7.00000000000003,32.5173149108887));
#9182=CARTESIAN_POINT('',(-219.,-6.61177158355713,32.5684280395508));
#9183=CARTESIAN_POINT('',(-219.,-6.61177158355713,22.4662055969238));
#9184=CARTESIAN_POINT('',(-219.,-7.00000000000003,32.5173149108887));
#9185=CARTESIAN_POINT('Origin',(-219.,-6.61177158355713,22.4662055969238));
#9186=CARTESIAN_POINT('',(-219.,-6.25,22.3163547515869));
#9187=CARTESIAN_POINT('',(-219.,-6.61177158355713,32.5684280395508));
#9188=CARTESIAN_POINT('',(-219.,-6.61177158355713,22.4662055969238));
#9189=CARTESIAN_POINT('Origin',(-219.,-6.61177158355713,32.5684280395508));
#9190=CARTESIAN_POINT('',(-219.,-6.25,32.718276977539));
#9191=CARTESIAN_POINT('',(-219.,-6.25,22.3163547515869));
#9192=CARTESIAN_POINT('',(-219.,-6.61177158355713,32.5684280395508));
#9193=CARTESIAN_POINT('Origin',(-219.,-6.25,22.3163547515869));
#9194=CARTESIAN_POINT('',(-219.,-5.93933963775626,22.0779762268066));
#9195=CARTESIAN_POINT('',(-219.,-6.25,32.718276977539));
#9196=CARTESIAN_POINT('',(-219.,-6.25,22.3163547515869));
#9197=CARTESIAN_POINT('Origin',(-219.,-6.25,32.718276977539));
#9198=CARTESIAN_POINT('',(-219.,-5.93933963775626,32.956657409668));
#9199=CARTESIAN_POINT('',(-219.,-5.93933963775626,22.0779762268066));
#9200=CARTESIAN_POINT('',(-219.,-6.25,32.718276977539));
#9201=CARTESIAN_POINT('Origin',(-219.,-5.93933963775626,22.0779762268066));
#9202=CARTESIAN_POINT('',(-219.,-5.70096206665042,21.7673168182373));
#9203=CARTESIAN_POINT('',(-219.,-5.93933963775626,32.956657409668));
#9204=CARTESIAN_POINT('',(-219.,-5.93933963775626,22.0779762268066));
#9205=CARTESIAN_POINT('Origin',(-219.,-5.93933963775626,32.956657409668));
#9206=CARTESIAN_POINT('',(-219.,-5.70096206665042,33.2673149108887));
#9207=CARTESIAN_POINT('',(-219.,-5.70096206665042,21.7673168182373));
#9208=CARTESIAN_POINT('',(-219.,-5.93933963775626,32.956657409668));
#9209=CARTESIAN_POINT('Origin',(-219.,-5.70096206665042,21.7673168182373));
#9210=CARTESIAN_POINT('',(-219.,-5.5511112213135,21.4055442810058));
#9211=CARTESIAN_POINT('',(-219.,-5.70096206665042,33.2673149108887));
#9212=CARTESIAN_POINT('',(-219.,-5.70096206665042,21.7673168182373));
#9213=CARTESIAN_POINT('Origin',(-219.,-5.70096206665042,33.2673149108887));
#9214=CARTESIAN_POINT('',(-219.,-5.5511112213135,33.6290893554688));
#9215=CARTESIAN_POINT('',(-219.,-5.5511112213135,21.4055442810058));
#9216=CARTESIAN_POINT('',(-219.,-5.70096206665042,33.2673149108887));
#9217=CARTESIAN_POINT('Origin',(-219.,-5.5511112213135,34.4055442810059));
#9218=CARTESIAN_POINT('',(-219.,-5.49999999999997,34.0173149108887));
#9219=CARTESIAN_POINT('',(-219.,-5.49999999999997,34.0173149108887));
#9220=CARTESIAN_POINT('',(-219.,-5.5511112213135,34.4055442810059));
#9221=CARTESIAN_POINT('Origin',(-219.,-5.49999999999997,34.0173149108887));
#9222=CARTESIAN_POINT('',(-219.,-5.5511112213135,33.6290893554688));
#9223=CARTESIAN_POINT('',(-219.,-5.5511112213135,33.6290893554688));
#9224=CARTESIAN_POINT('Origin',(-219.,-2.00000000000003,40.0173149108887));
#9225=CARTESIAN_POINT('',(-219.,-5.5511112213135,33.6290893554688));
#9226=CARTESIAN_POINT('Origin',(-219.,-5.5511112213135,33.6290893554688));
#9227=CARTESIAN_POINT('',(-219.,-5.5511112213135,21.4055442810058));
#9228=CARTESIAN_POINT('Origin',(-219.,231.,-4.));
#9229=CARTESIAN_POINT('',(-219.,-5.5511112213135,21.4055442810058));
#9230=CARTESIAN_POINT('Origin',(-219.,-5.5511112213135,21.4055442810058));
#9231=CARTESIAN_POINT('',(-219.,-5.49999999999997,21.0173168182373));
#9232=CARTESIAN_POINT('',(-219.,-5.49999999999997,21.0173168182373));
#9233=CARTESIAN_POINT('',(-219.,-5.5511112213135,21.4055442810058));
#9234=CARTESIAN_POINT('Origin',(-219.,-2.00000000000003,15.0173168182373));
#9235=CARTESIAN_POINT('',(-219.,-5.5511112213135,20.6290874481201));
#9236=CARTESIAN_POINT('',(-219.,-5.5511112213135,20.6290874481201));
#9237=CARTESIAN_POINT('',(-219.,-5.5511112213135,20.6290874481201));
#9238=CARTESIAN_POINT('Origin',(-219.,-5.5511112213135,20.6290874481201));
#9239=CARTESIAN_POINT('',(-219.,-5.70096206665042,20.2673168182373));
#9240=CARTESIAN_POINT('',(-219.,-5.70096206665042,20.2673168182373));
#9241=CARTESIAN_POINT('',(-219.,-5.70096206665042,20.2673168182373));
#9242=CARTESIAN_POINT('Origin',(-219.,-5.70096206665042,20.2673168182373));
#9243=CARTESIAN_POINT('',(-219.,-5.93933963775626,19.956657409668));
#9244=CARTESIAN_POINT('',(-219.,-5.93933963775626,19.956657409668));
#9245=CARTESIAN_POINT('',(-219.,-5.93933963775626,19.956657409668));
#9246=CARTESIAN_POINT('Origin',(-219.,-2.00000000000003,15.0173168182373));
#9247=CARTESIAN_POINT('',(-219.,-6.25,19.7182788848877));
#9248=CARTESIAN_POINT('',(-219.,-6.25,19.7182788848877));
#9249=CARTESIAN_POINT('',(-219.,-6.25,19.7182788848877));
#9250=CARTESIAN_POINT('Origin',(-219.,-6.25,19.7182788848877));
#9251=CARTESIAN_POINT('',(-219.,-6.61177158355713,19.5684280395508));
#9252=CARTESIAN_POINT('',(-219.,-6.61177158355713,19.5684280395508));
#9253=CARTESIAN_POINT('',(-219.,-6.61177158355713,19.5684280395508));
#9254=CARTESIAN_POINT('Origin',(-219.,-6.61177158355713,19.5684280395508));
#9255=CARTESIAN_POINT('',(-219.,-7.00000000000003,19.5173168182373));
#9256=CARTESIAN_POINT('',(-219.,-7.00000000000003,19.5173168182373));
#9257=CARTESIAN_POINT('',(-219.,-7.00000000000003,19.5173168182373));
#9258=CARTESIAN_POINT('Origin',(-219.,-2.00000000000003,15.0173168182373));
#9259=CARTESIAN_POINT('',(-219.,-12.,15.0173168182373));
#9260=CARTESIAN_POINT('',(-219.,-12.,15.0173168182373));
#9261=CARTESIAN_POINT('Origin',(-219.,-12.,15.0173168182373));
#9262=CARTESIAN_POINT('',(-219.,-7.38822841644279,19.5684280395508));
#9263=CARTESIAN_POINT('',(-219.,-7.38822841644279,19.5684280395508));
#9264=CARTESIAN_POINT('',(-219.,-12.,15.0173168182373));
#9265=CARTESIAN_POINT('Origin',(-219.,-7.38822841644279,19.5684280395508));
#9266=CARTESIAN_POINT('',(-219.,-7.74999999999991,19.7182788848877));
#9267=CARTESIAN_POINT('',(-219.,-12.,15.0173168182373));
#9268=CARTESIAN_POINT('',(-219.,-7.74999999999991,19.7182788848877));
#9269=CARTESIAN_POINT('Origin',(-219.,-7.74999999999991,19.7182788848877));
#9270=CARTESIAN_POINT('',(-219.,-8.06066036224365,19.956657409668));
#9271=CARTESIAN_POINT('',(-219.,-12.,15.0173168182373));
#9272=CARTESIAN_POINT('',(-219.,-8.06066036224365,19.956657409668));
#9273=CARTESIAN_POINT('Origin',(-219.,-12.,15.0173168182373));
#9274=CARTESIAN_POINT('',(-219.,-8.29903793334964,20.2673168182373));
#9275=CARTESIAN_POINT('',(-219.,-8.29903793334964,20.2673168182373));
#9276=CARTESIAN_POINT('',(-219.,-12.,15.0173168182373));
#9277=CARTESIAN_POINT('Origin',(-219.,-8.29903793334964,20.2673168182373));
#9278=CARTESIAN_POINT('',(-219.,-8.44888877868655,20.6290874481201));
#9279=CARTESIAN_POINT('',(-219.,-12.,15.0173168182373));
#9280=CARTESIAN_POINT('',(-219.,-8.44888877868655,20.6290874481201));
#9281=CARTESIAN_POINT('Origin',(-219.,-8.44888877868655,20.6290874481201));
#9282=CARTESIAN_POINT('',(-219.,-8.49999999999994,21.0173168182373));
#9283=CARTESIAN_POINT('',(-219.,-12.,15.0173168182373));
#9284=CARTESIAN_POINT('',(-219.,-8.49999999999994,21.0173168182373));
#9285=CARTESIAN_POINT('Origin',(-219.,-12.,15.0173168182373));
#9286=CARTESIAN_POINT('',(-219.,-8.49999999999994,21.0173168182373));
#9287=CARTESIAN_POINT('Origin',(-215.,227.,77.));
#9288=CARTESIAN_POINT('',(-215.,-2.00000000000003,77.));
#9289=CARTESIAN_POINT('',(-219.,-2.00000000000003,77.));
#9290=CARTESIAN_POINT('',(-215.,227.,77.));
#9291=CARTESIAN_POINT('',(-215.,-2.00000000000003,77.));
#9292=CARTESIAN_POINT('',(-219.,-2.00000000000003,77.));
#9293=CARTESIAN_POINT('Origin',(-219.,-2.00000000000003,77.));
#9294=CARTESIAN_POINT('',(-219.,231.,77.));
#9295=CARTESIAN_POINT('Origin',(-219.,231.,77.));
#9296=CARTESIAN_POINT('',(-215.,227.,77.));
#9297=CARTESIAN_POINT('Origin',(-215.,227.,77.));
#9298=CARTESIAN_POINT('',(-215.,227.,77.));
#9299=CARTESIAN_POINT('Origin',(-215.,-5.5511112213135,34.4055442810059));
#9300=CARTESIAN_POINT('',(-215.,-5.70096206665042,34.7673149108887));
#9301=CARTESIAN_POINT('',(-215.,-2.00000000000003,40.0173149108887));
#9302=CARTESIAN_POINT('',(-215.,-5.70096206665042,34.7673149108887));
#9303=CARTESIAN_POINT('',(-215.,-5.5511112213135,34.4055442810059));
#9304=CARTESIAN_POINT('',(-215.,-5.70096206665042,34.7673149108887));
#9305=CARTESIAN_POINT('',(-215.,-5.5511112213135,34.4055442810059));
#9306=CARTESIAN_POINT('Origin',(-215.,-5.70096206665042,34.7673149108887));
#9307=CARTESIAN_POINT('',(-215.,-5.93933963775626,35.0779762268066));
#9308=CARTESIAN_POINT('',(-215.,-5.93933963775626,35.0779762268066));
#9309=CARTESIAN_POINT('',(-215.,-5.93933963775626,35.0779762268066));
#9310=CARTESIAN_POINT('Origin',(-215.,-2.00000000000003,40.0173149108887));
#9311=CARTESIAN_POINT('',(-215.,-6.25,35.3163528442383));
#9312=CARTESIAN_POINT('',(-215.,-6.25,35.3163528442383));
#9313=CARTESIAN_POINT('',(-215.,-6.25,35.3163528442383));
#9314=CARTESIAN_POINT('Origin',(-215.,-6.25,35.3163528442383));
#9315=CARTESIAN_POINT('',(-215.,-6.61177158355713,35.4662055969238));
#9316=CARTESIAN_POINT('',(-215.,-6.61177158355713,35.4662055969238));
#9317=CARTESIAN_POINT('',(-215.,-6.61177158355713,35.4662055969238));
#9318=CARTESIAN_POINT('Origin',(-215.,-6.61177158355713,35.4662055969238));
#9319=CARTESIAN_POINT('',(-215.,-7.00000000000003,35.5173149108886));
#9320=CARTESIAN_POINT('',(-215.,-7.00000000000003,35.5173149108886));
#9321=CARTESIAN_POINT('',(-215.,-7.00000000000003,35.5173149108886));
#9322=CARTESIAN_POINT('Origin',(-215.,-2.00000000000003,40.0173149108887));
#9323=CARTESIAN_POINT('',(-215.,-12.,40.0173149108887));
#9324=CARTESIAN_POINT('',(-215.,-12.,40.0173149108887));
#9325=CARTESIAN_POINT('',(-215.,-12.,40.0173149108887));
#9326=CARTESIAN_POINT('Origin',(-215.,-7.00000000000003,35.5173149108886));
#9327=CARTESIAN_POINT('',(-215.,-7.38822841644279,35.4662055969238));
#9328=CARTESIAN_POINT('',(-215.,-12.,40.0173149108887));
#9329=CARTESIAN_POINT('',(-215.,-7.38822841644279,35.4662055969238));
#9330=CARTESIAN_POINT('Origin',(-215.,-12.,40.0173149108887));
#9331=CARTESIAN_POINT('',(-215.,-7.74999999999991,35.3163528442383));
#9332=CARTESIAN_POINT('',(-215.,-7.74999999999991,35.3163528442383));
#9333=CARTESIAN_POINT('',(-215.,-12.,40.0173149108887));
#9334=CARTESIAN_POINT('Origin',(-215.,-7.74999999999991,35.3163528442383));
#9335=CARTESIAN_POINT('',(-215.,-8.06066036224365,35.0779762268066));
#9336=CARTESIAN_POINT('',(-215.,-12.,40.0173149108887));
#9337=CARTESIAN_POINT('',(-215.,-8.06066036224365,35.0779762268066));
#9338=CARTESIAN_POINT('Origin',(-215.,-8.06066036224365,35.0779762268066));
#9339=CARTESIAN_POINT('',(-215.,-8.29903793334964,34.7673149108887));
#9340=CARTESIAN_POINT('',(-215.,-12.,40.0173149108887));
#9341=CARTESIAN_POINT('',(-215.,-8.29903793334964,34.7673149108887));
#9342=CARTESIAN_POINT('Origin',(-215.,-12.,40.0173149108887));
#9343=CARTESIAN_POINT('',(-215.,-8.44888877868655,34.4055442810059));
#9344=CARTESIAN_POINT('',(-215.,-8.44888877868655,34.4055442810059));
#9345=CARTESIAN_POINT('',(-215.,-12.,40.0173149108887));
#9346=CARTESIAN_POINT('Origin',(-215.,-8.44888877868655,34.4055442810059));
#9347=CARTESIAN_POINT('',(-215.,-8.49999999999994,34.0173149108887));
#9348=CARTESIAN_POINT('',(-215.,-12.,40.0173149108887));
#9349=CARTESIAN_POINT('',(-215.,-8.49999999999994,34.0173149108887));
#9350=CARTESIAN_POINT('Origin',(-215.,-8.49999999999994,34.0173149108887));
#9351=CARTESIAN_POINT('',(-215.,-8.44888877868655,33.6290893554688));
#9352=CARTESIAN_POINT('',(-215.,-12.,40.0173149108887));
#9353=CARTESIAN_POINT('',(-215.,-8.49999999999994,34.0173149108887));
#9354=CARTESIAN_POINT('Origin',(-215.,-12.,40.0173149108887));
#9355=CARTESIAN_POINT('',(-215.,-12.,15.0173168182373));
#9356=CARTESIAN_POINT('',(-215.,-12.,15.0173168182373));
#9357=CARTESIAN_POINT('',(-215.,-12.,15.0173168182373));
#9358=CARTESIAN_POINT('Origin',(-215.,-5.5511112213135,33.6290893554688));
#9359=CARTESIAN_POINT('',(-215.,-5.49999999999997,34.0173149108887));
#9360=CARTESIAN_POINT('',(-215.,-5.49999999999997,34.0173149108887));
#9361=CARTESIAN_POINT('',(-215.,-5.5511112213135,33.6290893554688));
#9362=CARTESIAN_POINT('',(-215.,-5.5511112213135,33.6290893554688));
#9363=CARTESIAN_POINT('',(-215.,-5.5511112213135,33.6290893554688));
#9364=CARTESIAN_POINT('Origin',(-215.,-2.00000000000003,40.0173149108887));
#9365=CARTESIAN_POINT('',(-215.,-5.5511112213135,34.4055442810059));
#9366=CARTESIAN_POINT('Origin',(-215.,120.,46.));
#9367=CARTESIAN_POINT('',(-215.,-5.70096206665042,21.7673168182373));
#9368=CARTESIAN_POINT('',(-215.,-5.70096206665042,33.2673149108887));
#9369=CARTESIAN_POINT('',(-215.,-5.70096206665042,21.7673168182373));
#9370=CARTESIAN_POINT('',(-215.,120.,46.));
#9371=CARTESIAN_POINT('',(-215.,-5.70096206665042,21.7673168182373));
#9372=CARTESIAN_POINT('',(-215.,-5.70096206665042,33.2673149108887));
#9373=CARTESIAN_POINT('Origin',(-215.,-5.70096206665042,21.7673168182373));
#9374=CARTESIAN_POINT('',(-215.,-5.93933963775626,22.0779762268066));
#9375=CARTESIAN_POINT('',(-215.,-5.93933963775626,22.0779762268066));
#9376=CARTESIAN_POINT('',(-215.,-5.93933963775626,22.0779762268066));
#9377=CARTESIAN_POINT('Origin',(-215.,-5.70096206665042,33.2673149108887));
#9378=CARTESIAN_POINT('',(-215.,-5.93933963775626,32.956657409668));
#9379=CARTESIAN_POINT('',(-215.,-5.93933963775626,22.0779762268066));
#9380=CARTESIAN_POINT('',(-215.,-5.93933963775626,32.956657409668));
#9381=CARTESIAN_POINT('Origin',(-215.,-5.93933963775626,22.0779762268066));
#9382=CARTESIAN_POINT('',(-215.,-6.25,22.3163547515869));
#9383=CARTESIAN_POINT('',(-215.,-6.25,22.3163547515869));
#9384=CARTESIAN_POINT('',(-215.,-6.25,22.3163547515869));
#9385=CARTESIAN_POINT('Origin',(-215.,-5.93933963775626,32.956657409668));
#9386=CARTESIAN_POINT('',(-215.,-6.25,32.718276977539));
#9387=CARTESIAN_POINT('',(-215.,-6.25,22.3163547515869));
#9388=CARTESIAN_POINT('',(-215.,-6.25,32.718276977539));
#9389=CARTESIAN_POINT('Origin',(-215.,-6.25,22.3163547515869));
#9390=CARTESIAN_POINT('',(-215.,-6.61177158355713,22.4662055969238));
#9391=CARTESIAN_POINT('',(-215.,-6.61177158355713,22.4662055969238));
#9392=CARTESIAN_POINT('',(-215.,-6.61177158355713,22.4662055969238));
#9393=CARTESIAN_POINT('Origin',(-215.,-6.25,32.718276977539));
#9394=CARTESIAN_POINT('',(-215.,-6.61177158355713,32.5684280395508));
#9395=CARTESIAN_POINT('',(-215.,-6.61177158355713,22.4662055969238));
#9396=CARTESIAN_POINT('',(-215.,-6.61177158355713,32.5684280395508));
#9397=CARTESIAN_POINT('Origin',(-215.,-6.61177158355713,22.4662055969238));
#9398=CARTESIAN_POINT('',(-215.,-7.00000000000003,22.5173168182373));
#9399=CARTESIAN_POINT('',(-215.,-7.00000000000003,22.5173168182373));
#9400=CARTESIAN_POINT('',(-215.,-7.00000000000003,22.5173168182373));
#9401=CARTESIAN_POINT('Origin',(-215.,-6.61177158355713,32.5684280395508));
#9402=CARTESIAN_POINT('',(-215.,-7.00000000000003,32.5173149108887));
#9403=CARTESIAN_POINT('',(-215.,-7.00000000000003,22.5173168182373));
#9404=CARTESIAN_POINT('',(-215.,-7.00000000000003,32.5173149108887));
#9405=CARTESIAN_POINT('Origin',(-215.,-7.00000000000003,22.5173168182373));
#9406=CARTESIAN_POINT('',(-215.,-7.38822841644279,22.4662055969238));
#9407=CARTESIAN_POINT('',(-215.,-7.38822841644279,22.4662055969238));
#9408=CARTESIAN_POINT('',(-215.,-7.38822841644279,22.4662055969238));
#9409=CARTESIAN_POINT('Origin',(-215.,-7.00000000000003,32.5173149108887));
#9410=CARTESIAN_POINT('',(-215.,-7.38822841644279,32.5684280395508));
#9411=CARTESIAN_POINT('',(-215.,-7.38822841644279,22.4662055969238));
#9412=CARTESIAN_POINT('',(-215.,-7.38822841644279,32.5684280395508));
#9413=CARTESIAN_POINT('Origin',(-215.,-7.38822841644279,22.4662055969238));
#9414=CARTESIAN_POINT('',(-215.,-7.74999999999991,22.3163547515869));
#9415=CARTESIAN_POINT('',(-215.,-7.74999999999991,22.3163547515869));
#9416=CARTESIAN_POINT('',(-215.,-7.74999999999991,22.3163547515869));
#9417=CARTESIAN_POINT('Origin',(-215.,-7.38822841644279,32.5684280395508));
#9418=CARTESIAN_POINT('',(-215.,-7.74999999999991,32.718276977539));
#9419=CARTESIAN_POINT('',(-215.,-7.74999999999991,22.3163547515869));
#9420=CARTESIAN_POINT('',(-215.,-7.74999999999991,32.718276977539));
#9421=CARTESIAN_POINT('Origin',(-215.,-7.74999999999991,22.3163547515869));
#9422=CARTESIAN_POINT('',(-215.,-8.06066036224365,22.0779762268066));
#9423=CARTESIAN_POINT('',(-215.,-8.06066036224365,22.0779762268066));
#9424=CARTESIAN_POINT('',(-215.,-8.06066036224365,22.0779762268066));
#9425=CARTESIAN_POINT('Origin',(-215.,-7.74999999999991,32.718276977539));
#9426=CARTESIAN_POINT('',(-215.,-8.06066036224365,32.956657409668));
#9427=CARTESIAN_POINT('',(-215.,-8.06066036224365,22.0779762268066));
#9428=CARTESIAN_POINT('',(-215.,-8.06066036224365,32.956657409668));
#9429=CARTESIAN_POINT('Origin',(-215.,-8.06066036224365,22.0779762268066));
#9430=CARTESIAN_POINT('',(-215.,-8.29903793334964,21.7673168182373));
#9431=CARTESIAN_POINT('',(-215.,-8.29903793334964,21.7673168182373));
#9432=CARTESIAN_POINT('',(-215.,-8.29903793334964,21.7673168182373));
#9433=CARTESIAN_POINT('Origin',(-215.,-8.06066036224365,32.956657409668));
#9434=CARTESIAN_POINT('',(-215.,-8.29903793334964,33.2673149108887));
#9435=CARTESIAN_POINT('',(-215.,-8.29903793334964,21.7673168182373));
#9436=CARTESIAN_POINT('',(-215.,-8.29903793334964,33.2673149108887));
#9437=CARTESIAN_POINT('Origin',(-215.,-8.29903793334964,33.2673149108887));
#9438=CARTESIAN_POINT('',(-215.,-8.44888877868655,33.6290893554688));
#9439=CARTESIAN_POINT('',(-215.,-8.44888877868655,33.6290893554688));
#9440=CARTESIAN_POINT('Origin',(-215.,-8.29903793334964,21.7673168182373));
#9441=CARTESIAN_POINT('',(-215.,-8.44888877868655,21.4055442810058));
#9442=CARTESIAN_POINT('',(-215.,-8.44888877868655,21.4055442810058));
#9443=CARTESIAN_POINT('',(-215.,-8.44888877868655,21.4055442810058));
#9444=CARTESIAN_POINT('Origin',(-215.,-8.44888877868655,33.6290893554688));
#9445=CARTESIAN_POINT('',(-215.,-12.,15.0173168182373));
#9446=CARTESIAN_POINT('Origin',(-215.,-8.44888877868655,21.4055442810058));
#9447=CARTESIAN_POINT('',(-215.,-8.49999999999994,21.0173168182373));
#9448=CARTESIAN_POINT('',(-215.,-12.,15.0173168182373));
#9449=CARTESIAN_POINT('',(-215.,-8.49999999999994,21.0173168182373));
#9450=CARTESIAN_POINT('Origin',(-215.,-12.,15.0173168182373));
#9451=CARTESIAN_POINT('',(-215.,-8.44888877868655,20.6290874481201));
#9452=CARTESIAN_POINT('',(-215.,-8.49999999999994,21.0173168182373));
#9453=CARTESIAN_POINT('',(-215.,-12.,15.0173168182373));
#9454=CARTESIAN_POINT('Origin',(-215.,-8.44888877868655,20.6290874481201));
#9455=CARTESIAN_POINT('',(-215.,-8.29903793334964,20.2673168182373));
#9456=CARTESIAN_POINT('',(-215.,-12.,15.0173168182373));
#9457=CARTESIAN_POINT('',(-215.,-8.44888877868655,20.6290874481201));
#9458=CARTESIAN_POINT('Origin',(-215.,-8.29903793334964,20.2673168182373));
#9459=CARTESIAN_POINT('',(-215.,-8.06066036224365,19.956657409668));
#9460=CARTESIAN_POINT('',(-215.,-12.,15.0173168182373));
#9461=CARTESIAN_POINT('',(-215.,-8.29903793334964,20.2673168182373));
#9462=CARTESIAN_POINT('Origin',(-215.,-12.,15.0173168182373));
#9463=CARTESIAN_POINT('',(-215.,-7.74999999999991,19.7182788848877));
#9464=CARTESIAN_POINT('',(-215.,-8.06066036224365,19.956657409668));
#9465=CARTESIAN_POINT('',(-215.,-12.,15.0173168182373));
#9466=CARTESIAN_POINT('Origin',(-215.,-7.74999999999991,19.7182788848877));
#9467=CARTESIAN_POINT('',(-215.,-7.38822841644279,19.5684280395508));
#9468=CARTESIAN_POINT('',(-215.,-12.,15.0173168182373));
#9469=CARTESIAN_POINT('',(-215.,-7.74999999999991,19.7182788848877));
#9470=CARTESIAN_POINT('Origin',(-215.,-7.38822841644279,19.5684280395508));
#9471=CARTESIAN_POINT('',(-215.,-7.00000000000003,19.5173168182373));
#9472=CARTESIAN_POINT('',(-215.,-12.,15.0173168182373));
#9473=CARTESIAN_POINT('',(-215.,-7.38822841644279,19.5684280395508));
#9474=CARTESIAN_POINT('Origin',(-215.,-12.,15.0173168182373));
#9475=CARTESIAN_POINT('',(-215.,-2.00000000000003,15.0173168182373));
#9476=CARTESIAN_POINT('',(-215.,-7.00000000000003,19.5173168182373));
#9477=CARTESIAN_POINT('',(-215.,-12.,15.0173168182373));
#9478=CARTESIAN_POINT('Origin',(-215.,-7.00000000000003,19.5173168182373));
#9479=CARTESIAN_POINT('',(-215.,-6.61177158355713,19.5684280395508));
#9480=CARTESIAN_POINT('',(-215.,-6.61177158355713,19.5684280395508));
#9481=CARTESIAN_POINT('',(-215.,-7.00000000000003,19.5173168182373));
#9482=CARTESIAN_POINT('Origin',(-215.,-6.61177158355713,19.5684280395508));
#9483=CARTESIAN_POINT('',(-215.,-6.25,19.7182788848877));
#9484=CARTESIAN_POINT('',(-215.,-6.25,19.7182788848877));
#9485=CARTESIAN_POINT('',(-215.,-6.61177158355713,19.5684280395508));
#9486=CARTESIAN_POINT('Origin',(-215.,-2.00000000000003,15.0173168182373));
#9487=CARTESIAN_POINT('',(-215.,-5.93933963775626,19.956657409668));
#9488=CARTESIAN_POINT('',(-215.,-6.25,19.7182788848877));
#9489=CARTESIAN_POINT('',(-215.,-5.93933963775626,19.956657409668));
#9490=CARTESIAN_POINT('Origin',(-215.,-5.93933963775626,19.956657409668));
#9491=CARTESIAN_POINT('',(-215.,-5.70096206665042,20.2673168182373));
#9492=CARTESIAN_POINT('',(-215.,-5.70096206665042,20.2673168182373));
#9493=CARTESIAN_POINT('',(-215.,-5.93933963775626,19.956657409668));
#9494=CARTESIAN_POINT('Origin',(-215.,-5.70096206665042,20.2673168182373));
#9495=CARTESIAN_POINT('',(-215.,-5.5511112213135,20.6290874481201));
#9496=CARTESIAN_POINT('',(-215.,-5.5511112213135,20.6290874481201));
#9497=CARTESIAN_POINT('',(-215.,-5.70096206665042,20.2673168182373));
#9498=CARTESIAN_POINT('Origin',(-215.,-2.00000000000003,15.0173168182373));
#9499=CARTESIAN_POINT('',(-215.,-5.49999999999997,21.0173168182373));
#9500=CARTESIAN_POINT('',(-215.,-5.5511112213135,20.6290874481201));
#9501=CARTESIAN_POINT('',(-215.,-5.49999999999997,21.0173168182373));
#9502=CARTESIAN_POINT('Origin',(-215.,-5.49999999999997,21.0173168182373));
#9503=CARTESIAN_POINT('',(-215.,-5.5511112213135,21.4055442810058));
#9504=CARTESIAN_POINT('',(-215.,-5.5511112213135,21.4055442810058));
#9505=CARTESIAN_POINT('',(-215.,-5.5511112213135,21.4055442810058));
#9506=CARTESIAN_POINT('Origin',(-215.,-5.5511112213135,21.4055442810058));
#9507=CARTESIAN_POINT('',(-215.,120.,6.));
#9508=CARTESIAN_POINT('',(-215.,-2.00000000000003,15.0173168182373));
#9509=CARTESIAN_POINT('',(-215.,-5.5511112213135,21.4055442810058));
#9510=CARTESIAN_POINT('Origin',(-215.,-2.00000000000003,15.0173168182373));
#9511=CARTESIAN_POINT('',(-215.,-2.00000000000003,-4.));
#9512=CARTESIAN_POINT('',(-215.,-2.00000000000003,-4.));
#9513=CARTESIAN_POINT('Origin',(-215.,120.,6.));
#9514=CARTESIAN_POINT('',(-215.,120.,1.));
#9515=CARTESIAN_POINT('',(-215.,-2.00000000000003,-4.));
#9516=CARTESIAN_POINT('',(-215.,120.,1.));
#9517=CARTESIAN_POINT('Origin',(-215.,-2.00000000000003,-4.));
#9518=CARTESIAN_POINT('',(-215.,120.,1.));
#9519=CARTESIAN_POINT('Origin',(-215.,227.,-4.));
#9520=CARTESIAN_POINT('',(-215.,185.,1.));
#9521=CARTESIAN_POINT('',(-215.,120.,1.));
#9522=CARTESIAN_POINT('',(-215.,185.,1.));
#9523=CARTESIAN_POINT('Origin',(-215.,-5.5511112213135,21.4055442810058));
#9524=CARTESIAN_POINT('',(-215.,-5.70096206665042,21.7673168182373));
#9525=CARTESIAN_POINT('',(-215.,-5.70096206665042,21.7673168182373));
#9526=CARTESIAN_POINT('Origin',(-215.,-5.70096206665042,21.7673168182373));
#9527=CARTESIAN_POINT('',(-215.,120.,6.));
#9528=CARTESIAN_POINT('Origin',(-215.,120.,6.));
#9529=CARTESIAN_POINT('',(-215.,185.,6.));
#9530=CARTESIAN_POINT('',(-215.,120.,46.));
#9531=CARTESIAN_POINT('',(-215.,120.,6.));
#9532=CARTESIAN_POINT('Origin',(-215.,185.,6.));
#9533=CARTESIAN_POINT('',(-215.,185.,46.));
#9534=CARTESIAN_POINT('',(-215.,120.,46.));
#9535=CARTESIAN_POINT('',(-215.,185.,6.));
#9536=CARTESIAN_POINT('Origin',(-215.,185.,1.));
#9537=CARTESIAN_POINT('',(-215.,185.,6.));
#9538=CARTESIAN_POINT('',(-215.,185.,1.));
#9539=CARTESIAN_POINT('Origin',(-215.,185.,6.));
#9540=CARTESIAN_POINT('',(-215.,185.,46.));
#9541=CARTESIAN_POINT('Origin',(-215.,227.,-4.));
#9542=CARTESIAN_POINT('',(-215.,185.,46.));
#9543=CARTESIAN_POINT('',(-215.,227.,-4.));
#9544=CARTESIAN_POINT('Origin',(-215.,227.,77.));
#9545=CARTESIAN_POINT('',(-215.,185.,51.));
#9546=CARTESIAN_POINT('',(-215.,185.,46.));
#9547=CARTESIAN_POINT('',(-215.,185.,51.));
#9548=CARTESIAN_POINT('Origin',(-215.,-2.00000000000003,40.0173149108887));
#9549=CARTESIAN_POINT('',(-215.,120.,51.));
#9550=CARTESIAN_POINT('',(-215.,-2.00000000000003,77.));
#9551=CARTESIAN_POINT('',(-215.,-2.00000000000003,40.0173149108887));
#9552=CARTESIAN_POINT('',(-215.,-2.00000000000003,40.0173149108887));
#9553=CARTESIAN_POINT('Origin',(-215.,-2.00000000000003,77.));
#9554=CARTESIAN_POINT('',(-215.,120.,51.));
#9555=CARTESIAN_POINT('Origin',(-215.,120.,51.));
#9556=CARTESIAN_POINT('',(-215.,120.,51.));
#9557=CARTESIAN_POINT('Origin',(-215.,-5.70096206665042,33.2673149108887));
#9558=CARTESIAN_POINT('',(-215.,-5.5511112213135,33.6290893554688));
#9559=CARTESIAN_POINT('',(-215.,-5.70096206665042,33.2673149108887));
#9560=CARTESIAN_POINT('Origin',(-215.,-5.5511112213135,33.6290893554688));
#9561=CARTESIAN_POINT('',(-215.,-2.00000000000003,40.0173149108887));
#9562=CARTESIAN_POINT('Origin',(-215.,120.,46.));
#9563=CARTESIAN_POINT('',(-215.,120.,46.));
#9564=CARTESIAN_POINT('Origin',(-219.,-2.00000000000003,77.));
#9565=CARTESIAN_POINT('',(-219.,-2.00000000000003,40.0173149108887));
#9566=CARTESIAN_POINT('Origin',(-219.,-2.00000000000003,40.0173149108887));
#9567=CARTESIAN_POINT('',(-219.,-2.00000000000003,40.0173149108887));
#9568=CARTESIAN_POINT('Origin',(-215.,-2.00000000000003,-4.));
#9569=CARTESIAN_POINT('',(-219.,-2.00000000000003,-4.));
#9570=CARTESIAN_POINT('Origin',(-215.,-2.00000000000003,15.0173168182373));
#9571=CARTESIAN_POINT('',(-219.,-2.00000000000003,15.0173168182373));
#9572=CARTESIAN_POINT('Origin',(-219.,-12.,40.0173149108887));
#9573=CARTESIAN_POINT('',(-219.,-12.,15.0173168182373));
#9574=CARTESIAN_POINT('',(-219.,-12.,40.0173149108887));
#9575=CARTESIAN_POINT('Origin',(-219.,-12.,15.0173168182373));
#9576=CARTESIAN_POINT('',(-219.,-12.,15.0173168182373));
#9577=CARTESIAN_POINT('Origin',(-215.,-12.,15.0173168182373));
#9578=CARTESIAN_POINT('',(-219.,-12.,15.0173168182373));
#9579=CARTESIAN_POINT('Origin',(-219.,-12.,15.0173168182373));
#9580=CARTESIAN_POINT('Origin',(-219.,-12.,40.0173149108887));
#9581=CARTESIAN_POINT('',(-219.,-2.00000000000003,40.0173149108887));
#9582=CARTESIAN_POINT('Origin',(-215.,-12.,40.0173149108887));
#9583=CARTESIAN_POINT('Origin',(-219.,-5.5511112213135,34.4055442810059));
#9584=CARTESIAN_POINT('',(-219.,-5.70096206665042,34.7673149108887));
#9585=CARTESIAN_POINT('',(-219.,-5.5511112213135,34.4055442810059));
#9586=CARTESIAN_POINT('Origin',(-215.,-5.5511112213135,34.4055442810059));
#9587=CARTESIAN_POINT('',(-219.,-5.70096206665042,34.7673149108887));
#9588=CARTESIAN_POINT('Origin',(-219.,-5.70096206665042,34.7673149108887));
#9589=CARTESIAN_POINT('',(-219.,-5.93933963775626,35.0779762268066));
#9590=CARTESIAN_POINT('Origin',(-215.,-5.70096206665042,34.7673149108887));
#9591=CARTESIAN_POINT('',(-219.,-5.93933963775626,35.0779762268066));
#9592=CARTESIAN_POINT('Origin',(-219.,-5.93933963775626,35.0779762268066));
#9593=CARTESIAN_POINT('',(-219.,-6.25,35.3163528442383));
#9594=CARTESIAN_POINT('Origin',(-215.,-5.93933963775626,35.0779762268066));
#9595=CARTESIAN_POINT('',(-219.,-6.25,35.3163528442383));
#9596=CARTESIAN_POINT('Origin',(-219.,-6.25,35.3163528442383));
#9597=CARTESIAN_POINT('',(-219.,-6.61177158355713,35.4662055969238));
#9598=CARTESIAN_POINT('Origin',(-215.,-6.25,35.3163528442383));
#9599=CARTESIAN_POINT('',(-219.,-6.61177158355713,35.4662055969238));
#9600=CARTESIAN_POINT('Origin',(-219.,-6.61177158355713,35.4662055969238));
#9601=CARTESIAN_POINT('',(-219.,-7.00000000000003,35.5173149108886));
#9602=CARTESIAN_POINT('Origin',(-215.,-6.61177158355713,35.4662055969238));
#9603=CARTESIAN_POINT('',(-219.,-7.00000000000003,35.5173149108886));
#9604=CARTESIAN_POINT('Origin',(-219.,-7.00000000000003,35.5173149108886));
#9605=CARTESIAN_POINT('',(-219.,-7.38822841644279,35.4662055969238));
#9606=CARTESIAN_POINT('Origin',(-215.,-7.00000000000003,35.5173149108886));
#9607=CARTESIAN_POINT('',(-219.,-7.38822841644279,35.4662055969238));
#9608=CARTESIAN_POINT('Origin',(-219.,-7.38822841644279,35.4662055969238));
#9609=CARTESIAN_POINT('',(-219.,-7.74999999999991,35.3163528442383));
#9610=CARTESIAN_POINT('Origin',(-215.,-7.38822841644279,35.4662055969238));
#9611=CARTESIAN_POINT('',(-219.,-7.74999999999991,35.3163528442383));
#9612=CARTESIAN_POINT('Origin',(-219.,-7.74999999999991,35.3163528442383));
#9613=CARTESIAN_POINT('',(-219.,-8.06066036224365,35.0779762268066));
#9614=CARTESIAN_POINT('Origin',(-215.,-7.74999999999991,35.3163528442383));
#9615=CARTESIAN_POINT('',(-219.,-8.06066036224365,35.0779762268066));
#9616=CARTESIAN_POINT('Origin',(-219.,-8.06066036224365,35.0779762268066));
#9617=CARTESIAN_POINT('',(-219.,-8.29903793334964,34.7673149108887));
#9618=CARTESIAN_POINT('Origin',(-215.,-8.06066036224365,35.0779762268066));
#9619=CARTESIAN_POINT('',(-219.,-8.29903793334964,34.7673149108887));
#9620=CARTESIAN_POINT('Origin',(-219.,-8.29903793334964,34.7673149108887));
#9621=CARTESIAN_POINT('',(-219.,-8.44888877868655,34.4055442810059));
#9622=CARTESIAN_POINT('Origin',(-215.,-8.29903793334964,34.7673149108887));
#9623=CARTESIAN_POINT('',(-219.,-8.44888877868655,34.4055442810059));
#9624=CARTESIAN_POINT('Origin',(-219.,-8.44888877868655,34.4055442810059));
#9625=CARTESIAN_POINT('',(-219.,-8.49999999999994,34.0173149108887));
#9626=CARTESIAN_POINT('Origin',(-215.,-8.44888877868655,34.4055442810059));
#9627=CARTESIAN_POINT('',(-219.,-8.49999999999994,34.0173149108887));
#9628=CARTESIAN_POINT('Origin',(-219.,-8.49999999999994,34.0173149108887));
#9629=CARTESIAN_POINT('',(-219.,-8.44888877868655,33.6290893554688));
#9630=CARTESIAN_POINT('Origin',(-215.,-8.49999999999994,34.0173149108887));
#9631=CARTESIAN_POINT('',(-219.,-8.44888877868655,33.6290893554688));
#9632=CARTESIAN_POINT('Origin',(-219.,-8.44888877868655,33.6290893554688));
#9633=CARTESIAN_POINT('',(-219.,-8.29903793334964,33.2673149108887));
#9634=CARTESIAN_POINT('Origin',(-215.,-8.44888877868655,33.6290893554688));
#9635=CARTESIAN_POINT('',(-219.,-8.29903793334964,33.2673149108887));
#9636=CARTESIAN_POINT('Origin',(-219.,-8.29903793334964,33.2673149108887));
#9637=CARTESIAN_POINT('',(-219.,-8.06066036224365,32.956657409668));
#9638=CARTESIAN_POINT('Origin',(-215.,-8.29903793334964,33.2673149108887));
#9639=CARTESIAN_POINT('',(-219.,-8.06066036224365,32.956657409668));
#9640=CARTESIAN_POINT('Origin',(-219.,-8.06066036224365,32.956657409668));
#9641=CARTESIAN_POINT('',(-219.,-7.74999999999991,32.718276977539));
#9642=CARTESIAN_POINT('Origin',(-215.,-8.06066036224365,32.956657409668));
#9643=CARTESIAN_POINT('',(-219.,-7.74999999999991,32.718276977539));
#9644=CARTESIAN_POINT('Origin',(-219.,-7.74999999999991,32.718276977539));
#9645=CARTESIAN_POINT('',(-219.,-7.38822841644279,32.5684280395508));
#9646=CARTESIAN_POINT('Origin',(-215.,-7.74999999999991,32.718276977539));
#9647=CARTESIAN_POINT('',(-219.,-7.38822841644279,32.5684280395508));
#9648=CARTESIAN_POINT('Origin',(-219.,-7.38822841644279,32.5684280395508));
#9649=CARTESIAN_POINT('',(-219.,-7.00000000000003,32.5173149108887));
#9650=CARTESIAN_POINT('Origin',(-215.,-7.38822841644279,32.5684280395508));
#9651=CARTESIAN_POINT('',(-219.,-7.00000000000003,32.5173149108887));
#9652=CARTESIAN_POINT('Origin',(-219.,-7.00000000000003,32.5173149108887));
#9653=CARTESIAN_POINT('',(-219.,-6.61177158355713,32.5684280395508));
#9654=CARTESIAN_POINT('Origin',(-215.,-7.00000000000003,32.5173149108887));
#9655=CARTESIAN_POINT('',(-219.,-6.61177158355713,32.5684280395508));
#9656=CARTESIAN_POINT('Origin',(-219.,-6.61177158355713,32.5684280395508));
#9657=CARTESIAN_POINT('',(-219.,-6.25,32.718276977539));
#9658=CARTESIAN_POINT('Origin',(-215.,-6.61177158355713,32.5684280395508));
#9659=CARTESIAN_POINT('',(-219.,-6.25,32.718276977539));
#9660=CARTESIAN_POINT('Origin',(-219.,-6.25,32.718276977539));
#9661=CARTESIAN_POINT('',(-219.,-5.93933963775626,32.956657409668));
#9662=CARTESIAN_POINT('Origin',(-215.,-6.25,32.718276977539));
#9663=CARTESIAN_POINT('',(-219.,-5.93933963775626,32.956657409668));
#9664=CARTESIAN_POINT('Origin',(-219.,-5.93933963775626,32.956657409668));
#9665=CARTESIAN_POINT('',(-219.,-5.70096206665042,33.2673149108887));
#9666=CARTESIAN_POINT('Origin',(-215.,-5.93933963775626,32.956657409668));
#9667=CARTESIAN_POINT('',(-219.,-5.70096206665042,33.2673149108887));
#9668=CARTESIAN_POINT('Origin',(-219.,-5.70096206665042,33.2673149108887));
#9669=CARTESIAN_POINT('',(-219.,-5.5511112213135,33.6290893554688));
#9670=CARTESIAN_POINT('Origin',(-215.,-5.70096206665042,33.2673149108887));
#9671=CARTESIAN_POINT('',(-219.,-5.5511112213135,33.6290893554688));
#9672=CARTESIAN_POINT('Origin',(-219.,-5.5511112213135,33.6290893554688));
#9673=CARTESIAN_POINT('',(-219.,-5.49999999999997,34.0173149108887));
#9674=CARTESIAN_POINT('Origin',(-215.,-5.5511112213135,33.6290893554688));
#9675=CARTESIAN_POINT('',(-219.,-5.49999999999997,34.0173149108887));
#9676=CARTESIAN_POINT('Origin',(-219.,-5.49999999999997,34.0173149108887));
#9677=CARTESIAN_POINT('',(-219.,-5.5511112213135,34.4055442810059));
#9678=CARTESIAN_POINT('Origin',(-215.,-5.49999999999997,34.0173149108887));
#9679=CARTESIAN_POINT('Origin',(-219.,-5.5511112213135,21.4055442810058));
#9680=CARTESIAN_POINT('',(-219.,-5.70096206665042,21.7673168182373));
#9681=CARTESIAN_POINT('',(-219.,-5.5511112213135,21.4055442810058));
#9682=CARTESIAN_POINT('Origin',(-215.,-5.5511112213135,21.4055442810058));
#9683=CARTESIAN_POINT('',(-219.,-5.70096206665042,21.7673168182373));
#9684=CARTESIAN_POINT('Origin',(-219.,-5.70096206665042,21.7673168182373));
#9685=CARTESIAN_POINT('',(-219.,-5.93933963775626,22.0779762268066));
#9686=CARTESIAN_POINT('Origin',(-215.,-5.70096206665042,21.7673168182373));
#9687=CARTESIAN_POINT('',(-219.,-5.93933963775626,22.0779762268066));
#9688=CARTESIAN_POINT('Origin',(-219.,-5.93933963775626,22.0779762268066));
#9689=CARTESIAN_POINT('',(-219.,-6.25,22.3163547515869));
#9690=CARTESIAN_POINT('Origin',(-215.,-5.93933963775626,22.0779762268066));
#9691=CARTESIAN_POINT('',(-219.,-6.25,22.3163547515869));
#9692=CARTESIAN_POINT('Origin',(-219.,-6.25,22.3163547515869));
#9693=CARTESIAN_POINT('',(-219.,-6.61177158355713,22.4662055969238));
#9694=CARTESIAN_POINT('Origin',(-215.,-6.25,22.3163547515869));
#9695=CARTESIAN_POINT('',(-219.,-6.61177158355713,22.4662055969238));
#9696=CARTESIAN_POINT('Origin',(-219.,-6.61177158355713,22.4662055969238));
#9697=CARTESIAN_POINT('',(-219.,-7.00000000000003,22.5173168182373));
#9698=CARTESIAN_POINT('Origin',(-215.,-6.61177158355713,22.4662055969238));
#9699=CARTESIAN_POINT('',(-219.,-7.00000000000003,22.5173168182373));
#9700=CARTESIAN_POINT('Origin',(-219.,-7.00000000000003,22.5173168182373));
#9701=CARTESIAN_POINT('',(-219.,-7.38822841644279,22.4662055969238));
#9702=CARTESIAN_POINT('Origin',(-215.,-7.00000000000003,22.5173168182373));
#9703=CARTESIAN_POINT('',(-219.,-7.38822841644279,22.4662055969238));
#9704=CARTESIAN_POINT('Origin',(-219.,-7.38822841644279,22.4662055969238));
#9705=CARTESIAN_POINT('',(-219.,-7.74999999999991,22.3163547515869));
#9706=CARTESIAN_POINT('Origin',(-215.,-7.38822841644279,22.4662055969238));
#9707=CARTESIAN_POINT('',(-219.,-7.74999999999991,22.3163547515869));
#9708=CARTESIAN_POINT('Origin',(-219.,-7.74999999999991,22.3163547515869));
#9709=CARTESIAN_POINT('',(-219.,-8.06066036224365,22.0779762268066));
#9710=CARTESIAN_POINT('Origin',(-215.,-7.74999999999991,22.3163547515869));
#9711=CARTESIAN_POINT('',(-219.,-8.06066036224365,22.0779762268066));
#9712=CARTESIAN_POINT('Origin',(-219.,-8.06066036224365,22.0779762268066));
#9713=CARTESIAN_POINT('',(-219.,-8.29903793334964,21.7673168182373));
#9714=CARTESIAN_POINT('Origin',(-215.,-8.06066036224365,22.0779762268066));
#9715=CARTESIAN_POINT('',(-219.,-8.29903793334964,21.7673168182373));
#9716=CARTESIAN_POINT('Origin',(-219.,-8.29903793334964,21.7673168182373));
#9717=CARTESIAN_POINT('',(-219.,-8.44888877868655,21.4055442810058));
#9718=CARTESIAN_POINT('Origin',(-215.,-8.29903793334964,21.7673168182373));
#9719=CARTESIAN_POINT('',(-219.,-8.44888877868655,21.4055442810058));
#9720=CARTESIAN_POINT('Origin',(-219.,-8.44888877868655,21.4055442810058));
#9721=CARTESIAN_POINT('',(-219.,-8.49999999999994,21.0173168182373));
#9722=CARTESIAN_POINT('Origin',(-215.,-8.44888877868655,21.4055442810058));
#9723=CARTESIAN_POINT('',(-219.,-8.49999999999994,21.0173168182373));
#9724=CARTESIAN_POINT('Origin',(-219.,-8.49999999999994,21.0173168182373));
#9725=CARTESIAN_POINT('',(-219.,-8.44888877868655,20.6290874481201));
#9726=CARTESIAN_POINT('Origin',(-215.,-8.49999999999994,21.0173168182373));
#9727=CARTESIAN_POINT('',(-219.,-8.44888877868655,20.6290874481201));
#9728=CARTESIAN_POINT('Origin',(-219.,-8.44888877868655,20.6290874481201));
#9729=CARTESIAN_POINT('',(-219.,-8.29903793334964,20.2673168182373));
#9730=CARTESIAN_POINT('Origin',(-215.,-8.44888877868655,20.6290874481201));
#9731=CARTESIAN_POINT('',(-219.,-8.29903793334964,20.2673168182373));
#9732=CARTESIAN_POINT('Origin',(-219.,-8.29903793334964,20.2673168182373));
#9733=CARTESIAN_POINT('',(-219.,-8.06066036224365,19.956657409668));
#9734=CARTESIAN_POINT('Origin',(-215.,-8.29903793334964,20.2673168182373));
#9735=CARTESIAN_POINT('',(-219.,-8.06066036224365,19.956657409668));
#9736=CARTESIAN_POINT('Origin',(-219.,-8.06066036224365,19.956657409668));
#9737=CARTESIAN_POINT('',(-219.,-7.74999999999991,19.7182788848877));
#9738=CARTESIAN_POINT('Origin',(-215.,-8.06066036224365,19.956657409668));
#9739=CARTESIAN_POINT('',(-219.,-7.74999999999991,19.7182788848877));
#9740=CARTESIAN_POINT('Origin',(-219.,-7.74999999999991,19.7182788848877));
#9741=CARTESIAN_POINT('',(-219.,-7.38822841644279,19.5684280395508));
#9742=CARTESIAN_POINT('Origin',(-215.,-7.74999999999991,19.7182788848877));
#9743=CARTESIAN_POINT('',(-219.,-7.38822841644279,19.5684280395508));
#9744=CARTESIAN_POINT('Origin',(-219.,-7.38822841644279,19.5684280395508));
#9745=CARTESIAN_POINT('',(-219.,-7.00000000000003,19.5173168182373));
#9746=CARTESIAN_POINT('Origin',(-215.,-7.38822841644279,19.5684280395508));
#9747=CARTESIAN_POINT('',(-219.,-7.00000000000003,19.5173168182373));
#9748=CARTESIAN_POINT('Origin',(-219.,-7.00000000000003,19.5173168182373));
#9749=CARTESIAN_POINT('',(-219.,-6.61177158355713,19.5684280395508));
#9750=CARTESIAN_POINT('Origin',(-215.,-7.00000000000003,19.5173168182373));
#9751=CARTESIAN_POINT('',(-219.,-6.61177158355713,19.5684280395508));
#9752=CARTESIAN_POINT('Origin',(-219.,-6.61177158355713,19.5684280395508));
#9753=CARTESIAN_POINT('',(-219.,-6.25,19.7182788848877));
#9754=CARTESIAN_POINT('Origin',(-215.,-6.61177158355713,19.5684280395508));
#9755=CARTESIAN_POINT('',(-219.,-6.25,19.7182788848877));
#9756=CARTESIAN_POINT('Origin',(-219.,-6.25,19.7182788848877));
#9757=CARTESIAN_POINT('',(-219.,-5.93933963775626,19.956657409668));
#9758=CARTESIAN_POINT('Origin',(-215.,-6.25,19.7182788848877));
#9759=CARTESIAN_POINT('',(-219.,-5.93933963775626,19.956657409668));
#9760=CARTESIAN_POINT('Origin',(-219.,-5.93933963775626,19.956657409668));
#9761=CARTESIAN_POINT('',(-219.,-5.70096206665042,20.2673168182373));
#9762=CARTESIAN_POINT('Origin',(-215.,-5.93933963775626,19.956657409668));
#9763=CARTESIAN_POINT('',(-219.,-5.70096206665042,20.2673168182373));
#9764=CARTESIAN_POINT('Origin',(-219.,-5.70096206665042,20.2673168182373));
#9765=CARTESIAN_POINT('',(-219.,-5.5511112213135,20.6290874481201));
#9766=CARTESIAN_POINT('Origin',(-215.,-5.70096206665042,20.2673168182373));
#9767=CARTESIAN_POINT('',(-219.,-5.5511112213135,20.6290874481201));
#9768=CARTESIAN_POINT('Origin',(-219.,-5.5511112213135,20.6290874481201));
#9769=CARTESIAN_POINT('',(-219.,-5.49999999999997,21.0173168182373));
#9770=CARTESIAN_POINT('Origin',(-215.,-5.5511112213135,20.6290874481201));
#9771=CARTESIAN_POINT('',(-219.,-5.49999999999997,21.0173168182373));
#9772=CARTESIAN_POINT('Origin',(-219.,-5.49999999999997,21.0173168182373));
#9773=CARTESIAN_POINT('',(-219.,-5.5511112213135,21.4055442810058));
#9774=CARTESIAN_POINT('Origin',(-215.,-5.49999999999997,21.0173168182373));
#9775=CARTESIAN_POINT('Origin',(-55.,231.,-4.));
#9776=CARTESIAN_POINT('',(-55.,227.,-4.));
#9777=CARTESIAN_POINT('Origin',(-55.,231.,15.));
#9778=CARTESIAN_POINT('',(-55.,227.,15.));
#9779=CARTESIAN_POINT('',(-55.,227.,-4.));
#9780=CARTESIAN_POINT('',(-55.,227.,15.));
#9781=CARTESIAN_POINT('Origin',(-45.,231.,15.));
#9782=CARTESIAN_POINT('',(-45.,227.,15.));
#9783=CARTESIAN_POINT('',(-55.,231.,15.));
#9784=CARTESIAN_POINT('',(-45.,227.,15.));
#9785=CARTESIAN_POINT('Origin',(-45.,227.,15.));
#9786=CARTESIAN_POINT('',(-55.,227.,15.));
#9787=CARTESIAN_POINT('Origin',(-45.,227.,40.));
#9788=CARTESIAN_POINT('',(-55.,227.,40.));
#9789=CARTESIAN_POINT('',(-45.,227.,40.));
#9790=CARTESIAN_POINT('',(-55.,227.,40.));
#9791=CARTESIAN_POINT('',(-45.,227.,40.));
#9792=CARTESIAN_POINT('Origin',(-45.,231.,40.));
#9793=CARTESIAN_POINT('Origin',(-45.,227.,40.));
#9794=CARTESIAN_POINT('',(-45.,227.,15.));
#9795=CARTESIAN_POINT('',(-45.,227.,15.));
#9796=CARTESIAN_POINT('Origin',(-45.,227.,15.));
#9797=CARTESIAN_POINT('Origin',(-49.6117706298828,231.,32.5511131286621));
#9798=CARTESIAN_POINT('',(-49.6117706298828,227.,32.5511131286621));
#9799=CARTESIAN_POINT('',(-49.6117706298828,227.,32.5511131286621));
#9800=CARTESIAN_POINT('',(-49.6117706298828,227.,32.5511131286621));
#9801=CARTESIAN_POINT('Origin',(-49.6117706298828,227.,32.5511131286621));
#9802=CARTESIAN_POINT('',(-49.25,227.,32.7009620666504));
#9803=CARTESIAN_POINT('',(-49.25,227.,32.7009620666504));
#9804=CARTESIAN_POINT('',(-49.6117706298828,227.,32.5511131286621));
#9805=CARTESIAN_POINT('Origin',(-49.25,231.,32.7009620666504));
#9806=CARTESIAN_POINT('',(-49.25,227.,32.7009620666504));
#9807=CARTESIAN_POINT('Origin',(-49.25,227.,32.7009620666504));
#9808=CARTESIAN_POINT('',(-48.9393463134765,227.,32.939338684082));
#9809=CARTESIAN_POINT('',(-48.9393463134765,227.,32.939338684082));
#9810=CARTESIAN_POINT('',(-49.25,227.,32.7009620666504));
#9811=CARTESIAN_POINT('Origin',(-48.9393463134765,231.,32.939338684082));
#9812=CARTESIAN_POINT('',(-48.9393463134765,227.,32.939338684082));
#9813=CARTESIAN_POINT('Origin',(-48.9393463134765,227.,32.939338684082));
#9814=CARTESIAN_POINT('',(-48.7009582519531,227.,33.25));
#9815=CARTESIAN_POINT('',(-48.7009582519531,227.,33.25));
#9816=CARTESIAN_POINT('',(-48.9393463134765,227.,32.939338684082));
#9817=CARTESIAN_POINT('Origin',(-48.7009582519531,231.,33.25));
#9818=CARTESIAN_POINT('',(-48.7009582519531,227.,33.25));
#9819=CARTESIAN_POINT('Origin',(-48.7009582519531,227.,33.25));
#9820=CARTESIAN_POINT('',(-48.5511169433594,227.,33.6117706298828));
#9821=CARTESIAN_POINT('',(-48.5511169433594,227.,33.6117706298828));
#9822=CARTESIAN_POINT('',(-48.7009582519531,227.,33.25));
#9823=CARTESIAN_POINT('Origin',(-48.5511169433594,231.,33.6117706298828));
#9824=CARTESIAN_POINT('',(-48.5511169433594,227.,33.6117706298828));
#9825=CARTESIAN_POINT('Origin',(-48.5511169433594,227.,33.6117706298828));
#9826=CARTESIAN_POINT('',(-48.5,227.,34.));
#9827=CARTESIAN_POINT('',(-48.5,227.,34.));
#9828=CARTESIAN_POINT('',(-48.5511169433594,227.,33.6117706298828));
#9829=CARTESIAN_POINT('Origin',(-48.5,231.,34.));
#9830=CARTESIAN_POINT('',(-48.5511169433594,231.,34.3882293701172));
#9831=CARTESIAN_POINT('Origin',(-48.5,227.,34.));
#9832=CARTESIAN_POINT('',(-48.5511169433594,227.,34.3882293701172));
#9833=CARTESIAN_POINT('',(-48.5511169433594,227.,34.3882293701172));
#9834=CARTESIAN_POINT('',(-48.5511169433594,227.,34.3882293701172));
#9835=CARTESIAN_POINT('Origin',(-48.5511169433594,231.,34.3882293701172));
#9836=CARTESIAN_POINT('',(-48.7009582519531,231.,34.75));
#9837=CARTESIAN_POINT('Origin',(-48.5511169433594,227.,34.3882293701172));
#9838=CARTESIAN_POINT('',(-48.7009582519531,227.,34.75));
#9839=CARTESIAN_POINT('',(-48.7009582519531,227.,34.75));
#9840=CARTESIAN_POINT('',(-48.7009582519531,227.,34.75));
#9841=CARTESIAN_POINT('Origin',(-48.7009582519531,231.,34.75));
#9842=CARTESIAN_POINT('',(-48.9393463134765,231.,35.060661315918));
#9843=CARTESIAN_POINT('Origin',(-48.7009582519531,227.,34.75));
#9844=CARTESIAN_POINT('',(-48.9393463134765,227.,35.060661315918));
#9845=CARTESIAN_POINT('',(-48.9393463134765,227.,35.060661315918));
#9846=CARTESIAN_POINT('',(-48.9393463134765,227.,35.060661315918));
#9847=CARTESIAN_POINT('Origin',(-48.9393463134765,231.,35.060661315918));
#9848=CARTESIAN_POINT('',(-49.25,231.,35.2990379333496));
#9849=CARTESIAN_POINT('Origin',(-48.9393463134765,227.,35.060661315918));
#9850=CARTESIAN_POINT('',(-49.25,227.,35.2990379333496));
#9851=CARTESIAN_POINT('',(-49.25,227.,35.2990379333496));
#9852=CARTESIAN_POINT('',(-49.25,227.,35.2990379333496));
#9853=CARTESIAN_POINT('Origin',(-49.25,231.,35.2990379333496));
#9854=CARTESIAN_POINT('',(-49.6117706298828,231.,35.4488868713379));
#9855=CARTESIAN_POINT('Origin',(-49.25,227.,35.2990379333496));
#9856=CARTESIAN_POINT('',(-49.6117706298828,227.,35.4488868713379));
#9857=CARTESIAN_POINT('',(-49.6117706298828,227.,35.4488868713379));
#9858=CARTESIAN_POINT('',(-49.6117706298828,227.,35.4488868713379));
#9859=CARTESIAN_POINT('Origin',(-49.6117706298828,231.,35.4488868713379));
#9860=CARTESIAN_POINT('',(-50.,231.,35.5));
#9861=CARTESIAN_POINT('Origin',(-49.6117706298828,227.,35.4488868713379));
#9862=CARTESIAN_POINT('',(-50.,227.,35.5));
#9863=CARTESIAN_POINT('',(-50.,227.,35.5));
#9864=CARTESIAN_POINT('',(-50.,227.,35.5));
#9865=CARTESIAN_POINT('Origin',(-50.,231.,35.5));
#9866=CARTESIAN_POINT('',(-50.3882293701172,231.,35.4488868713379));
#9867=CARTESIAN_POINT('Origin',(-50.,227.,35.5));
#9868=CARTESIAN_POINT('',(-50.3882293701172,227.,35.4488868713379));
#9869=CARTESIAN_POINT('',(-50.3882293701172,227.,35.4488868713379));
#9870=CARTESIAN_POINT('',(-50.3882293701172,227.,35.4488868713379));
#9871=CARTESIAN_POINT('Origin',(-50.3882293701172,231.,35.4488868713379));
#9872=CARTESIAN_POINT('',(-50.75,231.,35.2990379333496));
#9873=CARTESIAN_POINT('Origin',(-50.3882293701172,227.,35.4488868713379));
#9874=CARTESIAN_POINT('',(-50.75,227.,35.2990379333496));
#9875=CARTESIAN_POINT('',(-50.75,227.,35.2990379333496));
#9876=CARTESIAN_POINT('',(-50.75,227.,35.2990379333496));
#9877=CARTESIAN_POINT('Origin',(-50.75,231.,35.2990379333496));
#9878=CARTESIAN_POINT('',(-51.0606536865234,231.,35.060661315918));
#9879=CARTESIAN_POINT('Origin',(-50.75,227.,35.2990379333496));
#9880=CARTESIAN_POINT('',(-51.0606536865234,227.,35.060661315918));
#9881=CARTESIAN_POINT('',(-51.0606536865234,227.,35.060661315918));
#9882=CARTESIAN_POINT('',(-51.0606536865234,227.,35.060661315918));
#9883=CARTESIAN_POINT('Origin',(-51.0606536865234,231.,35.060661315918));
#9884=CARTESIAN_POINT('',(-51.2990417480468,231.,34.75));
#9885=CARTESIAN_POINT('Origin',(-51.0606536865234,227.,35.060661315918));
#9886=CARTESIAN_POINT('',(-51.2990417480468,227.,34.75));
#9887=CARTESIAN_POINT('',(-51.2990417480468,227.,34.75));
#9888=CARTESIAN_POINT('',(-51.2990417480468,227.,34.75));
#9889=CARTESIAN_POINT('Origin',(-51.2990417480468,231.,34.75));
#9890=CARTESIAN_POINT('',(-51.4488830566406,231.,34.3882293701172));
#9891=CARTESIAN_POINT('Origin',(-51.2990417480468,227.,34.75));
#9892=CARTESIAN_POINT('',(-51.4488830566406,227.,34.3882293701172));
#9893=CARTESIAN_POINT('',(-51.4488830566406,227.,34.3882293701172));
#9894=CARTESIAN_POINT('',(-51.4488830566406,227.,34.3882293701172));
#9895=CARTESIAN_POINT('Origin',(-51.4488830566406,231.,34.3882293701172));
#9896=CARTESIAN_POINT('',(-51.5,231.,34.));
#9897=CARTESIAN_POINT('Origin',(-51.4488830566406,227.,34.3882293701172));
#9898=CARTESIAN_POINT('',(-51.5,227.,34.));
#9899=CARTESIAN_POINT('',(-51.5,227.,34.));
#9900=CARTESIAN_POINT('',(-51.5,227.,34.));
#9901=CARTESIAN_POINT('Origin',(-51.5,231.,34.));
#9902=CARTESIAN_POINT('',(-51.5,227.,34.));
#9903=CARTESIAN_POINT('Origin',(-51.5,227.,34.));
#9904=CARTESIAN_POINT('',(-51.4488830566406,227.,33.6117706298828));
#9905=CARTESIAN_POINT('',(-51.4488830566406,227.,33.6117706298828));
#9906=CARTESIAN_POINT('',(-51.5,227.,34.));
#9907=CARTESIAN_POINT('Origin',(-51.4488830566406,231.,33.6117706298828));
#9908=CARTESIAN_POINT('',(-51.4488830566406,227.,33.6117706298828));
#9909=CARTESIAN_POINT('Origin',(-51.4488830566406,227.,33.6117706298828));
#9910=CARTESIAN_POINT('',(-51.2990417480468,227.,33.25));
#9911=CARTESIAN_POINT('',(-51.2990417480468,227.,33.25));
#9912=CARTESIAN_POINT('',(-51.4488830566406,227.,33.6117706298828));
#9913=CARTESIAN_POINT('Origin',(-51.2990417480468,231.,33.25));
#9914=CARTESIAN_POINT('',(-51.2990417480468,227.,33.25));
#9915=CARTESIAN_POINT('Origin',(-51.2990417480468,227.,33.25));
#9916=CARTESIAN_POINT('',(-51.0606536865234,227.,32.939338684082));
#9917=CARTESIAN_POINT('',(-51.0606536865234,227.,32.939338684082));
#9918=CARTESIAN_POINT('',(-51.2990417480468,227.,33.25));
#9919=CARTESIAN_POINT('Origin',(-51.0606536865234,231.,32.939338684082));
#9920=CARTESIAN_POINT('',(-51.0606536865234,227.,32.939338684082));
#9921=CARTESIAN_POINT('Origin',(-51.0606536865234,227.,32.939338684082));
#9922=CARTESIAN_POINT('',(-50.75,227.,32.7009620666504));
#9923=CARTESIAN_POINT('',(-50.75,227.,32.7009620666504));
#9924=CARTESIAN_POINT('',(-51.0606536865234,227.,32.939338684082));
#9925=CARTESIAN_POINT('Origin',(-50.75,231.,32.7009620666504));
#9926=CARTESIAN_POINT('',(-50.75,227.,32.7009620666504));
#9927=CARTESIAN_POINT('Origin',(-50.75,227.,32.7009620666504));
#9928=CARTESIAN_POINT('',(-50.3882293701172,227.,32.5511131286621));
#9929=CARTESIAN_POINT('',(-50.3882293701172,227.,32.5511131286621));
#9930=CARTESIAN_POINT('',(-50.75,227.,32.7009620666504));
#9931=CARTESIAN_POINT('Origin',(-50.3882293701172,231.,32.5511131286621));
#9932=CARTESIAN_POINT('',(-50.3882293701172,227.,32.5511131286621));
#9933=CARTESIAN_POINT('Origin',(-50.3882293701172,227.,32.5511131286621));
#9934=CARTESIAN_POINT('',(-50.,227.,32.5));
#9935=CARTESIAN_POINT('',(-50.,227.,32.5));
#9936=CARTESIAN_POINT('',(-50.3882293701172,227.,32.5511131286621));
#9937=CARTESIAN_POINT('Origin',(-50.,231.,32.5));
#9938=CARTESIAN_POINT('',(-50.,227.,32.5));
#9939=CARTESIAN_POINT('Origin',(-50.,227.,32.5));
#9940=CARTESIAN_POINT('',(-50.,227.,32.5));
#9941=CARTESIAN_POINT('Origin',(-49.6117706298828,231.,19.5511112213135));
#9942=CARTESIAN_POINT('',(-49.6117706298828,227.,19.5511112213135));
#9943=CARTESIAN_POINT('',(-49.6117706298828,227.,19.5511112213135));
#9944=CARTESIAN_POINT('',(-49.6117706298828,227.,19.5511112213135));
#9945=CARTESIAN_POINT('Origin',(-49.6117706298828,227.,19.5511112213135));
#9946=CARTESIAN_POINT('',(-49.25,227.,19.7009620666504));
#9947=CARTESIAN_POINT('',(-49.25,227.,19.7009620666504));
#9948=CARTESIAN_POINT('',(-49.6117706298828,227.,19.5511112213135));
#9949=CARTESIAN_POINT('Origin',(-49.25,231.,19.7009620666504));
#9950=CARTESIAN_POINT('',(-49.25,227.,19.7009620666504));
#9951=CARTESIAN_POINT('Origin',(-49.25,227.,19.7009620666504));
#9952=CARTESIAN_POINT('',(-48.9393463134765,227.,19.9393405914306));
#9953=CARTESIAN_POINT('',(-48.9393463134765,227.,19.9393405914306));
#9954=CARTESIAN_POINT('',(-49.25,227.,19.7009620666504));
#9955=CARTESIAN_POINT('Origin',(-48.9393463134765,231.,19.9393405914306));
#9956=CARTESIAN_POINT('',(-48.9393463134765,227.,19.9393405914306));
#9957=CARTESIAN_POINT('Origin',(-48.9393463134765,227.,19.9393405914306));
#9958=CARTESIAN_POINT('',(-48.7009582519531,227.,20.25));
#9959=CARTESIAN_POINT('',(-48.7009582519531,227.,20.25));
#9960=CARTESIAN_POINT('',(-48.9393463134765,227.,19.9393405914306));
#9961=CARTESIAN_POINT('Origin',(-48.7009582519531,231.,20.25));
#9962=CARTESIAN_POINT('',(-48.7009582519531,227.,20.25));
#9963=CARTESIAN_POINT('Origin',(-48.7009582519531,227.,20.25));
#9964=CARTESIAN_POINT('',(-48.5511169433594,227.,20.6117706298828));
#9965=CARTESIAN_POINT('',(-48.5511169433594,227.,20.6117706298828));
#9966=CARTESIAN_POINT('',(-48.7009582519531,227.,20.25));
#9967=CARTESIAN_POINT('Origin',(-48.5511169433594,231.,20.6117706298828));
#9968=CARTESIAN_POINT('',(-48.5511169433594,227.,20.6117706298828));
#9969=CARTESIAN_POINT('Origin',(-48.5511169433594,227.,20.6117706298828));
#9970=CARTESIAN_POINT('',(-48.5,227.,21.));
#9971=CARTESIAN_POINT('',(-48.5,227.,21.));
#9972=CARTESIAN_POINT('',(-48.5511169433594,227.,20.6117706298828));
#9973=CARTESIAN_POINT('Origin',(-48.5,231.,21.));
#9974=CARTESIAN_POINT('',(-48.5511169433594,231.,21.3882293701172));
#9975=CARTESIAN_POINT('Origin',(-48.5,227.,21.));
#9976=CARTESIAN_POINT('',(-48.5511169433594,227.,21.3882293701172));
#9977=CARTESIAN_POINT('',(-48.5511169433594,227.,21.3882293701172));
#9978=CARTESIAN_POINT('',(-48.5511169433594,227.,21.3882293701172));
#9979=CARTESIAN_POINT('Origin',(-48.5511169433594,231.,21.3882293701172));
#9980=CARTESIAN_POINT('',(-48.7009582519531,231.,21.75));
#9981=CARTESIAN_POINT('Origin',(-48.5511169433594,227.,21.3882293701172));
#9982=CARTESIAN_POINT('',(-48.7009582519531,227.,21.75));
#9983=CARTESIAN_POINT('',(-48.7009582519531,227.,21.75));
#9984=CARTESIAN_POINT('',(-48.7009582519531,227.,21.75));
#9985=CARTESIAN_POINT('Origin',(-48.7009582519531,231.,21.75));
#9986=CARTESIAN_POINT('',(-48.9393463134765,231.,22.0606594085694));
#9987=CARTESIAN_POINT('Origin',(-48.7009582519531,227.,21.75));
#9988=CARTESIAN_POINT('',(-48.9393463134765,227.,22.0606594085694));
#9989=CARTESIAN_POINT('',(-48.9393463134765,227.,22.0606594085694));
#9990=CARTESIAN_POINT('',(-48.9393463134765,227.,22.0606594085694));
#9991=CARTESIAN_POINT('Origin',(-48.9393463134765,231.,22.0606594085694));
#9992=CARTESIAN_POINT('',(-49.25,231.,22.2990379333496));
#9993=CARTESIAN_POINT('Origin',(-48.9393463134765,227.,22.0606594085694));
#9994=CARTESIAN_POINT('',(-49.25,227.,22.2990379333496));
#9995=CARTESIAN_POINT('',(-49.25,227.,22.2990379333496));
#9996=CARTESIAN_POINT('',(-49.25,227.,22.2990379333496));
#9997=CARTESIAN_POINT('Origin',(-49.25,231.,22.2990379333496));
#9998=CARTESIAN_POINT('',(-49.6117706298828,231.,22.4488887786865));
#9999=CARTESIAN_POINT('Origin',(-49.25,227.,22.2990379333496));
#10000=CARTESIAN_POINT('',(-49.6117706298828,227.,22.4488887786865));
#10001=CARTESIAN_POINT('',(-49.6117706298828,227.,22.4488887786865));
#10002=CARTESIAN_POINT('',(-49.6117706298828,227.,22.4488887786865));
#10003=CARTESIAN_POINT('Origin',(-49.6117706298828,231.,22.4488887786865));
#10004=CARTESIAN_POINT('',(-50.,231.,22.5));
#10005=CARTESIAN_POINT('Origin',(-49.6117706298828,227.,22.4488887786865));
#10006=CARTESIAN_POINT('',(-50.,227.,22.5));
#10007=CARTESIAN_POINT('',(-50.,227.,22.5));
#10008=CARTESIAN_POINT('',(-50.,227.,22.5));
#10009=CARTESIAN_POINT('Origin',(-50.,231.,22.5));
#10010=CARTESIAN_POINT('',(-50.3882293701172,231.,22.4488887786865));
#10011=CARTESIAN_POINT('Origin',(-50.,227.,22.5));
#10012=CARTESIAN_POINT('',(-50.3882293701172,227.,22.4488887786865));
#10013=CARTESIAN_POINT('',(-50.3882293701172,227.,22.4488887786865));
#10014=CARTESIAN_POINT('',(-50.3882293701172,227.,22.4488887786865));
#10015=CARTESIAN_POINT('Origin',(-50.3882293701172,231.,22.4488887786865));
#10016=CARTESIAN_POINT('',(-50.75,231.,22.2990379333496));
#10017=CARTESIAN_POINT('Origin',(-50.3882293701172,227.,22.4488887786865));
#10018=CARTESIAN_POINT('',(-50.75,227.,22.2990379333496));
#10019=CARTESIAN_POINT('',(-50.75,227.,22.2990379333496));
#10020=CARTESIAN_POINT('',(-50.75,227.,22.2990379333496));
#10021=CARTESIAN_POINT('Origin',(-50.75,231.,22.2990379333496));
#10022=CARTESIAN_POINT('',(-51.0606536865234,231.,22.0606594085694));
#10023=CARTESIAN_POINT('Origin',(-50.75,227.,22.2990379333496));
#10024=CARTESIAN_POINT('',(-51.0606536865234,227.,22.0606594085694));
#10025=CARTESIAN_POINT('',(-51.0606536865234,227.,22.0606594085694));
#10026=CARTESIAN_POINT('',(-51.0606536865234,227.,22.0606594085694));
#10027=CARTESIAN_POINT('Origin',(-51.0606536865234,231.,22.0606594085694));
#10028=CARTESIAN_POINT('',(-51.2990417480468,231.,21.75));
#10029=CARTESIAN_POINT('Origin',(-51.0606536865234,227.,22.0606594085694));
#10030=CARTESIAN_POINT('',(-51.2990417480468,227.,21.75));
#10031=CARTESIAN_POINT('',(-51.2990417480468,227.,21.75));
#10032=CARTESIAN_POINT('',(-51.2990417480468,227.,21.75));
#10033=CARTESIAN_POINT('Origin',(-51.2990417480468,231.,21.75));
#10034=CARTESIAN_POINT('',(-51.4488830566406,231.,21.3882293701172));
#10035=CARTESIAN_POINT('Origin',(-51.2990417480468,227.,21.75));
#10036=CARTESIAN_POINT('',(-51.4488830566406,227.,21.3882293701172));
#10037=CARTESIAN_POINT('',(-51.4488830566406,227.,21.3882293701172));
#10038=CARTESIAN_POINT('',(-51.4488830566406,227.,21.3882293701172));
#10039=CARTESIAN_POINT('Origin',(-51.4488830566406,231.,21.3882293701172));
#10040=CARTESIAN_POINT('',(-51.5,231.,21.));
#10041=CARTESIAN_POINT('Origin',(-51.4488830566406,227.,21.3882293701172));
#10042=CARTESIAN_POINT('',(-51.5,227.,21.));
#10043=CARTESIAN_POINT('',(-51.5,227.,21.));
#10044=CARTESIAN_POINT('',(-51.5,227.,21.));
#10045=CARTESIAN_POINT('Origin',(-51.5,231.,21.));
#10046=CARTESIAN_POINT('',(-51.5,227.,21.));
#10047=CARTESIAN_POINT('Origin',(-51.5,227.,21.));
#10048=CARTESIAN_POINT('',(-51.4488830566406,227.,20.6117706298828));
#10049=CARTESIAN_POINT('',(-51.4488830566406,227.,20.6117706298828));
#10050=CARTESIAN_POINT('',(-51.5,227.,21.));
#10051=CARTESIAN_POINT('Origin',(-51.4488830566406,231.,20.6117706298828));
#10052=CARTESIAN_POINT('',(-51.4488830566406,227.,20.6117706298828));
#10053=CARTESIAN_POINT('Origin',(-51.4488830566406,227.,20.6117706298828));
#10054=CARTESIAN_POINT('',(-51.2990417480468,227.,20.25));
#10055=CARTESIAN_POINT('',(-51.2990417480468,227.,20.25));
#10056=CARTESIAN_POINT('',(-51.4488830566406,227.,20.6117706298828));
#10057=CARTESIAN_POINT('Origin',(-51.2990417480468,231.,20.25));
#10058=CARTESIAN_POINT('',(-51.2990417480468,227.,20.25));
#10059=CARTESIAN_POINT('Origin',(-51.2990417480468,227.,20.25));
#10060=CARTESIAN_POINT('',(-51.0606536865234,227.,19.9393405914306));
#10061=CARTESIAN_POINT('',(-51.0606536865234,227.,19.9393405914306));
#10062=CARTESIAN_POINT('',(-51.2990417480468,227.,20.25));
#10063=CARTESIAN_POINT('Origin',(-51.0606536865234,231.,19.9393405914306));
#10064=CARTESIAN_POINT('',(-51.0606536865234,227.,19.9393405914306));
#10065=CARTESIAN_POINT('Origin',(-51.0606536865234,227.,19.9393405914306));
#10066=CARTESIAN_POINT('',(-50.75,227.,19.7009620666504));
#10067=CARTESIAN_POINT('',(-50.75,227.,19.7009620666504));
#10068=CARTESIAN_POINT('',(-51.0606536865234,227.,19.9393405914306));
#10069=CARTESIAN_POINT('Origin',(-50.75,231.,19.7009620666504));
#10070=CARTESIAN_POINT('',(-50.75,227.,19.7009620666504));
#10071=CARTESIAN_POINT('Origin',(-50.75,227.,19.7009620666504));
#10072=CARTESIAN_POINT('',(-50.3882293701172,227.,19.5511112213135));
#10073=CARTESIAN_POINT('',(-50.3882293701172,227.,19.5511112213135));
#10074=CARTESIAN_POINT('',(-50.75,227.,19.7009620666504));
#10075=CARTESIAN_POINT('Origin',(-50.3882293701172,231.,19.5511112213135));
#10076=CARTESIAN_POINT('',(-50.3882293701172,227.,19.5511112213135));
#10077=CARTESIAN_POINT('Origin',(-50.3882293701172,227.,19.5511112213135));
#10078=CARTESIAN_POINT('',(-50.,227.,19.5));
#10079=CARTESIAN_POINT('',(-50.,227.,19.5));
#10080=CARTESIAN_POINT('',(-50.3882293701172,227.,19.5511112213135));
#10081=CARTESIAN_POINT('Origin',(-50.,231.,19.5));
#10082=CARTESIAN_POINT('',(-50.,227.,19.5));
#10083=CARTESIAN_POINT('Origin',(-50.,227.,19.5));
#10084=CARTESIAN_POINT('',(-50.,227.,19.5));
#10085=CARTESIAN_POINT('Origin',(-205.,120.,6.));
#10086=CARTESIAN_POINT('',(-205.,185.,6.));
#10087=CARTESIAN_POINT('',(-215.,120.,6.));
#10088=CARTESIAN_POINT('',(-205.,120.,6.));
#10089=CARTESIAN_POINT('',(-215.,120.,6.));
#10090=CARTESIAN_POINT('',(-205.,120.,6.));
#10091=CARTESIAN_POINT('Origin',(-205.,185.,6.));
#10092=CARTESIAN_POINT('',(-215.,185.,6.));
#10093=CARTESIAN_POINT('Origin',(-205.,120.,1.));
#10094=CARTESIAN_POINT('',(-215.,120.,1.));
#10095=CARTESIAN_POINT('',(-205.,120.,1.));
#10096=CARTESIAN_POINT('',(-215.,120.,1.));
#10097=CARTESIAN_POINT('',(-205.,120.,1.));
#10098=CARTESIAN_POINT('Origin',(-205.,120.,6.));
#10099=CARTESIAN_POINT('Origin',(-161.65408706665,217.,6.));
#10100=CARTESIAN_POINT('',(-161.65408706665,217.,1.));
#10101=CARTESIAN_POINT('',(-95.2994995117187,217.,6.));
#10102=CARTESIAN_POINT('',(-161.65408706665,217.,1.));
#10103=CARTESIAN_POINT('',(-161.65408706665,217.,6.));
#10104=CARTESIAN_POINT('',(-161.65408706665,217.,6.));
#10105=CARTESIAN_POINT('',(-161.65408706665,217.,1.));
#10106=CARTESIAN_POINT('Origin',(-161.65408706665,217.,1.));
#10107=CARTESIAN_POINT('',(-95.2994995117187,217.,1.));
#10108=CARTESIAN_POINT('',(-95.2994995117187,217.,1.));
#10109=CARTESIAN_POINT('',(-161.65408706665,217.,1.));
#10110=CARTESIAN_POINT('Origin',(-161.65408706665,217.,6.));
#10111=CARTESIAN_POINT('',(-161.65408706665,227.,6.));
#10112=CARTESIAN_POINT('',(-161.65408706665,227.,6.));
#10113=CARTESIAN_POINT('',(-161.65408706665,217.,6.));
#10114=CARTESIAN_POINT('Origin',(-95.2994995117187,217.,6.));
#10115=CARTESIAN_POINT('',(-161.65408706665,227.,6.));
#10116=CARTESIAN_POINT('',(-95.2994995117187,217.,6.));
#10117=CARTESIAN_POINT('Origin',(-161.65408706665,227.,1.));
#10118=CARTESIAN_POINT('',(-161.65408706665,217.,1.));
#10119=CARTESIAN_POINT('',(-161.65408706665,227.,1.));
#10120=CARTESIAN_POINT('',(-161.65408706665,217.,1.));
#10121=CARTESIAN_POINT('',(-161.65408706665,227.,1.));
#10122=CARTESIAN_POINT('Origin',(-95.2994995117187,227.,1.));
#10123=CARTESIAN_POINT('',(-95.2994995117187,217.,1.));
#10124=CARTESIAN_POINT('Origin',(-51.4488830566406,227.,21.3882293701172));
#10125=CARTESIAN_POINT('',(-95.2994995117187,227.,6.));
#10126=CARTESIAN_POINT('',(-95.2994995117187,227.,6.));
#10127=CARTESIAN_POINT('Origin',(-51.2990417480468,227.,21.75));
#10128=CARTESIAN_POINT('',(-95.2994995117187,227.,46.));
#10129=CARTESIAN_POINT('',(-95.2994995117187,227.,6.));
#10130=CARTESIAN_POINT('',(-95.2994995117187,227.,46.));
#10131=CARTESIAN_POINT('Origin',(-95.2994995117187,227.,6.));
#10132=CARTESIAN_POINT('',(-161.65408706665,227.,6.));
#10133=CARTESIAN_POINT('Origin',(-95.2994995117187,227.,46.));
#10134=CARTESIAN_POINT('',(-161.65408706665,227.,46.));
#10135=CARTESIAN_POINT('',(-161.65408706665,227.,6.));
#10136=CARTESIAN_POINT('',(-161.65408706665,227.,46.));
#10137=CARTESIAN_POINT('Origin',(-95.2994995117187,227.,46.));
#10138=CARTESIAN_POINT('',(-95.2994995117187,227.,51.));
#10139=CARTESIAN_POINT('',(-95.2994995117187,227.,51.));
#10140=CARTESIAN_POINT('',(-95.2994995117187,227.,46.));
#10141=CARTESIAN_POINT('',(-95.2994995117187,227.,46.));
#10142=CARTESIAN_POINT('Origin',(-55.,227.,40.));
#10143=CARTESIAN_POINT('',(-95.2994995117187,227.,51.));
#10144=CARTESIAN_POINT('Origin',(-95.2994995117187,227.,51.));
#10145=CARTESIAN_POINT('',(-161.65408706665,227.,51.));
#10146=CARTESIAN_POINT('',(-161.65408706665,227.,51.));
#10147=CARTESIAN_POINT('',(-161.65408706665,227.,51.));
#10148=CARTESIAN_POINT('Origin',(-55.,227.,77.));
#10149=CARTESIAN_POINT('',(-215.,227.,77.));
#10150=CARTESIAN_POINT('Origin',(-48.5511169433594,227.,21.3882293701172));
#10151=CARTESIAN_POINT('',(-48.7009582519531,227.,21.75));
#10152=CARTESIAN_POINT('',(-48.5511169433594,227.,21.3882293701172));
#10153=CARTESIAN_POINT('Origin',(-48.5511169433594,227.,33.6117706298828));
#10154=CARTESIAN_POINT('',(-48.7009582519531,227.,21.75));
#10155=CARTESIAN_POINT('Origin',(-48.7009582519531,227.,21.75));
#10156=CARTESIAN_POINT('',(-48.9393463134765,227.,22.0606594085694));
#10157=CARTESIAN_POINT('Origin',(-48.7009582519531,227.,33.25));
#10158=CARTESIAN_POINT('',(-48.9393463134765,227.,22.0606594085694));
#10159=CARTESIAN_POINT('Origin',(-48.9393463134765,227.,22.0606594085694));
#10160=CARTESIAN_POINT('',(-49.25,227.,22.2990379333496));
#10161=CARTESIAN_POINT('Origin',(-48.9393463134765,227.,32.939338684082));
#10162=CARTESIAN_POINT('',(-49.25,227.,22.2990379333496));
#10163=CARTESIAN_POINT('Origin',(-49.25,227.,22.2990379333496));
#10164=CARTESIAN_POINT('',(-49.6117706298828,227.,22.4488887786865));
#10165=CARTESIAN_POINT('Origin',(-49.25,227.,32.7009620666504));
#10166=CARTESIAN_POINT('',(-49.6117706298828,227.,22.4488887786865));
#10167=CARTESIAN_POINT('Origin',(-49.6117706298828,227.,22.4488887786865));
#10168=CARTESIAN_POINT('',(-50.,227.,22.5));
#10169=CARTESIAN_POINT('Origin',(-49.6117706298828,227.,32.5511131286621));
#10170=CARTESIAN_POINT('',(-50.,227.,22.5));
#10171=CARTESIAN_POINT('Origin',(-50.,227.,22.5));
#10172=CARTESIAN_POINT('',(-50.3882293701172,227.,22.4488887786865));
#10173=CARTESIAN_POINT('Origin',(-50.,227.,32.5));
#10174=CARTESIAN_POINT('',(-50.3882293701172,227.,22.4488887786865));
#10175=CARTESIAN_POINT('Origin',(-50.3882293701172,227.,22.4488887786865));
#10176=CARTESIAN_POINT('',(-50.75,227.,22.2990379333496));
#10177=CARTESIAN_POINT('Origin',(-50.3882293701172,227.,32.5511131286621));
#10178=CARTESIAN_POINT('',(-50.75,227.,22.2990379333496));
#10179=CARTESIAN_POINT('Origin',(-50.75,227.,22.2990379333496));
#10180=CARTESIAN_POINT('',(-51.0606536865234,227.,22.0606594085694));
#10181=CARTESIAN_POINT('Origin',(-50.75,227.,32.7009620666504));
#10182=CARTESIAN_POINT('',(-51.0606536865234,227.,22.0606594085694));
#10183=CARTESIAN_POINT('Origin',(-51.0606536865234,227.,22.0606594085694));
#10184=CARTESIAN_POINT('',(-51.2990417480468,227.,21.75));
#10185=CARTESIAN_POINT('Origin',(-51.0606536865234,227.,32.939338684082));
#10186=CARTESIAN_POINT('',(-51.2990417480468,227.,21.75));
#10187=CARTESIAN_POINT('Origin',(-51.2990417480468,227.,21.75));
#10188=CARTESIAN_POINT('',(-95.2994995117187,227.,46.));
#10189=CARTESIAN_POINT('Origin',(-51.2990417480468,227.,33.25));
#10190=CARTESIAN_POINT('',(-95.2994995117187,227.,46.));
#10191=CARTESIAN_POINT('Origin',(-51.4488830566406,227.,33.6117706298828));
#10192=CARTESIAN_POINT('',(-95.2994995117187,227.,46.));
#10193=CARTESIAN_POINT('Origin',(-95.2994995117187,227.,46.));
#10194=CARTESIAN_POINT('',(-55.,227.,40.));
#10195=CARTESIAN_POINT('Origin',(-51.5,227.,34.));
#10196=CARTESIAN_POINT('',(-55.,227.,40.));
#10197=CARTESIAN_POINT('Origin',(-51.4488830566406,227.,34.3882293701172));
#10198=CARTESIAN_POINT('',(-55.,227.,40.));
#10199=CARTESIAN_POINT('Origin',(-51.2990417480468,227.,34.75));
#10200=CARTESIAN_POINT('',(-55.,227.,40.));
#10201=CARTESIAN_POINT('Origin',(-51.0606536865234,227.,35.060661315918));
#10202=CARTESIAN_POINT('',(-55.,227.,40.));
#10203=CARTESIAN_POINT('Origin',(-50.75,227.,35.2990379333496));
#10204=CARTESIAN_POINT('',(-55.,227.,40.));
#10205=CARTESIAN_POINT('Origin',(-50.3882293701172,227.,35.4488868713379));
#10206=CARTESIAN_POINT('',(-55.,227.,40.));
#10207=CARTESIAN_POINT('Origin',(-55.,227.,40.));
#10208=CARTESIAN_POINT('',(-50.,227.,35.5));
#10209=CARTESIAN_POINT('Origin',(-50.,227.,35.5));
#10210=CARTESIAN_POINT('',(-49.6117706298828,227.,35.4488868713379));
#10211=CARTESIAN_POINT('Origin',(-49.6117706298828,227.,35.4488868713379));
#10212=CARTESIAN_POINT('',(-49.25,227.,35.2990379333496));
#10213=CARTESIAN_POINT('Origin',(-49.25,227.,35.2990379333496));
#10214=CARTESIAN_POINT('',(-48.9393463134765,227.,35.060661315918));
#10215=CARTESIAN_POINT('Origin',(-48.9393463134765,227.,35.060661315918));
#10216=CARTESIAN_POINT('',(-48.7009582519531,227.,34.75));
#10217=CARTESIAN_POINT('Origin',(-48.7009582519531,227.,34.75));
#10218=CARTESIAN_POINT('',(-48.5511169433594,227.,34.3882293701172));
#10219=CARTESIAN_POINT('Origin',(-48.5511169433594,227.,34.3882293701172));
#10220=CARTESIAN_POINT('',(-48.5,227.,34.));
#10221=CARTESIAN_POINT('Origin',(-48.5,227.,34.));
#10222=CARTESIAN_POINT('',(-48.5511169433594,227.,33.6117706298828));
#10223=CARTESIAN_POINT('Origin',(-48.5511169433594,227.,33.6117706298828));
#10224=CARTESIAN_POINT('',(-48.5511169433594,227.,21.3882293701172));
#10225=CARTESIAN_POINT('Origin',(-45.,227.,40.));
#10226=CARTESIAN_POINT('',(-48.5511169433594,227.,21.3882293701172));
#10227=CARTESIAN_POINT('Origin',(-48.5511169433594,227.,21.3882293701172));
#10228=CARTESIAN_POINT('',(-48.5,227.,21.));
#10229=CARTESIAN_POINT('Origin',(-48.5,227.,21.));
#10230=CARTESIAN_POINT('',(-48.5511169433594,227.,20.6117706298828));
#10231=CARTESIAN_POINT('Origin',(-48.5511169433594,227.,20.6117706298828));
#10232=CARTESIAN_POINT('',(-48.7009582519531,227.,20.25));
#10233=CARTESIAN_POINT('Origin',(-48.7009582519531,227.,20.25));
#10234=CARTESIAN_POINT('',(-48.9393463134765,227.,19.9393405914306));
#10235=CARTESIAN_POINT('Origin',(-48.9393463134765,227.,19.9393405914306));
#10236=CARTESIAN_POINT('',(-49.25,227.,19.7009620666504));
#10237=CARTESIAN_POINT('Origin',(-49.25,227.,19.7009620666504));
#10238=CARTESIAN_POINT('',(-49.6117706298828,227.,19.5511112213135));
#10239=CARTESIAN_POINT('Origin',(-49.6117706298828,227.,19.5511112213135));
#10240=CARTESIAN_POINT('',(-50.,227.,19.5));
#10241=CARTESIAN_POINT('Origin',(-45.,227.,15.));
#10242=CARTESIAN_POINT('',(-55.,227.,15.));
#10243=CARTESIAN_POINT('Origin',(-50.,227.,19.5));
#10244=CARTESIAN_POINT('',(-55.,227.,15.));
#10245=CARTESIAN_POINT('Origin',(-50.3882293701172,227.,19.5511112213135));
#10246=CARTESIAN_POINT('',(-55.,227.,15.));
#10247=CARTESIAN_POINT('Origin',(-50.75,227.,19.7009620666504));
#10248=CARTESIAN_POINT('',(-55.,227.,15.));
#10249=CARTESIAN_POINT('Origin',(-51.0606536865234,227.,19.9393405914306));
#10250=CARTESIAN_POINT('',(-55.,227.,15.));
#10251=CARTESIAN_POINT('Origin',(-51.2990417480468,227.,20.25));
#10252=CARTESIAN_POINT('',(-55.,227.,15.));
#10253=CARTESIAN_POINT('Origin',(-51.4488830566406,227.,20.6117706298828));
#10254=CARTESIAN_POINT('',(-55.,227.,15.));
#10255=CARTESIAN_POINT('Origin',(-51.5,227.,21.));
#10256=CARTESIAN_POINT('',(-55.,227.,15.));
#10257=CARTESIAN_POINT('Origin',(-51.4488830566406,227.,21.3882293701172));
#10258=CARTESIAN_POINT('',(-95.2994995117187,227.,6.));
#10259=CARTESIAN_POINT('Origin',(-55.,227.,15.));
#10260=CARTESIAN_POINT('Origin',(-95.2994995117187,227.,1.));
#10261=CARTESIAN_POINT('',(-161.65408706665,227.,1.));
#10262=CARTESIAN_POINT('Origin',(-55.,227.,-4.));
#10263=CARTESIAN_POINT('',(-215.,227.,-4.));
#10264=CARTESIAN_POINT('Origin',(-161.65408706665,227.,1.));
#10265=CARTESIAN_POINT('',(-215.,227.,-4.));
#10266=CARTESIAN_POINT('',(-161.65408706665,227.,1.));
#10267=CARTESIAN_POINT('Origin',(-161.65408706665,227.,6.));
#10268=CARTESIAN_POINT('',(-215.,227.,-4.));
#10269=CARTESIAN_POINT('Origin',(-215.,227.,-4.));
#10270=CARTESIAN_POINT('',(-215.,227.,77.));
#10271=CARTESIAN_POINT('Origin',(-161.65408706665,227.,46.));
#10272=CARTESIAN_POINT('',(-161.65408706665,227.,46.));
#10273=CARTESIAN_POINT('Origin',(-161.65408706665,217.,1.));
#10274=CARTESIAN_POINT('',(-161.65408706665,217.,6.));
#10275=CARTESIAN_POINT('Origin',(-161.65408706665,217.,6.));
#10276=CARTESIAN_POINT('Origin',(-95.2994995117187,217.,6.));
#10277=CARTESIAN_POINT('',(-95.2994995117187,217.,1.));
#10278=CARTESIAN_POINT('Origin',(-95.2994995117187,217.,1.));
#10279=CARTESIAN_POINT('Origin',(-205.,120.,6.));
#10280=CARTESIAN_POINT('',(-205.,120.,1.));
#10281=CARTESIAN_POINT('Origin',(-205.,120.,1.));
#10282=CARTESIAN_POINT('',(-205.,185.,1.));
#10283=CARTESIAN_POINT('',(-205.,185.,1.));
#10284=CARTESIAN_POINT('',(-205.,120.,1.));
#10285=CARTESIAN_POINT('Origin',(-215.,120.,1.));
#10286=CARTESIAN_POINT('',(-215.,185.,1.));
#10287=CARTESIAN_POINT('Origin',(-215.,185.,1.));
#10288=CARTESIAN_POINT('',(-215.,185.,1.));
#10289=CARTESIAN_POINT('Origin',(-205.,185.,6.));
#10290=CARTESIAN_POINT('',(-215.,185.,6.));
#10291=CARTESIAN_POINT('Origin',(-205.,185.,1.));
#10292=CARTESIAN_POINT('Origin',(-205.,120.,51.));
#10293=CARTESIAN_POINT('',(-205.,120.,46.));
#10294=CARTESIAN_POINT('',(-205.,185.,51.));
#10295=CARTESIAN_POINT('',(-205.,120.,46.));
#10296=CARTESIAN_POINT('',(-205.,120.,51.));
#10297=CARTESIAN_POINT('',(-205.,120.,51.));
#10298=CARTESIAN_POINT('',(-205.,120.,46.));
#10299=CARTESIAN_POINT('Origin',(-205.,120.,46.));
#10300=CARTESIAN_POINT('',(-205.,185.,46.));
#10301=CARTESIAN_POINT('',(-205.,185.,46.));
#10302=CARTESIAN_POINT('',(-205.,120.,46.));
#10303=CARTESIAN_POINT('Origin',(-205.,185.,46.));
#10304=CARTESIAN_POINT('',(-215.,185.,46.));
#10305=CARTESIAN_POINT('',(-215.,185.,46.));
#10306=CARTESIAN_POINT('Origin',(-205.,120.,46.));
#10307=CARTESIAN_POINT('',(-215.,120.,46.));
#10308=CARTESIAN_POINT('Origin',(-205.,185.,51.));
#10309=CARTESIAN_POINT('',(-215.,185.,51.));
#10310=CARTESIAN_POINT('',(-215.,185.,51.));
#10311=CARTESIAN_POINT('Origin',(-205.,185.,46.));
#10312=CARTESIAN_POINT('Origin',(-205.,120.,51.));
#10313=CARTESIAN_POINT('',(-215.,120.,51.));
#10314=CARTESIAN_POINT('',(-215.,120.,51.));
#10315=CARTESIAN_POINT('Origin',(-205.,185.,51.));
#10316=CARTESIAN_POINT('Origin',(-205.,120.,46.));
#10317=CARTESIAN_POINT('',(-215.,120.,46.));
#10318=CARTESIAN_POINT('Origin',(-205.,120.,51.));
#10319=CARTESIAN_POINT('Origin',(-161.65408706665,217.,51.));
#10320=CARTESIAN_POINT('',(-161.65408706665,217.,46.));
#10321=CARTESIAN_POINT('',(-95.2994995117187,217.,51.));
#10322=CARTESIAN_POINT('',(-161.65408706665,217.,46.));
#10323=CARTESIAN_POINT('',(-161.65408706665,217.,51.));
#10324=CARTESIAN_POINT('',(-161.65408706665,217.,51.));
#10325=CARTESIAN_POINT('',(-161.65408706665,217.,46.));
#10326=CARTESIAN_POINT('Origin',(-161.65408706665,217.,46.));
#10327=CARTESIAN_POINT('',(-95.2994995117187,217.,46.));
#10328=CARTESIAN_POINT('',(-95.2994995117187,217.,46.));
#10329=CARTESIAN_POINT('',(-161.65408706665,217.,46.));
#10330=CARTESIAN_POINT('Origin',(-95.2994995117187,217.,46.));
#10331=CARTESIAN_POINT('',(-161.65408706665,217.,46.));
#10332=CARTESIAN_POINT('',(-95.2994995117187,217.,46.));
#10333=CARTESIAN_POINT('Origin',(-161.65408706665,217.,46.));
#10334=CARTESIAN_POINT('',(-161.65408706665,217.,46.));
#10335=CARTESIAN_POINT('Origin',(-95.2994995117187,217.,51.));
#10336=CARTESIAN_POINT('',(-95.2994995117187,217.,46.));
#10337=CARTESIAN_POINT('',(-95.2994995117187,217.,51.));
#10338=CARTESIAN_POINT('Origin',(-95.2994995117187,217.,46.));
#10339=CARTESIAN_POINT('Origin',(-161.65408706665,217.,51.));
#10340=CARTESIAN_POINT('',(-161.65408706665,227.,51.));
#10341=CARTESIAN_POINT('',(-161.65408706665,217.,51.));
#10342=CARTESIAN_POINT('Origin',(-95.2994995117187,217.,51.));
#10343=CARTESIAN_POINT('Origin',(-161.65408706665,217.,46.));
#10344=CARTESIAN_POINT('',(-161.65408706665,217.,51.));
#10345=CARTESIAN_POINT('Origin',(-161.65408706665,217.,51.));
#10346=UNCERTAINTY_MEASURE_WITH_UNIT(LENGTH_MEASURE(0.01),#10350,
'DISTANCE_ACCURACY_VALUE',
'Maximum model space distance between geometric entities at asserted c
onnectivities');
#10347=UNCERTAINTY_MEASURE_WITH_UNIT(LENGTH_MEASURE(0.01),#10350,
'DISTANCE_ACCURACY_VALUE',
'Maximum model space distance between geometric entities at asserted c
onnectivities');
#10348=(
GEOMETRIC_REPRESENTATION_CONTEXT(3)
GLOBAL_UNCERTAINTY_ASSIGNED_CONTEXT((#10346))
GLOBAL_UNIT_ASSIGNED_CONTEXT((#10350,#10352,#10353))
REPRESENTATION_CONTEXT('','3D')
);
#10349=(
GEOMETRIC_REPRESENTATION_CONTEXT(3)
GLOBAL_UNCERTAINTY_ASSIGNED_CONTEXT((#10347))
GLOBAL_UNIT_ASSIGNED_CONTEXT((#10350,#10352,#10353))
REPRESENTATION_CONTEXT('','3D')
);
#10350=(
LENGTH_UNIT()
NAMED_UNIT(*)
SI_UNIT(.MILLI.,.METRE.)
);
#10351=(
LENGTH_UNIT()
NAMED_UNIT(*)
SI_UNIT($,.METRE.)
);
#10352=(
NAMED_UNIT(*)
PLANE_ANGLE_UNIT()
SI_UNIT($,.RADIAN.)
);
#10353=(
NAMED_UNIT(*)
SI_UNIT($,.STERADIAN.)
SOLID_ANGLE_UNIT()
);
#10354=SHAPE_DEFINITION_REPRESENTATION(#10355,#10356);
#10355=PRODUCT_DEFINITION_SHAPE('',$,#10358);
#10356=SHAPE_REPRESENTATION('',(#6382),#10348);
#10357=PRODUCT_DEFINITION_CONTEXT('part definition',#10362,'design');
#10358=PRODUCT_DEFINITION('\X2\30E130C330B730E5\X0\ \X2\30DC30C730A3\X0\1',
'\X2\30E130C330B730E5\X0\ \X2\30DC30C730A3\X0\1',#10359,#10357);
#10359=PRODUCT_DEFINITION_FORMATION('',$,#10364);
#10360=PRODUCT_RELATED_PRODUCT_CATEGORY('\X2\30E130C330B730E5\X0\ \X2\30DC30C730A3\X0\1',
'\X2\30E130C330B730E5\X0\ \X2\30DC30C730A3\X0\1',(#10364));
#10361=APPLICATION_PROTOCOL_DEFINITION('international standard',
'automotive_design',2009,#10362);
#10362=APPLICATION_CONTEXT(
'Core Data for Automotive Mechanical Design Process');
#10363=PRODUCT_CONTEXT('part definition',#10362,'mechanical');
#10364=PRODUCT('\X2\30E130C330B730E5\X0\ \X2\30DC30C730A3\X0\1',
'\X2\30E130C330B730E5\X0\ \X2\30DC30C730A3\X0\1',$,(#10363));
#10365=PRESENTATION_STYLE_ASSIGNMENT((#10366));
#10366=SURFACE_STYLE_USAGE(.BOTH.,#10367);
#10367=SURFACE_SIDE_STYLE('',(#10368));
#10368=SURFACE_STYLE_FILL_AREA(#10369);
#10369=FILL_AREA_STYLE('\X2\92FC\X0\ - \X2\30B530C630F3\X0\',(#10370));
#10370=FILL_AREA_STYLE_COLOUR('\X2\92FC\X0\ - \X2\30B530C630F3\X0\',#10371);
#10371=COLOUR_RGB('\X2\92FC\X0\ - \X2\30B530C630F3\X0\',0.627450980392157,
0.627450980392157,0.627450980392157);
ENDSEC;
END-ISO-10303-21;
